@relation /home/othavioaset_perfeito_keel
@attribute EMA_3 real [-0.01, 1.01]
@attribute SMA_3 real [-0.01, 1.01]
@attribute ADXR real [-0.01, 1.01]
@attribute Bollinger_Norm real [-0.01, 1.01]
@attribute EMA_5 real [-0.01, 1.01]
@attribute SMA_5 real [-0.01, 1.01]
@attribute std_close3 real [-0.01, 1.01]
@attribute std_open3 real [-0.01, 1.01]
@attribute trend {0, 1}
@inputs EMA_3, SMA_3, ADXR, Bollinger_Norm, EMA_5, SMA_5, std_close3, std_open3
@outputs trend
@data
0.46065, 0.44389, 0.35631, 0.47583, 0.46185, 0.45264, 0.10702, 0.08397, 1
0.44679, 0.43747, 0.41147, 0.4835, 0.4431, 0.44111, 0.04196, 0.10621, 0
0.44677, 0.44098, 0.39901, 0.47311, 0.45824, 0.458, 0.08459, 0.05407, 0
0.45632, 0.44779, 0.29148, 0.47306, 0.46209, 0.46738, 0.06081, 0.06487, 1
0.46443, 0.44841, 0.29725, 0.47083, 0.46719, 0.46638, 0.07276, 0.07046, 0
0.47843, 0.45884, 0.28962, 0.46962, 0.49781, 0.49353, 0.08546, 0.048, 1
0.44026, 0.44159, 0.26186, 0.48237, 0.44542, 0.42979, 0.08205, 0.12571, 0
0.51307, 0.48403, 0.22945, 0.47541, 0.49941, 0.47993, 0.36704, 0.39911, 0
0.43725, 0.43124, 0.37535, 0.47836, 0.44655, 0.44519, 0.07376, 0.07446, 0
0.44639, 0.43467, 0.34174, 0.47678, 0.45502, 0.44691, 0.0416, 0.08838, 1
0.45827, 0.44403, 0.314, 0.47945, 0.45902, 0.4458, 0.09625, 0.07095, 1
0.42484, 0.42333, 0.26514, 0.48748, 0.42552, 0.42233, 0.09388, 0.06296, 1
0.46286, 0.45765, 0.24979, 0.47739, 0.46421, 0.4633, 0.0935, 0.06528, 1
0.45144, 0.44606, 0.19985, 0.4737, 0.45826, 0.45492, 0.07191, 0.08243, 1
0.45111, 0.44159, 0.15402, 0.48096, 0.45346, 0.44458, 0.02723, 0.03008, 0
0.44538, 0.42792, 0.22882, 0.47868, 0.45054, 0.4422, 0.12503, 0.11002, 1
0.45805, 0.44077, 0.2703, 0.47183, 0.47988, 0.47926, 0.03139, 0.03695, 0
0.46517, 0.45214, 0.2963, 0.47788, 0.45938, 0.45149, 0.10578, 0.0477, 0
0.46027, 0.44576, 0.31623, 0.47145, 0.469, 0.46196, 0.04418, 0.05686, 0
0.43678, 0.42913, 0.32441, 0.48032, 0.44719, 0.4428, 0.06307, 0.05241, 1
0.44662, 0.43588, 0.41775, 0.47674, 0.4544, 0.44295, 0.03497, 0.02391, 0
0.46498, 0.4624, 0.40325, 0.47411, 0.47556, 0.4757, 0.19017, 0.26488, 1
0.45004, 0.44017, 0.30294, 0.48227, 0.4545, 0.44826, 0.01609, 0.02606, 1
0.43587, 0.42954, 0.22115, 0.47605, 0.45357, 0.45445, 0.10649, 0.12824, 0
0.43, 0.42565, 0.29892, 0.48834, 0.43123, 0.42113, 0.07565, 0.08876, 0
0.43994, 0.43405, 0.21124, 0.47916, 0.4445, 0.44801, 0.05749, 0.11636, 1
0.45969, 0.44491, 0.2055, 0.47341, 0.46313, 0.454, 0.07476, 0.09386, 0
0.44525, 0.43994, 0.16769, 0.47624, 0.45434, 0.44635, 0.05908, 0.07258, 1
0.45145, 0.43767, 0.1604, 0.48129, 0.45497, 0.44761, 0.07286, 0.12899, 1
0.43526, 0.4247, 0.14991, 0.4866, 0.42933, 0.41489, 0.14447, 0.11368, 1
0.45304, 0.4457, 0.16851, 0.48175, 0.44637, 0.43717, 0.04359, 0.04427, 1
0.45165, 0.44282, 0.20099, 0.48135, 0.44618, 0.44328, 0.04864, 0.08905, 1
0.44014, 0.43425, 0.37539, 0.48528, 0.43896, 0.43639, 0.03348, 0.04202, 0
0.25064, 0.24039, 0.44387, 0.49074, 0.26653, 0.27787, 0.59247, 0.70292, 1
0.47744, 0.44675, 0.44536, 0.47256, 0.49932, 0.48934, 0.1523, 0.09528, 1
0.45622, 0.45148, 0.3385, 0.47133, 0.46619, 0.46359, 0.10539, 0.09349, 0
0.46526, 0.4545, 0.28983, 0.4775, 0.46411, 0.43914, 0.14072, 0.21351, 0
0.45361, 0.43909, 0.36828, 0.47497, 0.47208, 0.44413, 0.02983, 0.02638, 1
0.45429, 0.44055, 0.54392, 0.47528, 0.45992, 0.451, 0.05804, 0.07, 1
0.4548, 0.44413, 0.26704, 0.47039, 0.46377, 0.46208, 0.02259, 0.02939, 1
0.44984, 0.44788, 0.12549, 0.47899, 0.45276, 0.46051, 0.10646, 0.11139, 0
0.43864, 0.4224, 0.15193, 0.48533, 0.43025, 0.41988, 0.21221, 0.0356, 0
0.41054, 0.39385, 0.14467, 0.48254, 0.4169, 0.41788, 0.25197, 0.28692, 1
0.44261, 0.43386, 0.1421, 0.47604, 0.45467, 0.44834, 0.06765, 0.0947, 1
0.42898, 0.43052, 0.13393, 0.47908, 0.44, 0.43592, 0.1408, 0.11512, 1
0.45285, 0.44327, 0.10038, 0.47322, 0.45737, 0.45226, 0.01068, 0.0274, 1
0.4532, 0.44223, 0.10185, 0.47638, 0.45652, 0.44922, 0.03013, 0.03867, 1
0.45209, 0.44139, 0.11108, 0.48216, 0.454, 0.44656, 0.04018, 0.02998, 1
0.4093, 0.40213, 0.20074, 0.49802, 0.41393, 0.40873, 0.0615, 0.08488, 0
0.46016, 0.44705, 0.2066, 0.47399, 0.46418, 0.45823, 0.04779, 0.06441, 0
0.44382, 0.43218, 0.19389, 0.47669, 0.45306, 0.45151, 0.04378, 0.04313, 1
0.44414, 0.437, 0.17049, 0.48418, 0.44442, 0.43795, 0.02455, 0.01158, 1
0.44237, 0.43387, 0.1738, 0.48509, 0.44297, 0.43947, 0.04196, 0.0445, 1
0.22638, 0.2212, 0.27866, 0.54365, 0.22794, 0.22675, 0.16703, 0.15908, 1
0.43972, 0.43125, 0.27265, 0.47652, 0.45372, 0.44371, 0.05537, 0.04211, 1
0.44552, 0.43579, 0.24148, 0.47588, 0.45616, 0.453, 0.03802, 0.0299, 1
0.44884, 0.44014, 0.34745, 0.48292, 0.44905, 0.44287, 0.02675, 0.02577, 1
0.463, 0.44182, 0.34917, 0.47216, 0.47893, 0.47589, 0.06169, 0.07229, 1
0.45653, 0.44392, 0.29172, 0.47147, 0.46434, 0.45726, 0.02645, 0.0103, 0
0.46627, 0.45416, 0.24072, 0.48182, 0.44581, 0.43312, 0.17921, 0.16714, 1
0.45366, 0.44662, 0.35739, 0.47222, 0.46002, 0.45594, 0.04946, 0.14425, 0
0.45095, 0.44223, 0.35173, 0.47199, 0.46218, 0.45937, 0.04751, 0.06666, 1
0.45451, 0.4437, 0.35166, 0.47082, 0.46496, 0.46026, 0.0213, 0.05556, 1
0.45056, 0.44369, 0.36177, 0.48362, 0.44429, 0.42975, 0.06738, 0.05233, 0
0.44229, 0.43702, 0.36974, 0.48337, 0.43869, 0.42587, 0.02899, 0.11342, 1
0.40783, 0.41207, 0.26628, 0.48373, 0.40041, 0.41818, 0.16635, 0.16634, 1
0.44125, 0.43954, 0.31223, 0.47593, 0.45323, 0.45049, 0.11729, 0.13091, 0
0.45593, 0.44778, 0.32631, 0.47091, 0.46899, 0.46573, 0.08224, 0.02198, 1
0.45682, 0.44572, 0.24697, 0.471, 0.46585, 0.46498, 0.02786, 0.03046, 1
0.44585, 0.44015, 0.22081, 0.48149, 0.45034, 0.44163, 0.02292, 0.04113, 0
0.44981, 0.44139, 0.21987, 0.47692, 0.45761, 0.44041, 0.01548, 0.01332, 0
0.44755, 0.43954, 0.22602, 0.47786, 0.45605, 0.45409, 0.02858, 0.05309, 0
0.47727, 0.45886, 0.22511, 0.47091, 0.47817, 0.46668, 0.14462, 0.13204, 0
0.45945, 0.44838, 0.23299, 0.47221, 0.46879, 0.47142, 0.04324, 0.07672, 0
0.44949, 0.43782, 0.4328, 0.47976, 0.45191, 0.44107, 0.06527, 0.09865, 0
0.45013, 0.4416, 0.51129, 0.47664, 0.45502, 0.44745, 0.00403, 0.01739, 0
0.44468, 0.43596, 0.44911, 0.48774, 0.44953, 0.44391, 0.02573, 0.04063, 1
0.46072, 0.45099, 0.42216, 0.48008, 0.45869, 0.45024, 0.06201, 0.0957, 1
0.44715, 0.44056, 0.39482, 0.47715, 0.45313, 0.45504, 0.05061, 0.03672, 1
0.45467, 0.44577, 0.39243, 0.47113, 0.46221, 0.45732, 0.03296, 0.01177, 0
0.45017, 0.44202, 0.38117, 0.48062, 0.45468, 0.44733, 0.00403, 0.03714, 1
0.47416, 0.45752, 0.32884, 0.47175, 0.47707, 0.46331, 0.12309, 0.16103, 0
0.46176, 0.45001, 0.36081, 0.47385, 0.46901, 0.46501, 0.04484, 0.10642, 1
0.43393, 0.418, 0.34889, 0.48551, 0.42092, 0.39985, 0.2736, 0.24501, 0
0.43348, 0.43555, 0.34184, 0.48492, 0.42312, 0.40747, 0.02857, 0.03339, 0
0.38914, 0.38393, 0.30699, 0.48259, 0.40389, 0.40047, 0.27683, 0.31331, 1
0.46301, 0.45476, 0.28946, 0.47174, 0.46879, 0.45946, 0.0687, 0.08667, 0
0.45304, 0.44693, 0.25014, 0.47248, 0.46055, 0.46243, 0.0772, 0.05735, 0
0.4533, 0.4457, 0.22827, 0.4803, 0.45687, 0.44825, 0.02205, 0.03155, 1
0.44494, 0.43524, 0.21089, 0.48539, 0.44502, 0.43844, 0.05734, 0.05256, 0
0.40221, 0.41178, 0.21779, 0.47957, 0.42594, 0.43591, 0.3325, 0.2687, 1
0.45269, 0.44408, 0.3374, 0.47428, 0.45982, 0.45149, 0.01557, 0.05939, 0
0.34278, 0.34287, 0.42386, 0.48726, 0.35516, 0.35303, 0.47599, 0.41476, 0
0.44461, 0.4374, 0.49503, 0.4768, 0.45661, 0.43815, 0.03648, 0.10776, 1
0.44876, 0.44738, 0.35417, 0.47675, 0.45771, 0.44899, 0.10782, 0.04079, 0
0.44331, 0.43539, 0.29704, 0.47592, 0.45395, 0.44974, 0.05001, 0.04876, 1
0.45117, 0.44139, 0.22962, 0.4762, 0.45749, 0.44936, 0.00528, 0.05956, 0
0.46444, 0.4479, 0.5869, 0.47979, 0.46072, 0.44973, 0.13383, 0.06629, 0
0.4543, 0.44265, 0.52473, 0.47134, 0.46752, 0.46895, 0.04101, 0.02423, 1
0.45924, 0.44476, 0.50684, 0.47342, 0.46637, 0.45457, 0.0571, 0.01027, 0
0.44056, 0.43301, 0.36713, 0.48772, 0.44226, 0.43537, 0.04392, 0.09007, 0
0.45725, 0.44853, 0.31396, 0.47268, 0.46321, 0.46169, 0.04635, 0.02239, 0
0.44863, 0.43783, 0.28164, 0.47617, 0.45517, 0.45431, 0.01658, 0.00672, 1
0.4582, 0.44685, 0.25551, 0.47186, 0.4627, 0.45647, 0.03562, 0.07746, 0
0.45527, 0.44286, 0.18963, 0.47991, 0.4576, 0.44973, 0.05324, 0.03764, 0
0.45271, 0.44391, 0.15537, 0.47615, 0.45709, 0.45164, 0.01417, 0.04782, 0
0.44367, 0.43364, 0.17021, 0.48609, 0.44625, 0.43829, 0.05564, 0.06296, 0
0.7213, 0.7048, 0.35457, 0.20468, 0.73219, 0.71875, 0.01461, 0.01567, 1
0.44068, 0.43293, 0.43306, 0.48603, 0.44537, 0.44123, 0.04043, 0.04244, 0
0.18254, 0.18204, 0.43575, 0.61244, 0.18707, 0.195, 0.07481, 0.06283, 1
0.46493, 0.45568, 0.44312, 0.46755, 0.47193, 0.46819, 0.07606, 0.05044, 1
0.45057, 0.44118, 0.33277, 0.48091, 0.45267, 0.44948, 0.0105, 0.02921, 1
0.22442, 0.22283, 0.22873, 0.58737, 0.2255, 0.22802, 0.08517, 0.16405, 0
0.73972, 0.71884, 0.22341, 0.3431, 0.74433, 0.72611, 0.1004, 0.11092, 0
0.46142, 0.45401, 0.19754, 0.47086, 0.47199, 0.46453, 0.08777, 0.08885, 0
0.45066, 0.44635, 0.3192, 0.47208, 0.46408, 0.46138, 0.11494, 0.0534, 1
0.46289, 0.44924, 0.31229, 0.46979, 0.4739, 0.46928, 0.03894, 0.07832, 1
0.46145, 0.45503, 0.2544, 0.47198, 0.47031, 0.47028, 0.1025, 0.10662, 1
0.72635, 0.71041, 0.30873, 0.35558, 0.73732, 0.72429, 0.04111, 0.11113, 0
0.448, 0.43888, 0.30913, 0.47853, 0.45391, 0.45176, 0.01231, 0.02203, 0
0.45143, 0.44265, 0.31406, 0.47459, 0.45749, 0.45227, 0.01417, 0.05289, 0
0.44283, 0.43594, 0.31436, 0.47673, 0.45137, 0.44833, 0.05062, 0.05957, 1
0.45561, 0.44706, 0.31331, 0.46864, 0.46431, 0.46106, 0.04792, 0.01164, 0
0.45487, 0.44328, 0.29513, 0.47527, 0.45953, 0.45011, 0.03653, 0.03343, 1
0.45003, 0.43951, 0.27948, 0.48247, 0.45316, 0.44426, 0.03943, 0.01246, 0
0.1589, 0.15487, 0.24871, 0.73948, 0.16001, 0.16213, 0.02768, 0.01339, 0
0.45332, 0.44433, 0.22818, 0.4771, 0.45779, 0.45049, 0.01609, 0.01691, 1
0.16187, 0.1609, 0.19444, 0.77395, 0.16204, 0.16542, 0.02789, 0.03856, 0
0.45116, 0.44244, 0.17885, 0.47488, 0.45672, 0.45304, 0.01216, 0.01614, 0
0.44978, 0.44055, 0.18648, 0.47466, 0.45565, 0.45062, 0.00608, 0.01614, 1
0.45539, 0.44326, 0.18634, 0.47579, 0.46336, 0.45036, 0.03286, 0.01732, 0
0.44911, 0.44285, 0.20755, 0.48131, 0.45382, 0.44746, 0.02895, 0.01933, 0
0.45723, 0.44659, 0.20682, 0.47285, 0.46232, 0.45881, 0.02702, 0.02985, 0
0.44519, 0.43827, 0.19852, 0.47981, 0.45117, 0.44608, 0.0281, 0.03783, 1
0.4495, 0.43974, 0.15263, 0.48374, 0.44735, 0.44223, 0.04708, 0.04449, 0
0.41354, 0.42007, 0.20162, 0.47552, 0.44444, 0.45714, 0.35083, 0.33839, 1
0.44986, 0.43907, 0.51389, 0.48424, 0.45021, 0.44294, 0.05394, 0.02768, 1
0.44753, 0.44097, 0.53984, 0.48134, 0.45156, 0.44985, 0.03002, 0.06071, 0
0.42997, 0.40633, 0.52829, 0.48553, 0.40979, 0.38433, 0.42751, 0.44605, 1
0.44574, 0.43654, 0.50296, 0.47693, 0.46045, 0.44473, 0.03606, 0.04171, 1
0.44584, 0.43823, 0.42585, 0.48578, 0.45106, 0.44384, 0.01469, 0.0822, 1
0.45265, 0.44477, 0.24356, 0.47417, 0.45955, 0.45561, 0.03466, 0.03575, 0
0.44696, 0.43823, 0.23853, 0.47616, 0.45512, 0.4528, 0.02854, 0.03575, 0
0.50307, 0.47479, 0.25238, 0.47386, 0.49452, 0.4747, 0.31824, 0.36721, 1
0.40679, 0.42792, 0.27382, 0.48098, 0.42136, 0.43416, 0.41835, 0.40845, 1
0.5002, 0.47099, 0.22663, 0.47726, 0.48734, 0.4651, 0.35706, 0.38094, 0
0.45287, 0.44266, 0.16141, 0.47258, 0.45787, 0.45293, 0.01136, 0.00451, 0
0.44157, 0.43294, 0.12531, 0.48172, 0.44879, 0.44498, 0.04167, 0.05466, 1
0.49439, 0.47247, 0.13911, 0.47613, 0.48457, 0.46625, 0.26611, 0.21013, 0
0.44323, 0.43193, 0.23683, 0.47581, 0.44959, 0.44807, 0.04588, 0.05386, 0
0.43678, 0.42815, 0.25157, 0.48693, 0.44172, 0.43635, 0.06444, 0.04915, 0
0.46842, 0.4606, 0.26052, 0.46859, 0.484, 0.48746, 0.14948, 0.15547, 1
0.44377, 0.43612, 0.29717, 0.47712, 0.45335, 0.44091, 0.0323, 0.06623, 1
0.41114, 0.39382, 0.22486, 0.47798, 0.43046, 0.42691, 0.23634, 0.36177, 0
0.44578, 0.43525, 0.2121, 0.48464, 0.44229, 0.42674, 0.10661, 0.11366, 1
0.43861, 0.43611, 0.18386, 0.48325, 0.44196, 0.43985, 0.06165, 0.16018, 1
0.46171, 0.45241, 0.18981, 0.47419, 0.46429, 0.45781, 0.05442, 0.20702, 0
0.44982, 0.44456, 0.24269, 0.48181, 0.45151, 0.44768, 0.03263, 0.05536, 1
0.80059, 0.78753, 0.38158, 0.32031, 0.8092, 0.79072, 0.04891, 0.05404, 1
0.18048, 0.1711, 0.37371, 0.54846, 0.18429, 0.17912, 0.06879, 0.04003, 1
0.44606, 0.43743, 0.31061, 0.48546, 0.4485, 0.43938, 0.03036, 0.05252, 1
0.48873, 0.46081, 0.2443, 0.47042, 0.49043, 0.48528, 0.21089, 0.21011, 0
0.46009, 0.45219, 0.21436, 0.47461, 0.46532, 0.45421, 0.05859, 0.05086, 0
0.45823, 0.44732, 0.24684, 0.4707, 0.46324, 0.45614, 0.0321, 0.05306, 1
0.44132, 0.43443, 0.23519, 0.48674, 0.44279, 0.43488, 0.03553, 0.02953, 0
0.6818, 0.67052, 0.33085, 0.43305, 0.69534, 0.68542, 0.2158, 0.24098, 1
0.44929, 0.44014, 0.30394, 0.48252, 0.44695, 0.44129, 0.04374, 0.10392, 0
0.4414, 0.43122, 0.28704, 0.48736, 0.43994, 0.43313, 0.0788, 0.10575, 0
0.44549, 0.43885, 0.32176, 0.48558, 0.44991, 0.4433, 0.01675, 0.05216, 1
0.44897, 0.44492, 0.38711, 0.47809, 0.45281, 0.44029, 0.07175, 0.11058, 0
0.43866, 0.4336, 0.23034, 0.47463, 0.45537, 0.45343, 0.11517, 0.0549, 1
0.45166, 0.44351, 0.38004, 0.47518, 0.46026, 0.45024, 0.02242, 0.0234, 1
0.64085, 0.62479, 0.36783, 0.39125, 0.64626, 0.62964, 0.05808, 0.13742, 0
0.45251, 0.44753, 0.34764, 0.47221, 0.46071, 0.45921, 0.08363, 0.06906, 0
0.44124, 0.44266, 0.23886, 0.48396, 0.43399, 0.42188, 0.02064, 0.20911, 0
0.44455, 0.43844, 0.23127, 0.48329, 0.44526, 0.44066, 0.01423, 0.01755, 1
0.45122, 0.44455, 0.26235, 0.47213, 0.45722, 0.45407, 0.04529, 0.03502, 0
0.45445, 0.4473, 0.24843, 0.47079, 0.46483, 0.4606, 0.06845, 0.06126, 1
0.45238, 0.44055, 0.27441, 0.4784, 0.45683, 0.44819, 0.04067, 0.03267, 0
0.44984, 0.44139, 0.27527, 0.47704, 0.4552, 0.451, 0.01238, 0.01698, 1
0.43968, 0.43212, 0.21599, 0.4859, 0.44354, 0.43401, 0.04545, 0.07599, 0
0.45849, 0.44751, 0.20148, 0.47346, 0.46304, 0.45945, 0.03365, 0.0281, 1
0.65255, 0.64361, 0.19236, 0.36271, 0.66341, 0.65483, 0.08613, 0.13242, 1
0.45521, 0.44678, 0.4908, 0.47848, 0.45852, 0.44948, 0.02837, 0.03911, 1
0.46066, 0.45031, 0.19476, 0.47945, 0.4585, 0.44471, 0.07636, 0.0117, 0
0.45384, 0.44677, 0.15965, 0.48184, 0.45113, 0.44284, 0.0374, 0.10035, 1
0.4459, 0.4335, 0.26524, 0.47366, 0.46542, 0.46043, 0.04962, 0.02553, 1
0.45248, 0.44367, 0.32169, 0.4825, 0.44853, 0.44309, 0.04991, 0.05554, 0
0.44735, 0.44076, 0.49562, 0.48173, 0.45338, 0.44639, 0.02485, 0.05375, 1
0.45284, 0.44266, 0.43745, 0.4812, 0.45445, 0.44985, 0.02745, 0.00813, 0
0.41394, 0.40868, 0.46232, 0.48654, 0.42276, 0.4235, 0.16159, 0.13336, 1
0.4523, 0.44118, 0.32517, 0.47296, 0.46194, 0.45665, 0.01062, 0.06237, 0
0.45077, 0.44329, 0.54975, 0.47155, 0.4565, 0.45572, 0.03998, 0.02644, 1
0.45131, 0.44308, 0.46138, 0.47218, 0.45742, 0.4533, 0.02466, 0.02725, 0
0.4563, 0.44868, 0.35566, 0.47977, 0.45937, 0.4515, 0.03633, 0.11588, 1
0.46003, 0.44555, 0.35426, 0.48024, 0.45894, 0.44998, 0.09794, 0.06877, 0
0.42841, 0.42809, 0.36557, 0.4839, 0.4356, 0.43752, 0.12633, 0.11613, 0
0.45222, 0.44389, 0.33603, 0.48112, 0.45523, 0.44973, 0.01316, 0.02316, 1
0.44926, 0.4366, 0.13096, 0.47533, 0.45613, 0.45263, 0.03834, 0.06189, 0
0.46127, 0.44994, 0.1198, 0.47218, 0.46661, 0.45756, 0.04568, 0.04115, 1
0.37674, 0.36885, 0.1538, 0.48941, 0.36338, 0.34239, 0.41695, 0.46804, 1
0.44971, 0.43953, 0.33722, 0.47359, 0.45612, 0.45237, 0.00799, 0.03251, 1
0.45002, 0.43911, 0.46306, 0.4842, 0.45209, 0.44408, 0.04954, 0.07187, 0
0.45182, 0.44201, 0.43929, 0.4791, 0.45592, 0.45262, 0.008, 0.03039, 0
0.44789, 0.43911, 0.43289, 0.48061, 0.45276, 0.44948, 0.01059, 0.00797, 0
0.45051, 0.44077, 0.41182, 0.4738, 0.45602, 0.45124, 0.004, 0.00884, 1
0.45253, 0.44139, 0.34516, 0.47147, 0.46044, 0.45815, 0.0053, 0.03135, 1
0.45526, 0.44367, 0.33599, 0.47178, 0.46159, 0.45602, 0.02109, 0.01915, 0
0.45923, 0.44726, 0.237, 0.47422, 0.46451, 0.4557, 0.04437, 0.03916, 0
0.45236, 0.43824, 0.26878, 0.47748, 0.46014, 0.44297, 0.07871, 0.05292, 1
0.45117, 0.44224, 0.2999, 0.48326, 0.45376, 0.44157, 0.03379, 0.0501, 0
0.44964, 0.44118, 0.33038, 0.48316, 0.45061, 0.44553, 0.01404, 0.02359, 0
0.45211, 0.4416, 0.3483, 0.47148, 0.45878, 0.45712, 0.00731, 0.08776, 0
0.44287, 0.43592, 0.35003, 0.47958, 0.451, 0.44679, 0.04482, 0.04414, 1
0.46412, 0.49463, 0.22789, 0.47639, 0.47634, 0.47536, 0.58101, 0.69837, 1
0.44902, 0.44013, 0.19561, 0.48381, 0.45205, 0.44705, 0.0133, 0.05284, 0
0.1672, 0.16457, 0.12776, 0.59577, 0.16752, 0.17472, 0.02569, 0.0424, 1
0.37467, 0.38766, 0.10812, 0.48193, 0.39879, 0.41395, 0.42236, 0.50884, 1
0.44763, 0.43735, 0.13261, 0.47566, 0.46228, 0.43901, 0.01982, 0.0279, 0
0.42068, 0.43399, 0.17461, 0.48479, 0.4064, 0.38634, 0.07568, 0.04582, 0
0.43321, 0.4397, 0.17031, 0.48212, 0.42911, 0.43109, 0.14017, 0.1489, 0
0.46222, 0.44863, 0.16856, 0.48027, 0.46042, 0.44714, 0.10758, 0.12702, 1
0.43196, 0.42636, 0.18646, 0.48565, 0.43306, 0.4365, 0.07371, 0.10397, 0
0.44654, 0.43841, 0.34426, 0.48471, 0.44762, 0.44299, 0.01831, 0.02683, 0
0.45248, 0.44076, 0.28854, 0.474, 0.45882, 0.45153, 0.02511, 0.02848, 0
0.4128, 0.40385, 0.20315, 0.48768, 0.41718, 0.4055, 0.19188, 0.18112, 0
0.44795, 0.45188, 0.19726, 0.47825, 0.45635, 0.44881, 0.1656, 0.16891, 1
0.4409, 0.43456, 0.20156, 0.48822, 0.44476, 0.43884, 0.03433, 0.03953, 1
0.45159, 0.43947, 0.20328, 0.48206, 0.45316, 0.44765, 0.05422, 0.04448, 0
0.44713, 0.43758, 0.27607, 0.47478, 0.45592, 0.45126, 0.02135, 0.0226, 0
0.44523, 0.43759, 0.25896, 0.48536, 0.44542, 0.43459, 0.03782, 0.04352, 1
0.43056, 0.4268, 0.25953, 0.48162, 0.43957, 0.43947, 0.10167, 0.12113, 1
0.44821, 0.4397, 0.1195, 0.48387, 0.45287, 0.44729, 0.00737, 0.02356, 1
0.44986, 0.44436, 0.1646, 0.47204, 0.46201, 0.46307, 0.09857, 0.06463, 0
0.44597, 0.43567, 0.16819, 0.47595, 0.45517, 0.44664, 0.02682, 0.05764, 1
0.45267, 0.43864, 0.16237, 0.48251, 0.4538, 0.44151, 0.09634, 0.07595, 0
0.45055, 0.43442, 0.13051, 0.48118, 0.45282, 0.44166, 0.12444, 0.06095, 1
0.44122, 0.43907, 0.15156, 0.47961, 0.44807, 0.44063, 0.06789, 0.08007, 1
0.45119, 0.44351, 0.14616, 0.47299, 0.45871, 0.45331, 0.03542, 0.04285, 0
0.4517, 0.44097, 0.2576, 0.47509, 0.45642, 0.4518, 0.01982, 0.0159, 0
0.45013, 0.43494, 0.11439, 0.481, 0.45247, 0.44489, 0.09654, 0.17889, 1
0.43814, 0.42981, 0.11093, 0.48591, 0.43608, 0.42683, 0.07319, 0.05233, 0
0.44014, 0.43561, 0.12874, 0.48445, 0.44149, 0.43165, 0.02899, 0.08985, 0
0.44928, 0.44484, 0.10651, 0.47814, 0.4543, 0.45453, 0.06526, 0.07986, 1
0.43546, 0.43239, 0.12185, 0.48561, 0.44019, 0.43516, 0.06712, 0.06522, 1
0.44712, 0.43625, 0.13916, 0.47897, 0.45292, 0.45193, 0.02546, 0.08148, 1
0.43695, 0.43182, 0.34129, 0.48118, 0.44571, 0.44173, 0.07267, 0.0834, 0
0.45845, 0.44566, 0.36239, 0.46974, 0.46776, 0.46458, 0.02168, 0.01861, 1
0.44141, 0.41656, 0.37739, 0.48302, 0.43172, 0.42039, 0.30125, 0.34895, 1
0.45466, 0.4492, 0.32773, 0.48056, 0.44498, 0.45714, 0.03933, 0.04648, 1
0.45891, 0.45037, 0.45595, 0.47297, 0.47875, 0.46227, 0.08863, 0.0672, 1
0.44953, 0.43798, 0.49647, 0.47624, 0.4616, 0.45075, 0.02228, 0.02769, 1
0.44973, 0.4414, 0.57887, 0.47414, 0.45709, 0.45567, 0.03034, 0.03547, 1
0.447, 0.44033, 0.17109, 0.48401, 0.45089, 0.44441, 0.01486, 0.02024, 0
0.42003, 0.40797, 0.36627, 0.48557, 0.39179, 0.3692, 0.33307, 0.36282, 0
0.46714, 0.46114, 0.35976, 0.4808, 0.44923, 0.44946, 0.10621, 0.11887, 0
0.48575, 0.48219, 0.5127, 0.46792, 0.5088, 0.5119, 0.30639, 0.33371, 0
0.45671, 0.43382, 0.52522, 0.47256, 0.47657, 0.47834, 0.05901, 0.03235, 0
0.44671, 0.4375, 0.42505, 0.47549, 0.45407, 0.45089, 0.02186, 0.01517, 1
0.44419, 0.43814, 0.13264, 0.47682, 0.45187, 0.44787, 0.05289, 0.02005, 1
0.4243, 0.4148, 0.31099, 0.48442, 0.43077, 0.42535, 0.12975, 0.16592, 0
0.45318, 0.4414, 0.32244, 0.47546, 0.45866, 0.45143, 0.03105, 0.05106, 0
0.45238, 0.44206, 0.2966, 0.47398, 0.45814, 0.45302, 0.00843, 0.07495, 0
0.45219, 0.44249, 0.25192, 0.47109, 0.4595, 0.455, 0.01265, 0.00616, 0
0.45349, 0.44315, 0.2361, 0.47153, 0.45947, 0.45275, 0.01317, 0.01759, 1
0.43979, 0.44075, 0.30025, 0.48249, 0.42878, 0.42514, 0.0363, 0.01444, 1
0.43888, 0.43295, 0.32745, 0.48033, 0.43745, 0.44616, 0.04716, 0.03633, 0
0.47034, 0.45169, 0.2796, 0.47165, 0.48933, 0.49055, 0.05679, 0.05958, 1
0.44503, 0.43858, 0.18412, 0.48519, 0.44243, 0.43801, 0.01919, 0.09399, 0
0.44848, 0.44292, 0.18157, 0.47803, 0.45433, 0.4551, 0.05504, 0.04334, 1
0.44611, 0.43923, 0.17788, 0.47726, 0.45261, 0.44761, 0.03223, 0.05229, 1
0.45978, 0.44663, 0.30709, 0.4803, 0.45956, 0.44918, 0.08258, 0.04129, 1
0.4355, 0.43097, 0.32079, 0.48689, 0.43454, 0.42732, 0.04959, 0.09867, 0
0.44826, 0.44466, 0.32488, 0.48161, 0.4501, 0.44707, 0.0536, 0.04562, 1
0.45049, 0.44031, 0.33341, 0.47896, 0.45355, 0.45261, 0.01514, 0.02126, 1
0.47522, 0.47039, 0.34638, 0.46975, 0.50585, 0.51297, 0.29758, 0.32756, 0
0.46928, 0.45064, 0.32451, 0.47207, 0.4904, 0.47981, 0.05047, 0.0516, 1
0.41128, 0.41794, 0.39238, 0.4866, 0.39905, 0.38458, 0.11287, 0.04813, 0
0.44094, 0.44781, 0.39144, 0.48177, 0.43756, 0.43858, 0.15518, 0.07947, 1
0.45485, 0.44481, 0.28444, 0.47558, 0.45833, 0.45127, 0.01832, 0.02172, 0
0.45112, 0.44533, 0.2879, 0.47528, 0.45603, 0.45646, 0.06002, 0.05106, 0
0.45218, 0.44315, 0.26037, 0.47238, 0.45869, 0.45581, 0.01902, 0.01531, 0
0.48378, 0.45277, 0.36894, 0.48164, 0.45478, 0.41871, 0.49458, 0.48753, 0
0.44975, 0.44335, 0.39367, 0.47756, 0.45118, 0.44958, 0.02416, 0.03036, 1
0.45405, 0.44379, 0.39969, 0.47653, 0.45555, 0.44997, 0.02208, 0.06224, 0
0.18995, 0.1718, 0.39745, 0.52731, 0.18747, 0.18856, 0.19447, 0.12098, 0
0.44134, 0.43337, 0.28921, 0.48188, 0.44541, 0.44682, 0.0384, 0.02669, 1
0.46266, 0.44752, 0.23218, 0.47263, 0.4745, 0.46665, 0.04902, 0.06174, 0
0.44745, 0.43529, 0.24015, 0.47712, 0.45636, 0.43966, 0.05067, 0.01677, 0
0.46271, 0.44794, 0.23492, 0.47956, 0.46267, 0.45196, 0.10544, 0.11278, 1
0.43757, 0.43446, 0.36092, 0.48081, 0.44431, 0.44261, 0.08444, 0.11132, 0
0.45191, 0.43883, 0.34195, 0.48027, 0.45545, 0.44233, 0.07775, 0.10232, 1
0.4445, 0.44076, 0.30466, 0.48348, 0.44343, 0.43924, 0.02151, 0.10606, 0
0.44727, 0.43817, 0.29028, 0.48457, 0.44956, 0.44188, 0.03227, 0.04429, 0
0.51829, 0.50341, 0.23385, 0.46856, 0.52351, 0.52697, 0.3034, 0.31194, 0
0.45368, 0.44441, 0.21903, 0.47593, 0.4608, 0.44776, 0.0252, 0.0654, 1
0.46177, 0.4608, 0.19536, 0.47104, 0.47213, 0.46944, 0.17398, 0.1559, 0
0.44972, 0.44032, 0.17353, 0.47408, 0.46109, 0.46174, 0.03628, 0.10003, 0
0.45287, 0.44442, 0.18594, 0.47081, 0.46377, 0.45901, 0.04776, 0.08464, 1
0.45758, 0.44507, 0.18884, 0.46935, 0.46618, 0.46032, 0.02368, 0.08179, 0
0.44206, 0.43664, 0.22906, 0.48142, 0.449, 0.4446, 0.05353, 0.04402, 1
0.45132, 0.44075, 0.26885, 0.47377, 0.45807, 0.45129, 0.00754, 0.05557, 0
0.45174, 0.44832, 0.3547, 0.4794, 0.45328, 0.44749, 0.0568, 0.02795, 0
0.45371, 0.4427, 0.39477, 0.47788, 0.45683, 0.44866, 0.03511, 0.05666, 1
0.44797, 0.44226, 0.35087, 0.47861, 0.45204, 0.44342, 0.01368, 0.02766, 1
0.45966, 0.44708, 0.36935, 0.47068, 0.47379, 0.47378, 0.04483, 0.02244, 1
0.44992, 0.43969, 0.27373, 0.47448, 0.45718, 0.45024, 0.00742, 0.05122, 0
0.42454, 0.42053, 0.32598, 0.49063, 0.43082, 0.4261, 0.10526, 0.13074, 1
0.43702, 0.42436, 0.31222, 0.48555, 0.43987, 0.43501, 0.10453, 0.18987, 0
0.48077, 0.46825, 0.22081, 0.46711, 0.4842, 0.4793, 0.13092, 0.08265, 0
0.45134, 0.43927, 0.15581, 0.47606, 0.45797, 0.44804, 0.03855, 0.00991, 1
0.44251, 0.432, 0.15698, 0.47448, 0.45947, 0.45749, 0.08255, 0.07785, 0
0.44975, 0.44697, 0.21906, 0.48245, 0.45046, 0.44141, 0.04399, 0.05972, 1
0.44362, 0.43048, 0.12593, 0.47996, 0.44954, 0.44401, 0.07452, 0.06668, 1
0.42705, 0.42454, 0.09921, 0.48704, 0.42331, 0.41455, 0.08227, 0.03061, 1
0.46875, 0.45414, 0.25028, 0.47252, 0.47457, 0.46359, 0.0804, 0.06565, 0
0.47216, 0.45435, 0.26857, 0.47843, 0.46716, 0.45141, 0.17598, 0.28769, 0
0.44177, 0.4341, 0.28861, 0.48419, 0.42768, 0.4159, 0.14229, 0.0734, 0
0.4545, 0.44397, 0.22737, 0.48063, 0.45194, 0.44868, 0.05023, 0.01649, 0
0.44134, 0.43732, 0.18544, 0.47779, 0.4513, 0.45245, 0.0951, 0.06442, 1
0.44736, 0.44075, 0.30956, 0.48297, 0.45204, 0.44538, 0.01824, 0.02725, 0
0.45927, 0.44726, 0.32079, 0.46748, 0.46542, 0.4601, 0.03272, 0.05687, 0
0.45254, 0.4414, 0.31117, 0.47502, 0.45808, 0.45116, 0.01998, 0.03214, 1
0.53281, 0.49321, 0.33708, 0.4767, 0.50758, 0.4748, 0.55956, 0.65596, 0
0.48125, 0.4516, 0.32791, 0.47472, 0.48899, 0.49864, 0.12652, 0.14233, 1
0.45085, 0.44572, 0.26132, 0.48016, 0.45068, 0.44736, 0.03768, 0.0508, 0
0.44952, 0.44161, 0.19387, 0.48353, 0.44854, 0.44201, 0.02531, 0.04665, 1
0.44425, 0.43428, 0.23322, 0.4747, 0.4545, 0.45298, 0.04178, 0.05912, 0
0.44618, 0.43989, 0.21791, 0.47326, 0.46041, 0.45849, 0.0869, 0.04496, 0
0.43498, 0.43123, 0.63477, 0.4867, 0.43553, 0.43316, 0.05669, 0.03506, 1
0.35967, 0.36457, 0.61443, 0.48843, 0.3442, 0.33577, 0.08247, 0.12841, 1
0.44928, 0.4433, 0.55121, 0.48066, 0.44233, 0.46022, 0.01019, 0.02172, 0
0.4539, 0.44499, 0.45601, 0.47471, 0.4568, 0.45395, 0.01966, 0.02436, 1
0.45082, 0.44034, 0.43025, 0.47908, 0.45394, 0.45113, 0.01811, 0.02596, 0
0.48741, 0.44973, 0.35208, 0.47099, 0.52418, 0.53582, 0.06481, 0.07332, 1
0.4638, 0.44901, 0.35909, 0.4801, 0.45836, 0.45049, 0.11432, 0.11574, 1
0.44278, 0.43781, 0.42368, 0.4776, 0.44895, 0.4487, 0.06557, 0.09787, 0
0.4535, 0.43694, 0.32145, 0.4721, 0.47558, 0.47878, 0.04723, 0.10988, 1
0.3632, 0.3615, 0.32278, 0.48649, 0.37397, 0.35902, 0.38461, 0.38362, 0
0.44333, 0.43376, 0.24873, 0.48585, 0.4483, 0.44406, 0.03924, 0.0252, 1
0.44987, 0.44225, 0.23459, 0.47343, 0.45758, 0.45539, 0.03764, 0.04968, 1
0.44293, 0.43232, 0.45152, 0.48662, 0.44614, 0.43767, 0.06485, 0.03834, 0
0.45041, 0.44378, 0.44634, 0.47374, 0.46009, 0.46112, 0.06987, 0.03663, 1
0.44229, 0.43081, 0.39784, 0.47691, 0.45114, 0.44945, 0.05021, 0.12636, 1
0.45633, 0.4453, 0.30047, 0.47208, 0.46476, 0.45733, 0.0206, 0.04408, 1
0.4458, 0.44054, 0.13394, 0.4829, 0.44252, 0.44121, 0.00955, 0.03927, 1
0.4686, 0.46027, 0.22844, 0.46943, 0.48258, 0.4777, 0.12669, 0.03111, 0
0.43832, 0.43405, 0.23919, 0.4841, 0.44199, 0.44094, 0.05395, 0.06005, 0
0.43615, 0.42907, 0.21923, 0.48742, 0.44279, 0.43897, 0.06117, 0.02568, 1
0.44928, 0.44076, 0.1643, 0.4788, 0.45589, 0.4474, 0.00411, 0.06729, 0
0.45204, 0.44416, 0.11647, 0.48155, 0.44956, 0.44637, 0.02283, 0.05101, 1
0.44352, 0.43269, 0.15321, 0.47804, 0.4498, 0.44856, 0.04237, 0.06306, 0
0.45158, 0.44352, 0.1656, 0.47223, 0.46195, 0.45849, 0.05627, 0.03816, 1
0.43434, 0.43397, 0.21764, 0.48571, 0.43151, 0.42079, 0.0408, 0.1789, 0
0.44005, 0.4397, 0.21519, 0.48211, 0.44302, 0.44187, 0.09435, 0.02396, 0
0.4465, 0.44203, 0.21151, 0.47767, 0.45468, 0.46299, 0.0996, 0.16267, 1
0.42953, 0.42609, 0.21308, 0.48079, 0.44005, 0.43594, 0.10815, 0.02672, 1
0.45952, 0.44118, 0.19191, 0.47547, 0.46352, 0.45578, 0.10672, 0.1077, 0
0.42986, 0.41843, 0.16901, 0.48396, 0.43566, 0.42872, 0.1213, 0.09134, 1
0.4673, 0.45268, 0.15554, 0.48013, 0.46273, 0.44843, 0.12984, 0.09312, 0
0.44883, 0.44076, 0.15948, 0.47736, 0.45438, 0.45861, 0.0356, 0.07867, 0
0.45089, 0.44204, 0.17281, 0.47225, 0.46074, 0.45759, 0.03936, 0.17901, 1
0.42502, 0.42192, 0.21151, 0.48588, 0.43379, 0.43138, 0.11575, 0.03796, 0
0.47587, 0.45669, 0.21707, 0.46995, 0.48113, 0.47366, 0.12298, 0.126, 1
0.46011, 0.44965, 0.18236, 0.477, 0.46109, 0.45344, 0.05181, 0.06207, 1
0.44745, 0.4378, 0.19061, 0.47636, 0.45491, 0.44523, 0.01781, 0.02544, 1
0.44783, 0.43759, 0.17283, 0.48457, 0.452, 0.44395, 0.03472, 0.03966, 1
0.46182, 0.44946, 0.14217, 0.48072, 0.45749, 0.44985, 0.09559, 0.03166, 0
0.45513, 0.44586, 0.13484, 0.47188, 0.4671, 0.47213, 0.08134, 0.13159, 1
0.44996, 0.44267, 0.13306, 0.47448, 0.46008, 0.45178, 0.04499, 0.046, 1
0.45334, 0.44331, 0.15176, 0.47323, 0.46676, 0.45746, 0.03703, 0.04202, 0
0.44445, 0.44118, 0.25605, 0.4827, 0.4468, 0.44121, 0.04622, 0.02453, 0
0.45799, 0.44549, 0.31632, 0.47678, 0.46037, 0.45167, 0.05784, 0.09043, 1
0.44433, 0.43968, 0.24177, 0.47599, 0.45448, 0.45741, 0.09564, 0.09327, 0
0.44898, 0.4386, 0.21081, 0.47355, 0.45667, 0.45415, 0.01439, 0.03606, 1
0.45757, 0.44699, 0.21865, 0.47848, 0.46008, 0.45232, 0.03889, 0.06242, 0
0.45207, 0.43642, 0.26969, 0.473, 0.47228, 0.472, 0.03694, 0.03853, 0
0.45686, 0.44486, 0.27444, 0.47246, 0.4748, 0.47136, 0.04194, 0.03105, 1
0.45494, 0.44356, 0.29177, 0.48109, 0.45863, 0.44604, 0.05367, 0.044, 0
0.446, 0.43686, 0.29683, 0.48572, 0.44859, 0.43884, 0.04172, 0.02112, 1
0.46728, 0.47063, 0.34452, 0.47023, 0.49553, 0.51074, 0.38552, 0.33039, 1
0.44513, 0.43255, 0.23438, 0.48488, 0.44749, 0.43703, 0.08965, 0.09214, 1
0.47276, 0.45674, 0.15293, 0.48076, 0.46413, 0.44317, 0.18894, 0.27187, 1
0.4465, 0.43491, 0.11575, 0.47769, 0.45226, 0.44591, 0.04579, 0.04322, 0
0.4469, 0.43882, 0.15714, 0.48216, 0.44868, 0.4475, 0.01157, 0.02214, 0
0.46585, 0.44443, 0.13192, 0.47162, 0.48669, 0.48621, 0.01579, 0.04278, 1
0.45145, 0.44292, 0.14981, 0.47515, 0.46526, 0.45313, 0.04071, 0.02664, 1
0.45445, 0.44487, 0.18016, 0.47823, 0.45935, 0.45037, 0.02182, 0.00462, 0
0.44475, 0.4362, 0.18818, 0.48609, 0.45018, 0.44486, 0.02409, 0.01385, 0
0.44921, 0.44227, 0.19815, 0.47883, 0.45555, 0.45129, 0.03121, 0.01514, 0
0.44372, 0.43664, 0.37598, 0.48379, 0.44916, 0.44302, 0.02733, 0.03629, 1
0.45251, 0.44097, 0.3691, 0.47979, 0.4562, 0.45063, 0.03441, 0.02274, 1
0.44781, 0.43969, 0.1428, 0.47517, 0.45807, 0.45088, 0.03806, 0.06247, 0
0.45151, 0.4414, 0.14669, 0.47326, 0.46136, 0.45618, 0.01606, 0.06276, 1
0.41004, 0.41552, 0.13054, 0.48707, 0.413, 0.41258, 0.17405, 0.24573, 0
0.46297, 0.44928, 0.13963, 0.47191, 0.47536, 0.48459, 0.06059, 0.03347, 0
0.45526, 0.44417, 0.14571, 0.47548, 0.46157, 0.45037, 0.03194, 0.04173, 1
0.43786, 0.43119, 0.29491, 0.47973, 0.4457, 0.44779, 0.06805, 0.10093, 0
0.47962, 0.45929, 0.31129, 0.4692, 0.48155, 0.4718, 0.14789, 0.15341, 0
0.44956, 0.43905, 0.26846, 0.48037, 0.45359, 0.44455, 0.03712, 0.06918, 0
0.02842, 0.02927, 0.31314, 0.93312, 0.03695, 0.03512, 0.0262, 0.02163, 1
0.45399, 0.44532, 0.1445, 0.46968, 0.46168, 0.45961, 0.03995, 0.01013, 1
0.44984, 0.43945, 0.1433, 0.48347, 0.44785, 0.44196, 0.06219, 0.06706, 1
0.45155, 0.44205, 0.19218, 0.48317, 0.44811, 0.44118, 0.05448, 0.03403, 1
0.45365, 0.4414, 0.27017, 0.48312, 0.44656, 0.43871, 0.10662, 0.06733, 0
0.43168, 0.43096, 0.42871, 0.47565, 0.45516, 0.43666, 0.15871, 0.18565, 0
0.44099, 0.43464, 0.55454, 0.48092, 0.45127, 0.44376, 0.05104, 0.07484, 1
0.44849, 0.43835, 0.60116, 0.47634, 0.45519, 0.44944, 0.01475, 0.0648, 1
0.46988, 0.45404, 0.40905, 0.47168, 0.47083, 0.46688, 0.09431, 0.14172, 1
0.68902, 0.67345, 0.48845, 0.45364, 0.71178, 0.68589, 0.03332, 0.02821, 1
0.45307, 0.44183, 0.45728, 0.47965, 0.4591, 0.44842, 0.0342, 0.0352, 0
0.45625, 0.44076, 0.46621, 0.47219, 0.46305, 0.45959, 0.0502, 0.02971, 0
0.44759, 0.43861, 0.35126, 0.4806, 0.45346, 0.44751, 0.01291, 0.01647, 1
0.45558, 0.44547, 0.25179, 0.47795, 0.4584, 0.454, 0.02515, 0.04041, 0
0.44692, 0.44054, 0.13412, 0.47768, 0.45433, 0.45024, 0.04489, 0.03296, 1
0.45573, 0.44632, 0.15405, 0.46647, 0.46023, 0.45646, 0.02579, 0.03735, 1
0.449, 0.43777, 0.21003, 0.48371, 0.44685, 0.43821, 0.07323, 0.04778, 1
0.45279, 0.44332, 0.24857, 0.48243, 0.44966, 0.44248, 0.05095, 0.04168, 1
0.45026, 0.44033, 0.26812, 0.48355, 0.44651, 0.44094, 0.06069, 0.07087, 1
0.493, 0.46861, 0.37512, 0.46909, 0.51597, 0.52569, 0.13543, 0.16207, 1
0.44556, 0.43325, 0.39205, 0.47526, 0.46361, 0.44634, 0.0403, 0.04007, 0
0.45455, 0.44548, 0.39843, 0.47487, 0.47028, 0.45661, 0.04778, 0.00606, 1
0.44488, 0.44354, 0.24544, 0.48336, 0.44249, 0.43583, 0.03927, 0.04277, 0
0.44881, 0.43989, 0.18121, 0.48469, 0.45146, 0.44409, 0.02252, 0.02194, 0
0.44129, 0.43579, 0.1877, 0.48619, 0.44652, 0.442, 0.04302, 0.02194, 1
0.44891, 0.43924, 0.21436, 0.47531, 0.45599, 0.45416, 0.01573, 0.04033, 1
0.44697, 0.44075, 0.24029, 0.48138, 0.45186, 0.4488, 0.03251, 0.03403, 1
0.37726, 0.39193, 0.27781, 0.47964, 0.40752, 0.41724, 0.44143, 0.60817, 1
0.45318, 0.44118, 0.37094, 0.47481, 0.47103, 0.44588, 0.00364, 0.0251, 0
0.45691, 0.44619, 0.41988, 0.47398, 0.46881, 0.45684, 0.02424, 0.02678, 0
0.45872, 0.45007, 0.4827, 0.47556, 0.46096, 0.46075, 0.04589, 0.05251, 1
0.46252, 0.44638, 0.47303, 0.47733, 0.46093, 0.45654, 0.10448, 0.03234, 0
0.42487, 0.43343, 0.35236, 0.48311, 0.41257, 0.38913, 0.06572, 0.01397, 0
0.45544, 0.44377, 0.26745, 0.47696, 0.45297, 0.45638, 0.04504, 0.02882, 1
0.45048, 0.4388, 0.21634, 0.47614, 0.4601, 0.44918, 0.02626, 0.03496, 1
0.51545, 0.48352, 0.20672, 0.4759, 0.50236, 0.47392, 0.41176, 0.48489, 1
0.4549, 0.44162, 0.20455, 0.47227, 0.45931, 0.46176, 0.02176, 0.0377, 1
0.45284, 0.4455, 0.31357, 0.47412, 0.45848, 0.45312, 0.03561, 0.03198, 0
0.43667, 0.43233, 0.25017, 0.48091, 0.44547, 0.44343, 0.08231, 0.11846, 0
0.45005, 0.43948, 0.22869, 0.47667, 0.45223, 0.44895, 0.02617, 0.05223, 0
0.45337, 0.44395, 0.21473, 0.47756, 0.45632, 0.45075, 0.01601, 0.02076, 1
0.43953, 0.43333, 0.21097, 0.48873, 0.44416, 0.44059, 0.04436, 0.04129, 0
0.46391, 0.44097, 0.31836, 0.47401, 0.47515, 0.45752, 0.14881, 0.13413, 1
0.44106, 0.43008, 0.40831, 0.4855, 0.43307, 0.41711, 0.14582, 0.15973, 1
0.44964, 0.44374, 0.38773, 0.48361, 0.44055, 0.42799, 0.06539, 0.09911, 1
0.44803, 0.4399, 0.40151, 0.48337, 0.43888, 0.43189, 0.0751, 0.108, 1
0.45302, 0.44076, 0.54969, 0.48303, 0.44697, 0.43993, 0.10307, 0.18799, 1
0.45052, 0.44714, 0.58384, 0.48024, 0.45192, 0.45075, 0.0669, 0.11857, 0
0.4845, 0.47488, 0.51411, 0.47425, 0.48468, 0.48851, 0.16537, 0.28796, 1
0.39558, 0.40288, 0.33666, 0.48759, 0.38443, 0.36584, 0.18554, 0.2733, 0
0.44597, 0.44012, 0.21144, 0.48326, 0.44949, 0.4456, 0.0306, 0.02521, 0
0.44371, 0.43503, 0.16658, 0.48406, 0.44836, 0.44252, 0.03018, 0.02744, 0
0.46511, 0.45352, 0.15974, 0.4657, 0.47121, 0.46712, 0.05962, 0.06385, 1
0.44384, 0.43715, 0.12655, 0.48227, 0.44928, 0.44303, 0.02757, 0.02521, 0
0.4477, 0.44771, 0.36844, 0.47386, 0.46212, 0.46408, 0.1774, 0.09697, 0
0.4513, 0.45118, 0.41483, 0.48076, 0.44841, 0.43944, 0.07833, 0.11375, 1
0.4496, 0.44336, 0.31367, 0.47966, 0.45168, 0.43786, 0.0111, 0.05344, 1
0.4529, 0.44227, 0.16926, 0.47525, 0.45854, 0.45076, 0.01716, 0.01225, 1
0.44851, 0.43771, 0.16134, 0.48057, 0.45121, 0.44235, 0.05004, 0.06238, 1
0.45922, 0.44965, 0.1427, 0.47683, 0.46216, 0.45576, 0.04185, 0.02449, 1
0.44414, 0.43555, 0.11545, 0.48578, 0.44434, 0.43711, 0.04243, 0.06429, 0
0.45886, 0.44747, 0.13226, 0.4697, 0.46318, 0.45983, 0.03288, 0.04553, 1
0.46427, 0.45596, 0.14499, 0.4691, 0.47675, 0.47289, 0.10182, 0.08584, 1
0.47101, 0.45466, 0.15908, 0.47163, 0.47525, 0.46367, 0.10875, 0.02672, 1
0.44676, 0.44205, 0.1745, 0.47719, 0.45604, 0.4605, 0.09443, 0.10825, 0
0.4514, 0.42814, 0.35603, 0.48203, 0.44625, 0.43352, 0.23902, 0.29773, 1
0.43939, 0.43563, 0.2985, 0.47987, 0.44366, 0.44791, 0.07299, 0.07766, 0
0.46656, 0.45531, 0.27839, 0.47589, 0.4694, 0.4706, 0.06826, 0.05732, 1
0.44629, 0.43328, 0.26059, 0.47949, 0.44897, 0.4457, 0.06725, 0.04759, 0
0.45593, 0.44332, 0.19072, 0.47391, 0.46162, 0.45917, 0.03038, 0.03616, 1
0.44833, 0.44545, 0.19406, 0.48218, 0.44322, 0.43253, 0.02969, 0.01717, 1
0.43264, 0.43031, 0.19779, 0.48338, 0.43246, 0.42505, 0.06243, 0.03074, 0
0.46695, 0.45593, 0.18859, 0.46749, 0.47454, 0.47084, 0.07384, 0.0925, 1
0.45227, 0.44417, 0.13068, 0.48134, 0.44978, 0.44365, 0.04177, 0.01203, 1
0.44862, 0.44204, 0.1276, 0.47366, 0.45804, 0.45321, 0.05724, 0.03942, 0
0.45515, 0.44996, 0.17557, 0.47204, 0.46662, 0.46761, 0.1137, 0.14272, 0
0.56577, 0.56889, 0.30064, 0.47546, 0.5426, 0.51242, 0.61796, 0.69138, 1
0.44971, 0.44075, 0.33456, 0.47505, 0.45461, 0.45011, 0.00753, 0.02442, 0
0.4422, 0.43459, 0.34932, 0.48059, 0.44208, 0.44405, 0.03735, 0.02187, 0
0.32314, 0.32563, 0.23609, 0.49109, 0.3252, 0.30953, 0.56286, 0.52979, 0
0.45045, 0.44204, 0.29247, 0.47253, 0.46206, 0.45389, 0.03622, 0.0282, 0
0.45772, 0.44526, 0.42235, 0.47895, 0.45395, 0.45115, 0.0726, 0.06975, 1
0.43689, 0.43348, 0.39503, 0.48687, 0.43759, 0.43467, 0.05162, 0.0396, 0
0.44869, 0.43839, 0.26094, 0.47336, 0.45871, 0.45427, 0.02104, 0.01586, 0
0.4581, 0.44677, 0.25158, 0.47007, 0.4659, 0.45909, 0.0279, 0.01393, 1
0.44819, 0.44184, 0.27339, 0.47262, 0.45757, 0.45713, 0.06768, 0.02296, 0
0.44719, 0.43987, 0.29474, 0.47795, 0.45409, 0.44719, 0.02635, 0.04466, 0
0.44217, 0.43878, 0.29362, 0.4845, 0.43869, 0.42563, 0.0201, 0.02134, 0
0.45142, 0.44315, 0.31889, 0.48265, 0.44848, 0.44442, 0.02892, 0.08606, 1
0.45456, 0.44358, 0.31785, 0.48208, 0.45059, 0.44641, 0.06478, 0.06367, 1
0.44309, 0.43509, 0.32092, 0.48531, 0.44068, 0.43691, 0.04402, 0.03435, 0
0.44365, 0.43814, 0.2954, 0.48189, 0.4402, 0.42108, 0.0707, 0.04021, 1
0.4717, 0.45558, 0.2622, 0.46708, 0.4767, 0.47034, 0.09075, 0.10052, 1
0.44782, 0.42436, 0.24629, 0.47916, 0.44873, 0.41912, 0.26307, 0.32659, 1
0.4397, 0.43507, 0.24429, 0.48172, 0.43782, 0.41333, 0.0654, 0.01757, 1
0.44421, 0.43726, 0.10272, 0.47788, 0.45033, 0.44812, 0.04104, 0.09177, 0
0.44694, 0.44097, 0.10423, 0.47345, 0.45612, 0.45605, 0.07107, 0.09547, 0
0.41441, 0.42874, 0.12743, 0.47695, 0.43939, 0.4464, 0.37895, 0.32827, 0
0.45221, 0.44184, 0.21691, 0.47621, 0.46463, 0.45556, 0.00972, 0.01768, 0
0.44423, 0.43613, 0.25159, 0.47803, 0.45415, 0.44638, 0.03166, 0.04056, 0
0.44965, 0.44668, 0.33716, 0.47495, 0.45888, 0.45583, 0.10447, 0.10012, 0
0.44861, 0.44162, 0.33256, 0.48248, 0.453, 0.44824, 0.01848, 0.05977, 0
0.44576, 0.43877, 0.33181, 0.48022, 0.45223, 0.44944, 0.03679, 0.06794, 0
0.4653, 0.44399, 0.39412, 0.47282, 0.48868, 0.48102, 0.01854, 0.06636, 1
0.45326, 0.44075, 0.45372, 0.47548, 0.46303, 0.46432, 0.01099, 0.04937, 1
0.49724, 0.50022, 0.36595, 0.47119, 0.52226, 0.55023, 0.48771, 0.53383, 1
0.45356, 0.44356, 0.19642, 0.4811, 0.45948, 0.44906, 0.02614, 0.04379, 1
0.46608, 0.45451, 0.11568, 0.47703, 0.46622, 0.46743, 0.06784, 0.09336, 1
0.45324, 0.44332, 0.22592, 0.47123, 0.46099, 0.45892, 0.02064, 0.04949, 0
0.44708, 0.42958, 0.21878, 0.47303, 0.47003, 0.47419, 0.06293, 0.11561, 0
0.4533, 0.43705, 0.43251, 0.47383, 0.47617, 0.46038, 0.02365, 0.03621, 0
0.39809, 0.36727, 0.67525, 0.48647, 0.35985, 0.32535, 0.73529, 0.69248, 1
0.45531, 0.44696, 0.78169, 0.47874, 0.45178, 0.45491, 0.02795, 0.03237, 1
0.45759, 0.44742, 0.74408, 0.47067, 0.47539, 0.47228, 0.07966, 0.05564, 0
0.71692, 0.70204, 0.58097, 0.41555, 0.71082, 0.703, 0.06251, 0.07848, 1
0.45541, 0.44666, 0.5989, 0.47996, 0.45334, 0.45266, 0.02844, 0.03775, 1
0.44466, 0.43719, 0.61007, 0.47677, 0.45187, 0.45036, 0.04167, 0.02375, 0
0.45302, 0.4435, 0.50681, 0.47296, 0.45885, 0.45202, 0.01131, 0.01695, 1
0.50311, 0.51095, 0.52216, 0.46992, 0.55928, 0.5894, 0.70771, 0.73598, 0
0.46667, 0.44311, 0.5255, 0.47299, 0.50767, 0.5006, 0.02178, 0.05457, 0
0.4509, 0.43904, 0.51405, 0.48353, 0.46554, 0.44207, 0.04068, 0.04877, 1
0.46934, 0.45166, 0.47573, 0.47916, 0.4663, 0.45244, 0.16005, 0.06898, 1
0.48009, 0.45893, 0.60005, 0.47767, 0.4705, 0.45766, 0.222, 0.2685, 1
0.44891, 0.43697, 0.36232, 0.47304, 0.46228, 0.45917, 0.02688, 0.00674, 0
0.44861, 0.43992, 0.26632, 0.48302, 0.45402, 0.44883, 0.00704, 0.01402, 0
0.44411, 0.43719, 0.22295, 0.48062, 0.44125, 0.44361, 0.02732, 0.0514, 0
0.45396, 0.44266, 0.20545, 0.47281, 0.4571, 0.45381, 0.02395, 0.04671, 1
0.45344, 0.44203, 0.19598, 0.47826, 0.45525, 0.44922, 0.04241, 0.0272, 1
0.4532, 0.44371, 0.178, 0.47788, 0.45659, 0.45177, 0.01409, 0.02471, 1
0.44814, 0.44034, 0.20547, 0.48247, 0.45291, 0.44871, 0.01466, 0.00979, 0
0.44987, 0.44518, 0.31222, 0.4751, 0.45629, 0.45636, 0.07464, 0.04481, 0
0.44973, 0.44118, 0.24252, 0.47376, 0.45857, 0.45585, 0.0352, 0.02936, 0
0.45207, 0.44055, 0.25152, 0.4722, 0.45843, 0.45445, 0.0127, 0.04967, 1
0.45576, 0.45237, 0.25645, 0.47076, 0.46987, 0.47121, 0.15275, 0.15854, 0
0.4534, 0.44161, 0.27827, 0.47492, 0.46159, 0.45139, 0.02128, 0.01787, 1
0.45044, 0.44266, 0.38022, 0.47295, 0.45859, 0.45574, 0.04124, 0.05536, 0
0.4478, 0.43949, 0.40034, 0.47357, 0.45756, 0.45651, 0.04317, 0.05365, 0
0.451, 0.44118, 0.40754, 0.47852, 0.45566, 0.44665, 0.02119, 0.045, 1
0.45912, 0.44816, 0.27959, 0.46964, 0.4641, 0.4592, 0.03479, 0.04731, 1
0.48325, 0.46443, 0.28124, 0.47293, 0.48072, 0.46753, 0.17494, 0.14646, 1
0.45412, 0.43297, 0.29001, 0.48329, 0.44335, 0.4265, 0.26175, 0.27048, 1
0.45144, 0.44097, 0.29856, 0.48179, 0.45351, 0.44621, 0.0412, 0.05656, 1
0.45628, 0.44397, 0.36775, 0.46993, 0.4623, 0.45712, 0.02689, 0.04043, 1
0.47029, 0.45514, 0.37981, 0.46942, 0.47519, 0.46481, 0.09211, 0.0737, 1
0.45165, 0.44183, 0.30013, 0.47227, 0.45958, 0.45763, 0.0164, 0.03362, 0
0.45538, 0.44462, 0.20013, 0.47551, 0.45857, 0.45193, 0.03312, 0.01188, 1
0.44651, 0.43969, 0.22423, 0.48388, 0.44834, 0.44518, 0.0115, 0.03585, 0
0.44297, 0.43669, 0.23633, 0.47922, 0.44964, 0.44972, 0.05295, 0.0251, 0
0.44467, 0.43582, 0.32734, 0.48627, 0.4499, 0.44334, 0.0274, 0.03682, 0
0.44147, 0.43496, 0.35415, 0.47652, 0.45059, 0.44751, 0.05699, 0.04348, 0
0.44911, 0.43668, 0.34811, 0.47695, 0.45547, 0.44946, 0.04044, 0.06017, 0
0.44907, 0.44075, 0.34893, 0.47894, 0.45525, 0.44868, 0.00747, 0.0502, 0
0.48702, 0.49033, 0.38299, 0.46917, 0.52183, 0.5371, 0.47749, 0.50443, 0
0.4523, 0.444, 0.46428, 0.47962, 0.45796, 0.44984, 0.01465, 0.01619, 1
0.45334, 0.44053, 0.4726, 0.47305, 0.45933, 0.45366, 0.03461, 0.02608, 1
0.45602, 0.44661, 0.42913, 0.47366, 0.46048, 0.45445, 0.02674, 0.02121, 1
0.44146, 0.43619, 0.31715, 0.48088, 0.44903, 0.44655, 0.06454, 0.03703, 0
0.45491, 0.44705, 0.29139, 0.47153, 0.46361, 0.4642, 0.0598, 0.07647, 0
0.45013, 0.43727, 0.14494, 0.481, 0.4527, 0.44773, 0.06111, 0.05329, 1
0.70097, 0.68281, 0.3019, 0.35014, 0.71384, 0.70364, 0.00726, 0.03616, 1
0.44758, 0.4367, 0.32656, 0.48538, 0.44796, 0.43963, 0.06274, 0.03437, 1
0.44882, 0.44161, 0.34895, 0.4826, 0.45065, 0.44649, 0.00412, 0.03502, 0
0.46737, 0.45872, 0.31866, 0.46689, 0.47586, 0.47615, 0.10417, 0.0351, 1
0.45263, 0.44118, 0.29806, 0.47665, 0.45653, 0.44843, 0.04284, 0.02399, 1
0.45302, 0.4431, 0.23763, 0.48, 0.45574, 0.44959, 0.02497, 0.00602, 1
0.4469, 0.43606, 0.17549, 0.48346, 0.45099, 0.44519, 0.03774, 0.01983, 0
0.44731, 0.44033, 0.18012, 0.48041, 0.45249, 0.44791, 0.02179, 0.0475, 0
0.47609, 0.46278, 0.11948, 0.46601, 0.4817, 0.4733, 0.10604, 0.14054, 1
0.44884, 0.44055, 0.23644, 0.47217, 0.45595, 0.46332, 0.06198, 0.07829, 0
0.43904, 0.43566, 0.28576, 0.47437, 0.45716, 0.4541, 0.13746, 0.07286, 0
0.44819, 0.43672, 0.33264, 0.47466, 0.46048, 0.45101, 0.0222, 0.02163, 0
0.45275, 0.44438, 0.38959, 0.47262, 0.46523, 0.45836, 0.05045, 0.0617, 0
0.4633, 0.44033, 0.47652, 0.47373, 0.48175, 0.50676, 0.00544, 0.01573, 0
0.42732, 0.42641, 0.36078, 0.48451, 0.41322, 0.4029, 0.08293, 0.1261, 0
0.45652, 0.44753, 0.37878, 0.47069, 0.45928, 0.45677, 0.0324, 0.04401, 1
0.48601, 0.465, 0.62012, 0.47077, 0.48572, 0.47234, 0.18806, 0.27328, 1
0.44422, 0.43478, 0.26393, 0.48575, 0.44588, 0.44105, 0.04459, 0.03665, 0
0.45951, 0.4478, 0.17278, 0.47734, 0.46047, 0.4514, 0.06082, 0.07524, 1
0.43811, 0.43246, 0.20317, 0.48268, 0.42946, 0.41593, 0.07223, 0.00227, 0
0.45917, 0.44097, 0.20486, 0.47191, 0.46879, 0.46911, 0.04815, 0.06369, 1
0.44097, 0.43371, 0.21502, 0.48581, 0.447, 0.44196, 0.03816, 0.03353, 0
0.36968, 0.37881, 0.2381, 0.48698, 0.38493, 0.38973, 0.36199, 0.38884, 0
0.44985, 0.44461, 0.20411, 0.47819, 0.4585, 0.44985, 0.05623, 0.05271, 0
0.45055, 0.43797, 0.19925, 0.482, 0.45371, 0.4466, 0.06454, 0.04129, 1
0.45379, 0.44574, 0.57699, 0.48184, 0.44837, 0.44642, 0.04719, 0.11514, 1
0.44248, 0.43553, 0.32056, 0.48167, 0.44323, 0.43034, 0.04839, 0.06428, 0
0.45639, 0.44618, 0.29091, 0.48021, 0.45584, 0.45063, 0.04826, 0.04075, 1
0.45744, 0.44792, 0.25231, 0.47876, 0.45772, 0.45261, 0.03815, 0.06089, 1
0.43549, 0.43076, 0.16989, 0.47831, 0.44578, 0.44668, 0.09136, 0.04814, 0
0.41528, 0.4174, 0.1134, 0.48354, 0.42461, 0.42848, 0.18178, 0.19507, 0
0.45484, 0.44227, 0.12476, 0.47755, 0.46032, 0.45274, 0.04208, 0.03184, 1
0.44465, 0.43467, 0.14587, 0.48301, 0.45059, 0.44576, 0.03327, 0.05474, 0
0.42996, 0.40711, 0.1605, 0.48198, 0.4334, 0.42538, 0.25998, 0.30313, 0
0.4575, 0.44728, 0.1547, 0.47967, 0.45963, 0.44879, 0.0468, 0.11598, 1
0.42667, 0.42947, 0.1398, 0.48638, 0.42849, 0.42551, 0.10997, 0.14228, 0
0.44657, 0.43775, 0.29546, 0.48302, 0.44407, 0.44086, 0.03957, 0.08743, 1
0.46095, 0.44334, 0.27455, 0.47357, 0.47354, 0.47184, 0.04458, 0.05447, 1
0.45884, 0.44788, 0.18673, 0.47354, 0.46681, 0.45731, 0.03238, 0.04304, 1
0.44569, 0.43816, 0.13582, 0.48467, 0.44856, 0.4437, 0.01502, 0.02006, 0
0.43848, 0.43557, 0.12231, 0.47857, 0.44832, 0.44945, 0.10464, 0.08867, 0
0.45521, 0.44594, 0.13432, 0.47435, 0.46157, 0.45102, 0.02296, 0.0394, 1
0.46834, 0.45391, 0.3016, 0.47387, 0.4685, 0.46088, 0.09853, 0.13408, 1
0.45277, 0.446, 0.33459, 0.48224, 0.44874, 0.44454, 0.03194, 0.07058, 1
0.45028, 0.44184, 0.22717, 0.47469, 0.45653, 0.45077, 0.01324, 0.00469, 0
0.45234, 0.4425, 0.23465, 0.46984, 0.45801, 0.4525, 0.00735, 0.00469, 1
0.44864, 0.43943, 0.22813, 0.4812, 0.45443, 0.4493, 0.00848, 0.00468, 0
0.84928, 0.83006, 0.41268, 0.18885, 0.86054, 0.84778, 0.01657, 0.10141, 1
0.44925, 0.43925, 0.43706, 0.47585, 0.45489, 0.45258, 0.0095, 0.10123, 0
0.45609, 0.447, 0.4622, 0.47079, 0.46553, 0.45898, 0.03895, 0.00828, 1
0.43898, 0.42614, 0.48186, 0.48652, 0.43722, 0.42471, 0.13901, 0.12608, 0
0.44743, 0.44075, 0.31103, 0.48043, 0.44945, 0.44803, 0.01096, 0.03079, 0
0.44519, 0.43968, 0.13935, 0.47452, 0.45475, 0.45362, 0.07394, 0.04846, 0
0.4436, 0.433, 0.1316, 0.47953, 0.44835, 0.44124, 0.05341, 0.01278, 0
0.44564, 0.43559, 0.14132, 0.47652, 0.45358, 0.44737, 0.02724, 0.03915, 0
0.44765, 0.44075, 0.1569, 0.47291, 0.45946, 0.45703, 0.06849, 0.03386, 0
0.45175, 0.44291, 0.1475, 0.47262, 0.46096, 0.45742, 0.03348, 0.05975, 0
0.45632, 0.4414, 0.1466, 0.47894, 0.45762, 0.44632, 0.09901, 0.00919, 1
0.46155, 0.45081, 0.36472, 0.46697, 0.47133, 0.46527, 0.05042, 0.02981, 1
0.44986, 0.44118, 0.38366, 0.47516, 0.45771, 0.45024, 0.01072, 0.01973, 0
0.45316, 0.44289, 0.41105, 0.47704, 0.45851, 0.45166, 0.0165, 0.0493, 1
0.48002, 0.46617, 0.4225, 0.46919, 0.48617, 0.48544, 0.12068, 0.17778, 1
0.45369, 0.43373, 0.41348, 0.47674, 0.45552, 0.44985, 0.14522, 0.19449, 1
0.45512, 0.4448, 0.33138, 0.46891, 0.4613, 0.45927, 0.01961, 0.01589, 1
0.45191, 0.44352, 0.27676, 0.48149, 0.45523, 0.44817, 0.01249, 0.10035, 1
0.44578, 0.43778, 0.20796, 0.48195, 0.45009, 0.44727, 0.01957, 0.05569, 0
0.43779, 0.43521, 0.29718, 0.47756, 0.44477, 0.44429, 0.09372, 0.07227, 0
0.45128, 0.44161, 0.28367, 0.47349, 0.45958, 0.4527, 0.01444, 0.01809, 0
0.44887, 0.4414, 0.32376, 0.47232, 0.46048, 0.45867, 0.06262, 0.02776, 0
0.47468, 0.46883, 0.34066, 0.46924, 0.48157, 0.47283, 0.14894, 0.27932, 1
0.45756, 0.43798, 0.32715, 0.47849, 0.45928, 0.44894, 0.13853, 0.22244, 1
0.45023, 0.44268, 0.20554, 0.48183, 0.44832, 0.43912, 0.02428, 0.02085, 1
0.449, 0.44097, 0.19861, 0.4819, 0.44883, 0.4461, 0.01252, 0.01982, 1
0.44298, 0.43735, 0.18773, 0.4825, 0.44862, 0.44649, 0.04988, 0.03884, 0
0.4471, 0.43754, 0.18995, 0.47415, 0.46386, 0.46075, 0.05141, 0.05611, 0
0.4748, 0.46196, 0.18702, 0.47229, 0.47815, 0.47088, 0.10479, 0.07856, 1
0.44664, 0.43927, 0.18715, 0.47753, 0.45353, 0.44895, 0.03167, 0.0454, 0
0.4306, 0.42005, 0.19726, 0.47852, 0.44238, 0.44041, 0.10198, 0.073, 0
0.43063, 0.43201, 0.27139, 0.48554, 0.43579, 0.43383, 0.11408, 0.1296, 0
0.44933, 0.44695, 0.27362, 0.47495, 0.45966, 0.46241, 0.13679, 0.15606, 0
0.45205, 0.44546, 0.2001, 0.4714, 0.4619, 0.46229, 0.07443, 0.03733, 0
0.45233, 0.44204, 0.19297, 0.47204, 0.46094, 0.4575, 0.01151, 0.01977, 0
0.44481, 0.43884, 0.36072, 0.4754, 0.45317, 0.45204, 0.06332, 0.04609, 0
0.44697, 0.43737, 0.43985, 0.47608, 0.45458, 0.44664, 0.01841, 0.02359, 0
0.44634, 0.43653, 0.44961, 0.48655, 0.44922, 0.44138, 0.04193, 0.00226, 0
0.46058, 0.44859, 0.43319, 0.47946, 0.45976, 0.45113, 0.07769, 0.05783, 1
0.45027, 0.44076, 0.20144, 0.47738, 0.45542, 0.4487, 0.00408, 0.00597, 0
0.44911, 0.43905, 0.44444, 0.48507, 0.45352, 0.44479, 0.03041, 0.0079, 1
0.47516, 0.49979, 0.44492, 0.47568, 0.4837, 0.48692, 0.53803, 0.56573, 1
0.43867, 0.43484, 0.36374, 0.4832, 0.43096, 0.42986, 0.03936, 0.02151, 0
0.44954, 0.44351, 0.32112, 0.47875, 0.45059, 0.45524, 0.04221, 0.02736, 0
0.46251, 0.45198, 0.22376, 0.46853, 0.46744, 0.46422, 0.05238, 0.05083, 1
0.45371, 0.44267, 0.10384, 0.4724, 0.45939, 0.45229, 0.02073, 0.05335, 1
0.45386, 0.44182, 0.13706, 0.47447, 0.45885, 0.45101, 0.03727, 0.10109, 1
0.44267, 0.4359, 0.13162, 0.47977, 0.44995, 0.44767, 0.04505, 0.05304, 0
0.44909, 0.43759, 0.1576, 0.47898, 0.45419, 0.44575, 0.04102, 0.11257, 1
0.45173, 0.44499, 0.15422, 0.47819, 0.45706, 0.45306, 0.03678, 0.05589, 0
0.45153, 0.44203, 0.21007, 0.47177, 0.45945, 0.45729, 0.02163, 0.02258, 0
0.4567, 0.44753, 0.18961, 0.47876, 0.45811, 0.45177, 0.03535, 0.08229, 1
0.45551, 0.44965, 0.17016, 0.47165, 0.46237, 0.46127, 0.07564, 0.00983, 1
0.42277, 0.42371, 0.14814, 0.4856, 0.43106, 0.43275, 0.14498, 0.14483, 0
0.44604, 0.43845, 0.16957, 0.4743, 0.45471, 0.45279, 0.04591, 0.02343, 0
0.45213, 0.44139, 0.16363, 0.47532, 0.45568, 0.45279, 0.01936, 0.06738, 1
0.44598, 0.43825, 0.14978, 0.48272, 0.44379, 0.42887, 0.04442, 0.02336, 1
0.45156, 0.44728, 0.1534, 0.47176, 0.46375, 0.46871, 0.13163, 0.18347, 0
0.46083, 0.4568, 0.13491, 0.47034, 0.47924, 0.48131, 0.17569, 0.17102, 0
0.45093, 0.44203, 0.1677, 0.47328, 0.46641, 0.45638, 0.05311, 0.03841, 0
0.45634, 0.44815, 0.26027, 0.47042, 0.46239, 0.45894, 0.0428, 0.04503, 1
0.34046, 0.33365, 0.28251, 0.50545, 0.35109, 0.34706, 0.03661, 0.06218, 0
0.42424, 0.40773, 0.20514, 0.48512, 0.41028, 0.40114, 0.30779, 0.3348, 0
0.45897, 0.44751, 0.18642, 0.47915, 0.45939, 0.4565, 0.04933, 0.0206, 1
0.45239, 0.43971, 0.18968, 0.48226, 0.45086, 0.44411, 0.07952, 0.05179, 1
0.50539, 0.47751, 0.20929, 0.46838, 0.53023, 0.53354, 0.17555, 0.21334, 1
0.45225, 0.44671, 0.1327, 0.4715, 0.46714, 0.46762, 0.12019, 0.10309, 0
0.4614, 0.44947, 0.17247, 0.46819, 0.46817, 0.46324, 0.04032, 0.06004, 1
0.45065, 0.43779, 0.17206, 0.47781, 0.45577, 0.45024, 0.04894, 0.02835, 1
0.48267, 0.47138, 0.1927, 0.46556, 0.49409, 0.49263, 0.15773, 0.15425, 1
0.43931, 0.43292, 0.22934, 0.48126, 0.44101, 0.42969, 0.04605, 0.02225, 0
0.44424, 0.43695, 0.17388, 0.48683, 0.44745, 0.44099, 0.02045, 0.02008, 0
0.4178, 0.42168, 0.18782, 0.47927, 0.43417, 0.43945, 0.22605, 0.2232, 0
0.50332, 0.4863, 0.1798, 0.46439, 0.51115, 0.5066, 0.21785, 0.21472, 1
0.47, 0.47182, 0.15446, 0.47171, 0.48769, 0.49678, 0.30806, 0.32723, 0
0.45264, 0.43672, 0.14725, 0.47425, 0.4647, 0.46196, 0.0462, 0.01711, 1
0.45614, 0.44628, 0.12539, 0.48055, 0.45778, 0.44934, 0.04034, 0.04773, 1
0.43677, 0.43101, 0.16514, 0.48702, 0.44305, 0.43817, 0.05852, 0.13287, 0
0.45044, 0.44097, 0.44566, 0.47622, 0.45719, 0.44986, 0.00202, 0.01023, 0
0.452, 0.44223, 0.45583, 0.47622, 0.45771, 0.45011, 0.0101, 0.02363, 1
0.45217, 0.44181, 0.45049, 0.47131, 0.45878, 0.45429, 0.00349, 0.01179, 1
0.4553, 0.44495, 0.43169, 0.46984, 0.46108, 0.45429, 0.01945, 0.04067, 1
0.43711, 0.43324, 0.27679, 0.4769, 0.44875, 0.44859, 0.10504, 0.08689, 0
0.46054, 0.44642, 0.24382, 0.47006, 0.47252, 0.46978, 0.02533, 0.04774, 1
0.45648, 0.44245, 0.3747, 0.47206, 0.46709, 0.46031, 0.02537, 0.01957, 1
0.44932, 0.43971, 0.47264, 0.47451, 0.45715, 0.4519, 0.00886, 0.0125, 0
0.44426, 0.43718, 0.52857, 0.47603, 0.45374, 0.4496, 0.04806, 0.06616, 0
0.45886, 0.44688, 0.58321, 0.46868, 0.46809, 0.46327, 0.02753, 0.01799, 1
0.45552, 0.44412, 0.52124, 0.47202, 0.4595, 0.45367, 0.02831, 0.03291, 1
0.43926, 0.4324, 0.52969, 0.48945, 0.44255, 0.43603, 0.04241, 0.02197, 0
0.44994, 0.44453, 0.53208, 0.47889, 0.45491, 0.45049, 0.04829, 0.01908, 0
0.45168, 0.44139, 0.38439, 0.47472, 0.45896, 0.45062, 0.00882, 0.06225, 1
0.45372, 0.4452, 0.40097, 0.47777, 0.45727, 0.45101, 0.01946, 0.01701, 1
0.44359, 0.43569, 0.38483, 0.48461, 0.44899, 0.44601, 0.03003, 0.01577, 0
0.45011, 0.43971, 0.42051, 0.4794, 0.45068, 0.45266, 0.02062, 0.03261, 1
0.4639, 0.44055, 0.42708, 0.47156, 0.48568, 0.49117, 0.01971, 0.02737, 1
0.45241, 0.44308, 0.34013, 0.4782, 0.45861, 0.46431, 0.03477, 0.04871, 0
0.45266, 0.43527, 0.26014, 0.47725, 0.45829, 0.45791, 0.06962, 0.07437, 1
0.37375, 0.37961, 0.14651, 0.49042, 0.3711, 0.35994, 0.29777, 0.30661, 0
0.45188, 0.44684, 0.21413, 0.48145, 0.45183, 0.44528, 0.03343, 0.03375, 1
0.44531, 0.43741, 0.21823, 0.48271, 0.44739, 0.44414, 0.01854, 0.07793, 0
0.4531, 0.44139, 0.23965, 0.47189, 0.45975, 0.45723, 0.00883, 0.0155, 1
0.44818, 0.43888, 0.24317, 0.47485, 0.45527, 0.45062, 0.01417, 0.0602, 0
0.44512, 0.43929, 0.23987, 0.47388, 0.45714, 0.45558, 0.08301, 0.0352, 0
0.45065, 0.43593, 0.23974, 0.47656, 0.45658, 0.44846, 0.07299, 0.06185, 1
0.45623, 0.44601, 0.23623, 0.47856, 0.45917, 0.44807, 0.03786, 0.05041, 1
0.45214, 0.44496, 0.23702, 0.4718, 0.46012, 0.45889, 0.05573, 0.03381, 0
0.45802, 0.44559, 0.24166, 0.46871, 0.46447, 0.46068, 0.02651, 0.02937, 1
0.44963, 0.44118, 0.23831, 0.48057, 0.45345, 0.44756, 0.00351, 0.03102, 1
0.44623, 0.43279, 0.19884, 0.48446, 0.4457, 0.43752, 0.10953, 0.1023, 1
0.31725, 0.31171, 0.27257, 0.66974, 0.32096, 0.31976, 0.01328, 0.01613, 0
0.45093, 0.44224, 0.31721, 0.47547, 0.45722, 0.44831, 0.00736, 0.0158, 1
0.44878, 0.44013, 0.25244, 0.48499, 0.45139, 0.44447, 0.01671, 0.01578, 1
0.46096, 0.44457, 0.29949, 0.47404, 0.4708, 0.47973, 0.02966, 0.03966, 1
0.4604, 0.44983, 0.25415, 0.48054, 0.45692, 0.45062, 0.06874, 0.07888, 1
0.48371, 0.48351, 0.32857, 0.46853, 0.50555, 0.51155, 0.34333, 0.38064, 1
0.44911, 0.44034, 0.19265, 0.47287, 0.45697, 0.45382, 0.02506, 0.01964, 0
0.12308, 0.12011, 0.27573, 0.7763, 0.1206, 0.12415, 0.03064, 0.02718, 0
0.43744, 0.43326, 0.29672, 0.48621, 0.4427, 0.44051, 0.06446, 0.06807, 0
0.45126, 0.44076, 0.31011, 0.48081, 0.45322, 0.44544, 0.03227, 0.03565, 1
0.4508, 0.44118, 0.30859, 0.48188, 0.4522, 0.44738, 0.02862, 0.01723, 1
0.45507, 0.44333, 0.25326, 0.47189, 0.46169, 0.45726, 0.01769, 0.0121, 1
0.45064, 0.44161, 0.28326, 0.48214, 0.45475, 0.44972, 0.00414, 0.00686, 1
0.4679, 0.45298, 0.29085, 0.46801, 0.47154, 0.46389, 0.08213, 0.08916, 1
0.4453, 0.44396, 0.32363, 0.48377, 0.43499, 0.41959, 0.03314, 0.02275, 1
0.44892, 0.4431, 0.34498, 0.48163, 0.44423, 0.4483, 0.00943, 0.0, 1
0.45134, 0.43606, 0.37586, 0.4785, 0.45325, 0.44468, 0.09939, 0.0, 1
0.46237, 0.44011, 0.36722, 0.47163, 0.48333, 0.4896, 0.01357, 0.01047, 1
0.45668, 0.4429, 0.36126, 0.4724, 0.46988, 0.47273, 0.02644, 0.02253, 0
0.45285, 0.44075, 0.35896, 0.47358, 0.4653, 0.46506, 0.0145, 0.01816, 0
0.45723, 0.44461, 0.22767, 0.47911, 0.45747, 0.44803, 0.07007, 0.10407, 1
0.43832, 0.43112, 0.22655, 0.48875, 0.44033, 0.43414, 0.05016, 0.08172, 0
0.44917, 0.45563, 0.38893, 0.47579, 0.46041, 0.45848, 0.23092, 0.18485, 0
0.47387, 0.45113, 0.26969, 0.48004, 0.46225, 0.4487, 0.25061, 0.18543, 1
0.43816, 0.43039, 0.21035, 0.48177, 0.44515, 0.43831, 0.05237, 0.0739, 0
0.43467, 0.43123, 0.19839, 0.48325, 0.44342, 0.44202, 0.08701, 0.11931, 0
0.42937, 0.41855, 0.18651, 0.48631, 0.43473, 0.43075, 0.11656, 0.12308, 0
0.4501, 0.4433, 0.17719, 0.47791, 0.45467, 0.45588, 0.02042, 0.01563, 0
0.44579, 0.43379, 0.18056, 0.48073, 0.44931, 0.44524, 0.05405, 0.03624, 0
0.45326, 0.44456, 0.1832, 0.47662, 0.4562, 0.45036, 0.01778, 0.01577, 1
0.44888, 0.43928, 0.18186, 0.4821, 0.45179, 0.44435, 0.02147, 0.03761, 1
0.45095, 0.44161, 0.17852, 0.48165, 0.45377, 0.44819, 0.01427, 0.0703, 1
0.45406, 0.44333, 0.34677, 0.47315, 0.45911, 0.45388, 0.01772, 0.0252, 1
0.44916, 0.43882, 0.38493, 0.48462, 0.4518, 0.44451, 0.03594, 0.05718, 1
0.44005, 0.43646, 0.40318, 0.47623, 0.45154, 0.44868, 0.09606, 0.0308, 0
0.4498, 0.44075, 0.26209, 0.48035, 0.45266, 0.44529, 0.01452, 0.02292, 1
0.46211, 0.44634, 0.13717, 0.47366, 0.46527, 0.45557, 0.08966, 0.04368, 1
0.45922, 0.45213, 0.13173, 0.47619, 0.46273, 0.45375, 0.05524, 0.03028, 1
0.44429, 0.43261, 0.13001, 0.4827, 0.44812, 0.44179, 0.0597, 0.04122, 0
0.45188, 0.43239, 0.11814, 0.47959, 0.45219, 0.43983, 0.1721, 0.1076, 1
0.43267, 0.42918, 0.12537, 0.48518, 0.43502, 0.4227, 0.05837, 0.00792, 0
0.46436, 0.45811, 0.1719, 0.47386, 0.46854, 0.46024, 0.09492, 0.04061, 1
0.44621, 0.43755, 0.18256, 0.48136, 0.44956, 0.44388, 0.02156, 0.01581, 0
0.43989, 0.43377, 0.27068, 0.48395, 0.44547, 0.44318, 0.04912, 0.04147, 0
0.48505, 0.47279, 0.21348, 0.46861, 0.49083, 0.48688, 0.15303, 0.18968, 1
0.44006, 0.43546, 0.30896, 0.48037, 0.44837, 0.44471, 0.06793, 0.02157, 0
0.45297, 0.44246, 0.32329, 0.4763, 0.45754, 0.45011, 0.02558, 0.05896, 1
0.44863, 0.43991, 0.29572, 0.48451, 0.44965, 0.44253, 0.029, 0.03998, 1
0.45052, 0.44246, 0.22195, 0.47802, 0.4548, 0.45178, 0.01544, 0.03259, 0
0.45404, 0.44226, 0.25457, 0.47359, 0.46733, 0.45545, 0.01361, 0.00794, 0
0.44816, 0.43774, 0.26514, 0.48422, 0.45334, 0.44698, 0.02721, 0.04421, 0
0.46433, 0.44893, 0.21343, 0.46906, 0.4699, 0.46367, 0.06564, 0.05979, 1
0.44623, 0.43581, 0.2178, 0.48211, 0.45096, 0.44398, 0.0349, 0.02702, 0
0.44519, 0.43689, 0.21993, 0.48311, 0.45012, 0.44438, 0.02105, 0.00794, 0
0.44647, 0.43968, 0.10447, 0.48227, 0.45038, 0.44178, 0.01451, 0.02036, 0
0.45264, 0.44247, 0.11371, 0.48171, 0.45507, 0.4492, 0.0294, 0.02414, 1
0.46329, 0.45082, 0.18126, 0.46906, 0.46949, 0.46373, 0.04921, 0.12, 1
0.45206, 0.44803, 0.16569, 0.47796, 0.45806, 0.4623, 0.08864, 0.03734, 0
0.45594, 0.44227, 0.38874, 0.47331, 0.46579, 0.45564, 0.03135, 0.01063, 1
0.43937, 0.43207, 0.42977, 0.48684, 0.44191, 0.43669, 0.04458, 0.02121, 0
0.67988, 0.63815, 0.45008, 0.45242, 0.68095, 0.65963, 0.37366, 0.40124, 1
0.43674, 0.4285, 0.4494, 0.4774, 0.44821, 0.43565, 0.0633, 0.01834, 0
0.45058, 0.43839, 0.42615, 0.47855, 0.45844, 0.4505, 0.03016, 0.06361, 1
0.4208, 0.4165, 0.36506, 0.49066, 0.42621, 0.42201, 0.12138, 0.3617, 0
0.45105, 0.43881, 0.24947, 0.47679, 0.45941, 0.44448, 0.05005, 0.03344, 1
0.46322, 0.43689, 0.20708, 0.48299, 0.44107, 0.41054, 0.4134, 0.49863, 1
0.43892, 0.44354, 0.19157, 0.48354, 0.42085, 0.40978, 0.0115, 0.04274, 1
0.45492, 0.44795, 0.19096, 0.47287, 0.46391, 0.4579, 0.06214, 0.00615, 1
0.45453, 0.44794, 0.26242, 0.47969, 0.45788, 0.45037, 0.0365, 0.02968, 1
0.42998, 0.42638, 0.26473, 0.4867, 0.4364, 0.43598, 0.08993, 0.14755, 0
0.45276, 0.44292, 0.16735, 0.471, 0.45843, 0.4597, 0.01997, 0.03262, 0
0.21765, 0.19556, 0.25694, 0.49794, 0.20294, 0.18123, 0.51553, 0.47614, 0
0.43023, 0.44118, 0.26059, 0.48356, 0.41998, 0.38807, 0.04351, 0.07443, 0
0.44608, 0.44032, 0.25279, 0.48272, 0.44375, 0.44394, 0.01507, 0.03106, 0
0.44958, 0.43967, 0.22798, 0.48375, 0.4499, 0.44158, 0.04941, 0.07232, 1
0.45601, 0.44555, 0.25212, 0.47636, 0.45898, 0.45288, 0.03036, 0.02451, 1
0.4659, 0.44992, 0.16096, 0.47424, 0.47122, 0.47209, 0.05131, 0.03203, 1
0.42001, 0.41467, 0.11885, 0.48819, 0.41564, 0.40743, 0.14208, 0.1157, 0
0.44017, 0.43377, 0.12282, 0.47765, 0.44859, 0.43173, 0.03865, 0.03885, 0
0.44913, 0.44206, 0.43194, 0.48239, 0.45375, 0.44706, 0.01175, 0.0185, 0
0.45592, 0.44468, 0.41828, 0.47863, 0.4585, 0.45275, 0.04026, 0.04215, 1
0.43899, 0.43267, 0.37766, 0.48882, 0.44101, 0.43476, 0.04112, 0.04196, 0
0.4468, 0.43879, 0.36915, 0.47448, 0.45276, 0.45446, 0.03649, 0.03219, 0
0.45828, 0.44664, 0.37211, 0.46993, 0.46706, 0.46267, 0.02689, 0.00931, 1
0.43414, 0.42568, 0.36667, 0.48883, 0.43864, 0.43575, 0.07517, 0.01397, 0
0.4571, 0.43946, 0.4057, 0.47292, 0.46784, 0.46511, 0.05817, 0.03397, 1
0.44942, 0.44355, 0.3, 0.47966, 0.45154, 0.4518, 0.04287, 0.04509, 0
0.45599, 0.44355, 0.28453, 0.47699, 0.46013, 0.4488, 0.05345, 0.05574, 1
0.46112, 0.45432, 0.21166, 0.47293, 0.46625, 0.46407, 0.0821, 0.1125, 1
0.4585, 0.44484, 0.19514, 0.4761, 0.46086, 0.4518, 0.07235, 0.09146, 1
0.45143, 0.43753, 0.16056, 0.48167, 0.45236, 0.44776, 0.07925, 0.08059, 1
0.45502, 0.44737, 0.28598, 0.47074, 0.46211, 0.45735, 0.04788, 0.0246, 1
0.44821, 0.43521, 0.28527, 0.47624, 0.45476, 0.44313, 0.05765, 0.0434, 0
0.44958, 0.43948, 0.18926, 0.483, 0.44781, 0.44392, 0.05047, 0.05506, 1
0.44343, 0.43693, 0.17182, 0.48404, 0.44374, 0.44108, 0.02053, 0.08186, 0
0.48015, 0.46277, 0.14264, 0.46751, 0.4937, 0.49364, 0.1042, 0.10037, 1
0.39967, 0.39851, 0.15454, 0.47804, 0.42545, 0.43226, 0.2724, 0.30435, 0
0.47346, 0.45796, 0.19181, 0.47125, 0.49348, 0.47695, 0.08292, 0.09007, 1
0.46551, 0.44355, 0.19478, 0.47458, 0.47565, 0.45779, 0.14227, 0.11559, 1
0.43124, 0.42382, 0.20291, 0.48529, 0.44081, 0.4249, 0.08534, 0.04757, 0
0.46124, 0.45235, 0.23936, 0.47189, 0.46667, 0.46455, 0.05677, 0.13881, 1
0.46765, 0.4489, 0.23835, 0.47689, 0.46628, 0.45492, 0.1447, 0.13496, 1
0.44799, 0.43926, 0.29102, 0.47774, 0.45201, 0.44855, 0.01071, 0.00911, 0
0.44916, 0.44118, 0.29287, 0.47471, 0.4545, 0.45166, 0.02143, 0.03953, 0
0.44155, 0.43584, 0.28758, 0.47699, 0.45061, 0.44972, 0.07095, 0.05921, 0
0.38971, 0.39343, 0.27426, 0.48874, 0.39961, 0.39637, 0.25554, 0.27021, 0
0.46044, 0.44976, 0.28852, 0.47288, 0.47266, 0.46947, 0.05969, 0.02809, 1
0.45658, 0.45589, 0.28613, 0.47167, 0.46991, 0.46702, 0.17091, 0.18336, 0
0.45126, 0.44162, 0.24767, 0.48009, 0.45549, 0.4505, 0.00752, 0.01969, 1
0.45294, 0.44248, 0.25235, 0.48175, 0.45368, 0.44762, 0.04375, 0.04871, 1
0.46401, 0.44574, 0.46557, 0.48112, 0.45494, 0.43893, 0.20249, 0.11685, 1
0.40927, 0.40377, 0.44321, 0.4866, 0.4105, 0.41419, 0.18055, 0.255, 0
0.46545, 0.44922, 0.37116, 0.47271, 0.47207, 0.46222, 0.07139, 0.05829, 1
0.42956, 0.42561, 0.29209, 0.48658, 0.43646, 0.43267, 0.09063, 0.08865, 0
0.44184, 0.4362, 0.27605, 0.47623, 0.45206, 0.44682, 0.06781, 0.06214, 0
0.45059, 0.44182, 0.47871, 0.48114, 0.45215, 0.45011, 0.01278, 0.02181, 1
0.4617, 0.44927, 0.45753, 0.47133, 0.46822, 0.45836, 0.04627, 0.05187, 1
0.44926, 0.44225, 0.42003, 0.48057, 0.45517, 0.44779, 0.0202, 0.02232, 0
0.45497, 0.44437, 0.38411, 0.47562, 0.45977, 0.45475, 0.0222, 0.01039, 1
0.45467, 0.44756, 0.24691, 0.47226, 0.46065, 0.45707, 0.04702, 0.07574, 1
0.462, 0.44885, 0.20622, 0.46765, 0.46981, 0.4656, 0.03964, 0.08937, 1
0.45507, 0.44395, 0.12203, 0.47404, 0.46085, 0.45295, 0.0237, 0.01589, 1
0.47997, 0.47322, 0.12559, 0.47373, 0.48325, 0.46939, 0.15607, 0.15979, 1
0.44236, 0.43863, 0.11361, 0.48453, 0.44078, 0.43466, 0.0216, 0.03729, 0
0.44401, 0.42784, 0.36958, 0.48278, 0.44441, 0.43876, 0.12881, 0.12925, 0
0.47324, 0.45866, 0.298, 0.46988, 0.476, 0.46462, 0.10536, 0.15067, 1
0.45295, 0.44011, 0.14028, 0.48253, 0.4536, 0.44554, 0.07399, 0.06548, 1
0.44604, 0.4386, 0.1818, 0.47419, 0.4566, 0.45442, 0.05199, 0.03922, 0
0.45496, 0.4332, 0.25831, 0.48283, 0.44819, 0.4259, 0.25732, 0.20899, 1
0.43477, 0.42955, 0.24902, 0.48568, 0.42689, 0.41002, 0.10611, 0.09291, 0
0.45212, 0.44312, 0.24434, 0.47945, 0.45318, 0.45742, 0.00954, 0.02401, 1
0.45184, 0.44313, 0.30571, 0.4754, 0.45767, 0.45455, 0.01572, 0.02265, 1
0.46919, 0.45103, 0.2297, 0.47274, 0.47276, 0.4597, 0.12394, 0.10754, 1
0.40789, 0.4173, 0.22176, 0.48529, 0.41764, 0.41961, 0.23985, 0.25392, 0
0.4438, 0.43629, 0.2007, 0.48181, 0.44266, 0.44314, 0.02856, 0.04421, 0
0.45164, 0.44332, 0.26721, 0.48163, 0.45148, 0.44597, 0.02373, 0.01203, 1
0.44354, 0.43607, 0.25902, 0.47806, 0.45068, 0.45062, 0.04634, 0.07165, 0
0.46308, 0.44931, 0.22569, 0.47212, 0.47765, 0.46916, 0.04174, 0.04906, 1
0.4512, 0.4414, 0.16456, 0.48282, 0.45303, 0.44662, 0.02676, 0.02957, 1
0.44537, 0.43686, 0.30449, 0.48307, 0.44624, 0.4391, 0.03865, 0.04488, 0
0.44755, 0.43448, 0.22738, 0.47332, 0.46109, 0.45941, 0.03473, 0.11455, 0
0.45086, 0.44313, 0.1198, 0.4823, 0.45109, 0.44396, 0.01573, 0.02267, 1
0.43779, 0.43515, 0.15866, 0.4841, 0.44321, 0.44266, 0.08112, 0.02612, 0
0.45401, 0.44766, 0.16755, 0.47194, 0.46189, 0.46267, 0.07868, 0.0792, 0
0.46563, 0.45351, 0.17695, 0.4663, 0.47071, 0.46347, 0.06394, 0.02429, 1
0.45649, 0.44443, 0.15001, 0.47058, 0.4658, 0.4614, 0.01579, 0.02228, 1
0.45472, 0.44599, 0.38073, 0.47282, 0.45985, 0.45474, 0.0243, 0.00839, 1
0.44683, 0.43747, 0.37113, 0.48006, 0.45249, 0.44653, 0.018, 0.01015, 0
0.45117, 0.44228, 0.38909, 0.47697, 0.45653, 0.45341, 0.01053, 0.00233, 0
0.44992, 0.43944, 0.36307, 0.48111, 0.45376, 0.44786, 0.02688, 0.01066, 1
0.45216, 0.44468, 0.19045, 0.47208, 0.45866, 0.45341, 0.03371, 0.0436, 0
0.45398, 0.44337, 0.15254, 0.47299, 0.45924, 0.45394, 0.018, 0.0256, 1
0.44807, 0.44097, 0.12458, 0.47636, 0.45481, 0.44997, 0.03103, 0.03658, 0
0.4473, 0.44118, 0.12159, 0.484, 0.44911, 0.44112, 0.00364, 0.02789, 0
0.45659, 0.44599, 0.10645, 0.47106, 0.46217, 0.45592, 0.02563, 0.0222, 1
0.44787, 0.44686, 0.12006, 0.48024, 0.45276, 0.44587, 0.08825, 0.1265, 0
0.45078, 0.44228, 0.11887, 0.47817, 0.45707, 0.4546, 0.02787, 0.03259, 0
0.44307, 0.43251, 0.18086, 0.47425, 0.45441, 0.45378, 0.05091, 0.02574, 0
0.45606, 0.44554, 0.25378, 0.47157, 0.466, 0.45933, 0.02366, 0.05855, 1
0.25202, 0.24726, 0.40225, 0.87944, 0.25553, 0.25484, 0.01099, 0.01, 0
0.44962, 0.44097, 0.3561, 0.48159, 0.45283, 0.44946, 0.00207, 0.0286, 0
0.46799, 0.45381, 0.25293, 0.47405, 0.47325, 0.48331, 0.06117, 0.07213, 1
0.45382, 0.44804, 0.25018, 0.47686, 0.46184, 0.44517, 0.06009, 0.0599, 1
0.44745, 0.43882, 0.20846, 0.48389, 0.45192, 0.44424, 0.01454, 0.0159, 0
0.40302, 0.40165, 0.35586, 0.48866, 0.39713, 0.39192, 0.1957, 0.12071, 0
0.44381, 0.43945, 0.38731, 0.48247, 0.43253, 0.41527, 0.05503, 0.09005, 1
0.45887, 0.45379, 0.40504, 0.46971, 0.46701, 0.47224, 0.12169, 0.06026, 0
0.47047, 0.45362, 0.30598, 0.46975, 0.48215, 0.471, 0.0712, 0.06256, 1
0.44377, 0.43472, 0.18018, 0.4868, 0.44959, 0.44397, 0.03142, 0.03784, 0
0.43319, 0.4298, 0.21492, 0.48235, 0.43439, 0.43527, 0.0782, 0.11338, 0
0.46969, 0.45389, 0.20044, 0.47402, 0.4731, 0.4719, 0.07603, 0.06844, 1
0.44382, 0.43065, 0.19965, 0.47755, 0.44687, 0.44281, 0.08085, 0.08627, 0
0.45089, 0.43773, 0.20139, 0.47241, 0.4666, 0.46501, 0.03331, 0.11325, 0
0.45754, 0.44334, 0.24061, 0.47361, 0.46689, 0.45599, 0.04454, 0.04604, 1
0.39405, 0.39419, 0.23977, 0.49034, 0.39238, 0.38236, 0.22733, 0.40878, 0
0.47578, 0.45779, 0.21483, 0.47533, 0.47745, 0.47807, 0.10423, 0.08906, 1
0.4557, 0.44742, 0.21496, 0.47818, 0.45523, 0.44359, 0.04043, 0.04377, 1
0.44641, 0.43688, 0.21382, 0.48012, 0.44593, 0.43629, 0.04786, 0.04959, 1
0.44706, 0.44032, 0.22351, 0.48301, 0.44777, 0.44437, 0.00415, 0.01375, 0
0.47437, 0.46401, 0.23262, 0.46505, 0.47904, 0.47503, 0.11161, 0.09622, 1
0.43876, 0.43494, 0.22529, 0.47582, 0.4514, 0.45193, 0.1069, 0.10035, 0
0.43711, 0.43, 0.16879, 0.49014, 0.43933, 0.43317, 0.05502, 0.0451, 0
0.45298, 0.44721, 0.16026, 0.47936, 0.45612, 0.45115, 0.04352, 0.03833, 1
0.53355, 0.52548, 0.16883, 0.47211, 0.52648, 0.51073, 0.40698, 0.46111, 1
0.45383, 0.44577, 0.16101, 0.47825, 0.45808, 0.44468, 0.02555, 0.01818, 1
0.45713, 0.44664, 0.2923, 0.46896, 0.46225, 0.45685, 0.02786, 0.02429, 1
0.44689, 0.43725, 0.26863, 0.47535, 0.45667, 0.45355, 0.02395, 0.01528, 0
0.45418, 0.44446, 0.25897, 0.47235, 0.46001, 0.45328, 0.01593, 0.03263, 1
0.45964, 0.44729, 0.17192, 0.4724, 0.46466, 0.4583, 0.0367, 0.04418, 1
0.45066, 0.44249, 0.1725, 0.47893, 0.45518, 0.44786, 0.00729, 0.02639, 1
0.46088, 0.44574, 0.17193, 0.47015, 0.46928, 0.4668, 0.03785, 0.03335, 0
0.45108, 0.44097, 0.33135, 0.47558, 0.45818, 0.45313, 0.00209, 0.01444, 0
0.67836, 0.66321, 0.29327, 0.09333, 0.68671, 0.67335, 0.01372, 0.01892, 0
0.45323, 0.44422, 0.27837, 0.47345, 0.46383, 0.45484, 0.03578, 0.01893, 1
0.44185, 0.4362, 0.1595, 0.48634, 0.44419, 0.43633, 0.02568, 0.02013, 0
0.46237, 0.45137, 0.16898, 0.47289, 0.46699, 0.46495, 0.04921, 0.04465, 1
0.4497, 0.43685, 0.17492, 0.47947, 0.45324, 0.44919, 0.05484, 0.03449, 1
0.45311, 0.44444, 0.16993, 0.47136, 0.46544, 0.46232, 0.05832, 0.04854, 0
0.64005, 0.62924, 0.19249, 0.26958, 0.65002, 0.64053, 0.04991, 0.04632, 1
0.4543, 0.44311, 0.26548, 0.47497, 0.46083, 0.45517, 0.01073, 0.01597, 0
0.46173, 0.45082, 0.3768, 0.46608, 0.46652, 0.46217, 0.04679, 0.03543, 1
0.44696, 0.44032, 0.32277, 0.48424, 0.44841, 0.44116, 0.00554, 0.03008, 0
0.45003, 0.44032, 0.39515, 0.47915, 0.45384, 0.44721, 0.01862, 0.03009, 1
0.4376, 0.4325, 0.40889, 0.48576, 0.4443, 0.44143, 0.06307, 0.04924, 1
0.44821, 0.43733, 0.36641, 0.47987, 0.4526, 0.44816, 0.03121, 0.03625, 0
0.4567, 0.44846, 0.21063, 0.47346, 0.46247, 0.4632, 0.05272, 0.04779, 1
0.46076, 0.45166, 0.18817, 0.47535, 0.46334, 0.45607, 0.05084, 0.05598, 0
0.44439, 0.43392, 0.18078, 0.48517, 0.44739, 0.4426, 0.04755, 0.05442, 0
0.4546, 0.44589, 0.13386, 0.48014, 0.45869, 0.45037, 0.02298, 0.01988, 0
0.45715, 0.45102, 0.10674, 0.4732, 0.46308, 0.4584, 0.07163, 0.0181, 1
0.54826, 0.50246, 0.21017, 0.47658, 0.52136, 0.49824, 0.58835, 0.64668, 1
0.41117, 0.38416, 0.2239, 0.48503, 0.37682, 0.36576, 0.59996, 0.63851, 0
0.42136, 0.43506, 0.2372, 0.48379, 0.3932, 0.36939, 0.03001, 0.01406, 1
0.4371, 0.43527, 0.24827, 0.48163, 0.42501, 0.4464, 0.04014, 0.04383, 1
0.45182, 0.44182, 0.32521, 0.47509, 0.45446, 0.45101, 0.01274, 0.03909, 1
0.17808, 0.16029, 0.2689, 0.52557, 0.16504, 0.15784, 0.26996, 0.24731, 0
0.3914, 0.39144, 0.26222, 0.48992, 0.39209, 0.38215, 0.24005, 0.22817, 0
0.44742, 0.4345, 0.24547, 0.47551, 0.45747, 0.44788, 0.0421, 0.04259, 0
0.45368, 0.44654, 0.26526, 0.48033, 0.44712, 0.45257, 0.02589, 0.00823, 0
0.44958, 0.44033, 0.38692, 0.47293, 0.45616, 0.45426, 0.02188, 0.01978, 0
0.47499, 0.48543, 0.49873, 0.47019, 0.50989, 0.52858, 0.53673, 0.60762, 0
0.4448, 0.44075, 0.52363, 0.48268, 0.45293, 0.44564, 0.05075, 0.02499, 0
0.45087, 0.43988, 0.17796, 0.47734, 0.45743, 0.45418, 0.01579, 0.03234, 0
0.44428, 0.43707, 0.17603, 0.47922, 0.45227, 0.44748, 0.03664, 0.04551, 0
0.42452, 0.41866, 0.199, 0.48972, 0.43161, 0.42648, 0.11018, 0.09262, 0
0.45176, 0.44291, 0.24298, 0.47983, 0.45517, 0.45167, 0.00832, 0.01825, 1
0.4503, 0.4414, 0.16943, 0.48316, 0.45237, 0.44645, 0.01983, 0.06294, 1
0.44918, 0.43946, 0.20937, 0.48431, 0.4494, 0.44306, 0.04044, 0.07751, 1
0.46059, 0.44656, 0.27205, 0.48176, 0.45359, 0.44321, 0.13011, 0.12771, 1
0.44228, 0.43261, 0.29655, 0.48537, 0.4346, 0.42489, 0.10858, 0.05564, 1
0.47299, 0.45348, 0.30604, 0.4702, 0.49039, 0.49965, 0.06379, 0.08969, 0
0.44918, 0.43881, 0.28793, 0.48263, 0.4533, 0.44213, 0.04302, 0.02788, 1
0.45204, 0.44205, 0.33635, 0.47727, 0.45651, 0.45141, 0.01159, 0.02217, 1
0.45053, 0.44075, 0.32838, 0.48238, 0.4546, 0.4488, 0.01456, 0.02935, 1
0.61695, 0.60151, 0.3777, 0.3541, 0.6216, 0.60783, 0.0526, 0.05285, 1
0.44792, 0.44055, 0.40157, 0.48326, 0.45045, 0.44637, 0.00616, 0.01263, 1
0.4537, 0.4431, 0.40581, 0.47759, 0.45666, 0.45127, 0.02489, 0.01416, 0
0.44927, 0.44225, 0.32912, 0.48092, 0.45392, 0.45037, 0.02371, 0.04163, 0
0.4415, 0.43139, 0.28921, 0.47819, 0.44906, 0.44792, 0.04737, 0.03544, 1
0.46337, 0.45199, 0.27042, 0.48107, 0.45598, 0.44356, 0.11049, 0.10215, 0
0.46656, 0.45096, 0.27628, 0.4735, 0.48576, 0.50264, 0.09126, 0.14545, 0
0.44042, 0.42907, 0.23822, 0.47836, 0.45225, 0.44019, 0.06285, 0.0623, 0
0.45026, 0.44203, 0.25784, 0.48145, 0.45559, 0.44908, 0.00821, 0.00393, 0
0.44651, 0.43906, 0.26324, 0.48223, 0.45111, 0.44714, 0.01753, 0.0204, 1
0.4566, 0.4465, 0.25465, 0.47761, 0.46009, 0.45552, 0.02851, 0.0315, 0
0.4486, 0.43796, 0.46602, 0.47983, 0.45311, 0.45063, 0.01797, 0.02863, 1
0.44847, 0.43989, 0.30974, 0.47588, 0.45641, 0.45232, 0.02592, 0.0668, 0
0.44243, 0.43345, 0.26759, 0.48641, 0.44379, 0.4367, 0.05177, 0.06746, 1
0.44474, 0.43453, 0.26467, 0.48511, 0.44338, 0.43632, 0.06732, 0.10698, 1
0.45446, 0.44247, 0.26039, 0.48027, 0.45504, 0.45231, 0.05043, 0.01368, 0
0.39036, 0.40079, 0.27113, 0.48232, 0.40941, 0.4211, 0.33858, 0.34427, 1
0.45242, 0.4444, 0.18907, 0.47956, 0.45599, 0.44738, 0.01563, 0.01601, 1
0.43179, 0.4294, 0.20525, 0.48593, 0.43872, 0.43764, 0.09575, 0.1166, 1
0.47964, 0.4663, 0.20687, 0.46885, 0.48135, 0.47496, 0.12593, 0.13343, 1
0.44344, 0.43348, 0.23588, 0.48407, 0.44608, 0.44116, 0.04919, 0.01868, 0
0.44603, 0.43347, 0.19231, 0.47959, 0.45171, 0.44907, 0.05164, 0.02574, 1
0.44203, 0.43639, 0.53947, 0.4787, 0.45015, 0.44601, 0.05936, 0.03869, 1
0.45549, 0.44511, 0.54929, 0.47153, 0.46151, 0.45632, 0.0193, 0.01817, 1
0.45302, 0.44312, 0.53138, 0.46994, 0.46183, 0.45454, 0.01079, 0.00607, 1
0.2198, 0.21656, 0.39791, 0.90979, 0.22129, 0.2231, 0.00623, 0.02585, 1
0.49752, 0.48434, 0.26564, 0.46644, 0.50567, 0.50757, 0.21359, 0.27847, 0
0.45621, 0.44663, 0.13507, 0.47927, 0.45822, 0.45235, 0.02779, 0.02238, 0
0.45296, 0.44271, 0.12307, 0.48134, 0.45532, 0.44681, 0.03533, 0.05574, 0
0.46263, 0.45303, 0.36178, 0.47589, 0.4651, 0.45794, 0.05741, 0.09219, 0
0.44425, 0.43323, 0.37558, 0.48333, 0.44712, 0.44476, 0.05386, 0.09479, 1
0.46896, 0.45821, 0.3955, 0.46504, 0.47551, 0.47244, 0.0845, 0.08129, 0
0.45546, 0.44463, 0.35884, 0.4806, 0.45548, 0.44763, 0.0497, 0.03782, 1
0.45148, 0.43774, 0.21763, 0.47672, 0.45603, 0.44985, 0.05304, 0.10167, 1
0.44716, 0.43925, 0.19648, 0.48102, 0.4517, 0.44385, 0.01079, 0.02554, 0
0.44584, 0.43688, 0.19929, 0.47567, 0.45367, 0.45024, 0.02749, 0.03156, 0
0.4514, 0.44334, 0.20679, 0.47151, 0.45987, 0.45611, 0.03748, 0.05769, 1
0.45003, 0.44118, 0.17991, 0.48315, 0.45501, 0.44919, 0.0, 0.01001, 0
0.44425, 0.43839, 0.19963, 0.48258, 0.44898, 0.44555, 0.04008, 0.05876, 1
0.45087, 0.44206, 0.4322, 0.48049, 0.45442, 0.44944, 0.00557, 0.02218, 0
0.4483, 0.44075, 0.43648, 0.4777, 0.45411, 0.4509, 0.0256, 0.03222, 0
0.45233, 0.44031, 0.4361, 0.47232, 0.46034, 0.45566, 0.01173, 0.0, 0
0.41994, 0.41389, 0.44666, 0.48255, 0.43096, 0.42536, 0.13383, 0.12598, 1
0.46369, 0.45979, 0.436, 0.47173, 0.47415, 0.46364, 0.13218, 0.1141, 1
0.46176, 0.44797, 0.36997, 0.47486, 0.46542, 0.45779, 0.06231, 0.0153, 1
0.44732, 0.4355, 0.34751, 0.48353, 0.44938, 0.44295, 0.06788, 0.04814, 1
0.46073, 0.44686, 0.23746, 0.47351, 0.46476, 0.45527, 0.06785, 0.06944, 1
0.44581, 0.43486, 0.24561, 0.48412, 0.44828, 0.43662, 0.06424, 0.06332, 0
0.44856, 0.43987, 0.1603, 0.48716, 0.45372, 0.44759, 0.00632, 0.01164, 1
0.45037, 0.4414, 0.165, 0.47259, 0.45588, 0.45116, 0.00557, 0.00698, 1
0.45222, 0.44315, 0.17688, 0.47255, 0.45775, 0.45433, 0.01314, 0.0123, 1
0.45446, 0.4414, 0.44828, 0.47587, 0.46189, 0.46094, 0.00906, 0.02104, 1
0.46456, 0.45406, 0.45405, 0.47736, 0.46296, 0.45713, 0.06843, 0.08007, 1
0.47655, 0.45678, 0.25774, 0.47032, 0.48331, 0.46901, 0.13817, 0.12358, 0
0.45253, 0.44508, 0.27833, 0.48029, 0.45694, 0.44945, 0.0237, 0.0234, 1
0.4504, 0.44226, 0.29805, 0.47221, 0.45954, 0.45886, 0.04534, 0.0304, 0
0.45269, 0.44269, 0.29907, 0.47135, 0.462, 0.45873, 0.02453, 0.02711, 0
0.45047, 0.44097, 0.29383, 0.47407, 0.45806, 0.45102, 0.00551, 0.0046, 0
0.45107, 0.44162, 0.29763, 0.47312, 0.4581, 0.45141, 0.00416, 0.03701, 0
0.44672, 0.439, 0.43053, 0.48553, 0.45296, 0.44534, 0.01281, 0.01861, 0
0.44777, 0.43791, 0.44984, 0.48558, 0.45208, 0.44548, 0.02553, 0.00615, 1
0.44912, 0.43836, 0.39988, 0.47961, 0.45102, 0.44905, 0.03047, 0.07796, 0
0.44351, 0.43706, 0.31402, 0.48582, 0.44821, 0.4455, 0.0337, 0.01977, 1
0.45975, 0.45304, 0.29443, 0.46993, 0.47793, 0.46979, 0.11441, 0.1237, 0
0.45773, 0.44425, 0.35907, 0.48037, 0.45639, 0.44679, 0.09271, 0.0665, 0
0.44301, 0.43571, 0.38338, 0.48344, 0.44672, 0.44082, 0.02696, 0.00617, 1
0.44654, 0.44031, 0.38731, 0.48336, 0.44601, 0.44045, 0.00421, 0.01861, 0
0.44643, 0.43987, 0.37098, 0.482, 0.44826, 0.44812, 0.0193, 0.02643, 0
0.43813, 0.43311, 0.33512, 0.47833, 0.44637, 0.44799, 0.08113, 0.08881, 1
0.44878, 0.4414, 0.16151, 0.47649, 0.45631, 0.45334, 0.03749, 0.04344, 1
0.45448, 0.44439, 0.1613, 0.47064, 0.46159, 0.45658, 0.01785, 0.0241, 0
0.43492, 0.42795, 0.14714, 0.49045, 0.43987, 0.43278, 0.06384, 0.0755, 1
0.42916, 0.42388, 0.15972, 0.48551, 0.43725, 0.43237, 0.09153, 0.11903, 1
0.4476, 0.44268, 0.17218, 0.47286, 0.46234, 0.46426, 0.11305, 0.1347, 0
0.46206, 0.44699, 0.19709, 0.47096, 0.47961, 0.47408, 0.03235, 0.0369, 1
0.44852, 0.44118, 0.24156, 0.47992, 0.44918, 0.4505, 0.01428, 0.03951, 1
0.44992, 0.44183, 0.38728, 0.47505, 0.45756, 0.45444, 0.03095, 0.02079, 0
0.44896, 0.43945, 0.43655, 0.4831, 0.45282, 0.44774, 0.01672, 0.03028, 1
0.4509, 0.44053, 0.20719, 0.47671, 0.45661, 0.45443, 0.00362, 0.02225, 0
0.45032, 0.44183, 0.20228, 0.47284, 0.45756, 0.45273, 0.02373, 0.02808, 0
0.44619, 0.4401, 0.21979, 0.47257, 0.46632, 0.46658, 0.13641, 0.09738, 0
0.385, 0.39616, 0.25631, 0.48548, 0.39502, 0.40433, 0.31752, 0.31278, 1
0.44392, 0.4427, 0.24988, 0.48043, 0.44012, 0.43121, 0.00911, 0.03123, 1
0.4472, 0.43729, 0.26104, 0.48583, 0.44835, 0.44342, 0.03757, 0.03325, 1
0.45475, 0.44508, 0.25911, 0.48127, 0.45478, 0.4484, 0.03757, 0.04226, 0
0.45276, 0.44118, 0.22148, 0.47514, 0.45989, 0.45352, 0.00724, 0.01742, 0
0.4276, 0.41945, 0.23503, 0.48687, 0.43207, 0.42428, 0.10747, 0.09313, 1
0.44962, 0.43838, 0.23442, 0.47964, 0.4544, 0.44945, 0.02398, 0.03647, 0
0.45629, 0.44744, 0.2383, 0.46909, 0.46285, 0.4573, 0.03427, 0.04594, 0
0.44703, 0.43859, 0.18212, 0.47841, 0.45374, 0.44814, 0.01908, 0.0184, 1
0.47687, 0.45953, 0.17032, 0.47423, 0.47564, 0.46476, 0.14693, 0.12301, 1
0.4416, 0.43023, 0.16714, 0.48337, 0.43721, 0.43696, 0.09356, 0.15497, 1
0.4469, 0.44118, 0.28828, 0.48289, 0.44194, 0.43378, 0.0429, 0.12112, 1
0.43201, 0.42628, 0.32627, 0.48498, 0.42088, 0.41359, 0.10899, 0.11877, 0
0.44313, 0.44246, 0.33509, 0.48349, 0.43639, 0.43358, 0.03264, 0.0774, 0
0.44387, 0.43473, 0.32764, 0.48061, 0.44828, 0.43942, 0.03595, 0.00999, 1
0.44384, 0.43495, 0.30138, 0.48637, 0.44583, 0.44021, 0.04037, 0.01394, 1
0.54081, 0.50599, 0.26876, 0.4734, 0.52373, 0.50164, 0.47814, 0.52094, 0
0.45443, 0.44315, 0.25652, 0.47085, 0.46158, 0.45751, 0.01094, 0.0222, 1
0.44649, 0.44249, 0.25991, 0.48379, 0.44529, 0.43639, 0.00963, 0.019, 0
0.4761, 0.49136, 0.34455, 0.47282, 0.49597, 0.50695, 0.5097, 0.52004, 0
0.44595, 0.43747, 0.21928, 0.47681, 0.45293, 0.45063, 0.02691, 0.01527, 0
0.46507, 0.4484, 0.22475, 0.47308, 0.46753, 0.45805, 0.10289, 0.10839, 0
0.54717, 0.50611, 0.18117, 0.4753, 0.52251, 0.49038, 0.586, 0.65067, 0
0.44285, 0.43904, 0.38863, 0.48248, 0.4413, 0.43761, 0.03054, 0.05162, 1
0.45584, 0.4472, 0.40078, 0.47959, 0.45518, 0.45961, 0.02926, 0.03996, 0
0.43875, 0.43174, 0.47177, 0.48928, 0.44151, 0.43788, 0.04614, 0.07342, 0
0.44817, 0.44355, 0.48875, 0.47673, 0.45398, 0.45297, 0.06741, 0.08057, 0
0.44735, 0.43859, 0.15958, 0.48539, 0.44919, 0.44108, 0.03146, 0.0166, 1
0.45833, 0.44594, 0.18905, 0.47159, 0.46417, 0.4594, 0.03414, 0.03225, 1
0.44787, 0.44334, 0.22717, 0.48374, 0.44397, 0.43249, 0.02079, 0.02331, 0
0.43753, 0.43365, 0.23345, 0.48423, 0.43774, 0.43471, 0.04528, 0.07995, 0
0.44755, 0.4373, 0.21758, 0.47602, 0.45322, 0.44775, 0.02162, 0.03538, 0
0.48986, 0.46547, 0.22914, 0.47469, 0.48345, 0.46403, 0.26013, 0.28875, 0
0.45267, 0.44401, 0.23518, 0.481, 0.45314, 0.44958, 0.0164, 0.00696, 0
0.45119, 0.44249, 0.21118, 0.48142, 0.45405, 0.44905, 0.00963, 0.00232, 0
0.45049, 0.43987, 0.1797, 0.47437, 0.46315, 0.46203, 0.02635, 0.09388, 0
0.45411, 0.44292, 0.2776, 0.47611, 0.45877, 0.45732, 0.01672, 0.03938, 0
0.43224, 0.42862, 0.24446, 0.48035, 0.4429, 0.44197, 0.10009, 0.08581, 1
0.45955, 0.44791, 0.2988, 0.47299, 0.47023, 0.45997, 0.0337, 0.0461, 0
0.45565, 0.44442, 0.37257, 0.47795, 0.45585, 0.45625, 0.02814, 0.0265, 1
0.45071, 0.44118, 0.37843, 0.47683, 0.45474, 0.45102, 0.0036, 0.02103, 0
0.45434, 0.44549, 0.38949, 0.46897, 0.46141, 0.45715, 0.02998, 0.0219, 0
0.45423, 0.44312, 0.24168, 0.47058, 0.46064, 0.45323, 0.01868, 0.01432, 1
0.4556, 0.44642, 0.30945, 0.47208, 0.46502, 0.45737, 0.0359, 0.0646, 0
0.45024, 0.44118, 0.22251, 0.48293, 0.45419, 0.44693, 0.01094, 0.01066, 1
0.44064, 0.43334, 0.20743, 0.48704, 0.44627, 0.44337, 0.04203, 0.0487, 0
0.44791, 0.43944, 0.17187, 0.47334, 0.45706, 0.4554, 0.04101, 0.01847, 0
0.4637, 0.44864, 0.29708, 0.47912, 0.46098, 0.45462, 0.09171, 0.17201, 1
0.45174, 0.44533, 0.34025, 0.48214, 0.44875, 0.44548, 0.02009, 0.04207, 0
0.48646, 0.48578, 0.3309, 0.46861, 0.50981, 0.52479, 0.37162, 0.32941, 1
0.44386, 0.43373, 0.29482, 0.47995, 0.45018, 0.44625, 0.03669, 0.03037, 0
0.45365, 0.44294, 0.25586, 0.4811, 0.45679, 0.44904, 0.0341, 0.03043, 1
0.4463, 0.43883, 0.32201, 0.48499, 0.44526, 0.44141, 0.01693, 0.02635, 0
0.45537, 0.44591, 0.32736, 0.46988, 0.46403, 0.46298, 0.0425, 0.03891, 1
0.49083, 0.48399, 0.32045, 0.46785, 0.51366, 0.51248, 0.2842, 0.11381, 1
0.43516, 0.43107, 0.3161, 0.48486, 0.4383, 0.43172, 0.05141, 0.0479, 1
0.32572, 0.3688, 0.31147, 0.48493, 0.35017, 0.35925, 0.69549, 0.76148, 0
0.49886, 0.51386, 0.31119, 0.47066, 0.53596, 0.56062, 0.70777, 0.79309, 1
0.44973, 0.44314, 0.24683, 0.48075, 0.45597, 0.4468, 0.02215, 0.0, 0
0.44788, 0.43988, 0.28434, 0.48106, 0.45273, 0.44641, 0.00728, 0.00697, 0
0.48902, 0.46695, 0.32076, 0.47134, 0.48778, 0.47207, 0.2089, 0.12165, 0
0.44848, 0.43358, 0.34071, 0.48363, 0.43863, 0.4247, 0.17277, 0.17254, 1
0.40039, 0.38448, 0.35778, 0.48634, 0.36134, 0.33308, 0.52569, 0.58063, 0
0.43845, 0.43364, 0.47197, 0.47467, 0.45154, 0.45546, 0.11575, 0.21379, 1
0.46959, 0.45759, 0.47572, 0.46808, 0.48069, 0.47745, 0.08702, 0.17369, 0
0.43758, 0.43406, 0.4746, 0.47587, 0.4518, 0.44801, 0.10839, 0.12061, 0
0.45196, 0.4375, 0.52829, 0.47379, 0.46436, 0.45496, 0.03244, 0.02203, 0
0.43918, 0.43339, 0.52459, 0.47637, 0.45352, 0.44801, 0.07839, 0.04771, 0
0.44551, 0.43419, 0.4801, 0.47715, 0.45382, 0.44857, 0.03732, 0.02155, 0
0.46631, 0.45485, 0.35406, 0.46947, 0.48234, 0.4769, 0.08495, 0.11491, 1
0.06015, 0.07416, 0.35071, 0.50968, 0.08402, 0.12161, 0.35811, 0.30824, 1
0.45117, 0.44376, 0.23642, 0.47983, 0.46632, 0.44893, 0.03803, 0.0477, 0
0.44047, 0.43495, 0.20839, 0.48464, 0.44858, 0.4432, 0.05404, 0.04701, 0
0.44911, 0.4386, 0.26696, 0.47292, 0.4603, 0.45767, 0.02493, 0.05398, 1
0.44871, 0.43666, 0.25024, 0.47752, 0.45486, 0.44489, 0.04677, 0.0425, 1
0.44504, 0.44033, 0.23015, 0.47897, 0.44246, 0.4599, 0.06412, 0.07199, 1
0.46781, 0.45528, 0.21174, 0.46773, 0.47219, 0.4637, 0.07377, 0.11158, 1
0.45184, 0.44076, 0.18568, 0.47596, 0.45678, 0.44907, 0.02861, 0.02841, 0
0.45556, 0.44803, 0.28612, 0.47449, 0.45762, 0.46555, 0.05708, 0.08993, 0
0.4556, 0.4459, 0.30189, 0.47123, 0.4617, 0.46049, 0.03129, 0.07197, 1
0.4519, 0.45825, 0.34625, 0.48086, 0.44912, 0.44171, 0.14952, 0.15679, 1
0.45013, 0.44203, 0.36165, 0.48153, 0.44382, 0.43515, 0.05706, 0.02967, 1
0.47697, 0.46186, 0.27556, 0.46675, 0.48513, 0.48188, 0.10053, 0.09081, 1
0.44949, 0.44012, 0.22786, 0.47972, 0.45405, 0.4505, 0.00741, 0.00227, 0
0.45474, 0.44353, 0.18735, 0.47127, 0.46015, 0.45411, 0.01963, 0.00991, 0
0.34598, 0.34031, 0.30329, 0.62773, 0.34719, 0.348, 0.01036, 0.00687, 1
0.45283, 0.44529, 0.3436, 0.47212, 0.46062, 0.45482, 0.03964, 0.01005, 1
0.45036, 0.4414, 0.2785, 0.47551, 0.46029, 0.46253, 0.0415, 0.05088, 1
0.44636, 0.4414, 0.24953, 0.47332, 0.45956, 0.45652, 0.0957, 0.05976, 0
0.44768, 0.43881, 0.33014, 0.48416, 0.44205, 0.4408, 0.04311, 0.04791, 1
0.42764, 0.40846, 0.40945, 0.48643, 0.41678, 0.39856, 0.31586, 0.34438, 0
0.44717, 0.43817, 0.36846, 0.48074, 0.4465, 0.45415, 0.01813, 0.04613, 0
0.45574, 0.44312, 0.38416, 0.47254, 0.45925, 0.45586, 0.0355, 0.02193, 1
0.43598, 0.43174, 0.34697, 0.47944, 0.4459, 0.44126, 0.08199, 0.0995, 0
0.44897, 0.44204, 0.33252, 0.4832, 0.44873, 0.44257, 0.00828, 0.01144, 1
0.45756, 0.44633, 0.42225, 0.48092, 0.45545, 0.45037, 0.06252, 0.05016, 0
0.43971, 0.43324, 0.44005, 0.4777, 0.44978, 0.441, 0.0563, 0.0627, 1
0.45135, 0.44419, 0.44596, 0.47989, 0.4551, 0.4505, 0.01805, 0.01994, 1
0.43804, 0.43541, 0.40991, 0.48568, 0.43823, 0.43312, 0.04396, 0.03445, 1
0.44323, 0.43861, 0.18036, 0.48388, 0.44946, 0.44451, 0.04828, 0.12665, 1
0.47012, 0.45341, 0.11538, 0.47896, 0.46412, 0.44881, 0.16343, 0.1568, 0
0.44537, 0.43153, 0.12125, 0.48189, 0.4497, 0.4414, 0.08704, 0.09512, 1
0.44884, 0.4414, 0.13612, 0.47793, 0.45526, 0.45466, 0.03409, 0.05756, 1
0.67011, 0.65485, 0.14537, 0.34991, 0.67768, 0.6641, 0.08271, 0.11498, 1
0.41187, 0.40593, 0.38435, 0.48735, 0.41736, 0.40763, 0.17087, 0.18784, 1
0.45814, 0.44775, 0.37138, 0.47082, 0.46352, 0.45806, 0.03212, 0.04013, 1
0.44954, 0.44354, 0.3687, 0.48249, 0.44901, 0.44362, 0.01257, 0.01389, 1
0.44818, 0.4397, 0.46888, 0.47502, 0.45811, 0.44831, 0.02408, 0.04444, 0
0.27376, 0.26859, 0.19291, 0.68635, 0.27554, 0.27582, 0.0134, 0.05291, 1
0.45109, 0.44097, 0.14863, 0.47364, 0.45895, 0.45178, 0.00204, 0.00814, 1
0.45809, 0.44882, 0.15037, 0.4687, 0.46848, 0.46592, 0.059, 0.04188, 0
0.47001, 0.46217, 0.16667, 0.47555, 0.4703, 0.46142, 0.1013, 0.11035, 0
0.44685, 0.44161, 0.13171, 0.47914, 0.45239, 0.45088, 0.05312, 0.06452, 1
0.45413, 0.44478, 0.12386, 0.46997, 0.46025, 0.45755, 0.0261, 0.03995, 1
0.42602, 0.4204, 0.48143, 0.48755, 0.42634, 0.42334, 0.10087, 0.12549, 0
0.44677, 0.43901, 0.46345, 0.47316, 0.46186, 0.4613, 0.08424, 0.05466, 1
0.45232, 0.44553, 0.45959, 0.47374, 0.46215, 0.45314, 0.04842, 0.05243, 1
0.46169, 0.44793, 0.46238, 0.47306, 0.46739, 0.45604, 0.0589, 0.04691, 1
0.45935, 0.44032, 0.36067, 0.47305, 0.47773, 0.48085, 0.01509, 0.01849, 0
0.44746, 0.4388, 0.14898, 0.48439, 0.45002, 0.44131, 0.023, 0.02203, 1
0.45814, 0.44877, 0.14394, 0.47199, 0.4619, 0.45799, 0.03665, 0.14224, 0
0.72759, 0.71537, 0.30866, 0.38774, 0.73275, 0.71642, 0.01639, 0.07974, 0
0.45134, 0.44333, 0.24125, 0.47753, 0.45793, 0.45648, 0.03049, 0.01273, 1
0.45191, 0.4414, 0.21825, 0.47315, 0.45746, 0.45206, 0.01259, 0.01048, 0
0.44842, 0.43968, 0.18356, 0.48349, 0.45174, 0.444, 0.01768, 0.01188, 0
0.44905, 0.44097, 0.1731, 0.48371, 0.45254, 0.44595, 0.00207, 0.01188, 1
0.73309, 0.70778, 0.12555, 0.4256, 0.7314, 0.70729, 0.23287, 0.22365, 1
0.44609, 0.42117, 0.14632, 0.4814, 0.43643, 0.44327, 0.26383, 0.29775, 1
0.47224, 0.46567, 0.15841, 0.47241, 0.47591, 0.47178, 0.13194, 0.07607, 1
0.4796, 0.45608, 0.17056, 0.47311, 0.47978, 0.47165, 0.18203, 0.10418, 0
0.45441, 0.43648, 0.15709, 0.47235, 0.4741, 0.47187, 0.0238, 0.01948, 0
0.45514, 0.44397, 0.15789, 0.4735, 0.47022, 0.45568, 0.02381, 0.01645, 1
0.45861, 0.44868, 0.18086, 0.47316, 0.46806, 0.46256, 0.04503, 0.0597, 1
0.45142, 0.43862, 0.18152, 0.48168, 0.45336, 0.44207, 0.07959, 0.14931, 0
0.44399, 0.4367, 0.16542, 0.48526, 0.44585, 0.43483, 0.02923, 0.01268, 1
0.45249, 0.44441, 0.2823, 0.47507, 0.45981, 0.4535, 0.02249, 0.05824, 1
0.44659, 0.43924, 0.27784, 0.47974, 0.45333, 0.44671, 0.02194, 0.01737, 1
0.44316, 0.43536, 0.25612, 0.47577, 0.45283, 0.45246, 0.05619, 0.04183, 1
0.45066, 0.44506, 0.29365, 0.48171, 0.45333, 0.44762, 0.03142, 0.02299, 1
0.46245, 0.44981, 0.18035, 0.47303, 0.46554, 0.45677, 0.0627, 0.0393, 0
0.45895, 0.45282, 0.15218, 0.47505, 0.46246, 0.45598, 0.06486, 0.10703, 0
0.46019, 0.4483, 0.14809, 0.4732, 0.46403, 0.45716, 0.04369, 0.03014, 0
0.41522, 0.40461, 0.28905, 0.48864, 0.40828, 0.39311, 0.23585, 0.24139, 0
0.46236, 0.45516, 0.28989, 0.47407, 0.46814, 0.46929, 0.09165, 0.07592, 0
0.45132, 0.43791, 0.29375, 0.47362, 0.45711, 0.45592, 0.0316, 0.01847, 1
0.45548, 0.44446, 0.29104, 0.47241, 0.46106, 0.45553, 0.02032, 0.03916, 0
0.44222, 0.43399, 0.26571, 0.4858, 0.43888, 0.42805, 0.07259, 0.02912, 0
0.44494, 0.44031, 0.26487, 0.48405, 0.44328, 0.4365, 0.00556, 0.02912, 0
0.45986, 0.44928, 0.1785, 0.47514, 0.46558, 0.457, 0.04395, 0.04873, 1
0.43914, 0.42307, 0.14564, 0.47544, 0.45185, 0.4542, 0.09057, 0.13253, 0
0.45187, 0.44425, 0.12691, 0.47503, 0.46179, 0.45236, 0.03606, 0.06478, 1
0.44093, 0.4305, 0.11985, 0.48664, 0.44006, 0.42961, 0.09082, 0.02014, 0
0.43994, 0.43747, 0.12051, 0.48498, 0.44225, 0.43741, 0.04897, 0.01817, 0
0.45101, 0.44315, 0.11184, 0.47567, 0.45854, 0.4513, 0.02901, 0.0388, 1
0.45795, 0.44555, 0.13871, 0.47101, 0.46659, 0.46003, 0.02788, 0.0315, 0
0.46205, 0.44817, 0.15432, 0.47551, 0.46787, 0.45341, 0.06431, 0.05426, 1
0.42544, 0.43127, 0.1846, 0.48319, 0.40475, 0.40072, 0.05586, 0.07689, 1
0.43898, 0.43342, 0.16266, 0.4801, 0.43336, 0.44906, 0.0473, 0.04618, 0
0.4202, 0.39792, 0.31577, 0.48414, 0.40537, 0.39557, 0.41444, 0.45447, 1
0.44049, 0.43708, 0.35103, 0.48196, 0.42754, 0.41592, 0.05265, 0.06587, 0
0.44666, 0.43837, 0.37449, 0.48177, 0.44718, 0.44749, 0.01368, 0.036, 0
0.44264, 0.43254, 0.37604, 0.48548, 0.44684, 0.44212, 0.04701, 0.03991, 0
0.4747, 0.45655, 0.37836, 0.4761, 0.47127, 0.45496, 0.17392, 0.21954, 0
0.45188, 0.44314, 0.25621, 0.47552, 0.45881, 0.45248, 0.01312, 0.00402, 0
0.45869, 0.44661, 0.38873, 0.47526, 0.45974, 0.45655, 0.04928, 0.05295, 0
0.4553, 0.44711, 0.40334, 0.47544, 0.46117, 0.45834, 0.04228, 0.07868, 0
0.4407, 0.43679, 0.3538, 0.47463, 0.45452, 0.45489, 0.11572, 0.07298, 1
0.4536, 0.44776, 0.29335, 0.47957, 0.45568, 0.44293, 0.03175, 0.0304, 1
0.43699, 0.43355, 0.2338, 0.48528, 0.43798, 0.43635, 0.05584, 0.01629, 0
0.43499, 0.42895, 0.16951, 0.48518, 0.44296, 0.43938, 0.07141, 0.06163, 1
0.4598, 0.45234, 0.14544, 0.46826, 0.4676, 0.46456, 0.07306, 0.07285, 0
0.40841, 0.41317, 0.14156, 0.47904, 0.42906, 0.43406, 0.26092, 0.31544, 0
0.39374, 0.38176, 0.17779, 0.47768, 0.42333, 0.41609, 0.2896, 0.34909, 0
0.45108, 0.43786, 0.22847, 0.47582, 0.46639, 0.44621, 0.03205, 0.03068, 1
0.42856, 0.42925, 0.27838, 0.4858, 0.43656, 0.43403, 0.12162, 0.15194, 1
0.01984, 0.01371, 0.36907, 0.66276, 0.01698, 0.0263, 0.08746, 0.1317, 0
0.42663, 0.43063, 0.35451, 0.48388, 0.41846, 0.40385, 0.05303, 0.02843, 0
0.45028, 0.42904, 0.27092, 0.47741, 0.45536, 0.44475, 0.16399, 0.16931, 0
0.4447, 0.43765, 0.23573, 0.4784, 0.452, 0.44917, 0.04402, 0.03166, 0
0.46653, 0.45091, 0.18707, 0.46969, 0.47169, 0.46377, 0.07842, 0.10881, 0
0.45078, 0.43658, 0.27765, 0.47828, 0.45505, 0.44678, 0.0749, 0.09961, 1
0.45831, 0.44623, 0.30021, 0.48062, 0.45839, 0.44718, 0.079, 0.09645, 0
0.44909, 0.43899, 0.23262, 0.47932, 0.45439, 0.44651, 0.02118, 0.00702, 1
0.44012, 0.43571, 0.18537, 0.48281, 0.44475, 0.44572, 0.06259, 0.04222, 1
0.45285, 0.44315, 0.18485, 0.47109, 0.45867, 0.455, 0.01094, 0.10288, 1
0.47016, 0.4508, 0.1754, 0.47463, 0.47198, 0.45938, 0.14294, 0.14916, 1
0.48313, 0.46264, 0.15613, 0.46863, 0.4916, 0.48501, 0.12474, 0.10207, 1
0.43906, 0.43443, 0.17492, 0.48555, 0.43896, 0.43465, 0.03385, 0.01162, 1
0.53555, 0.51226, 0.21508, 0.46459, 0.54471, 0.5417, 0.34457, 0.35016, 0
0.44075, 0.4341, 0.31408, 0.47576, 0.45295, 0.45144, 0.07485, 0.01474, 1
0.45594, 0.44141, 0.30625, 0.47266, 0.46419, 0.45681, 0.0426, 0.03015, 0
0.47307, 0.46866, 0.28249, 0.47333, 0.47608, 0.46836, 0.14521, 0.17799, 1
0.45739, 0.44428, 0.19703, 0.47951, 0.45693, 0.45586, 0.06097, 0.07981, 0
0.4491, 0.43986, 0.16869, 0.47745, 0.45415, 0.44716, 0.00739, 0.03659, 0
0.43881, 0.4303, 0.27398, 0.48557, 0.4456, 0.44176, 0.0528, 0.02791, 1
0.42666, 0.42054, 0.3024, 0.4859, 0.43471, 0.43141, 0.10448, 0.10466, 0
0.45376, 0.44319, 0.31703, 0.48052, 0.45788, 0.44916, 0.02952, 0.03191, 1
0.42341, 0.41921, 0.31089, 0.49062, 0.42639, 0.42064, 0.10644, 0.1207, 1
0.45295, 0.45852, 0.28138, 0.47698, 0.45956, 0.46209, 0.21051, 0.21861, 1
0.49366, 0.46853, 0.27319, 0.47349, 0.48965, 0.47975, 0.22341, 0.23055, 0
0.45334, 0.44341, 0.22803, 0.47273, 0.46735, 0.46696, 0.05318, 0.02737, 0
0.44973, 0.43986, 0.46656, 0.47288, 0.46463, 0.47244, 0.08878, 0.10182, 1
0.43918, 0.42443, 0.46405, 0.47817, 0.44579, 0.43407, 0.11449, 0.03694, 0
0.45704, 0.44515, 0.41956, 0.47951, 0.45824, 0.45438, 0.04818, 0.11442, 0
0.45377, 0.45422, 0.25926, 0.4762, 0.46023, 0.45867, 0.14539, 0.19196, 1
0.42994, 0.43061, 0.16729, 0.48317, 0.43051, 0.41421, 0.0629, 0.06158, 0
0.44094, 0.43876, 0.15236, 0.48481, 0.43648, 0.42779, 0.01294, 0.10277, 1
0.45403, 0.44295, 0.20725, 0.47891, 0.45466, 0.45451, 0.02714, 0.01879, 0
0.50591, 0.49385, 0.22732, 0.46501, 0.51652, 0.50965, 0.26181, 0.31579, 0
0.483, 0.46224, 0.24518, 0.46863, 0.49069, 0.48486, 0.12849, 0.09966, 0
0.43609, 0.4213, 0.23195, 0.47875, 0.44242, 0.43196, 0.13003, 0.03605, 0
0.44012, 0.43917, 0.22845, 0.47813, 0.44956, 0.4398, 0.09581, 0.0475, 1
0.45878, 0.44253, 0.21144, 0.47818, 0.46184, 0.45607, 0.0937, 0.07277, 1
0.47036, 0.45616, 0.23099, 0.47536, 0.47095, 0.46582, 0.09502, 0.10681, 0
0.46387, 0.46137, 0.24721, 0.47032, 0.48516, 0.49659, 0.24861, 0.28939, 1
0.46543, 0.45198, 0.23453, 0.46983, 0.48046, 0.47642, 0.05839, 0.04726, 1
0.44069, 0.42263, 0.19751, 0.48116, 0.43992, 0.43452, 0.17262, 0.16233, 1
0.45381, 0.44498, 0.23381, 0.48117, 0.45303, 0.44983, 0.02751, 0.04211, 1
0.43988, 0.43477, 0.24846, 0.48114, 0.44656, 0.44528, 0.06513, 0.10432, 1
0.4184, 0.42861, 0.27051, 0.48517, 0.42138, 0.41522, 0.18183, 0.27052, 1
0.48019, 0.47104, 0.27723, 0.47493, 0.48098, 0.47745, 0.14673, 0.249, 0
0.43405, 0.42088, 0.27915, 0.4817, 0.43756, 0.44435, 0.11074, 0.21191, 0
0.45387, 0.44096, 0.23961, 0.47356, 0.46699, 0.46045, 0.00214, 0.00625, 1
0.45688, 0.44849, 0.16113, 0.46796, 0.46406, 0.46218, 0.0525, 0.03574, 0
0.45842, 0.45203, 0.14753, 0.47663, 0.46307, 0.46418, 0.07493, 0.05741, 1
0.4464, 0.435, 0.12798, 0.48434, 0.44564, 0.43726, 0.07621, 0.0367, 1
0.45004, 0.43964, 0.16009, 0.47523, 0.4591, 0.4631, 0.04314, 0.04169, 1
0.45766, 0.44605, 0.14993, 0.47319, 0.4664, 0.47061, 0.02775, 0.05664, 1
0.45672, 0.44295, 0.14546, 0.47427, 0.46299, 0.45452, 0.04154, 0.06365, 0
0.44666, 0.43563, 0.15326, 0.47379, 0.46209, 0.46625, 0.05357, 0.05686, 1
0.44188, 0.43012, 0.16657, 0.48563, 0.43563, 0.42316, 0.13318, 0.0642, 1
0.44662, 0.45018, 0.19994, 0.47499, 0.45964, 0.45909, 0.20383, 0.20086, 0
0.44132, 0.43601, 0.18855, 0.48583, 0.44506, 0.43307, 0.02558, 0.01335, 1
0.4483, 0.43961, 0.14548, 0.4759, 0.45446, 0.45065, 0.01517, 0.00718, 1
0.44285, 0.4367, 0.14746, 0.48757, 0.44639, 0.44086, 0.02633, 0.0419, 0
0.21632, 0.20955, 0.17214, 0.52946, 0.20367, 0.20321, 0.11819, 0.04964, 0
0.42597, 0.41938, 0.18827, 0.48731, 0.42267, 0.42125, 0.10933, 0.02876, 0
0.45036, 0.4403, 0.21426, 0.48021, 0.44571, 0.45357, 0.02971, 0.0, 1
0.5021, 0.4677, 0.19467, 0.46947, 0.52224, 0.52324, 0.17303, 0.15172, 0
0.45825, 0.44477, 0.18477, 0.47414, 0.46681, 0.45866, 0.03143, 0.01493, 0
0.44839, 0.4434, 0.31584, 0.47989, 0.44963, 0.44325, 0.03858, 0.0325, 1
0.44368, 0.43631, 0.24854, 0.48444, 0.44815, 0.44111, 0.02464, 0.01702, 0
0.43258, 0.43253, 0.22167, 0.4758, 0.44981, 0.45037, 0.17393, 0.16051, 1
0.44323, 0.44052, 0.26639, 0.4809, 0.43449, 0.44358, 0.0241, 0.02379, 1
0.45314, 0.44251, 0.26032, 0.48016, 0.45769, 0.45131, 0.0266, 0.0, 0
0.40811, 0.40964, 0.18712, 0.48847, 0.40736, 0.40572, 0.16016, 0.14027, 1
0.45593, 0.44516, 0.21312, 0.47905, 0.45412, 0.44234, 0.06213, 0.0612, 0
0.44528, 0.43767, 0.16659, 0.48083, 0.44976, 0.44584, 0.01849, 0.02927, 0
0.45922, 0.44624, 0.1543, 0.47556, 0.46167, 0.45384, 0.06199, 0.06383, 0
0.43866, 0.43305, 0.13217, 0.48705, 0.44511, 0.43958, 0.05017, 0.05361, 1
0.45382, 0.44074, 0.17831, 0.47492, 0.45968, 0.45837, 0.03316, 0.03382, 0
0.45086, 0.44009, 0.22222, 0.48296, 0.45415, 0.44705, 0.03517, 0.0, 0
0.46093, 0.44469, 0.21887, 0.47872, 0.46022, 0.4513, 0.11469, 0.08402, 0
0.43297, 0.4344, 0.20392, 0.47974, 0.44272, 0.44082, 0.14811, 0.12739, 1
0.44847, 0.44096, 0.16997, 0.47806, 0.45641, 0.45223, 0.03481, 0.03536, 0
0.45579, 0.44469, 0.14909, 0.47103, 0.46281, 0.45555, 0.0202, 0.02656, 0
0.45249, 0.43877, 0.16023, 0.47944, 0.45543, 0.44838, 0.06878, 0.04996, 1
0.44869, 0.43878, 0.18949, 0.48422, 0.44734, 0.43631, 0.06148, 0.0, 1
0.38894, 0.39639, 0.22651, 0.48325, 0.40584, 0.41806, 0.31974, 0.31363, 0
0.44912, 0.44646, 0.34233, 0.47983, 0.45154, 0.45304, 0.07782, 0.08994, 1
0.42317, 0.40534, 0.33816, 0.48652, 0.40696, 0.3893, 0.34281, 0.32787, 1
0.45434, 0.45212, 0.35947, 0.48013, 0.45047, 0.46124, 0.08436, 0.08092, 0
0.45316, 0.44667, 0.34461, 0.47159, 0.46972, 0.47351, 0.12931, 0.12703, 1
0.42483, 0.42167, 0.28185, 0.47836, 0.44005, 0.44413, 0.15473, 0.08954, 1
0.45674, 0.4392, 0.27337, 0.47351, 0.47118, 0.47556, 0.01326, 0.00938, 0
0.4974, 0.49376, 0.26354, 0.46792, 0.52183, 0.53685, 0.38105, 0.2911, 1
0.46638, 0.43633, 0.27285, 0.47215, 0.48496, 0.48779, 0.11665, 0.03695, 0
0.45263, 0.45003, 0.35412, 0.47141, 0.46899, 0.46914, 0.16106, 0.16907, 0
0.45006, 0.4577, 0.28073, 0.47618, 0.46119, 0.45718, 0.24348, 0.22253, 0
0.44748, 0.43611, 0.23505, 0.47664, 0.45625, 0.4473, 0.03178, 0.01077, 0
0.45389, 0.44251, 0.20822, 0.47708, 0.45739, 0.44917, 0.0374, 0.04975, 0
0.43688, 0.43127, 0.20507, 0.48807, 0.44347, 0.43942, 0.05928, 0.04751, 1
0.45616, 0.44758, 0.2289, 0.46964, 0.46494, 0.46241, 0.05247, 0.0524, 1
0.4479, 0.43611, 0.21944, 0.48094, 0.45151, 0.44289, 0.05876, 0.07339, 0
0.45685, 0.44736, 0.22148, 0.47776, 0.46006, 0.45264, 0.03178, 0.0672, 1
0.45765, 0.44646, 0.25618, 0.47979, 0.45715, 0.45024, 0.05742, 0.04168, 1
0.44761, 0.44185, 0.22142, 0.47603, 0.45548, 0.44917, 0.04994, 0.03338, 1
0.44836, 0.43919, 0.18988, 0.47812, 0.45352, 0.44648, 0.01613, 0.01888, 0
0.44731, 0.43986, 0.18915, 0.47918, 0.45302, 0.44393, 0.01613, 0.039, 1
0.4462, 0.4403, 0.17486, 0.48186, 0.45183, 0.44702, 0.03725, 0.01635, 0
0.44147, 0.43675, 0.16499, 0.47731, 0.4512, 0.45077, 0.0842, 0.05898, 1
0.45303, 0.44472, 0.1105, 0.48124, 0.455, 0.44849, 0.01861, 0.00624, 0
0.45729, 0.44851, 0.17752, 0.47169, 0.46964, 0.46167, 0.05833, 0.02966, 0
0.44934, 0.4414, 0.21205, 0.48172, 0.45037, 0.44515, 0.01666, 0.01885, 0
0.46709, 0.45357, 0.19881, 0.46965, 0.47008, 0.46297, 0.07672, 0.06133, 1
0.45553, 0.44554, 0.43142, 0.47167, 0.46205, 0.45591, 0.02101, 0.02423, 0
0.45349, 0.44532, 0.37444, 0.47429, 0.45924, 0.45539, 0.03098, 0.03509, 0
0.45906, 0.45565, 0.25608, 0.47057, 0.48178, 0.48928, 0.22362, 0.07495, 0
0.44448, 0.4414, 0.24749, 0.48328, 0.43874, 0.44048, 0.0164, 0.0457, 0
0.45406, 0.4451, 0.26052, 0.47788, 0.454, 0.4567, 0.01891, 0.01983, 0
0.4415, 0.43422, 0.2647, 0.48075, 0.44522, 0.44654, 0.04217, 0.04026, 0
0.45513, 0.44576, 0.25735, 0.47919, 0.45822, 0.45143, 0.0275, 0.00805, 0
0.45839, 0.4486, 0.24803, 0.4728, 0.46546, 0.455, 0.03599, 0.03257, 1
0.47445, 0.46246, 0.31109, 0.46644, 0.4785, 0.47129, 0.10369, 0.12194, 0
0.43959, 0.43577, 0.20923, 0.4847, 0.44579, 0.44276, 0.06519, 0.06276, 1
0.45675, 0.44465, 0.16029, 0.4718, 0.46283, 0.45641, 0.0304, 0.01224, 0
0.45361, 0.44552, 0.17447, 0.47262, 0.45988, 0.453, 0.02769, 0.02447, 0
0.41818, 0.42124, 0.239, 0.48137, 0.43236, 0.4325, 0.19253, 0.21163, 1
0.45132, 0.44488, 0.26123, 0.47405, 0.46278, 0.45801, 0.06256, 0.01672, 1
0.44688, 0.43619, 0.2763, 0.48232, 0.45227, 0.44247, 0.0421, 0.03341, 0
0.4436, 0.43792, 0.28182, 0.48145, 0.45041, 0.44313, 0.03792, 0.04247, 0
0.44815, 0.4401, 0.28873, 0.48343, 0.4503, 0.44063, 0.02065, 0.09404, 0
0.45189, 0.44469, 0.24142, 0.47338, 0.45898, 0.45674, 0.04706, 0.04502, 1
0.47555, 0.46462, 0.19183, 0.47309, 0.4759, 0.46617, 0.11731, 0.13245, 0
0.45812, 0.44488, 0.29585, 0.47916, 0.4566, 0.44786, 0.0838, 0.08494, 1
0.4543, 0.44206, 0.17266, 0.47181, 0.46017, 0.45581, 0.02597, 0.02526, 1
0.45576, 0.44652, 0.50077, 0.47375, 0.46163, 0.45295, 0.02582, 0.01043, 1
0.44619, 0.43905, 0.54404, 0.48355, 0.45181, 0.44649, 0.02375, 0.03128, 0
0.44804, 0.43755, 0.49676, 0.47711, 0.45432, 0.44467, 0.02631, 0.02535, 0
0.46057, 0.44761, 0.1526, 0.47934, 0.46145, 0.4457, 0.0947, 0.11612, 0
0.46146, 0.44931, 0.18832, 0.47647, 0.46309, 0.46035, 0.05306, 0.09514, 1
0.45555, 0.45574, 0.17574, 0.47653, 0.46283, 0.45633, 0.14047, 0.19722, 1
0.45663, 0.44931, 0.1418, 0.47508, 0.46193, 0.45776, 0.05075, 0.05532, 1
0.44583, 0.43293, 0.28014, 0.48516, 0.44669, 0.43589, 0.09578, 0.03616, 0
0.45189, 0.43749, 0.28011, 0.47751, 0.45772, 0.44167, 0.08375, 0.05455, 1
0.43577, 0.43706, 0.27301, 0.48367, 0.44111, 0.43878, 0.10895, 0.09027, 1
0.44815, 0.43967, 0.29534, 0.48238, 0.44033, 0.44225, 0.05649, 0.04318, 1
0.44777, 0.4401, 0.36726, 0.47521, 0.45677, 0.45116, 0.03481, 0.02665, 0
0.4593, 0.44422, 0.35135, 0.47577, 0.46289, 0.45024, 0.08114, 0.03809, 1
0.45486, 0.44379, 0.33143, 0.4781, 0.45866, 0.45628, 0.02205, 0.02667, 0
0.44881, 0.44118, 0.30146, 0.47674, 0.45396, 0.44879, 0.01812, 0.02897, 1
0.4569, 0.44595, 0.2878, 0.4729, 0.46056, 0.45431, 0.03167, 0.02803, 1
0.69609, 0.66863, 0.26911, 0.42955, 0.7065, 0.70411, 0.11651, 0.0893, 0
0.44347, 0.4397, 0.44639, 0.47709, 0.45224, 0.45152, 0.09038, 0.14458, 0
0.21242, 0.21162, 0.44651, 0.60436, 0.21613, 0.22302, 0.06943, 0.13137, 0
0.45521, 0.44097, 0.43817, 0.4745, 0.46126, 0.45232, 0.05925, 0.06201, 1
0.45044, 0.44266, 0.55356, 0.48319, 0.45167, 0.4432, 0.0174, 0.01622, 0
0.45624, 0.44456, 0.40919, 0.47047, 0.46258, 0.45638, 0.02403, 0.03539, 1
0.45719, 0.44647, 0.1275, 0.47437, 0.46297, 0.45908, 0.02557, 0.02288, 1
0.44004, 0.43378, 0.12141, 0.48878, 0.44509, 0.43845, 0.03909, 0.05165, 0
0.4456, 0.43647, 0.28081, 0.48558, 0.44937, 0.444, 0.0269, 0.016, 0
0.4484, 0.43926, 0.34557, 0.48485, 0.45006, 0.44296, 0.02843, 0.06369, 1
0.44746, 0.42853, 0.46638, 0.47611, 0.45522, 0.45154, 0.11292, 0.15568, 1
0.18528, 0.18237, 0.45632, 0.55091, 0.18685, 0.18567, 0.01811, 0.00812, 0
0.45111, 0.44226, 0.33037, 0.48272, 0.45467, 0.44738, 0.01358, 0.03779, 1
0.47098, 0.46095, 0.27729, 0.4668, 0.47621, 0.47185, 0.09704, 0.07904, 1
0.47017, 0.4528, 0.46484, 0.4802, 0.4662, 0.45011, 0.16685, 0.21617, 0
0.46362, 0.45662, 0.18775, 0.46963, 0.47809, 0.47765, 0.13101, 0.15764, 0
0.4452, 0.43822, 0.21593, 0.4858, 0.45086, 0.44242, 0.01778, 0.0251, 1
0.45028, 0.43992, 0.28024, 0.48318, 0.45457, 0.44703, 0.02549, 0.03197, 0
0.45301, 0.44203, 0.29206, 0.48206, 0.45477, 0.44793, 0.04259, 0.04849, 0
0.45172, 0.44477, 0.23044, 0.47184, 0.46034, 0.45702, 0.05738, 0.04348, 0
0.45351, 0.4414, 0.16651, 0.47206, 0.46357, 0.45818, 0.00204, 0.01845, 1
0.44377, 0.43539, 0.22205, 0.48546, 0.44882, 0.44556, 0.02846, 0.00605, 1
0.44806, 0.43818, 0.29859, 0.4832, 0.45332, 0.44855, 0.01806, 0.00229, 0
0.43742, 0.43067, 0.29469, 0.48494, 0.44471, 0.44074, 0.05745, 0.0655, 1
0.44893, 0.43646, 0.28594, 0.48012, 0.4536, 0.4475, 0.04873, 0.01874, 0
0.4557, 0.4472, 0.27087, 0.47076, 0.46084, 0.45453, 0.03097, 0.03527, 1
0.4606, 0.44848, 0.23971, 0.47919, 0.4603, 0.45141, 0.07357, 0.09976, 1
0.46205, 0.44547, 0.24958, 0.48157, 0.45535, 0.44179, 0.16258, 0.20391, 1
0.44385, 0.43541, 0.36289, 0.4807, 0.45016, 0.44596, 0.03217, 0.04161, 0
0.42667, 0.42494, 0.41381, 0.48419, 0.43188, 0.43625, 0.10853, 0.1174, 1
0.45207, 0.44418, 0.21156, 0.47805, 0.45647, 0.45076, 0.01614, 0.03738, 0
0.45015, 0.44011, 0.17993, 0.48223, 0.4534, 0.44712, 0.02382, 0.01598, 0
0.45495, 0.44517, 0.51966, 0.47195, 0.4589, 0.45405, 0.01996, 0.01163, 0
0.45339, 0.44182, 0.54445, 0.47378, 0.46355, 0.45508, 0.00931, 0.00389, 1
0.45791, 0.44729, 0.39438, 0.47428, 0.46396, 0.45483, 0.02993, 0.03528, 0
0.44604, 0.43592, 0.36746, 0.47728, 0.45216, 0.44577, 0.02821, 0.03305, 1
0.45266, 0.44224, 0.34275, 0.47682, 0.45758, 0.45062, 0.01663, 0.01472, 1
0.45306, 0.44287, 0.22363, 0.48203, 0.45405, 0.44068, 0.05333, 0.07411, 0
0.45365, 0.44706, 0.16354, 0.47843, 0.45666, 0.45609, 0.04791, 0.0398, 1
0.45496, 0.44517, 0.293, 0.47491, 0.45915, 0.45558, 0.01931, 0.01937, 0
0.44951, 0.4414, 0.56569, 0.48166, 0.4537, 0.44856, 0.00544, 0.01203, 1
0.44555, 0.43692, 0.55921, 0.48736, 0.44974, 0.44533, 0.02087, 0.03795, 0
0.45556, 0.44396, 0.5447, 0.4696, 0.46182, 0.45799, 0.0183, 0.02623, 0
0.45443, 0.44289, 0.51979, 0.47825, 0.45783, 0.44972, 0.04006, 0.04136, 1
0.44678, 0.43927, 0.51805, 0.4854, 0.44973, 0.44301, 0.00942, 0.00601, 0
0.44101, 0.43478, 0.47144, 0.47452, 0.45418, 0.45373, 0.08768, 0.09091, 0
0.45224, 0.44546, 0.46703, 0.47139, 0.46751, 0.46656, 0.10215, 0.11503, 1
0.44901, 0.43584, 0.44612, 0.47476, 0.45905, 0.45114, 0.03983, 0.05131, 1
0.45083, 0.44118, 0.42726, 0.47671, 0.45818, 0.44829, 0.00357, 0.01269, 1
0.44389, 0.43691, 0.44826, 0.48117, 0.45151, 0.44609, 0.03821, 0.03538, 1
0.45774, 0.44781, 0.18071, 0.46837, 0.4642, 0.45594, 0.03203, 0.02773, 1
0.45831, 0.44396, 0.17208, 0.47823, 0.46062, 0.45011, 0.08146, 0.04393, 0
0.45101, 0.44332, 0.17785, 0.47334, 0.46027, 0.46099, 0.05459, 0.06171, 1
0.44838, 0.43563, 0.18618, 0.4783, 0.45265, 0.44454, 0.06311, 0.07306, 1
0.42849, 0.42499, 0.21262, 0.48821, 0.4308, 0.42673, 0.08204, 0.12229, 1
0.44172, 0.43501, 0.19256, 0.48134, 0.44735, 0.44572, 0.04246, 0.08707, 1
0.45694, 0.44417, 0.14544, 0.47008, 0.46269, 0.45748, 0.03199, 0.02985, 0
0.44748, 0.43862, 0.14537, 0.47763, 0.45414, 0.44907, 0.01635, 0.04115, 0
0.45772, 0.44791, 0.24497, 0.47673, 0.45919, 0.45533, 0.03689, 0.01027, 0
0.44158, 0.43425, 0.25565, 0.4851, 0.44721, 0.44209, 0.037, 0.04464, 0
0.46405, 0.44982, 0.17982, 0.4694, 0.4685, 0.45969, 0.0687, 0.06819, 0
0.45763, 0.44687, 0.15984, 0.47946, 0.45904, 0.45062, 0.04602, 0.02549, 1
0.71666, 0.71023, 0.1826, 0.37901, 0.72958, 0.72151, 0.13421, 0.10976, 0
0.46629, 0.45046, 0.20745, 0.4737, 0.48504, 0.45808, 0.05229, 0.03983, 1
0.78034, 0.76783, 0.20932, 0.36015, 0.79596, 0.78771, 0.13379, 0.12142, 0
0.4458, 0.43862, 0.19881, 0.48266, 0.43967, 0.43973, 0.0345, 0.07246, 1
0.44789, 0.43947, 0.19815, 0.48306, 0.44497, 0.44363, 0.02636, 0.03511, 1
0.72892, 0.69883, 0.17483, 0.40436, 0.7335, 0.71911, 0.18683, 0.17787, 0
0.44259, 0.43171, 0.19098, 0.47918, 0.44949, 0.4459, 0.04601, 0.03351, 0
0.4485, 0.44161, 0.52655, 0.47788, 0.45481, 0.45166, 0.03223, 0.01866, 1
0.4522, 0.44397, 0.39278, 0.47282, 0.46209, 0.4636, 0.05706, 0.08167, 0
0.44951, 0.43904, 0.35176, 0.47719, 0.45593, 0.44738, 0.02066, 0.01581, 1
0.45469, 0.44225, 0.2198, 0.47607, 0.46191, 0.44843, 0.03071, 0.03408, 0
0.44539, 0.43758, 0.1292, 0.48561, 0.44556, 0.4451, 0.01819, 0.0201, 0
0.44111, 0.43525, 0.20761, 0.48657, 0.44645, 0.44356, 0.04555, 0.04067, 0
0.4539, 0.44352, 0.22308, 0.4704, 0.46169, 0.45988, 0.01954, 0.04519, 1
0.46288, 0.44819, 0.22075, 0.47075, 0.46668, 0.45988, 0.07067, 0.07282, 0
0.49488, 0.48613, 0.24228, 0.46572, 0.50714, 0.50342, 0.24097, 0.28584, 0
0.44937, 0.44012, 0.31443, 0.48359, 0.45005, 0.44249, 0.03421, 0.0322, 0
0.45259, 0.44054, 0.35203, 0.47981, 0.45386, 0.44671, 0.05589, 0.05864, 0
0.45133, 0.44485, 0.38763, 0.47309, 0.4573, 0.45337, 0.04502, 0.05639, 0
0.45113, 0.43968, 0.35895, 0.47347, 0.45831, 0.45285, 0.01456, 0.0199, 1
0.44986, 0.44075, 0.35874, 0.47864, 0.4556, 0.44945, 0.00208, 0.01149, 0
0.44737, 0.4427, 0.40096, 0.48158, 0.45546, 0.44604, 0.04935, 0.03412, 0
0.44248, 0.4388, 0.42692, 0.47765, 0.45196, 0.44919, 0.08576, 0.04042, 1
0.45902, 0.44378, 0.41573, 0.47214, 0.4645, 0.4589, 0.06279, 0.04668, 0
0.44412, 0.43751, 0.35864, 0.48152, 0.4508, 0.44657, 0.03867, 0.0205, 1
0.4898, 0.4689, 0.35718, 0.47443, 0.48523, 0.47267, 0.21355, 0.22285, 0
0.40862, 0.41751, 0.18952, 0.48522, 0.40924, 0.41111, 0.19814, 0.22659, 1
0.47487, 0.47078, 0.17473, 0.47546, 0.47778, 0.4886, 0.1826, 0.21038, 0
0.44121, 0.43881, 0.14195, 0.47409, 0.45431, 0.46084, 0.13949, 0.09888, 0
0.45147, 0.44097, 0.10762, 0.47468, 0.45988, 0.45142, 0.00553, 0.05234, 1
0.45808, 0.44444, 0.1413, 0.47072, 0.46548, 0.46075, 0.0314, 0.06261, 1
0.52729, 0.49606, 0.16368, 0.47399, 0.51429, 0.49624, 0.39677, 0.42018, 1
0.4035, 0.40997, 0.17467, 0.48071, 0.41633, 0.43589, 0.27972, 0.33674, 1
0.45825, 0.43945, 0.17243, 0.47296, 0.47759, 0.47294, 0.01371, 0.004, 0
0.45123, 0.44374, 0.21491, 0.47832, 0.45609, 0.45398, 0.02466, 0.02969, 1
0.42101, 0.423, 0.11, 0.48354, 0.42882, 0.42602, 0.1488, 0.17491, 0
0.42423, 0.43376, 0.102, 0.4759, 0.44692, 0.45795, 0.3369, 0.39885, 0
0.46569, 0.45971, 0.08656, 0.47047, 0.49382, 0.50909, 0.25974, 0.29735, 0
0.4498, 0.44267, 0.08933, 0.48067, 0.4581, 0.44727, 0.02763, 0.01713, 0
0.45105, 0.44182, 0.09639, 0.47931, 0.45878, 0.45565, 0.00941, 0.03358, 0
0.45494, 0.44608, 0.11309, 0.46998, 0.46382, 0.45914, 0.03841, 0.02237, 1
0.45345, 0.44289, 0.13385, 0.47244, 0.46015, 0.45333, 0.01348, 0.02619, 1
0.44233, 0.43651, 0.14407, 0.48644, 0.44532, 0.43967, 0.02668, 0.02301, 0
0.44967, 0.44246, 0.21506, 0.47193, 0.4612, 0.4598, 0.06801, 0.02239, 0
0.44383, 0.4321, 0.2378, 0.48216, 0.44982, 0.44486, 0.05459, 0.06672, 0
0.3717, 0.38477, 0.27094, 0.48889, 0.36251, 0.35287, 0.28021, 0.1483, 0
0.46924, 0.45893, 0.26639, 0.4741, 0.48333, 0.50677, 0.16816, 0.26672, 1
0.45162, 0.44053, 0.22387, 0.47273, 0.45906, 0.45391, 0.00957, 0.0061, 1
0.44726, 0.43816, 0.22271, 0.48512, 0.44898, 0.44251, 0.02919, 0.04165, 0
0.44061, 0.43514, 0.17495, 0.48039, 0.44652, 0.44186, 0.05527, 0.02616, 0
0.45001, 0.4397, 0.4631, 0.47385, 0.46217, 0.45835, 0.02759, 0.05438, 0
0.40905, 0.39569, 0.51659, 0.4891, 0.40531, 0.39497, 0.27643, 0.1993, 0
0.16979, 0.1702, 0.37367, 0.65661, 0.17176, 0.17431, 0.0721, 0.05688, 0
0.43988, 0.43323, 0.34998, 0.48805, 0.44433, 0.43447, 0.03844, 0.06283, 0
0.4636, 0.45305, 0.28039, 0.47976, 0.46345, 0.45181, 0.07753, 0.0393, 1
0.43837, 0.42893, 0.25006, 0.48207, 0.43908, 0.44229, 0.06044, 0.07514, 0
0.45679, 0.44463, 0.18258, 0.47015, 0.46156, 0.45637, 0.03323, 0.0331, 1
0.45371, 0.44463, 0.20681, 0.47124, 0.46124, 0.45585, 0.0245, 0.01434, 1
0.45501, 0.44463, 0.24357, 0.47019, 0.46534, 0.46265, 0.03329, 0.04615, 0
0.45317, 0.44269, 0.21304, 0.47862, 0.45693, 0.45454, 0.01775, 0.00828, 1
0.44714, 0.43903, 0.18951, 0.4856, 0.4493, 0.44294, 0.01497, 0.02383, 0
0.45877, 0.44542, 0.27682, 0.47401, 0.46439, 0.45615, 0.04718, 0.05923, 1
0.45201, 0.44267, 0.31606, 0.4718, 0.45857, 0.45319, 0.01139, 0.02749, 1
0.4545, 0.44521, 0.29096, 0.47406, 0.4592, 0.45499, 0.01951, 0.01195, 1
0.44079, 0.44076, 0.22628, 0.48338, 0.43882, 0.42398, 0.03186, 0.01478, 0
0.45366, 0.44288, 0.14862, 0.47076, 0.46146, 0.46037, 0.01634, 0.07611, 0
0.46041, 0.46212, 0.28818, 0.47066, 0.48761, 0.49801, 0.32672, 0.38958, 0
0.44078, 0.43521, 0.2627, 0.48424, 0.4377, 0.42942, 0.0339, 0.03128, 0
0.41696, 0.41417, 0.19444, 0.49088, 0.42171, 0.41607, 0.13307, 0.11341, 0
0.44505, 0.43481, 0.37281, 0.48006, 0.44768, 0.45127, 0.0339, 0.00453, 0
0.45403, 0.44417, 0.46336, 0.47053, 0.46372, 0.46044, 0.0288, 0.03741, 0
0.44876, 0.43735, 0.39062, 0.48465, 0.44898, 0.44031, 0.06665, 0.06486, 1
0.45128, 0.44075, 0.35271, 0.477, 0.45934, 0.43091, 0.04358, 0.06259, 1
0.45114, 0.4414, 0.33872, 0.47931, 0.4558, 0.43972, 0.04171, 0.04642, 1
0.45583, 0.44227, 0.23485, 0.48127, 0.45594, 0.44302, 0.09245, 0.12295, 1
0.43499, 0.43161, 0.26263, 0.48387, 0.43786, 0.43437, 0.06414, 0.04203, 0
0.43582, 0.42771, 0.26586, 0.47941, 0.44321, 0.43101, 0.06511, 0.04634, 0
0.437, 0.43253, 0.32357, 0.48355, 0.42816, 0.41787, 0.08348, 0.11785, 0
0.45081, 0.44832, 0.19261, 0.47992, 0.4542, 0.45273, 0.08496, 0.04224, 0
0.44199, 0.43406, 0.2916, 0.49081, 0.44679, 0.44174, 0.03441, 0.03342, 0
0.41709, 0.4006, 0.30903, 0.48721, 0.4034, 0.38179, 0.34019, 0.30841, 0
0.44362, 0.44183, 0.34171, 0.4805, 0.44396, 0.45675, 0.08451, 0.03101, 0
0.44359, 0.43557, 0.23591, 0.48537, 0.44513, 0.43768, 0.03704, 0.04604, 0
0.465, 0.45075, 0.29448, 0.47897, 0.4629, 0.4532, 0.11127, 0.10905, 1
0.44879, 0.44394, 0.28412, 0.48318, 0.44716, 0.43982, 0.01343, 0.01376, 1
0.43662, 0.43292, 0.24157, 0.48151, 0.44392, 0.44484, 0.08917, 0.12665, 0
0.45586, 0.44925, 0.22571, 0.47024, 0.46543, 0.46748, 0.09045, 0.10123, 0
0.45231, 0.44161, 0.21389, 0.47182, 0.46153, 0.45681, 0.01085, 0.01586, 0
0.4487, 0.44097, 0.2028, 0.47264, 0.46, 0.45772, 0.05516, 0.06043, 0
0.45471, 0.44437, 0.19461, 0.47453, 0.45919, 0.45294, 0.02219, 0.02947, 1
0.44736, 0.43906, 0.18578, 0.48641, 0.45087, 0.44444, 0.01247, 0.0381, 0
0.16578, 0.15988, 0.19601, 0.68437, 0.16587, 0.16916, 0.05126, 0.04152, 0
0.44274, 0.43278, 0.21589, 0.48573, 0.44045, 0.43314, 0.07798, 0.06089, 0
0.43534, 0.42116, 0.23871, 0.48487, 0.43685, 0.4351, 0.13081, 0.10538, 0
0.44338, 0.43385, 0.25799, 0.47616, 0.45321, 0.44893, 0.03702, 0.05212, 0
0.45447, 0.44529, 0.20097, 0.4716, 0.46232, 0.45626, 0.03072, 0.03916, 1
0.45884, 0.44723, 0.19578, 0.47089, 0.46452, 0.45731, 0.03637, 0.02406, 1
0.74006, 0.7263, 0.19238, 0.30255, 0.74885, 0.73539, 0.0261, 0.02938, 1
0.45034, 0.43946, 0.31203, 0.48078, 0.45264, 0.44945, 0.03701, 0.0276, 1
0.10834, 0.10818, 0.32338, 0.75438, 0.10725, 0.11235, 0.02474, 0.0, 0
0.44901, 0.44011, 0.31644, 0.48417, 0.45316, 0.44723, 0.0075, 0.01002, 0
0.44703, 0.43946, 0.3122, 0.47628, 0.45417, 0.45141, 0.03351, 0.0092, 0
0.09712, 0.09627, 0.30306, 0.83503, 0.09884, 0.10557, 0.02473, 0.01352, 0
0.44446, 0.43884, 0.23903, 0.48042, 0.45198, 0.4474, 0.0494, 0.05343, 0
0.45196, 0.44438, 0.22403, 0.48161, 0.45301, 0.44688, 0.01981, 0.04884, 1
0.46655, 0.4527, 0.21662, 0.47301, 0.4727, 0.46575, 0.07238, 0.06835, 1
0.44431, 0.43842, 0.19536, 0.47939, 0.44925, 0.44224, 0.02085, 0.03716, 0
0.44614, 0.43906, 0.22208, 0.48548, 0.44881, 0.44535, 0.01478, 0.01038, 0
0.444, 0.43842, 0.21331, 0.48023, 0.44993, 0.44831, 0.05319, 0.06306, 0
0.45958, 0.44926, 0.2013, 0.46691, 0.46482, 0.46235, 0.03963, 0.05194, 1
0.44962, 0.43863, 0.21267, 0.47547, 0.45584, 0.44959, 0.0188, 0.01262, 0
0.44926, 0.43948, 0.20586, 0.48472, 0.4525, 0.44676, 0.02283, 0.01569, 1
0.45145, 0.43969, 0.20005, 0.47214, 0.46229, 0.46081, 0.01755, 0.04417, 0
0.44498, 0.43991, 0.17947, 0.4828, 0.44943, 0.44637, 0.04307, 0.01586, 0
0.45604, 0.44702, 0.4351, 0.47062, 0.46222, 0.46124, 0.03908, 0.03226, 1
0.44727, 0.43989, 0.4393, 0.48505, 0.45023, 0.44487, 0.00722, 0.0083, 0
0.45113, 0.44269, 0.41121, 0.48116, 0.45445, 0.44971, 0.00751, 0.00921, 1
0.45037, 0.44205, 0.36407, 0.47658, 0.45547, 0.45207, 0.01502, 0.0211, 0
0.44815, 0.43967, 0.0893, 0.48266, 0.4528, 0.44696, 0.00752, 0.03808, 0
0.45129, 0.44291, 0.09701, 0.47384, 0.45811, 0.45482, 0.02665, 0.01663, 0
0.47076, 0.45245, 0.14674, 0.47432, 0.47207, 0.45628, 0.14466, 0.14825, 1
0.46145, 0.44811, 0.14038, 0.47449, 0.46637, 0.45666, 0.0442, 0.02442, 1
0.45635, 0.44617, 0.16287, 0.47175, 0.46196, 0.45536, 0.02465, 0.016, 1
0.44632, 0.43469, 0.24306, 0.48508, 0.44451, 0.4366, 0.0889, 0.03626, 1
0.45007, 0.44075, 0.2277, 0.4812, 0.45632, 0.44932, 0.00209, 0.01515, 0
0.44828, 0.4388, 0.22759, 0.4848, 0.45301, 0.44656, 0.01711, 0.004, 0
0.45509, 0.44444, 0.24008, 0.46889, 0.46083, 0.45483, 0.01812, 0.04617, 1
0.45177, 0.44162, 0.20987, 0.47329, 0.45848, 0.45195, 0.00419, 0.01516, 1
0.4581, 0.4468, 0.27711, 0.4801, 0.45425, 0.45259, 0.06376, 0.07022, 1
0.4355, 0.43018, 0.32283, 0.47901, 0.44455, 0.44841, 0.09104, 0.11274, 0
0.45441, 0.44917, 0.33941, 0.48258, 0.44364, 0.43649, 0.06796, 0.0614, 1
0.44696, 0.43969, 0.31164, 0.47882, 0.45303, 0.4461, 0.0209, 0.0761, 0
0.45011, 0.44225, 0.39781, 0.48237, 0.44968, 0.44688, 0.01347, 0.03053, 1
0.44926, 0.44033, 0.4115, 0.4741, 0.45596, 0.4523, 0.01484, 0.0164, 0
0.44783, 0.43777, 0.38712, 0.48496, 0.45102, 0.44326, 0.03604, 0.03182, 1
0.44176, 0.42864, 0.24465, 0.48557, 0.43392, 0.41905, 0.16936, 0.19159, 1
0.43352, 0.42308, 0.22454, 0.48685, 0.43035, 0.41267, 0.14499, 0.01967, 0
0.39311, 0.39784, 0.22425, 0.48795, 0.39684, 0.39809, 0.23316, 0.24405, 0
0.41514, 0.39975, 0.21943, 0.48517, 0.41528, 0.41573, 0.23267, 0.22004, 0
0.44778, 0.4414, 0.18294, 0.48264, 0.44591, 0.43982, 0.00542, 0.00599, 1
0.45147, 0.44246, 0.16329, 0.4809, 0.45267, 0.4442, 0.03249, 0.0496, 1
0.01365, 0.0111, 0.36395, 0.57302, 0.02092, 0.03587, 0.03684, 0.08421, 0
0.45125, 0.43489, 0.42394, 0.48104, 0.44748, 0.44155, 0.15365, 0.16601, 1
0.4314, 0.41779, 0.42843, 0.48548, 0.42854, 0.42516, 0.1618, 0.15477, 0
0.47762, 0.46228, 0.4277, 0.46913, 0.48426, 0.48701, 0.1026, 0.06844, 1
0.46143, 0.45247, 0.35481, 0.47612, 0.46594, 0.46405, 0.05867, 0.02629, 1
0.45234, 0.44682, 0.18309, 0.47565, 0.45681, 0.4547, 0.05755, 0.0, 0
0.4448, 0.43575, 0.13854, 0.47906, 0.4518, 0.44391, 0.02629, 0.02442, 0
0.45397, 0.44336, 0.17304, 0.47376, 0.45988, 0.45353, 0.01514, 0.01521, 1
0.39872, 0.39613, 0.1989, 0.49137, 0.40124, 0.39536, 0.21746, 0.21019, 0
0.46675, 0.45054, 0.18965, 0.47431, 0.47054, 0.4708, 0.08406, 0.07077, 1
0.44601, 0.4364, 0.1838, 0.4804, 0.45072, 0.44326, 0.03175, 0.04867, 0
0.4516, 0.44205, 0.18394, 0.47976, 0.4557, 0.44958, 0.01168, 0.01448, 1
0.45099, 0.44184, 0.18204, 0.48146, 0.45468, 0.44892, 0.00961, 0.03366, 1
0.45, 0.44075, 0.18942, 0.48397, 0.45359, 0.448, 0.0111, 0.03135, 1
0.45352, 0.4495, 0.56082, 0.48243, 0.44582, 0.43563, 0.04468, 0.03184, 1
0.43888, 0.42925, 0.5386, 0.48485, 0.43801, 0.4372, 0.06769, 0.1168, 0
0.44262, 0.43969, 0.41503, 0.47321, 0.45932, 0.46228, 0.15556, 0.06639, 0
0.45614, 0.43926, 0.12059, 0.47488, 0.46396, 0.45309, 0.09166, 0.11655, 1
0.44845, 0.44183, 0.1115, 0.47484, 0.45554, 0.45257, 0.04478, 0.05331, 0
0.45775, 0.44846, 0.20705, 0.46915, 0.46508, 0.45944, 0.04115, 0.03672, 1
0.43996, 0.43341, 0.25397, 0.47709, 0.44939, 0.43598, 0.04733, 0.0829, 0
0.46132, 0.44777, 0.32908, 0.47099, 0.47327, 0.47472, 0.03364, 0.06638, 1
0.44033, 0.43351, 0.38554, 0.48856, 0.44616, 0.43868, 0.03815, 0.02985, 0
0.45451, 0.44557, 0.48349, 0.48028, 0.45605, 0.44744, 0.0362, 0.02606, 1
0.45139, 0.44338, 0.44653, 0.47106, 0.4601, 0.45663, 0.04178, 0.039, 0
0.44575, 0.43701, 0.41565, 0.48406, 0.44983, 0.44106, 0.02604, 0.06338, 0
0.43932, 0.43614, 0.34441, 0.48483, 0.44267, 0.43947, 0.05845, 0.01856, 0
0.39422, 0.40256, 0.21332, 0.48045, 0.41642, 0.41976, 0.31824, 0.23363, 0
0.43733, 0.43338, 0.18447, 0.4806, 0.45093, 0.44735, 0.09814, 0.10291, 0
0.43894, 0.42514, 0.17195, 0.48261, 0.4455, 0.43802, 0.10358, 0.08167, 0
0.45573, 0.45334, 0.18566, 0.47125, 0.46673, 0.4676, 0.1432, 0.18411, 0
0.44794, 0.43814, 0.20485, 0.4775, 0.45594, 0.44721, 0.01513, 0.01854, 0
0.44899, 0.4297, 0.19408, 0.48385, 0.44077, 0.4249, 0.22948, 0.23675, 1
0.44172, 0.43622, 0.24841, 0.48392, 0.43649, 0.43468, 0.02559, 0.02219, 0
0.44239, 0.43881, 0.25707, 0.48211, 0.44237, 0.44723, 0.05356, 0.04585, 0
0.45592, 0.44291, 0.32021, 0.47994, 0.45659, 0.44644, 0.07625, 0.09031, 1
0.44551, 0.43622, 0.31608, 0.48586, 0.44546, 0.43599, 0.05425, 0.03842, 1
0.16535, 0.16143, 0.3596, 0.57611, 0.16961, 0.17282, 0.02897, 0.04793, 0
0.68494, 0.68988, 0.34574, 0.43869, 0.71063, 0.71267, 0.35418, 0.37845, 1
0.45048, 0.4403, 0.38242, 0.47519, 0.46324, 0.45412, 0.01894, 0.04942, 0
0.44553, 0.43787, 0.3896, 0.48272, 0.45253, 0.44409, 0.01844, 0.02156, 0
0.43087, 0.42046, 0.35581, 0.48069, 0.43813, 0.44048, 0.10064, 0.13501, 0
0.45406, 0.4436, 0.30794, 0.4789, 0.45455, 0.4569, 0.02335, 0.02085, 1
0.43938, 0.43155, 0.28693, 0.49071, 0.44397, 0.43684, 0.04705, 0.01213, 0
0.45095, 0.44337, 0.21153, 0.47452, 0.45663, 0.45196, 0.02772, 0.0246, 0
0.16742, 0.16239, 0.21758, 0.58187, 0.17126, 0.17417, 0.04049, 0.03236, 0
0.46782, 0.45522, 0.25121, 0.47296, 0.47044, 0.4601, 0.08437, 0.05157, 1
0.44954, 0.44141, 0.27593, 0.47301, 0.45715, 0.45361, 0.03164, 0.02877, 0
0.45576, 0.44497, 0.26213, 0.46883, 0.46238, 0.45847, 0.01836, 0.02643, 1
0.45171, 0.44274, 0.22237, 0.47139, 0.45859, 0.45321, 0.01505, 0.01944, 0
0.4589, 0.44631, 0.21872, 0.47183, 0.46288, 0.45483, 0.04944, 0.03821, 1
0.46469, 0.45104, 0.43479, 0.46998, 0.46842, 0.46338, 0.066, 0.06683, 1
0.44754, 0.4414, 0.43838, 0.48105, 0.45122, 0.44374, 0.01649, 0.02435, 0
0.44031, 0.43966, 0.3923, 0.48122, 0.43789, 0.43548, 0.04243, 0.04868, 0
0.45733, 0.45016, 0.26758, 0.47052, 0.46571, 0.46217, 0.06847, 0.028, 1
0.44257, 0.43571, 0.22615, 0.48134, 0.45031, 0.44134, 0.03323, 0.06902, 0
0.4516, 0.43724, 0.22094, 0.48324, 0.45174, 0.44188, 0.10421, 0.07084, 1
0.44684, 0.43856, 0.2076, 0.48471, 0.44996, 0.44229, 0.01674, 0.02864, 0
0.45437, 0.44296, 0.22622, 0.47488, 0.45987, 0.45347, 0.02048, 0.01233, 1
0.38756, 0.38214, 0.32199, 0.48339, 0.40154, 0.4036, 0.28566, 0.36551, 0
0.44982, 0.44163, 0.17483, 0.47869, 0.45462, 0.4466, 0.00429, 0.03725, 0
0.45482, 0.44541, 0.1468, 0.47378, 0.46034, 0.45603, 0.02114, 0.03286, 1
0.44502, 0.4374, 0.15642, 0.48107, 0.44952, 0.44835, 0.0274, 0.0396, 0
0.48764, 0.47354, 0.16518, 0.46478, 0.49633, 0.49256, 0.15668, 0.16835, 1
0.41768, 0.4174, 0.1612, 0.48416, 0.42729, 0.42006, 0.14885, 0.16722, 0
0.45629, 0.45163, 0.30333, 0.47026, 0.46679, 0.46612, 0.11389, 0.03812, 0
0.44091, 0.43985, 0.29845, 0.47841, 0.45036, 0.44782, 0.1189, 0.03809, 0
0.44257, 0.4343, 0.30011, 0.48447, 0.44779, 0.44271, 0.03325, 0.03808, 0
0.45505, 0.44518, 0.23696, 0.47952, 0.45882, 0.45239, 0.02435, 0.03722, 1
0.45247, 0.44496, 0.1661, 0.48176, 0.45451, 0.44768, 0.01831, 0.0071, 1
0.43297, 0.43075, 0.1674, 0.48249, 0.44159, 0.44311, 0.10718, 0.09476, 0
0.50328, 0.48666, 0.30051, 0.4648, 0.50902, 0.5007, 0.2212, 0.23431, 1
0.22109, 0.19392, 0.30178, 0.50665, 0.22353, 0.22147, 0.28111, 0.28449, 0
0.45108, 0.44096, 0.2782, 0.47308, 0.45702, 0.4521, 0.00561, 0.01171, 1
0.44824, 0.43921, 0.26139, 0.48689, 0.45266, 0.44638, 0.01324, 0.04467, 0
0.44602, 0.44337, 0.24103, 0.48272, 0.44069, 0.43991, 0.01802, 0.02432, 1
0.43668, 0.43332, 0.16039, 0.48108, 0.4439, 0.4423, 0.07274, 0.0736, 0
0.44697, 0.43944, 0.1378, 0.47667, 0.45414, 0.45222, 0.03395, 0.04272, 0
0.13841, 0.13968, 0.14453, 0.52075, 0.13565, 0.12239, 0.24108, 0.30783, 0
0.44837, 0.43965, 0.18841, 0.47918, 0.45427, 0.44837, 0.00924, 0.01021, 0
0.44293, 0.43503, 0.21355, 0.48671, 0.44931, 0.44491, 0.03312, 0.04783, 0
0.45207, 0.4414, 0.19655, 0.47749, 0.45654, 0.44904, 0.0239, 0.05687, 1
0.45029, 0.44228, 0.18963, 0.48158, 0.45345, 0.4497, 0.00764, 0.0102, 1
0.45444, 0.44426, 0.20339, 0.47324, 0.4587, 0.45197, 0.02087, 0.02107, 1
0.44304, 0.4335, 0.19112, 0.48246, 0.44946, 0.44545, 0.03711, 0.04801, 0
0.42962, 0.42253, 0.24319, 0.48931, 0.43135, 0.42683, 0.09311, 0.08308, 0
0.43405, 0.43115, 0.5, 0.48687, 0.4394, 0.43686, 0.07826, 0.07606, 0
0.44637, 0.43895, 0.5059, 0.48138, 0.44981, 0.44105, 0.01076, 0.04403, 0
0.44184, 0.43583, 0.26931, 0.47687, 0.45061, 0.44807, 0.06504, 0.08369, 0
0.45329, 0.44588, 0.27043, 0.47101, 0.46362, 0.46337, 0.06917, 0.08935, 0
0.44674, 0.43851, 0.18565, 0.48368, 0.45183, 0.44564, 0.01345, 0.01666, 0
0.45184, 0.44118, 0.20411, 0.48127, 0.45548, 0.44956, 0.02611, 0.03553, 1
0.44458, 0.43694, 0.20504, 0.48733, 0.44945, 0.44483, 0.02248, 0.02472, 0
0.45295, 0.44476, 0.21468, 0.4735, 0.45796, 0.45281, 0.0228, 0.0265, 1
0.44573, 0.43828, 0.18763, 0.48262, 0.44469, 0.44265, 0.01684, 0.02347, 0
0.44872, 0.44163, 0.19149, 0.48121, 0.44968, 0.45051, 0.01141, 0.03558, 0
0.46573, 0.47397, 0.20376, 0.47427, 0.47665, 0.47106, 0.294, 0.42882, 1
0.42404, 0.37424, 0.28402, 0.47719, 0.4393, 0.44228, 0.52261, 0.56121, 0
0.44715, 0.43829, 0.24136, 0.47523, 0.45561, 0.45159, 0.02182, 0.00713, 0
0.4504, 0.44029, 0.23957, 0.47331, 0.45786, 0.45186, 0.0043, 0.07084, 0
0.45107, 0.44096, 0.24885, 0.47334, 0.45657, 0.45172, 0.00568, 0.01187, 1
0.43821, 0.43184, 0.232, 0.48567, 0.44537, 0.44174, 0.05616, 0.07026, 0
0.44785, 0.43806, 0.18374, 0.47575, 0.45558, 0.44929, 0.01506, 0.03451, 0
0.48614, 0.48703, 0.18913, 0.46913, 0.52127, 0.53454, 0.44248, 0.49849, 0
0.44781, 0.44096, 0.28159, 0.48226, 0.44792, 0.44651, 0.00562, 0.02843, 0
0.41418, 0.40708, 0.28697, 0.48033, 0.42865, 0.4309, 0.17417, 0.16716, 0
0.45866, 0.45841, 0.27604, 0.4711, 0.47679, 0.47794, 0.21599, 0.22439, 0
0.44797, 0.43964, 0.30633, 0.48458, 0.45245, 0.44568, 0.00929, 0.00623, 0
0.45121, 0.44667, 0.28251, 0.48089, 0.4443, 0.45197, 0.03562, 0.02922, 1
0.44072, 0.43221, 0.33907, 0.48592, 0.44318, 0.44201, 0.04367, 0.03625, 0
0.45277, 0.44359, 0.3975, 0.48084, 0.45462, 0.44705, 0.02325, 0.01684, 1
0.42638, 0.41963, 0.53584, 0.48714, 0.41989, 0.41553, 0.12392, 0.1568, 0
0.44916, 0.44009, 0.51597, 0.48101, 0.45496, 0.44625, 0.01388, 0.01019, 1
0.45445, 0.4443, 0.23937, 0.48161, 0.45604, 0.44592, 0.04363, 0.03995, 1
0.45264, 0.44296, 0.23182, 0.47617, 0.45624, 0.45186, 0.01409, 0.04577, 1
0.44154, 0.43517, 0.19376, 0.48659, 0.44795, 0.44201, 0.04026, 0.03545, 0
0.45116, 0.44608, 0.17293, 0.48101, 0.45357, 0.44565, 0.03517, 0.03921, 1
0.44115, 0.43363, 0.18833, 0.4835, 0.44627, 0.44404, 0.03937, 0.03291, 0
0.45039, 0.44252, 0.25321, 0.47487, 0.45512, 0.45145, 0.0232, 0.02843, 0
0.44962, 0.43985, 0.28599, 0.48092, 0.45426, 0.44795, 0.01619, 0.03258, 1
0.45868, 0.44519, 0.2841, 0.47421, 0.46244, 0.45442, 0.05902, 0.04761, 1
0.45129, 0.44481, 0.31375, 0.47189, 0.45962, 0.45641, 0.05941, 0.05041, 0
0.45405, 0.44526, 0.23216, 0.48043, 0.45597, 0.44681, 0.02727, 0.03553, 1
0.44439, 0.43576, 0.178, 0.48572, 0.44417, 0.43764, 0.04288, 0.01251, 0
0.45105, 0.44344, 0.21464, 0.47248, 0.45778, 0.45366, 0.03213, 0.0241, 0
0.4501, 0.44956, 0.25467, 0.47381, 0.46101, 0.45751, 0.14025, 0.14773, 0
0.46404, 0.45116, 0.26984, 0.47021, 0.4757, 0.47552, 0.05047, 0.02724, 1
0.46032, 0.44322, 0.27903, 0.47391, 0.46683, 0.456, 0.08577, 0.03268, 1
0.44377, 0.4378, 0.19778, 0.48247, 0.44533, 0.44531, 0.02641, 0.02918, 0
0.44421, 0.43621, 0.20236, 0.47672, 0.45265, 0.44681, 0.033, 0.01104, 0
0.45065, 0.44389, 0.178, 0.48174, 0.45304, 0.44695, 0.0173, 0.02099, 1
0.4525, 0.44476, 0.24632, 0.47062, 0.45896, 0.45512, 0.03456, 0.03942, 0
0.44396, 0.43671, 0.18382, 0.47944, 0.45093, 0.44726, 0.03688, 0.04697, 0
0.44117, 0.43738, 0.19187, 0.48402, 0.44693, 0.44333, 0.06075, 0.08246, 0
0.46205, 0.45368, 0.21152, 0.46755, 0.46834, 0.46511, 0.07293, 0.12016, 1
0.4576, 0.44499, 0.2945, 0.4699, 0.46409, 0.45676, 0.03677, 0.05413, 1
0.44201, 0.43469, 0.31241, 0.48736, 0.44604, 0.43735, 0.03182, 0.02894, 0
0.44724, 0.4376, 0.30295, 0.48472, 0.4506, 0.44413, 0.02833, 0.02894, 0
0.44694, 0.43914, 0.5095, 0.4825, 0.45262, 0.44817, 0.01975, 0.02858, 0
0.449, 0.44209, 0.49773, 0.4831, 0.45093, 0.44252, 0.0058, 0.00485, 1
0.4548, 0.44482, 0.41968, 0.47847, 0.4576, 0.45313, 0.02321, 0.03027, 1
0.45146, 0.44437, 0.36478, 0.47226, 0.45721, 0.45382, 0.03749, 0.02154, 0
0.45552, 0.44391, 0.18034, 0.47093, 0.46501, 0.46072, 0.01522, 0.01213, 1
0.45204, 0.44391, 0.17157, 0.48307, 0.44872, 0.43882, 0.04739, 0.03725, 1
0.45966, 0.45026, 0.16903, 0.48027, 0.45712, 0.45299, 0.05553, 0.118, 1
0.50869, 0.48761, 0.17355, 0.46498, 0.51505, 0.50774, 0.23316, 0.31184, 1
0.44847, 0.44027, 0.12848, 0.48272, 0.45452, 0.44486, 0.00439, 0.01516, 0
0.44485, 0.43891, 0.13336, 0.48569, 0.44951, 0.44431, 0.02879, 0.02951, 0
0.41689, 0.40496, 0.43904, 0.48337, 0.42606, 0.42287, 0.17874, 0.17588, 0
0.44856, 0.43849, 0.39938, 0.47973, 0.45531, 0.44521, 0.02282, 0.01869, 0
0.44756, 0.43603, 0.22881, 0.48509, 0.44669, 0.43884, 0.0771, 0.10199, 1
0.44517, 0.43872, 0.23045, 0.48535, 0.4452, 0.43776, 0.01512, 0.01094, 0
0.42652, 0.42644, 0.32209, 0.4839, 0.4268, 0.41801, 0.07357, 0.02685, 0
0.44969, 0.44253, 0.31451, 0.47868, 0.45312, 0.44058, 0.00993, 0.04769, 1
0.46202, 0.44343, 0.10714, 0.4733, 0.47465, 0.48101, 0.02168, 0.0495, 1
0.45447, 0.44433, 0.10227, 0.47402, 0.46502, 0.45242, 0.02136, 0.04398, 1
0.44965, 0.43939, 0.10262, 0.47572, 0.45927, 0.44996, 0.00945, 0.0272, 0
0.44879, 0.43871, 0.10726, 0.48247, 0.45545, 0.44724, 0.01774, 0.01727, 0
0.44578, 0.43939, 0.17672, 0.48312, 0.44954, 0.44603, 0.02408, 0.01434, 0
0.49272, 0.47958, 0.22046, 0.46716, 0.4976, 0.49569, 0.18608, 0.21087, 1
0.4443, 0.4235, 0.22582, 0.48053, 0.44623, 0.44345, 0.17719, 0.19743, 1
0.44648, 0.43732, 0.38898, 0.48135, 0.45081, 0.44679, 0.02291, 0.05959, 0
0.44969, 0.44096, 0.26491, 0.4767, 0.45742, 0.44678, 0.00582, 0.02573, 0
0.46743, 0.44484, 0.28716, 0.47102, 0.48224, 0.48316, 0.06355, 0.05372, 1
0.45463, 0.44392, 0.31149, 0.47755, 0.45583, 0.44761, 0.04393, 0.04693, 1
0.44549, 0.43663, 0.30714, 0.48397, 0.44695, 0.44127, 0.03454, 0.08224, 0
0.44934, 0.43663, 0.10554, 0.48441, 0.44887, 0.43546, 0.10146, 0.02946, 1
0.44641, 0.43459, 0.11074, 0.4837, 0.44283, 0.43096, 0.10558, 0.05042, 1
0.43826, 0.4346, 0.11548, 0.48502, 0.43737, 0.42904, 0.03318, 0.05256, 0
0.45316, 0.44276, 0.36944, 0.47089, 0.46187, 0.45706, 0.01521, 0.06353, 0
0.45381, 0.44299, 0.36779, 0.47162, 0.46256, 0.45652, 0.00948, 0.00866, 1
0.45132, 0.44141, 0.28379, 0.47817, 0.45511, 0.44928, 0.0132, 0.03399, 1
0.45021, 0.43847, 0.29211, 0.48395, 0.45023, 0.43765, 0.08405, 0.10987, 1
0.44265, 0.43622, 0.29393, 0.48567, 0.44307, 0.43369, 0.03049, 0.07709, 0
0.44684, 0.44141, 0.29686, 0.48307, 0.44885, 0.44381, 0.02078, 0.04734, 0
0.45512, 0.44209, 0.30575, 0.47265, 0.4628, 0.45736, 0.02682, 0.09237, 1
0.44286, 0.43396, 0.30672, 0.48351, 0.4466, 0.43641, 0.04375, 0.09712, 0
0.42016, 0.41056, 0.33758, 0.48023, 0.4302, 0.43795, 0.14898, 0.16697, 0
0.47452, 0.45338, 0.32066, 0.47174, 0.4796, 0.46844, 0.12429, 0.08571, 1
0.43684, 0.42969, 0.17459, 0.48692, 0.44174, 0.43945, 0.05624, 0.04409, 0
0.45227, 0.44164, 0.20167, 0.47838, 0.45732, 0.45051, 0.01924, 0.02326, 1
0.43965, 0.43136, 0.25816, 0.48732, 0.43955, 0.42919, 0.06728, 0.07657, 0
0.45919, 0.45055, 0.26908, 0.47853, 0.4599, 0.45716, 0.04558, 0.00244, 1
0.44143, 0.43251, 0.27793, 0.48465, 0.44418, 0.44152, 0.04341, 0.00422, 0
0.44665, 0.4325, 0.33344, 0.47747, 0.45279, 0.44844, 0.06793, 0.10217, 0
0.44626, 0.43707, 0.31991, 0.481, 0.45057, 0.44096, 0.02504, 0.01756, 0
0.45383, 0.44118, 0.2824, 0.47294, 0.46219, 0.45706, 0.01921, 0.05731, 1
0.45136, 0.44568, 0.50738, 0.47306, 0.45992, 0.45487, 0.06389, 0.03765, 0
0.45532, 0.44276, 0.54971, 0.4707, 0.46354, 0.45828, 0.01855, 0.03459, 1
0.48917, 0.48043, 0.58678, 0.46722, 0.49918, 0.4974, 0.20677, 0.24363, 1
0.45717, 0.44726, 0.53798, 0.47785, 0.4605, 0.44533, 0.03817, 0.0478, 1
0.43734, 0.42949, 0.42777, 0.48409, 0.44341, 0.43974, 0.05655, 0.05192, 0
0.42565, 0.4284, 0.18549, 0.48532, 0.42217, 0.41899, 0.09003, 0.0368, 0
0.4438, 0.436, 0.23919, 0.48265, 0.44939, 0.44436, 0.02829, 0.02954, 0
0.44749, 0.43263, 0.25526, 0.48126, 0.44734, 0.44464, 0.11317, 0.1197, 1
0.44833, 0.43983, 0.22708, 0.47438, 0.4577, 0.4516, 0.0272, 0.02732, 0
0.45523, 0.44502, 0.24646, 0.46782, 0.4633, 0.45721, 0.01936, 0.01667, 1
0.44746, 0.43569, 0.34196, 0.47302, 0.46492, 0.46855, 0.05977, 0.08625, 0
0.45323, 0.44416, 0.33225, 0.48057, 0.45448, 0.45038, 0.02239, 0.05679, 1
0.46037, 0.44576, 0.31496, 0.47159, 0.46378, 0.45869, 0.06145, 0.06996, 1
0.44283, 0.43569, 0.30226, 0.47542, 0.45363, 0.4501, 0.05977, 0.09109, 0
0.45956, 0.44806, 0.2794, 0.46946, 0.47191, 0.46831, 0.0452, 0.07814, 1
0.48771, 0.46251, 0.27511, 0.47208, 0.48694, 0.47122, 0.22943, 0.24193, 1
0.45027, 0.4421, 0.19989, 0.48319, 0.45419, 0.44496, 0.01231, 0.02088, 1
0.46201, 0.44989, 0.24197, 0.47286, 0.46457, 0.45857, 0.05688, 0.10199, 1
0.45489, 0.44416, 0.25064, 0.47441, 0.45878, 0.45148, 0.02869, 0.03225, 1
0.45515, 0.44279, 0.22855, 0.47235, 0.46556, 0.45955, 0.01232, 0.01711, 1
0.4445, 0.43683, 0.23111, 0.47779, 0.45321, 0.44496, 0.02976, 0.02172, 0
0.4152, 0.36232, 0.33743, 0.48104, 0.41203, 0.3997, 0.71585, 0.73749, 0
0.44985, 0.4482, 0.33301, 0.47881, 0.45373, 0.46464, 0.10227, 0.04229, 0
0.44383, 0.43801, 0.22424, 0.47548, 0.45409, 0.45339, 0.07353, 0.0691, 0
0.44619, 0.43801, 0.14346, 0.47951, 0.45181, 0.44502, 0.01577, 0.01345, 0
0.45627, 0.4464, 0.13766, 0.4776, 0.46034, 0.45326, 0.02843, 0.03608, 1
0.46546, 0.45188, 0.22275, 0.47176, 0.46888, 0.46251, 0.06765, 0.10006, 1
0.43737, 0.43418, 0.24952, 0.48179, 0.43817, 0.42997, 0.03509, 0.02445, 0
0.44947, 0.43784, 0.22323, 0.47406, 0.45919, 0.45186, 0.01707, 0.03327, 0
0.44585, 0.43874, 0.21631, 0.48576, 0.45032, 0.44592, 0.02049, 0.00856, 0
0.45014, 0.4423, 0.20824, 0.47408, 0.45712, 0.45402, 0.0321, 0.05209, 0
0.71156, 0.6944, 0.25712, 0.28075, 0.71884, 0.70244, 0.04947, 0.06156, 1
0.44699, 0.4423, 0.24832, 0.47315, 0.4655, 0.46028, 0.13295, 0.10146, 0
0.44107, 0.43246, 0.23442, 0.48199, 0.44699, 0.43302, 0.04862, 0.06589, 0
0.46531, 0.44637, 0.25975, 0.47157, 0.49165, 0.49, 0.04368, 0.03869, 1
0.50942, 0.47477, 0.24777, 0.47154, 0.51405, 0.48658, 0.33073, 0.37499, 1
0.44496, 0.44632, 0.21205, 0.48308, 0.43287, 0.4161, 0.02651, 0.03224, 1
0.45402, 0.44631, 0.25162, 0.48139, 0.45259, 0.44835, 0.02642, 0.0234, 0
0.43998, 0.43696, 0.41637, 0.48567, 0.44082, 0.43434, 0.0376, 0.03109, 1
0.17898, 0.17274, 0.42072, 0.53502, 0.1785, 0.17914, 0.06055, 0.08827, 1
0.53678, 0.52422, 0.48459, 0.40891, 0.54424, 0.53675, 0.0228, 0.03263, 1
0.47167, 0.45517, 0.46256, 0.46822, 0.47688, 0.46952, 0.09575, 0.10643, 1
0.44654, 0.41783, 0.36291, 0.48229, 0.43878, 0.43132, 0.3349, 0.30218, 0
0.4451, 0.43714, 0.18061, 0.47503, 0.45401, 0.45146, 0.04234, 0.05189, 0
0.45832, 0.44573, 0.30201, 0.47372, 0.47413, 0.4607, 0.02224, 0.01746, 0
0.39297, 0.37205, 0.31171, 0.48724, 0.36574, 0.33121, 0.58172, 0.61269, 0
0.43986, 0.43444, 0.31127, 0.48276, 0.44495, 0.44015, 0.04972, 0.07705, 0
0.4553, 0.44661, 0.21456, 0.47365, 0.46516, 0.46352, 0.05899, 0.06676, 0
0.47038, 0.4539, 0.14407, 0.46939, 0.48804, 0.48504, 0.06421, 0.13728, 0
0.45441, 0.44663, 0.22376, 0.47172, 0.46458, 0.46289, 0.06269, 0.07142, 1
0.48417, 0.4518, 0.28659, 0.48134, 0.45762, 0.42656, 0.48412, 0.54332, 0
0.45467, 0.4405, 0.32183, 0.47609, 0.45848, 0.44913, 0.07073, 0.06128, 0
0.4423, 0.43821, 0.32674, 0.48227, 0.44906, 0.44346, 0.06088, 0.02952, 1
0.45307, 0.44004, 0.27848, 0.47814, 0.45722, 0.45273, 0.04805, 0.02963, 0
0.4345, 0.43639, 0.1627, 0.48025, 0.44292, 0.43682, 0.12618, 0.03795, 0
0.45474, 0.44484, 0.15244, 0.47891, 0.45739, 0.44567, 0.03865, 0.01903, 0
0.44606, 0.43366, 0.11134, 0.48265, 0.44544, 0.44388, 0.06933, 0.01114, 0
0.16097, 0.15279, 0.09852, 0.53187, 0.16939, 0.18105, 0.0132, 0.03171, 0
0.45601, 0.44072, 0.12872, 0.47569, 0.46317, 0.45625, 0.06171, 0.08996, 0
0.51249, 0.49446, 0.24052, 0.47236, 0.51122, 0.51844, 0.26229, 0.30763, 1
0.441, 0.43316, 0.19701, 0.4796, 0.45073, 0.44676, 0.05061, 0.0729, 0
0.45682, 0.44572, 0.3628, 0.47198, 0.46445, 0.45588, 0.02319, 0.04303, 1
0.45908, 0.44777, 0.38805, 0.47473, 0.46273, 0.45395, 0.04526, 0.04071, 1
0.44074, 0.43417, 0.38914, 0.48642, 0.4406, 0.43295, 0.03791, 0.06049, 0
0.45536, 0.44118, 0.38916, 0.47349, 0.45947, 0.45491, 0.05305, 0.08163, 0
0.4596, 0.44889, 0.31468, 0.46729, 0.46425, 0.45848, 0.0389, 0.05236, 0
0.43965, 0.43121, 0.30843, 0.48548, 0.44625, 0.44241, 0.0487, 0.0544, 1
0.44871, 0.43869, 0.26946, 0.47491, 0.45601, 0.45147, 0.01331, 0.01979, 1
0.45599, 0.44481, 0.19501, 0.47707, 0.45949, 0.4512, 0.03835, 0.03611, 0
0.45114, 0.44209, 0.13168, 0.47471, 0.45746, 0.45395, 0.01578, 0.0064, 1
0.4605, 0.44753, 0.11838, 0.47228, 0.46388, 0.45821, 0.05486, 0.08126, 1
0.43968, 0.44096, 0.36079, 0.48388, 0.43418, 0.42132, 0.02838, 0.05189, 1
0.44786, 0.4405, 0.24143, 0.47674, 0.45524, 0.45463, 0.04365, 0.04846, 1
0.45966, 0.4482, 0.15288, 0.47343, 0.46353, 0.45833, 0.04187, 0.02742, 1
0.443, 0.43542, 0.2849, 0.48054, 0.44974, 0.44661, 0.0374, 0.03709, 1
0.4508, 0.44234, 0.20594, 0.48219, 0.45355, 0.44619, 0.01111, 0.04043, 0
0.44783, 0.44049, 0.17638, 0.48441, 0.44788, 0.44104, 0.01385, 0.06484, 1
0.4435, 0.44003, 0.15367, 0.48045, 0.44914, 0.44898, 0.07512, 0.02122, 0
0.46198, 0.44786, 0.15063, 0.47265, 0.46634, 0.4561, 0.06778, 0.03857, 1
0.44992, 0.44326, 0.14274, 0.47385, 0.4613, 0.46461, 0.08717, 0.11046, 0
0.47711, 0.4569, 0.19876, 0.46961, 0.48404, 0.47139, 0.13214, 0.07394, 1
0.46589, 0.46467, 0.2381, 0.47109, 0.47389, 0.47117, 0.17607, 0.14022, 1
0.46693, 0.44141, 0.23848, 0.47922, 0.46393, 0.44122, 0.26971, 0.15996, 0
0.43951, 0.4291, 0.22066, 0.48324, 0.44267, 0.44167, 0.06196, 0.04259, 1
0.44829, 0.44232, 0.25202, 0.48311, 0.44698, 0.4403, 0.01099, 0.01516, 0
0.44266, 0.4334, 0.2982, 0.47767, 0.45344, 0.44163, 0.03758, 0.01064, 1
0.38758, 0.38973, 0.28764, 0.49047, 0.38684, 0.38318, 0.24934, 0.24065, 0
0.45957, 0.46772, 0.28362, 0.47675, 0.4654, 0.46757, 0.26613, 0.23541, 1
0.46911, 0.4581, 0.20007, 0.46736, 0.47877, 0.47989, 0.09364, 0.06546, 0
0.45739, 0.4428, 0.24255, 0.48109, 0.456, 0.44308, 0.11446, 0.08027, 0
0.45069, 0.44118, 0.20286, 0.48057, 0.45334, 0.4515, 0.00774, 0.02714, 0
0.45389, 0.44258, 0.18305, 0.47404, 0.45885, 0.45192, 0.02796, 0.01979, 0
0.45549, 0.44072, 0.15177, 0.47986, 0.45659, 0.44602, 0.09696, 0.05569, 0
1.0, 1.0, 0.2696, 0.44968, 1.0, 1.0, 0.23953, 0.26045, 0
0.46135, 0.44072, 0.25281, 0.47474, 0.48993, 0.47917, 0.03494, 0.08102, 0
0.45419, 0.43659, 0.23964, 0.47345, 0.47267, 0.46682, 0.02348, 0.01123, 1
0.45451, 0.42858, 0.26304, 0.47971, 0.4515, 0.44802, 0.23215, 0.27257, 1
0.44841, 0.44301, 0.11722, 0.47923, 0.45306, 0.45149, 0.05051, 0.0, 0
0.39679, 0.39055, 0.11547, 0.48897, 0.40357, 0.39789, 0.24523, 0.19476, 1
0.42183, 0.41502, 0.12871, 0.48344, 0.42738, 0.41714, 0.12676, 0.05465, 1
0.41769, 0.41572, 0.11152, 0.48529, 0.42719, 0.4305, 0.15237, 0.1273, 1
0.43901, 0.42898, 0.1973, 0.47842, 0.45064, 0.43614, 0.05919, 0.06685, 0
0.40824, 0.41429, 0.22755, 0.48558, 0.41684, 0.42223, 0.21777, 0.21326, 1
0.4554, 0.44187, 0.2484, 0.48266, 0.43835, 0.41786, 0.22423, 0.13648, 0
0.43534, 0.42497, 0.24739, 0.48775, 0.43281, 0.42241, 0.11907, 0.17447, 1
0.44775, 0.44438, 0.24042, 0.48317, 0.44654, 0.43791, 0.02456, 0.01218, 1
0.47954, 0.46045, 0.22705, 0.46982, 0.48489, 0.47192, 0.13078, 0.13448, 0
0.44594, 0.43798, 0.16484, 0.48501, 0.44742, 0.44038, 0.02177, 0.01221, 1
0.48419, 0.47358, 0.17189, 0.46494, 0.4932, 0.49103, 0.16594, 0.12913, 0
0.43819, 0.421, 0.20749, 0.48253, 0.44179, 0.42535, 0.16896, 0.20128, 0
0.45098, 0.44233, 0.25436, 0.47247, 0.45844, 0.45372, 0.02184, 0.01296, 1
0.4488, 0.44164, 0.26307, 0.47804, 0.45506, 0.44954, 0.02697, 0.01944, 1
0.4538, 0.44394, 0.27493, 0.47135, 0.4595, 0.45441, 0.01331, 0.00735, 0
0.48595, 0.46397, 0.31542, 0.47285, 0.48372, 0.46795, 0.20672, 0.24109, 0
0.44613, 0.43452, 0.26402, 0.47594, 0.45277, 0.44801, 0.03649, 0.03239, 1
0.41849, 0.42651, 0.23299, 0.4785, 0.43611, 0.4526, 0.29233, 0.32181, 0
0.4608, 0.44738, 0.16867, 0.48115, 0.45264, 0.44551, 0.11337, 0.17387, 0
0.45175, 0.44072, 0.17442, 0.48175, 0.45441, 0.44718, 0.03843, 0.02822, 0
0.45515, 0.4483, 0.18083, 0.47379, 0.46035, 0.45705, 0.05008, 0.02758, 1
0.46008, 0.45037, 0.15075, 0.47089, 0.46973, 0.46263, 0.05395, 0.04881, 1
0.41952, 0.41372, 0.12463, 0.4902, 0.41887, 0.41153, 0.13796, 0.12963, 1
0.43239, 0.42201, 0.1477, 0.48573, 0.42056, 0.41206, 0.17847, 0.18969, 0
0.45041, 0.44392, 0.16048, 0.48205, 0.44344, 0.44111, 0.02644, 0.03802, 0
0.45568, 0.44415, 0.23809, 0.47835, 0.45821, 0.44913, 0.04618, 0.06695, 1
0.48796, 0.46696, 0.33797, 0.46835, 0.50509, 0.49821, 0.12649, 0.11738, 0
0.44989, 0.44095, 0.38749, 0.47433, 0.46497, 0.45485, 0.04051, 0.02794, 1
0.43046, 0.42415, 0.41535, 0.48926, 0.43361, 0.43057, 0.08219, 0.06872, 1
0.4459, 0.4398, 0.26709, 0.47711, 0.45198, 0.44703, 0.03899, 0.04252, 1
0.45412, 0.44509, 0.25255, 0.47247, 0.46032, 0.45498, 0.0256, 0.01915, 0
0.45438, 0.44301, 0.29574, 0.47242, 0.46238, 0.45398, 0.01446, 0.02635, 1
0.44708, 0.43913, 0.29694, 0.48493, 0.44841, 0.4389, 0.02669, 0.01216, 1
0.41178, 0.40979, 0.29313, 0.48991, 0.41418, 0.41204, 0.15383, 0.18556, 1
0.46829, 0.46332, 0.29799, 0.47314, 0.47229, 0.4725, 0.12594, 0.16612, 0
0.45123, 0.44187, 0.26555, 0.47803, 0.4567, 0.44637, 0.00661, 0.01115, 0
0.45368, 0.44278, 0.1969, 0.47882, 0.45706, 0.4501, 0.03331, 0.02078, 0
0.44514, 0.43753, 0.09703, 0.47961, 0.45192, 0.44761, 0.02887, 0.00643, 1
0.53242, 0.50791, 0.12736, 0.47205, 0.52137, 0.50092, 0.38447, 0.42029, 0
0.35004, 0.34939, 0.12759, 0.49002, 0.35624, 0.35807, 0.44298, 0.47039, 1
0.42995, 0.39991, 0.13804, 0.48338, 0.41787, 0.40227, 0.4149, 0.45933, 1
0.44677, 0.44549, 0.14081, 0.48191, 0.43371, 0.42811, 0.05876, 0.08913, 1
0.42986, 0.43304, 0.19757, 0.48093, 0.43768, 0.4294, 0.15263, 0.1385, 0
0.43529, 0.45438, 0.21932, 0.47434, 0.46441, 0.4825, 0.51361, 0.52028, 1
0.44373, 0.43389, 0.17455, 0.479, 0.44646, 0.43711, 0.04917, 0.09835, 1
0.44681, 0.43708, 0.18871, 0.48098, 0.45004, 0.44209, 0.03959, 0.08208, 1
0.45298, 0.44413, 0.28081, 0.46747, 0.45768, 0.45394, 0.01707, 0.01052, 1
0.45252, 0.44435, 0.17235, 0.47627, 0.45728, 0.45353, 0.02151, 0.03421, 0
0.44656, 0.43802, 0.17023, 0.47973, 0.45268, 0.44983, 0.02151, 0.02301, 0
0.40607, 0.38608, 0.41046, 0.487, 0.38864, 0.3572, 0.4708, 0.44342, 1
0.44257, 0.43937, 0.41635, 0.48054, 0.43872, 0.44612, 0.04631, 0.02615, 1
0.44474, 0.43642, 0.4046, 0.47732, 0.44772, 0.45147, 0.03103, 0.05078, 1
0.44742, 0.43982, 0.41356, 0.47473, 0.45489, 0.45065, 0.03478, 0.03962, 0
0.46487, 0.45005, 0.41087, 0.47232, 0.46786, 0.45767, 0.08553, 0.11525, 0
0.47681, 0.46187, 0.30889, 0.47352, 0.47621, 0.46429, 0.13142, 0.15759, 0
0.45499, 0.4459, 0.38407, 0.47326, 0.46078, 0.45772, 0.02627, 0.03998, 1
0.43738, 0.42975, 0.36154, 0.4888, 0.44167, 0.43597, 0.05546, 0.01265, 1
0.45333, 0.44276, 0.33917, 0.4719, 0.46072, 0.45636, 0.00945, 0.03239, 1
0.45253, 0.44478, 0.34028, 0.47373, 0.45875, 0.45241, 0.02842, 0.0243, 0
0.44915, 0.44163, 0.31187, 0.47809, 0.45439, 0.45187, 0.02633, 0.01455, 1
0.45091, 0.44051, 0.29092, 0.47443, 0.45578, 0.45119, 0.01352, 0.00633, 0
0.46142, 0.45531, 0.26643, 0.47403, 0.46524, 0.45771, 0.07692, 0.05623, 0
0.44828, 0.445, 0.24796, 0.47286, 0.46359, 0.46535, 0.14944, 0.13307, 0
0.45168, 0.44569, 0.24045, 0.47255, 0.46961, 0.46348, 0.11137, 0.16149, 0
0.43725, 0.43198, 0.21293, 0.48331, 0.44478, 0.43868, 0.05935, 0.06478, 1
0.45966, 0.45152, 0.20555, 0.46997, 0.46633, 0.4595, 0.05822, 0.06486, 0
0.44838, 0.43782, 0.19184, 0.47986, 0.45324, 0.44711, 0.02931, 0.0374, 1
0.44275, 0.43489, 0.21282, 0.48092, 0.44971, 0.44779, 0.04017, 0.0424, 1
0.4531, 0.43939, 0.19145, 0.47853, 0.45588, 0.44792, 0.06818, 0.05991, 0
0.4621, 0.44906, 0.18041, 0.46926, 0.47053, 0.46866, 0.03807, 0.03585, 0
0.4455, 0.43421, 0.18816, 0.4764, 0.45405, 0.45119, 0.03494, 0.06054, 0
0.4538, 0.44231, 0.17598, 0.48081, 0.45569, 0.4441, 0.06229, 0.06011, 0
0.45491, 0.44569, 0.15642, 0.46927, 0.46285, 0.4602, 0.03713, 0.06632, 0
0.43219, 0.42611, 0.17988, 0.48637, 0.43795, 0.43742, 0.07676, 0.04405, 0
0.45365, 0.44388, 0.18441, 0.47791, 0.45675, 0.455, 0.01353, 0.0, 0
0.44962, 0.44096, 0.1745, 0.47809, 0.45364, 0.44888, 0.00217, 0.0, 1
0.44944, 0.44163, 0.1982, 0.47257, 0.46036, 0.45446, 0.04519, 0.06026, 0
0.45434, 0.44164, 0.27992, 0.47412, 0.47017, 0.47453, 0.06819, 0.0523, 0
0.44986, 0.44322, 0.26255, 0.48309, 0.45267, 0.44174, 0.01001, 0.05055, 1
0.44678, 0.43689, 0.17969, 0.47612, 0.45284, 0.44722, 0.02149, 0.02717, 1
0.42623, 0.41081, 0.19817, 0.48701, 0.41528, 0.39869, 0.26753, 0.30035, 0
0.4528, 0.44231, 0.23541, 0.47654, 0.46039, 0.44352, 0.02516, 0.04112, 1
0.44243, 0.43531, 0.29898, 0.48426, 0.44911, 0.44599, 0.03876, 0.02736, 1
0.44968, 0.43807, 0.47824, 0.47426, 0.45726, 0.45132, 0.02117, 0.08729, 0
0.43984, 0.42833, 0.46239, 0.48489, 0.42376, 0.40042, 0.22717, 0.27373, 0
0.38459, 0.40618, 0.43523, 0.4834, 0.3977, 0.41587, 0.42057, 0.45948, 1
0.43983, 0.44163, 0.39704, 0.48027, 0.43556, 0.42299, 0.026, 0.02325, 0
0.44722, 0.43697, 0.22003, 0.47692, 0.45432, 0.44768, 0.02234, 0.01876, 1
0.44855, 0.43427, 0.21965, 0.47497, 0.46599, 0.46686, 0.03341, 0.02969, 1
0.47787, 0.46438, 0.23527, 0.47223, 0.48023, 0.47673, 0.11584, 0.08977, 0
0.43878, 0.42472, 0.23582, 0.48378, 0.44094, 0.43797, 0.11676, 0.08435, 0
0.44365, 0.44208, 0.16214, 0.48016, 0.44599, 0.43063, 0.04495, 0.04064, 1
0.45288, 0.4423, 0.13571, 0.47544, 0.45597, 0.45024, 0.02483, 0.01858, 0
0.44128, 0.43202, 0.11813, 0.47694, 0.45129, 0.43818, 0.04425, 0.04819, 1
0.47164, 0.45741, 0.15036, 0.46955, 0.47294, 0.46667, 0.09721, 0.10802, 1
0.45202, 0.44274, 0.2092, 0.47797, 0.45749, 0.44956, 0.00774, 0.01423, 0
0.45476, 0.44296, 0.21436, 0.47852, 0.45766, 0.45037, 0.04542, 0.03344, 0
0.45298, 0.44519, 0.20306, 0.47951, 0.45653, 0.45024, 0.02069, 0.04214, 1
0.44449, 0.43584, 0.17798, 0.47591, 0.45475, 0.459, 0.06485, 0.01556, 1
0.45609, 0.43985, 0.30358, 0.47202, 0.46806, 0.47084, 0.01619, 0.08908, 0
0.45466, 0.44407, 0.26496, 0.48009, 0.45733, 0.45078, 0.03452, 0.05383, 1
