@relation /home/othavioaset_perfeito_keel
@attribute EMA_3 real [-0.01, 1.01]
@attribute SMA_3 real [-0.01, 1.01]
@attribute ADXR real [-0.01, 1.01]
@attribute Bollinger_Norm real [-0.01, 1.01]
@attribute EMA_5 real [-0.01, 1.01]
@attribute SMA_5 real [-0.01, 1.01]
@attribute std_close3 real [-0.01, 1.01]
@attribute std_open3 real [-0.01, 1.01]
@attribute trend {0, 1}
@inputs EMA_3, SMA_3, ADXR, Bollinger_Norm, EMA_5, SMA_5, std_close3, std_open3
@outputs trend
@data
0.44872, 0.44056, 0.3979, 0.47626, 0.45443, 0.45011, 0.0158, 0.05401, 0
0.46866, 0.45111, 0.38592, 0.46992, 0.47419, 0.46552, 0.09576, 0.07284, 0
0.44885, 0.44098, 0.30561, 0.47317, 0.4612, 0.45726, 0.05712, 0.04136, 0
0.45342, 0.44367, 0.29948, 0.47081, 0.46554, 0.46154, 0.03994, 0.01753, 1
0.44516, 0.43663, 0.26684, 0.48033, 0.45217, 0.44308, 0.02198, 0.02174, 1
0.45507, 0.44595, 0.26335, 0.47562, 0.4606, 0.45199, 0.02306, 0.00963, 0
0.42567, 0.42358, 0.26676, 0.48252, 0.43801, 0.43794, 0.13549, 0.16562, 1
0.46412, 0.44821, 0.32139, 0.47064, 0.47147, 0.46577, 0.06196, 0.17487, 1
0.45211, 0.42933, 0.3219, 0.47668, 0.45643, 0.44863, 0.17684, 0.23671, 1
0.44414, 0.44302, 0.29806, 0.47279, 0.46631, 0.46871, 0.21045, 0.28073, 0
0.45246, 0.44344, 0.26614, 0.47446, 0.46094, 0.45892, 0.03106, 0.04079, 0
0.44987, 0.44301, 0.384, 0.47989, 0.45185, 0.4511, 0.02064, 0.03773, 0
0.45488, 0.44322, 0.36575, 0.47091, 0.46596, 0.4633, 0.02264, 0.01084, 0
0.46898, 0.45278, 0.3564, 0.4719, 0.47269, 0.45961, 0.10321, 0.12217, 0
0.11671, 0.10823, 0.35602, 0.56383, 0.11485, 0.11115, 0.10279, 0.10202, 0
0.47455, 0.46377, 0.38117, 0.47545, 0.47463, 0.46166, 0.11604, 0.15629, 0
0.44848, 0.44222, 0.38119, 0.47463, 0.45733, 0.46003, 0.0677, 0.08674, 0
0.44879, 0.44264, 0.38987, 0.4725, 0.45919, 0.45727, 0.07139, 0.04938, 1
0.46407, 0.44657, 0.37344, 0.47828, 0.46259, 0.44735, 0.14778, 0.11524, 0
0.43496, 0.42671, 0.35593, 0.48704, 0.43334, 0.41991, 0.09828, 0.11015, 0
0.47008, 0.45402, 0.15884, 0.47944, 0.46436, 0.45237, 0.15486, 0.26233, 1
0.43941, 0.4352, 0.13203, 0.48512, 0.43045, 0.41986, 0.06075, 0.05059, 0
0.45028, 0.44139, 0.13475, 0.47371, 0.45448, 0.45111, 0.00869, 0.08479, 0
0.43602, 0.42857, 0.22329, 0.48748, 0.43756, 0.42567, 0.07088, 0.05995, 0
0.45881, 0.44843, 0.26873, 0.47882, 0.45538, 0.4599, 0.04569, 0.01447, 0
0.44942, 0.44304, 0.35953, 0.47815, 0.45408, 0.45525, 0.05431, 0.08972, 0
0.44747, 0.43247, 0.34494, 0.48326, 0.44339, 0.43363, 0.13511, 0.12105, 0
0.45453, 0.44492, 0.36332, 0.47777, 0.4561, 0.45603, 0.01933, 0.05436, 0
0.4563, 0.44555, 0.35141, 0.4705, 0.46764, 0.46764, 0.04831, 0.01017, 1
0.44566, 0.43935, 0.42838, 0.47706, 0.45413, 0.44369, 0.03686, 0.02141, 1
0.46111, 0.44343, 0.38671, 0.47374, 0.47014, 0.47817, 0.0374, 0.10655, 1
0.45424, 0.44322, 0.18132, 0.47219, 0.46229, 0.46122, 0.01196, 0.0152, 1
0.45099, 0.44057, 0.19858, 0.48312, 0.45414, 0.44481, 0.03584, 0.07601, 1
0.45504, 0.44403, 0.21051, 0.48189, 0.45564, 0.44592, 0.05612, 0.07073, 1
0.41563, 0.41188, 0.20907, 0.4794, 0.42993, 0.43173, 0.16164, 0.17487, 0
0.45716, 0.44159, 0.21111, 0.47332, 0.47141, 0.46794, 0.00394, 0.07196, 0
0.45944, 0.45183, 0.23095, 0.47136, 0.47698, 0.46983, 0.11171, 0.06428, 1
0.44977, 0.44752, 0.25167, 0.4753, 0.46241, 0.46028, 0.13849, 0.17776, 0
0.45226, 0.44222, 0.28382, 0.47338, 0.45677, 0.45363, 0.0053, 0.00585, 0
0.46043, 0.44531, 0.31251, 0.48018, 0.4598, 0.44986, 0.10546, 0.10687, 0
0.44763, 0.44428, 0.30524, 0.48129, 0.45082, 0.44536, 0.05552, 0.03241, 1
0.45184, 0.44304, 0.29542, 0.47774, 0.45602, 0.45412, 0.01504, 0.02669, 1
0.44835, 0.43994, 0.20077, 0.47472, 0.45688, 0.45675, 0.03848, 0.04403, 1
0.44548, 0.43829, 0.19778, 0.48382, 0.44911, 0.44423, 0.01737, 0.05398, 0
0.42832, 0.41019, 0.14796, 0.48639, 0.41929, 0.40695, 0.27567, 0.06503, 0
0.44564, 0.43791, 0.222, 0.4847, 0.44156, 0.43807, 0.03771, 0.01432, 1
0.44216, 0.43584, 0.41366, 0.48591, 0.44692, 0.44364, 0.03525, 0.03894, 0
0.43049, 0.4268, 0.35455, 0.48328, 0.43881, 0.4328, 0.09073, 0.10942, 0
0.49393, 0.48739, 0.3141, 0.4713, 0.53062, 0.55182, 0.40416, 0.47153, 0
0.45232, 0.44118, 0.51628, 0.48094, 0.45516, 0.44387, 0.05266, 0.05594, 1
0.33431, 0.3406, 0.46918, 0.4908, 0.33618, 0.33122, 0.48547, 0.57067, 1
0.42473, 0.4177, 0.09591, 0.48934, 0.42642, 0.42051, 0.11673, 0.16807, 1
0.47042, 0.46261, 0.09983, 0.47721, 0.46883, 0.46106, 0.10391, 0.08346, 1
0.42881, 0.42719, 0.12258, 0.48471, 0.42632, 0.42783, 0.07857, 0.10914, 0
0.46536, 0.45397, 0.12587, 0.46888, 0.47433, 0.47743, 0.07186, 0.02578, 1
0.43557, 0.43281, 0.14767, 0.48577, 0.43935, 0.43083, 0.05343, 0.16934, 1
0.46282, 0.45627, 0.13545, 0.47022, 0.47456, 0.47081, 0.11936, 0.07168, 1
0.45915, 0.44286, 0.13744, 0.4727, 0.46798, 0.46649, 0.04624, 0.05267, 1
0.45706, 0.44829, 0.12023, 0.47701, 0.46007, 0.45581, 0.03446, 0.05192, 0
0.47276, 0.4613, 0.20349, 0.469, 0.47613, 0.46738, 0.09865, 0.11619, 0
0.46088, 0.45502, 0.19842, 0.47249, 0.46741, 0.46142, 0.08497, 0.05703, 1
0.45688, 0.44746, 0.17065, 0.48085, 0.45593, 0.45087, 0.04366, 0.03121, 0
0.45246, 0.44515, 0.16661, 0.48084, 0.45366, 0.45011, 0.01987, 0.02511, 1
0.45333, 0.44244, 0.16061, 0.4811, 0.45383, 0.44872, 0.03889, 0.01179, 0
0.65724, 0.65325, 0.27857, 0.42803, 0.67462, 0.67904, 0.20522, 0.3266, 0
0.45712, 0.44906, 0.26756, 0.47206, 0.46939, 0.45752, 0.05893, 0.04216, 0
0.45384, 0.44245, 0.33382, 0.47543, 0.46326, 0.45739, 0.00704, 0.07975, 0
0.4543, 0.44603, 0.30688, 0.4708, 0.4645, 0.45828, 0.04679, 0.03834, 1
0.44599, 0.43634, 0.27664, 0.47889, 0.4535, 0.44692, 0.02397, 0.03039, 0
0.45636, 0.44456, 0.2358, 0.4699, 0.46264, 0.45688, 0.02669, 0.05457, 1
0.43617, 0.42679, 0.2444, 0.48374, 0.41694, 0.41824, 0.17005, 0.19186, 0
0.43846, 0.43847, 0.26596, 0.48266, 0.43379, 0.44012, 0.07958, 0.02779, 0
0.45977, 0.44787, 0.32323, 0.47032, 0.4626, 0.461, 0.0367, 0.04638, 0
0.44835, 0.44056, 0.3497, 0.47306, 0.45867, 0.45531, 0.0508, 0.02573, 0
0.44704, 0.43743, 0.36124, 0.48258, 0.44197, 0.43306, 0.08896, 0.13274, 0
0.79045, 0.78734, 0.27257, 0.45906, 0.77138, 0.7421, 0.14954, 0.12585, 1
0.4537, 0.44468, 0.26988, 0.47391, 0.4557, 0.45896, 0.01893, 0.02309, 0
0.45443, 0.43995, 0.33079, 0.48199, 0.45094, 0.43964, 0.13083, 0.14481, 0
0.4454, 0.43668, 0.23167, 0.48122, 0.44541, 0.44875, 0.02173, 0.02656, 0
0.44542, 0.43502, 0.23845, 0.47531, 0.4558, 0.4531, 0.03435, 0.04776, 0
0.45013, 0.44411, 0.46252, 0.48038, 0.44707, 0.45759, 0.02528, 0.03918, 1
0.4427, 0.43744, 0.40998, 0.4843, 0.4424, 0.43888, 0.01938, 0.03947, 0
0.4541, 0.44369, 0.37712, 0.48035, 0.45711, 0.4491, 0.03039, 0.05995, 1
0.45427, 0.44579, 0.30274, 0.47073, 0.46882, 0.46584, 0.07341, 0.01609, 1
0.41312, 0.40922, 0.33413, 0.48959, 0.42227, 0.41757, 0.15855, 0.23407, 0
0.45988, 0.45652, 0.35609, 0.47344, 0.4697, 0.45813, 0.11615, 0.03555, 0
0.44792, 0.43769, 0.35056, 0.48426, 0.44745, 0.43792, 0.05908, 0.07167, 0
0.43838, 0.43544, 0.30916, 0.48313, 0.44423, 0.44364, 0.08044, 0.08523, 0
0.45169, 0.44118, 0.24354, 0.47237, 0.46036, 0.46069, 0.02402, 0.02654, 1
0.45131, 0.43872, 0.16715, 0.47359, 0.45918, 0.45658, 0.02087, 0.03439, 0
0.45429, 0.44139, 0.26895, 0.47387, 0.47019, 0.461, 0.00199, 0.01144, 0
0.47034, 0.48954, 0.43467, 0.47364, 0.49226, 0.50324, 0.5193, 0.46448, 1
0.48103, 0.45465, 0.45555, 0.47268, 0.49773, 0.49703, 0.08369, 0.11825, 0
0.4505, 0.43131, 0.47555, 0.47557, 0.46307, 0.46805, 0.09526, 0.09197, 0
0.44823, 0.44242, 0.41678, 0.47229, 0.45728, 0.46136, 0.08985, 0.05406, 1
0.43143, 0.42489, 0.39243, 0.47679, 0.44456, 0.44499, 0.10576, 0.09586, 1
0.42818, 0.42015, 0.36777, 0.48512, 0.43469, 0.42674, 0.10359, 0.12598, 0
0.45146, 0.44242, 0.33627, 0.47476, 0.46148, 0.45888, 0.04189, 0.04128, 1
0.26048, 0.23411, 0.22649, 0.50437, 0.24104, 0.22169, 0.43035, 0.49225, 0
0.45791, 0.45148, 0.59144, 0.47849, 0.45974, 0.45215, 0.05118, 0.10332, 1
0.43908, 0.4372, 0.53353, 0.47788, 0.44849, 0.45075, 0.11896, 0.11406, 0
0.44299, 0.43384, 0.22654, 0.48068, 0.44829, 0.44134, 0.03651, 0.07474, 1
0.43992, 0.4328, 0.17009, 0.4888, 0.44403, 0.43943, 0.04063, 0.02636, 1
0.44223, 0.4328, 0.41301, 0.48472, 0.4441, 0.43563, 0.06093, 0.01746, 1
0.45048, 0.43767, 0.19165, 0.47448, 0.46003, 0.45337, 0.02301, 0.09111, 1
0.44384, 0.43767, 0.28316, 0.4804, 0.44964, 0.45061, 0.04318, 0.0217, 1
0.44752, 0.43933, 0.28041, 0.47826, 0.45151, 0.45398, 0.02095, 0.04966, 1
0.43006, 0.4286, 0.26249, 0.48545, 0.43811, 0.43574, 0.10684, 0.1064, 1
0.17286, 0.1681, 0.24776, 0.5431, 0.1795, 0.18141, 0.01581, 0.00794, 0
0.4441, 0.43724, 0.19349, 0.48525, 0.44471, 0.43854, 0.02092, 0.03624, 0
0.44727, 0.4389, 0.1164, 0.47345, 0.45679, 0.45389, 0.04147, 0.04812, 0
0.44366, 0.43911, 0.13485, 0.48417, 0.44576, 0.44181, 0.0328, 0.04224, 0
0.43487, 0.43329, 0.14491, 0.48053, 0.44382, 0.44684, 0.12076, 0.1459, 0
0.46246, 0.44743, 0.16247, 0.46998, 0.47266, 0.47194, 0.0319, 0.01936, 0
0.45012, 0.4416, 0.15778, 0.48052, 0.44866, 0.44097, 0.03116, 0.05197, 1
0.45309, 0.44304, 0.15258, 0.48209, 0.45072, 0.44235, 0.05088, 0.03497, 1
0.44727, 0.4383, 0.17412, 0.47603, 0.45366, 0.45299, 0.02788, 0.08898, 1
0.46729, 0.44971, 0.23243, 0.47311, 0.48372, 0.46725, 0.0678, 0.12855, 1
0.46693, 0.45447, 0.27617, 0.47268, 0.46903, 0.46181, 0.07647, 0.07033, 0
0.43905, 0.42959, 0.29719, 0.48636, 0.43659, 0.42916, 0.0917, 0.02325, 1
0.45437, 0.44201, 0.37255, 0.48013, 0.45422, 0.44948, 0.05896, 0.09343, 0
0.44536, 0.43865, 0.53217, 0.48486, 0.44729, 0.44256, 0.01412, 0.04132, 0
0.38167, 0.36579, 0.55135, 0.47998, 0.40437, 0.40938, 0.36479, 0.47186, 1
0.45595, 0.43548, 0.52927, 0.47414, 0.47539, 0.46099, 0.04339, 0.07411, 1
0.45439, 0.44372, 0.46029, 0.47488, 0.46135, 0.45165, 0.02447, 0.02559, 1
0.48047, 0.47505, 0.27246, 0.47188, 0.50062, 0.52605, 0.2938, 0.43903, 0
0.45727, 0.43589, 0.26361, 0.47323, 0.47764, 0.49345, 0.02607, 0.04529, 1
0.45646, 0.44055, 0.24669, 0.47484, 0.46738, 0.44716, 0.06196, 0.03727, 0
0.36637, 0.37039, 0.22311, 0.49135, 0.36738, 0.36074, 0.34215, 0.35915, 0
0.44364, 0.43421, 0.18824, 0.47651, 0.45206, 0.44281, 0.03371, 0.03321, 0
0.44851, 0.44203, 0.15474, 0.48202, 0.45283, 0.44639, 0.02159, 0.0347, 0
0.44943, 0.44118, 0.14941, 0.48022, 0.45459, 0.45113, 0.01414, 0.03628, 0
0.44381, 0.43611, 0.15178, 0.47941, 0.45048, 0.44639, 0.03239, 0.00983, 1
0.45813, 0.44838, 0.1332, 0.46571, 0.46359, 0.4578, 0.03489, 0.04661, 0
0.45905, 0.44097, 0.26841, 0.47186, 0.47141, 0.46788, 0.0441, 0.04339, 1
0.46396, 0.4448, 0.20774, 0.47393, 0.47622, 0.46106, 0.0888, 0.02575, 1
0.45945, 0.44649, 0.20637, 0.48089, 0.45917, 0.43828, 0.11118, 0.10825, 1
0.45245, 0.44457, 0.21037, 0.48238, 0.44853, 0.44215, 0.04222, 0.08578, 0
0.45009, 0.43844, 0.2987, 0.47365, 0.45863, 0.45421, 0.01338, 0.19341, 1
0.45112, 0.43868, 0.33535, 0.4801, 0.45634, 0.44822, 0.05027, 0.03933, 1
0.46683, 0.46415, 0.25692, 0.46979, 0.47959, 0.48364, 0.20088, 0.19254, 1
0.45033, 0.42977, 0.18099, 0.47734, 0.45368, 0.44896, 0.14517, 0.10991, 0
0.43605, 0.43188, 0.19588, 0.48004, 0.4422, 0.43756, 0.05936, 0.05552, 1
0.4429, 0.43548, 0.24138, 0.48722, 0.44669, 0.43999, 0.02759, 0.0371, 0
0.44564, 0.44055, 0.24323, 0.4804, 0.45182, 0.44729, 0.05135, 0.01926, 1
0.44841, 0.44097, 0.246, 0.47935, 0.45372, 0.45267, 0.03004, 0.02732, 0
0.4497, 0.4414, 0.24807, 0.47622, 0.45651, 0.45626, 0.03006, 0.05199, 1
0.46204, 0.44901, 0.2622, 0.46884, 0.46606, 0.46036, 0.05295, 0.04577, 0
0.4474, 0.43806, 0.30171, 0.48341, 0.44569, 0.43599, 0.05264, 0.04233, 0
0.46309, 0.44971, 0.29982, 0.47775, 0.46131, 0.45502, 0.08527, 0.02114, 0
0.4424, 0.43377, 0.27686, 0.48297, 0.45077, 0.43906, 0.03584, 0.0304, 0
0.45408, 0.44097, 0.26697, 0.47224, 0.46277, 0.45847, 0.02309, 0.05558, 0
0.36484, 0.35742, 0.38098, 0.4836, 0.38209, 0.38578, 0.40446, 0.46653, 1
0.41642, 0.41222, 0.22865, 0.4794, 0.4348, 0.44241, 0.19613, 0.18553, 1
0.50756, 0.48952, 0.20323, 0.4685, 0.51561, 0.51617, 0.23434, 0.20198, 0
0.50211, 0.48922, 0.16573, 0.47332, 0.49982, 0.49074, 0.23689, 0.30472, 0
0.45933, 0.44765, 0.09717, 0.47059, 0.4677, 0.46174, 0.03163, 0.16962, 1
0.48093, 0.4573, 0.35586, 0.46987, 0.50249, 0.51026, 0.07786, 0.08001, 0
0.45668, 0.44394, 0.34932, 0.47569, 0.46675, 0.44895, 0.03617, 0.01565, 1
0.45124, 0.4397, 0.3457, 0.48218, 0.45793, 0.44575, 0.04481, 0.05207, 1
0.44425, 0.43505, 0.33994, 0.48229, 0.4483, 0.44627, 0.02963, 0.03627, 1
0.45964, 0.44922, 0.35534, 0.47527, 0.46213, 0.45921, 0.04262, 0.03322, 0
0.45915, 0.4433, 0.27558, 0.47298, 0.46499, 0.45576, 0.07153, 0.11421, 1
0.48269, 0.45938, 0.26257, 0.47684, 0.47523, 0.4546, 0.256, 0.13314, 0
0.48055, 0.47228, 0.23534, 0.47305, 0.48585, 0.49536, 0.16983, 0.18629, 1
0.45576, 0.44435, 0.2542, 0.47055, 0.46284, 0.45739, 0.01615, 0.00779, 0
0.44424, 0.43443, 0.26293, 0.47811, 0.45225, 0.44666, 0.03277, 0.03703, 1
0.44898, 0.43992, 0.26397, 0.48301, 0.45303, 0.44794, 0.00933, 0.00675, 0
0.4637, 0.45004, 0.27579, 0.47357, 0.46516, 0.45752, 0.07653, 0.09433, 0
0.45565, 0.4454, 0.18807, 0.48116, 0.45592, 0.44679, 0.04692, 0.02939, 0
0.45318, 0.44139, 0.38227, 0.48043, 0.45274, 0.44848, 0.05372, 0.04487, 1
0.44599, 0.4389, 0.48583, 0.48397, 0.44965, 0.44547, 0.014, 0.01964, 1
0.44121, 0.43559, 0.46326, 0.48356, 0.44748, 0.44509, 0.05101, 0.0629, 0
0.4539, 0.44098, 0.44996, 0.47272, 0.46088, 0.45589, 0.02949, 0.00585, 0
0.45028, 0.44451, 0.39646, 0.47273, 0.46119, 0.45665, 0.07802, 0.0642, 1
0.42698, 0.42316, 0.30426, 0.48845, 0.43229, 0.42487, 0.09184, 0.10146, 0
0.45009, 0.44118, 0.20583, 0.48329, 0.44549, 0.44086, 0.04827, 0.05913, 0
0.43019, 0.42525, 0.24913, 0.47505, 0.44951, 0.45274, 0.15077, 0.22013, 0
0.43701, 0.43337, 0.45083, 0.48374, 0.44374, 0.44243, 0.07853, 0.12465, 1
0.47747, 0.46319, 0.46264, 0.46826, 0.47889, 0.47217, 0.11718, 0.14135, 0
0.47732, 0.45516, 0.46113, 0.47081, 0.48112, 0.47231, 0.14107, 0.12771, 1
0.45285, 0.44309, 0.25328, 0.48269, 0.45066, 0.44331, 0.05211, 0.05901, 0
0.45694, 0.44857, 0.29717, 0.48216, 0.44929, 0.43835, 0.07433, 0.08208, 0
0.46312, 0.44919, 0.43815, 0.4788, 0.4604, 0.45126, 0.09935, 0.02531, 1
0.44368, 0.43866, 0.47926, 0.48491, 0.44135, 0.43431, 0.01405, 0.10878, 1
0.44475, 0.43845, 0.53969, 0.481, 0.44848, 0.44858, 0.03589, 0.00977, 0
0.45029, 0.43952, 0.36848, 0.47642, 0.45594, 0.44443, 0.02897, 0.04806, 1
0.44192, 0.43411, 0.16248, 0.48747, 0.44553, 0.44104, 0.03413, 0.03081, 1
0.45577, 0.4464, 0.12701, 0.47046, 0.46719, 0.46553, 0.05647, 0.06411, 0
0.44761, 0.43764, 0.14064, 0.47317, 0.46004, 0.45719, 0.04041, 0.01557, 1
0.44724, 0.43932, 0.29877, 0.48218, 0.44819, 0.44798, 0.00915, 0.0101, 0
0.42163, 0.42154, 0.39553, 0.48193, 0.43362, 0.43808, 0.16335, 0.17827, 0
0.45487, 0.44139, 0.41128, 0.47306, 0.46617, 0.46117, 0.01563, 0.06808, 0
0.45011, 0.43932, 0.43639, 0.47365, 0.45987, 0.45325, 0.00918, 0.00798, 1
0.44774, 0.43786, 0.44986, 0.47891, 0.45463, 0.44621, 0.0191, 0.02763, 1
0.2114, 0.20238, 0.33256, 0.53599, 0.20213, 0.19459, 0.18036, 0.17628, 0
0.44224, 0.43302, 0.23404, 0.48821, 0.44777, 0.44161, 0.04245, 0.06576, 0
0.46295, 0.44664, 0.25859, 0.47056, 0.46917, 0.46435, 0.06841, 0.08631, 1
0.45064, 0.44916, 0.23457, 0.47295, 0.46452, 0.46868, 0.16937, 0.10554, 0
0.44965, 0.43952, 0.23778, 0.47997, 0.44962, 0.44758, 0.03238, 0.03007, 1
0.45833, 0.4466, 0.22846, 0.4794, 0.45678, 0.44961, 0.06473, 0.03333, 1
0.46793, 0.45455, 0.18768, 0.46887, 0.48202, 0.48303, 0.07889, 0.14146, 1
0.4587, 0.44329, 0.20982, 0.4734, 0.48214, 0.47424, 0.03665, 0.06629, 0
0.45259, 0.44581, 0.34122, 0.47356, 0.45878, 0.45788, 0.05401, 0.09761, 0
0.45025, 0.43929, 0.34837, 0.47385, 0.458, 0.45215, 0.01268, 0.02528, 0
0.45354, 0.44224, 0.22867, 0.47147, 0.46765, 0.46759, 0.04778, 0.11328, 0
0.55537, 0.50924, 0.2295, 0.47335, 0.53583, 0.49966, 0.61763, 0.69701, 0
0.45554, 0.44581, 0.21866, 0.4757, 0.46604, 0.45266, 0.03326, 0.04193, 1
0.49477, 0.49495, 0.11633, 0.46832, 0.5223, 0.53699, 0.42672, 0.57827, 1
0.45669, 0.44012, 0.12822, 0.4739, 0.47398, 0.46702, 0.03421, 0.08798, 0
0.4513, 0.44652, 0.15237, 0.4728, 0.47109, 0.4686, 0.13976, 0.12042, 0
0.46683, 0.44995, 0.17323, 0.47051, 0.47991, 0.47122, 0.05896, 0.06882, 1
0.44518, 0.43396, 0.17746, 0.48517, 0.4411, 0.42899, 0.10873, 0.12457, 1
0.4523, 0.44436, 0.22297, 0.48266, 0.45225, 0.44214, 0.03068, 0.03862, 0
0.44221, 0.43525, 0.21757, 0.48522, 0.44386, 0.43791, 0.02884, 0.0521, 0
0.45127, 0.44289, 0.34986, 0.48282, 0.45134, 0.44571, 0.02295, 0.05383, 0
0.44818, 0.43648, 0.30135, 0.4806, 0.45289, 0.44648, 0.04541, 0.04451, 1
0.4515, 0.44097, 0.21241, 0.47176, 0.46509, 0.46593, 0.05188, 0.11518, 0
0.44276, 0.43584, 0.207, 0.48675, 0.44594, 0.44169, 0.02632, 0.06378, 0
0.45617, 0.4476, 0.20547, 0.47009, 0.46407, 0.46333, 0.05293, 0.07767, 1
0.44451, 0.43611, 0.24161, 0.4896, 0.4481, 0.44395, 0.02476, 0.07896, 0
0.45116, 0.43737, 0.25836, 0.48329, 0.45194, 0.441, 0.09732, 0.05207, 1
0.42038, 0.41221, 0.22817, 0.48414, 0.42965, 0.42845, 0.14037, 0.10939, 1
0.44343, 0.43251, 0.20331, 0.48254, 0.44467, 0.43703, 0.08067, 0.11002, 0
0.44039, 0.43695, 0.19402, 0.483, 0.4441, 0.43421, 0.04393, 0.03338, 1
0.45609, 0.44817, 0.18642, 0.47726, 0.45978, 0.45498, 0.03729, 0.02737, 0
0.45761, 0.44393, 0.13229, 0.48065, 0.45704, 0.44793, 0.08765, 0.06565, 0
0.45564, 0.44479, 0.16555, 0.47076, 0.46799, 0.46591, 0.04431, 0.02886, 1
0.45015, 0.4359, 0.16017, 0.48324, 0.44837, 0.44152, 0.10736, 0.04224, 0
0.438, 0.42936, 0.16404, 0.48615, 0.4366, 0.43297, 0.07104, 0.05147, 0
0.4386, 0.42175, 0.15461, 0.48053, 0.44306, 0.43398, 0.14682, 0.16554, 0
0.4449, 0.43717, 0.15286, 0.47958, 0.45175, 0.44755, 0.02745, 0.03381, 0
0.45897, 0.44457, 0.1324, 0.47733, 0.46061, 0.44934, 0.0899, 0.10876, 1
0.46083, 0.45471, 0.11942, 0.47953, 0.46042, 0.45446, 0.06676, 0.06271, 0
0.45534, 0.44635, 0.44804, 0.47899, 0.458, 0.45298, 0.02594, 0.02875, 0
0.46877, 0.45648, 0.45, 0.46586, 0.47276, 0.46773, 0.07643, 0.12938, 0
0.42617, 0.41946, 0.44578, 0.48377, 0.43522, 0.43394, 0.11027, 0.15087, 1
0.45151, 0.44269, 0.20543, 0.47681, 0.45627, 0.45011, 0.00749, 0.01505, 1
0.46911, 0.45735, 0.12948, 0.46482, 0.47414, 0.46826, 0.07852, 0.108, 1
0.41928, 0.40733, 0.16708, 0.483, 0.42778, 0.42998, 0.16588, 0.0498, 0
0.44915, 0.43775, 0.13408, 0.47495, 0.45548, 0.4544, 0.01977, 0.0342, 1
0.44508, 0.43731, 0.1288, 0.47529, 0.45496, 0.44932, 0.04374, 0.03102, 1
0.45696, 0.44377, 0.13428, 0.47124, 0.46361, 0.45624, 0.03807, 0.09141, 1
0.45728, 0.44355, 0.12528, 0.47751, 0.45978, 0.44906, 0.07813, 0.08937, 1
0.42944, 0.4236, 0.15729, 0.48497, 0.43628, 0.43152, 0.08959, 0.10184, 1
0.45232, 0.4431, 0.33092, 0.47737, 0.45741, 0.45217, 0.01067, 0.03567, 0
0.4491, 0.43863, 0.36232, 0.47865, 0.45392, 0.44327, 0.03433, 0.06771, 0
0.50843, 0.50606, 0.38317, 0.47435, 0.50354, 0.4871, 0.31823, 0.35831, 1
0.44362, 0.43421, 0.26778, 0.47355, 0.45984, 0.46036, 0.07352, 0.09379, 1
0.44292, 0.43312, 0.32917, 0.4744, 0.45782, 0.45409, 0.05508, 0.08512, 0
0.44525, 0.43905, 0.57676, 0.48474, 0.44978, 0.44455, 0.02374, 0.05462, 0
0.45198, 0.44268, 0.56282, 0.47596, 0.45714, 0.4536, 0.00898, 0.02841, 0
0.43077, 0.42989, 0.26659, 0.4819, 0.4398, 0.44442, 0.12801, 0.04021, 1
0.47073, 0.46084, 0.24859, 0.46937, 0.47856, 0.47846, 0.10561, 0.11292, 0
0.44756, 0.44161, 0.21324, 0.47408, 0.45781, 0.45451, 0.06429, 0.05526, 1
0.4447, 0.43456, 0.20233, 0.48125, 0.45165, 0.44545, 0.03431, 0.03189, 1
0.43972, 0.432, 0.15021, 0.48372, 0.44539, 0.44002, 0.04462, 0.06515, 0
0.4577, 0.44567, 0.14612, 0.47203, 0.46277, 0.45736, 0.03176, 0.06514, 0
0.20875, 0.20067, 0.27497, 0.54737, 0.21321, 0.21575, 0.04791, 0.05518, 1
0.43515, 0.42886, 0.29543, 0.48331, 0.44142, 0.43241, 0.06081, 0.04764, 1
0.44736, 0.43837, 0.32317, 0.48049, 0.45186, 0.44223, 0.0212, 0.05597, 0
0.44377, 0.43988, 0.33289, 0.47602, 0.455, 0.4551, 0.10163, 0.06126, 0
0.45053, 0.43923, 0.35283, 0.47242, 0.46271, 0.46102, 0.02539, 0.07575, 1
0.49674, 0.488, 0.39259, 0.47644, 0.48825, 0.47323, 0.23079, 0.33895, 1
0.45601, 0.44718, 0.36386, 0.47582, 0.45718, 0.45647, 0.02983, 0.01979, 1
0.46089, 0.45, 0.35871, 0.47113, 0.47544, 0.46927, 0.06191, 0.0603, 0
0.44736, 0.43581, 0.36403, 0.47408, 0.46141, 0.4535, 0.03058, 0.02416, 0
0.46242, 0.45003, 0.42882, 0.46935, 0.47686, 0.47116, 0.05053, 0.13962, 0
0.39551, 0.40474, 0.49485, 0.48129, 0.41793, 0.42293, 0.32098, 0.32115, 1
0.46194, 0.45269, 0.54507, 0.47247, 0.48181, 0.46748, 0.10179, 0.10227, 1
0.45007, 0.44183, 0.31865, 0.4737, 0.4575, 0.45287, 0.02739, 0.04645, 0
0.44182, 0.4299, 0.24396, 0.48158, 0.44769, 0.44195, 0.06348, 0.11622, 0
0.44508, 0.44053, 0.22783, 0.47768, 0.45345, 0.45261, 0.06721, 0.06054, 0
0.42412, 0.41843, 0.14057, 0.49002, 0.42679, 0.42003, 0.11055, 0.14907, 0
0.44773, 0.43597, 0.09652, 0.4796, 0.45193, 0.45063, 0.04414, 0.05674, 0
0.44737, 0.4401, 0.12191, 0.47831, 0.45244, 0.44576, 0.01715, 0.05303, 0
0.44493, 0.4351, 0.15859, 0.48271, 0.45041, 0.44603, 0.03274, 0.03183, 1
0.41197, 0.42424, 0.34136, 0.47725, 0.43549, 0.44484, 0.35816, 0.40598, 1
0.44404, 0.43944, 0.26202, 0.47335, 0.45723, 0.46262, 0.12025, 0.11247, 0
0.45806, 0.47069, 0.26908, 0.47295, 0.47926, 0.47858, 0.38702, 0.31251, 1
0.43877, 0.42146, 0.17977, 0.48311, 0.44002, 0.4346, 0.15713, 0.1976, 1
0.41033, 0.41008, 0.20141, 0.47709, 0.43448, 0.44062, 0.23996, 0.3235, 0
0.52106, 0.48917, 0.34691, 0.47673, 0.5013, 0.47733, 0.43809, 0.40932, 0
0.44727, 0.43661, 0.30298, 0.47702, 0.45207, 0.44205, 0.03803, 0.04895, 1
0.44475, 0.43775, 0.31312, 0.48152, 0.45196, 0.44529, 0.03012, 0.01604, 1
0.45415, 0.44548, 0.32591, 0.47144, 0.46095, 0.45571, 0.02745, 0.03377, 0
0.44776, 0.43839, 0.39282, 0.4839, 0.45058, 0.44438, 0.02696, 0.01958, 1
0.45477, 0.44247, 0.36625, 0.47276, 0.47109, 0.46285, 0.03995, 0.12101, 0
0.43047, 0.41279, 0.33575, 0.48612, 0.4182, 0.40133, 0.2865, 0.24881, 0
0.4391, 0.44033, 0.33645, 0.48423, 0.42886, 0.41492, 0.00824, 0.10388, 1
0.46953, 0.45614, 0.26185, 0.46752, 0.47309, 0.46733, 0.08053, 0.09101, 0
0.42516, 0.4213, 0.23744, 0.47666, 0.44386, 0.4479, 0.17068, 0.1952, 0
0.41212, 0.41574, 0.24537, 0.48764, 0.42121, 0.41823, 0.17656, 0.17664, 1
0.44326, 0.43733, 0.1986, 0.48136, 0.44579, 0.43999, 0.01858, 0.01425, 1
0.45146, 0.43947, 0.17374, 0.47831, 0.45476, 0.44959, 0.04021, 0.03361, 0
0.45738, 0.44644, 0.21553, 0.48198, 0.46314, 0.44001, 0.07066, 0.05671, 0
0.40916, 0.41256, 0.22373, 0.48744, 0.41762, 0.42044, 0.18947, 0.27822, 1
0.45097, 0.44381, 0.26791, 0.47568, 0.45587, 0.45117, 0.02857, 0.02458, 0
0.44677, 0.43899, 0.25706, 0.47469, 0.45494, 0.45117, 0.0346, 0.03858, 1
0.45081, 0.44184, 0.32641, 0.47201, 0.46512, 0.46263, 0.06071, 0.03901, 1
0.41043, 0.4, 0.39536, 0.48561, 0.41781, 0.41621, 0.20202, 0.1385, 0
0.74981, 0.74137, 0.41337, 0.33628, 0.76221, 0.74936, 0.10407, 0.19068, 0
0.46002, 0.45316, 0.23047, 0.46985, 0.47551, 0.47743, 0.13497, 0.07813, 1
0.45431, 0.44424, 0.24072, 0.48062, 0.4598, 0.44984, 0.02345, 0.11728, 1
0.46217, 0.45074, 0.27221, 0.48047, 0.45683, 0.44984, 0.08598, 0.0847, 0
0.4594, 0.4457, 0.34245, 0.47028, 0.4684, 0.45897, 0.04053, 0.02294, 1
0.44235, 0.44311, 0.26267, 0.47886, 0.44284, 0.43988, 0.08084, 0.11273, 1
0.43862, 0.43371, 0.31489, 0.47942, 0.44709, 0.44377, 0.07526, 0.04048, 0
0.44904, 0.43861, 0.32168, 0.47267, 0.46304, 0.46166, 0.04471, 0.08721, 1
0.45347, 0.4442, 0.30185, 0.48189, 0.45634, 0.44514, 0.03228, 0.02431, 1
0.4484, 0.42995, 0.28195, 0.47555, 0.45923, 0.45063, 0.11152, 0.09313, 1
0.44786, 0.43795, 0.18178, 0.47521, 0.45712, 0.45011, 0.01653, 0.08226, 0
0.40401, 0.41398, 0.13751, 0.48691, 0.38943, 0.37474, 0.05053, 0.04392, 1
0.43976, 0.42734, 0.34465, 0.48664, 0.4384, 0.4273, 0.1243, 0.17963, 0
0.45251, 0.44162, 0.37565, 0.47576, 0.458, 0.45443, 0.00753, 0.00832, 1
0.49144, 0.47826, 0.3881, 0.46498, 0.49827, 0.49544, 0.18003, 0.18468, 0
0.44982, 0.44162, 0.33917, 0.47867, 0.45386, 0.44185, 0.00209, 0.06885, 0
0.45237, 0.4466, 0.31665, 0.47511, 0.46279, 0.46283, 0.08897, 0.06207, 0
0.45451, 0.444, 0.287, 0.47134, 0.4661, 0.4635, 0.03366, 0.0295, 1
0.4521, 0.45203, 0.20552, 0.47288, 0.46521, 0.46732, 0.17826, 0.28799, 0
0.45736, 0.44597, 0.29247, 0.47065, 0.47107, 0.4662, 0.04008, 0.02445, 0
0.44177, 0.43357, 0.38005, 0.48089, 0.4468, 0.44997, 0.04024, 0.02899, 1
0.45583, 0.44619, 0.20306, 0.47072, 0.464, 0.46145, 0.03382, 0.05528, 0
0.44806, 0.43926, 0.3142, 0.47547, 0.45579, 0.45011, 0.01554, 0.0142, 1
0.46557, 0.45077, 0.14612, 0.47748, 0.46578, 0.45127, 0.11159, 0.09098, 0
0.40868, 0.39926, 0.14434, 0.48405, 0.41978, 0.42212, 0.2024, 0.28369, 1
0.45743, 0.44461, 0.16526, 0.47241, 0.47433, 0.46737, 0.03943, 0.05455, 0
0.44397, 0.44097, 0.20022, 0.48368, 0.44872, 0.43818, 0.0447, 0.02965, 0
0.47169, 0.45405, 0.22373, 0.47607, 0.47159, 0.45557, 0.1465, 0.09779, 0
0.47114, 0.45854, 0.17762, 0.47036, 0.47557, 0.47193, 0.08425, 0.11534, 0
0.47002, 0.45618, 0.11688, 0.47527, 0.46934, 0.45478, 0.11511, 0.16592, 1
0.46002, 0.45507, 0.08922, 0.48075, 0.456, 0.44829, 0.06723, 0.03952, 0
0.30051, 0.30734, 0.23342, 0.50986, 0.30883, 0.3147, 0.18683, 0.17537, 1
0.44914, 0.44593, 0.25625, 0.47591, 0.45835, 0.45285, 0.08959, 0.10566, 1
0.49745, 0.48762, 0.27939, 0.47351, 0.49392, 0.48349, 0.22469, 0.30004, 1
0.45009, 0.44247, 0.24213, 0.48024, 0.44816, 0.44803, 0.01563, 0.02096, 1
0.44728, 0.43947, 0.20004, 0.48118, 0.45027, 0.44205, 0.00902, 0.05548, 0
0.45092, 0.4429, 0.18406, 0.48257, 0.45108, 0.44491, 0.01974, 0.01499, 0
0.43944, 0.4339, 0.18397, 0.48412, 0.44297, 0.44205, 0.04536, 0.03175, 1
0.45375, 0.44032, 0.24324, 0.47542, 0.46936, 0.45339, 0.02216, 0.01008, 0
0.44918, 0.4414, 0.30778, 0.48022, 0.45477, 0.45168, 0.01996, 0.03559, 1
0.44848, 0.44118, 0.23633, 0.47764, 0.4535, 0.45482, 0.0361, 0.00798, 1
0.45367, 0.44269, 0.20376, 0.48186, 0.4533, 0.44357, 0.05996, 0.06836, 1
0.44795, 0.43989, 0.18018, 0.48336, 0.44772, 0.44319, 0.01906, 0.03761, 0
0.44848, 0.44075, 0.1921, 0.48289, 0.44941, 0.44658, 0.00416, 0.03611, 1
0.45736, 0.44635, 0.21237, 0.47975, 0.45681, 0.4518, 0.04991, 0.00828, 0
0.45936, 0.45003, 0.2239, 0.46873, 0.4678, 0.46802, 0.05951, 0.09267, 0
0.45426, 0.44572, 0.24154, 0.47158, 0.4647, 0.46083, 0.05013, 0.05263, 0
0.45435, 0.44225, 0.49779, 0.48245, 0.45152, 0.44289, 0.0802, 0.0911, 1
0.45468, 0.44756, 0.5262, 0.48202, 0.45034, 0.4447, 0.03954, 0.03146, 0
0.4464, 0.43696, 0.4955, 0.48616, 0.44576, 0.44371, 0.03202, 0.02063, 0
0.44616, 0.43521, 0.34935, 0.47528, 0.46911, 0.43654, 0.03589, 0.03008, 0
0.45218, 0.44375, 0.34836, 0.47576, 0.47168, 0.4505, 0.05146, 0.01984, 1
0.49668, 0.47126, 0.30732, 0.47686, 0.48536, 0.46601, 0.30269, 0.31179, 1
0.35652, 0.3716, 0.30921, 0.48908, 0.34253, 0.33088, 0.33765, 0.33785, 1
0.44256, 0.42678, 0.31934, 0.48075, 0.43722, 0.45165, 0.10978, 0.13213, 1
0.44383, 0.43823, 0.37828, 0.48468, 0.4448, 0.43732, 0.01468, 0.07821, 0
0.41554, 0.41858, 0.33416, 0.47818, 0.43428, 0.44396, 0.24301, 0.3554, 0
0.46969, 0.46516, 0.32576, 0.46933, 0.49158, 0.49858, 0.23754, 0.34203, 0
0.44773, 0.44225, 0.25132, 0.48122, 0.45308, 0.44779, 0.04116, 0.02892, 1
0.45634, 0.44205, 0.43651, 0.47375, 0.46121, 0.45352, 0.06164, 0.0567, 0
0.46447, 0.45178, 0.42117, 0.47819, 0.46357, 0.4505, 0.09304, 0.1548, 0
0.44302, 0.43772, 0.24838, 0.47845, 0.45277, 0.44879, 0.06731, 0.05549, 1
0.45172, 0.44356, 0.1421, 0.48133, 0.44909, 0.44422, 0.02611, 0.05188, 1
0.4449, 0.43643, 0.16673, 0.47714, 0.45286, 0.44526, 0.02539, 0.11779, 0
0.46522, 0.45029, 0.24115, 0.47295, 0.47112, 0.45996, 0.08165, 0.11265, 1
0.45747, 0.44573, 0.2458, 0.47025, 0.46328, 0.46204, 0.02259, 0.04451, 0
0.44593, 0.43599, 0.24211, 0.47598, 0.45258, 0.44997, 0.02505, 0.04543, 1
0.44841, 0.43837, 0.23529, 0.47727, 0.45419, 0.44775, 0.01631, 0.00231, 0
0.44427, 0.43751, 0.2553, 0.47911, 0.45117, 0.44853, 0.03867, 0.06594, 0
0.45448, 0.4453, 0.27604, 0.47026, 0.46491, 0.46337, 0.04945, 0.05203, 1
0.46606, 0.45007, 0.28601, 0.46914, 0.47168, 0.46455, 0.07654, 0.06773, 1
0.44789, 0.43448, 0.28934, 0.48086, 0.45074, 0.43988, 0.0876, 0.03798, 0
0.44016, 0.43629, 0.41452, 0.48294, 0.44716, 0.44431, 0.06988, 0.06882, 0
0.41375, 0.40976, 0.36111, 0.49057, 0.41834, 0.41382, 0.15201, 0.14603, 1
0.44276, 0.43353, 0.10444, 0.4847, 0.43752, 0.42732, 0.08642, 0.03924, 0
0.4324, 0.42652, 0.17574, 0.4841, 0.43895, 0.43336, 0.07256, 0.13441, 0
0.43959, 0.43373, 0.16823, 0.47774, 0.45085, 0.45153, 0.07816, 0.03524, 1
0.45939, 0.45375, 0.17023, 0.47543, 0.46395, 0.45514, 0.06943, 0.09507, 0
0.44386, 0.43778, 0.15135, 0.48581, 0.44625, 0.43877, 0.01789, 0.02895, 0
0.44185, 0.43799, 0.13779, 0.47667, 0.45263, 0.45579, 0.10612, 0.05872, 0
0.44862, 0.44352, 0.16386, 0.47978, 0.45151, 0.4514, 0.05274, 0.04197, 0
0.44557, 0.43586, 0.16673, 0.47612, 0.45413, 0.44817, 0.02623, 0.14386, 1
0.45203, 0.44648, 0.1974, 0.47716, 0.45812, 0.45126, 0.05112, 0.04829, 1
0.44377, 0.43525, 0.19442, 0.4829, 0.44954, 0.44652, 0.02883, 0.02442, 0
0.45262, 0.44584, 0.22322, 0.47805, 0.45638, 0.45485, 0.03895, 0.03964, 1
0.45039, 0.44203, 0.17155, 0.4828, 0.45404, 0.44716, 0.00817, 0.03052, 1
0.40748, 0.39674, 0.17932, 0.4809, 0.42249, 0.42549, 0.21471, 0.14393, 0
0.46146, 0.46243, 0.18714, 0.47156, 0.47935, 0.47895, 0.23013, 0.17134, 1
0.45678, 0.4431, 0.19826, 0.47975, 0.45836, 0.44612, 0.08398, 0.00988, 0
0.44555, 0.44755, 0.13304, 0.47615, 0.45468, 0.45834, 0.17305, 0.06251, 0
0.4539, 0.44288, 0.17124, 0.48166, 0.45349, 0.44857, 0.05382, 0.10761, 0
0.44593, 0.43716, 0.17945, 0.48385, 0.44578, 0.43996, 0.03887, 0.09881, 1
0.45021, 0.44012, 0.14728, 0.47378, 0.46301, 0.4554, 0.02717, 0.05577, 0
0.43856, 0.43396, 0.25569, 0.48515, 0.43815, 0.4246, 0.03767, 0.15853, 0
0.45712, 0.44528, 0.25002, 0.47081, 0.46961, 0.46827, 0.03647, 0.03042, 0
0.45042, 0.43903, 0.24968, 0.47311, 0.46244, 0.45729, 0.01778, 0.06994, 0
0.47951, 0.45759, 0.27143, 0.47521, 0.47733, 0.45835, 0.20705, 0.16351, 0
0.46132, 0.44506, 0.25278, 0.47122, 0.4685, 0.46276, 0.06053, 0.05856, 0
0.44159, 0.43581, 0.21791, 0.48308, 0.4481, 0.4462, 0.05187, 0.04567, 1
0.45413, 0.44162, 0.28171, 0.47517, 0.46459, 0.45168, 0.02902, 0.04421, 1
0.44998, 0.44054, 0.30363, 0.48357, 0.45192, 0.44736, 0.0201, 0.01595, 1
0.45122, 0.44528, 0.27833, 0.48047, 0.45317, 0.45351, 0.04272, 0.06961, 0
0.43985, 0.43407, 0.2672, 0.47959, 0.44676, 0.45769, 0.07185, 0.06176, 0
0.45303, 0.44097, 0.11178, 0.47627, 0.45802, 0.45588, 0.02353, 0.06322, 1
0.47048, 0.45201, 0.13207, 0.47334, 0.47171, 0.46166, 0.13039, 0.26234, 1
0.44837, 0.43925, 0.15183, 0.48263, 0.44315, 0.4415, 0.04593, 0.02875, 0
0.44044, 0.43538, 0.15623, 0.48424, 0.43943, 0.44189, 0.03431, 0.04211, 0
0.45025, 0.44248, 0.17527, 0.47175, 0.46176, 0.46174, 0.06877, 0.09392, 0
0.42312, 0.42349, 0.17848, 0.47597, 0.44487, 0.45194, 0.2226, 0.27109, 1
0.44003, 0.43429, 0.16989, 0.48585, 0.43831, 0.43132, 0.03965, 0.12194, 1
0.45922, 0.4466, 0.15625, 0.46773, 0.46921, 0.45877, 0.03287, 0.04009, 1
0.45455, 0.44443, 0.35362, 0.47578, 0.45735, 0.45063, 0.02529, 0.01969, 1
0.43602, 0.4269, 0.36141, 0.48046, 0.44296, 0.43148, 0.07343, 0.06374, 1
0.45221, 0.44552, 0.37541, 0.47525, 0.46048, 0.45891, 0.05486, 0.0623, 1
0.45727, 0.44509, 0.37862, 0.4722, 0.46377, 0.45812, 0.02613, 0.07164, 1
0.45048, 0.43902, 0.38003, 0.47663, 0.4556, 0.44945, 0.03423, 0.01155, 1
0.44634, 0.43663, 0.33946, 0.47399, 0.45707, 0.45339, 0.03497, 0.06814, 1
0.52122, 0.49194, 0.30699, 0.4745, 0.50631, 0.48363, 0.39371, 0.41406, 0
0.45131, 0.43927, 0.44257, 0.47355, 0.46033, 0.45358, 0.01281, 0.04084, 1
0.45996, 0.44713, 0.44951, 0.47305, 0.46534, 0.45539, 0.05139, 0.04938, 1
0.43464, 0.41106, 0.40097, 0.47962, 0.4393, 0.41823, 0.25186, 0.32698, 0
0.46384, 0.44928, 0.3586, 0.47256, 0.47901, 0.48394, 0.04836, 0.04538, 1
0.44985, 0.43501, 0.14661, 0.47565, 0.45936, 0.46546, 0.04, 0.06629, 0
0.44858, 0.4397, 0.14014, 0.48417, 0.44037, 0.42476, 0.10493, 0.02183, 0
0.45101, 0.43841, 0.1492, 0.47476, 0.46029, 0.45153, 0.02989, 0.0421, 1
0.44419, 0.44055, 0.27051, 0.48263, 0.44725, 0.44495, 0.05518, 0.0515, 1
0.43919, 0.43586, 0.25059, 0.47849, 0.44875, 0.44765, 0.09442, 0.02581, 1
0.4505, 0.43628, 0.27502, 0.47563, 0.4567, 0.45205, 0.05684, 0.05346, 0
0.44667, 0.43713, 0.28873, 0.47521, 0.45634, 0.45386, 0.03034, 0.07461, 1
0.4442, 0.43617, 0.36344, 0.48832, 0.44962, 0.44284, 0.02425, 0.06027, 1
0.462, 0.45077, 0.38199, 0.47695, 0.46404, 0.45486, 0.06122, 0.06092, 0
0.45545, 0.44772, 0.33954, 0.47042, 0.46398, 0.46436, 0.06625, 0.05632, 1
0.45585, 0.44685, 0.32829, 0.47108, 0.46335, 0.4575, 0.035, 0.02065, 1
0.47502, 0.45884, 0.1568, 0.47344, 0.47486, 0.46331, 0.13151, 0.18165, 1
0.44147, 0.43836, 0.15225, 0.485, 0.44034, 0.43127, 0.01638, 0.01749, 1
0.45092, 0.44444, 0.1513, 0.48173, 0.45081, 0.44457, 0.01665, 0.02633, 0
0.4563, 0.44595, 0.23959, 0.48197, 0.45154, 0.44512, 0.06906, 0.12995, 1
0.44442, 0.41967, 0.41704, 0.4747, 0.46483, 0.45985, 0.15449, 0.14387, 0
0.45581, 0.44402, 0.51293, 0.47343, 0.46744, 0.45632, 0.01474, 0.01817, 1
0.44627, 0.43769, 0.62136, 0.47898, 0.45396, 0.44944, 0.02484, 0.03258, 1
0.44687, 0.4399, 0.48102, 0.48406, 0.44951, 0.44518, 0.01239, 0.07355, 0
0.46088, 0.44976, 0.32916, 0.46625, 0.46765, 0.46324, 0.04141, 0.01954, 1
0.44573, 0.43968, 0.21848, 0.47667, 0.45284, 0.45037, 0.05242, 0.05853, 1
0.4559, 0.44461, 0.15176, 0.47176, 0.46179, 0.45413, 0.02439, 0.08213, 1
0.43701, 0.42365, 0.13614, 0.48708, 0.43541, 0.42549, 0.14517, 0.13579, 1
0.4452, 0.43862, 0.14268, 0.48296, 0.44589, 0.43987, 0.01289, 0.02857, 1
0.34005, 0.34923, 0.38611, 0.48441, 0.3567, 0.34278, 0.46127, 0.46176, 0
0.44849, 0.43687, 0.19087, 0.48097, 0.45189, 0.44357, 0.0513, 0.04584, 1
0.49768, 0.50933, 0.50301, 0.47501, 0.49717, 0.48784, 0.41268, 0.55097, 1
0.44793, 0.42426, 0.48031, 0.48007, 0.44573, 0.44366, 0.1956, 0.22743, 1
0.43979, 0.43707, 0.4874, 0.48245, 0.44139, 0.44092, 0.05953, 0.02572, 1
0.45305, 0.44616, 0.45094, 0.48153, 0.45168, 0.44276, 0.02715, 0.07996, 0
0.43783, 0.4501, 0.4516, 0.4733, 0.46954, 0.49123, 0.45835, 0.37561, 1
0.43894, 0.43324, 0.18494, 0.48533, 0.42802, 0.41705, 0.08618, 0.22388, 0
0.44976, 0.4427, 0.25892, 0.47803, 0.45593, 0.45298, 0.03859, 0.02993, 1
0.4423, 0.43514, 0.31969, 0.47887, 0.45075, 0.44945, 0.05222, 0.03391, 1
0.44648, 0.43665, 0.31271, 0.47922, 0.45301, 0.44984, 0.02196, 0.03391, 1
0.44486, 0.43609, 0.23508, 0.47773, 0.45207, 0.45049, 0.03254, 0.01261, 0
0.44554, 0.43991, 0.23397, 0.48256, 0.45018, 0.44715, 0.03599, 0.03286, 0
0.44863, 0.44247, 0.34645, 0.48158, 0.45352, 0.43544, 0.00716, 0.01389, 1
0.45882, 0.45078, 0.4704, 0.47536, 0.45973, 0.462, 0.0518, 0.0388, 1
0.44654, 0.44627, 0.59582, 0.48272, 0.44287, 0.43469, 0.04911, 0.01707, 0
0.43985, 0.4359, 0.54211, 0.48487, 0.43052, 0.41695, 0.0636, 0.19899, 1
0.46723, 0.46945, 0.49364, 0.47029, 0.48757, 0.4975, 0.30726, 0.32463, 0
0.43513, 0.428, 0.48865, 0.47427, 0.45973, 0.46519, 0.14611, 0.02832, 0
0.46858, 0.46148, 0.42647, 0.46959, 0.48865, 0.48118, 0.16302, 0.20953, 1
0.44485, 0.43673, 0.21663, 0.48697, 0.44617, 0.44072, 0.02679, 0.05919, 0
0.45076, 0.44288, 0.20492, 0.47719, 0.45569, 0.45371, 0.02617, 0.02996, 0
0.45656, 0.44735, 0.11277, 0.47412, 0.46107, 0.45462, 0.02979, 0.00453, 1
0.44953, 0.43864, 0.11217, 0.48251, 0.45346, 0.44844, 0.03095, 0.01854, 1
0.4216, 0.41885, 0.41531, 0.48563, 0.41579, 0.41238, 0.11558, 0.12943, 0
0.46341, 0.44075, 0.35676, 0.47368, 0.46661, 0.4621, 0.14187, 0.16936, 1
0.44482, 0.43749, 0.28287, 0.48233, 0.4483, 0.44616, 0.02, 0.02316, 0
0.43056, 0.42341, 0.1968, 0.489, 0.43522, 0.43, 0.08587, 0.08857, 0
0.45212, 0.44053, 0.16339, 0.47467, 0.45906, 0.45721, 0.01309, 0.02123, 1
0.44627, 0.43793, 0.18151, 0.48077, 0.44897, 0.45116, 0.01581, 0.01407, 0
0.44878, 0.43728, 0.15297, 0.48287, 0.45091, 0.4459, 0.05076, 0.04807, 1
0.45057, 0.44335, 0.10884, 0.48256, 0.45121, 0.4463, 0.01106, 0.05662, 1
0.45029, 0.43662, 0.15565, 0.47323, 0.46175, 0.45721, 0.02542, 0.02808, 0
0.44632, 0.4388, 0.18549, 0.48384, 0.44613, 0.43748, 0.02625, 0.03615, 1
0.4378, 0.43158, 0.34028, 0.48714, 0.44181, 0.43626, 0.04722, 0.08091, 0
0.38762, 0.38459, 0.38555, 0.48892, 0.3951, 0.38345, 0.27341, 0.2111, 0
0.49268, 0.48926, 0.3766, 0.47384, 0.49381, 0.47755, 0.2399, 0.26405, 1
0.44958, 0.43947, 0.21167, 0.48423, 0.45214, 0.44648, 0.02973, 0.02088, 1
0.44426, 0.43478, 0.22526, 0.4828, 0.44881, 0.44467, 0.03271, 0.03062, 0
0.45116, 0.44054, 0.20383, 0.47856, 0.45471, 0.45606, 0.00618, 0.07625, 0
0.50301, 0.48919, 0.15797, 0.46462, 0.5108, 0.50726, 0.23345, 0.31429, 1
0.45424, 0.44381, 0.30382, 0.47214, 0.46795, 0.46588, 0.0492, 0.12028, 0
0.57767, 0.52281, 0.29714, 0.47429, 0.55026, 0.5131, 0.76569, 0.78049, 1
0.45235, 0.46066, 0.30261, 0.481, 0.43461, 0.44433, 0.10854, 0.12314, 1
0.43739, 0.40201, 0.32844, 0.47946, 0.43855, 0.43114, 0.3936, 0.42695, 1
0.45546, 0.4489, 0.38141, 0.47779, 0.4578, 0.45634, 0.05167, 0.02918, 1
0.4402, 0.42233, 0.3522, 0.47949, 0.44459, 0.43803, 0.14634, 0.22005, 0
0.44762, 0.43689, 0.24241, 0.47747, 0.45461, 0.44633, 0.02741, 0.01817, 0
0.44679, 0.44228, 0.22029, 0.48344, 0.44673, 0.44058, 0.01382, 0.03659, 0
0.12665, 0.12602, 0.26706, 0.62117, 0.12849, 0.13749, 0.03793, 0.08381, 0
0.47745, 0.45783, 0.2959, 0.47284, 0.47754, 0.46404, 0.16387, 0.20981, 1
0.4473, 0.43748, 0.2971, 0.48308, 0.44244, 0.4398, 0.06978, 0.0967, 1
0.42548, 0.39547, 0.12649, 0.48259, 0.42341, 0.41594, 0.38286, 0.29023, 0
0.45422, 0.44118, 0.34282, 0.47414, 0.46088, 0.45717, 0.03308, 0.02044, 1
0.4557, 0.44624, 0.34516, 0.47433, 0.46124, 0.45264, 0.02447, 0.02003, 1
0.44553, 0.43657, 0.32993, 0.4872, 0.44902, 0.44212, 0.02772, 0.02761, 0
0.80167, 0.77977, 0.35685, 0.43992, 0.82894, 0.82505, 0.42229, 0.49257, 1
0.52887, 0.48743, 0.42034, 0.47292, 0.52503, 0.50629, 0.45579, 0.53294, 1
0.46688, 0.45646, 0.49807, 0.46803, 0.47818, 0.47397, 0.08829, 0.08001, 1
0.46464, 0.46917, 0.47336, 0.47252, 0.47683, 0.47163, 0.25771, 0.22385, 1
0.4591, 0.44916, 0.47837, 0.47014, 0.46614, 0.45703, 0.03851, 0.0508, 1
0.44641, 0.43882, 0.49128, 0.4847, 0.45216, 0.4458, 0.01454, 0.04132, 0
0.4186, 0.4218, 0.49962, 0.4801, 0.4349, 0.43745, 0.21249, 0.2642, 0
0.08998, 0.06642, 0.46575, 0.52526, 0.06701, 0.05716, 0.43821, 0.54148, 0
0.43476, 0.4369, 0.42167, 0.48403, 0.42239, 0.40183, 0.02515, 0.02594, 0
0.27193, 0.25294, 0.1734, 0.49925, 0.24641, 0.22561, 0.46537, 0.54271, 0
0.45224, 0.44443, 0.1759, 0.47278, 0.46067, 0.45771, 0.04443, 0.07621, 0
0.45673, 0.44611, 0.15532, 0.47365, 0.46599, 0.45751, 0.02687, 0.01784, 1
0.44931, 0.44118, 0.14585, 0.48371, 0.4534, 0.44673, 0.0, 0.02201, 0
0.42927, 0.41899, 0.18044, 0.48822, 0.42549, 0.41583, 0.14891, 0.14569, 0
0.45592, 0.44439, 0.2025, 0.47438, 0.46137, 0.46009, 0.01638, 0.05245, 1
0.45536, 0.44525, 0.23723, 0.47689, 0.45906, 0.44959, 0.02535, 0.02174, 1
0.45401, 0.44503, 0.24079, 0.47159, 0.45879, 0.45386, 0.01989, 0.02628, 1
0.44913, 0.44076, 0.23967, 0.47804, 0.45458, 0.45011, 0.01091, 0.01423, 0
0.44298, 0.43669, 0.20733, 0.47674, 0.45197, 0.45011, 0.05947, 0.05588, 0
0.45521, 0.45131, 0.29041, 0.47204, 0.46993, 0.46147, 0.12023, 0.23284, 0
0.41702, 0.41791, 0.3143, 0.47713, 0.44249, 0.44815, 0.2468, 0.20139, 0
0.44251, 0.43648, 0.77204, 0.48214, 0.43657, 0.44635, 0.02382, 0.03195, 0
0.44674, 0.43719, 0.61785, 0.48329, 0.4464, 0.44641, 0.0299, 0.04634, 0
0.446, 0.43865, 0.56282, 0.48312, 0.44644, 0.44524, 0.01224, 0.04317, 0
0.44935, 0.43866, 0.54772, 0.48436, 0.44896, 0.43968, 0.06088, 0.0696, 1
0.45694, 0.4458, 0.53239, 0.48209, 0.45354, 0.44401, 0.08032, 0.08422, 1
0.45016, 0.44224, 0.23215, 0.48021, 0.44529, 0.45049, 0.04428, 0.04115, 1
0.44474, 0.43803, 0.21333, 0.48272, 0.44697, 0.44718, 0.02747, 0.02865, 0
0.46709, 0.44941, 0.24928, 0.47938, 0.46303, 0.44691, 0.16866, 0.15687, 1
0.45599, 0.44792, 0.25666, 0.48054, 0.45485, 0.45202, 0.03327, 0.0454, 1
0.4467, 0.43698, 0.26434, 0.48183, 0.44675, 0.44794, 0.0347, 0.03504, 0
0.44609, 0.43612, 0.27103, 0.47788, 0.45367, 0.44462, 0.0266, 0.02503, 0
0.45557, 0.44351, 0.2273, 0.47436, 0.46309, 0.46047, 0.02241, 0.0039, 1
0.44501, 0.43676, 0.22138, 0.47907, 0.45016, 0.44168, 0.02201, 0.04673, 0
0.42687, 0.42539, 0.25083, 0.48261, 0.4376, 0.43659, 0.12878, 0.12819, 0
0.45116, 0.44161, 0.35226, 0.48286, 0.45381, 0.44665, 0.0248, 0.03046, 1
0.44392, 0.43548, 0.28535, 0.48558, 0.44835, 0.44282, 0.02801, 0.04126, 0
0.44648, 0.44076, 0.28355, 0.47814, 0.45292, 0.44806, 0.04594, 0.01759, 0
0.11445, 0.11208, 0.29355, 0.62322, 0.11556, 0.12165, 0.0673, 0.08904, 0
0.44335, 0.43154, 0.29906, 0.48097, 0.44991, 0.44556, 0.05561, 0.08235, 0
0.45754, 0.44805, 0.37492, 0.46922, 0.46798, 0.46429, 0.05155, 0.02098, 1
0.45228, 0.44696, 0.30556, 0.47335, 0.45886, 0.45789, 0.0718, 0.06151, 0
0.46843, 0.45253, 0.28955, 0.47156, 0.47068, 0.4601, 0.10035, 0.02317, 1
0.45939, 0.44655, 0.28844, 0.47087, 0.46769, 0.45947, 0.03482, 0.00605, 1
0.78329, 0.76967, 0.2992, 0.4386, 0.77677, 0.75028, 0.11726, 0.16918, 1
0.45316, 0.44011, 0.26061, 0.47642, 0.45852, 0.4492, 0.05583, 0.03682, 1
0.45177, 0.4429, 0.16735, 0.48237, 0.45381, 0.44686, 0.01973, 0.05104, 1
0.45554, 0.44697, 0.23204, 0.46903, 0.46294, 0.46153, 0.04683, 0.06396, 1
0.4303, 0.42641, 0.23932, 0.4824, 0.44094, 0.44038, 0.10755, 0.11811, 0
0.45548, 0.44398, 0.31744, 0.47592, 0.46049, 0.45336, 0.03335, 0.0143, 1
0.45358, 0.44161, 0.29619, 0.47587, 0.45741, 0.45245, 0.03596, 0.04277, 1
0.44537, 0.43689, 0.29211, 0.48473, 0.44985, 0.44412, 0.02102, 0.04139, 0
0.45217, 0.44421, 0.17502, 0.47266, 0.46218, 0.45798, 0.05272, 0.05824, 0
0.50114, 0.47366, 0.15793, 0.4732, 0.49529, 0.47805, 0.29174, 0.32701, 1
0.46584, 0.44833, 0.16057, 0.47378, 0.47554, 0.47622, 0.03982, 0.02227, 1
0.42961, 0.40956, 0.15132, 0.4859, 0.41172, 0.38843, 0.36604, 0.45489, 1
0.42949, 0.43044, 0.16325, 0.48404, 0.41745, 0.41092, 0.05195, 0.13213, 0
0.46501, 0.45753, 0.1787, 0.48055, 0.45291, 0.45819, 0.08988, 0.13164, 1
0.4336, 0.42552, 0.19943, 0.48277, 0.42632, 0.43138, 0.08978, 0.12697, 0
0.45535, 0.44441, 0.25997, 0.47402, 0.45724, 0.45909, 0.02, 0.02997, 1
0.46499, 0.45148, 0.35852, 0.47938, 0.46136, 0.45193, 0.10566, 0.02774, 1
0.37337, 0.38968, 0.36249, 0.48081, 0.40182, 0.41681, 0.46033, 0.49774, 0
0.44822, 0.43663, 0.43281, 0.47441, 0.46639, 0.45116, 0.02378, 0.02448, 0
0.44883, 0.43685, 0.45176, 0.48313, 0.45581, 0.44406, 0.0549, 0.05781, 1
0.4501, 0.4427, 0.43113, 0.47697, 0.45582, 0.45155, 0.02469, 0.01407, 0
0.42619, 0.42058, 0.45987, 0.48499, 0.43542, 0.43315, 0.10784, 0.1111, 0
0.45392, 0.44314, 0.21866, 0.47236, 0.46184, 0.45445, 0.00962, 0.02673, 1
0.45447, 0.44271, 0.19398, 0.47441, 0.46017, 0.45182, 0.03175, 0.02352, 1
0.44071, 0.43467, 0.11912, 0.48536, 0.44715, 0.44247, 0.04536, 0.04012, 0
0.44215, 0.43749, 0.16241, 0.48351, 0.44769, 0.44365, 0.05219, 0.01622, 0
0.45859, 0.44674, 0.30502, 0.47733, 0.46018, 0.4514, 0.05675, 0.0662, 1
0.44719, 0.44012, 0.18171, 0.47715, 0.45415, 0.45011, 0.03781, 0.02796, 0
0.45593, 0.44759, 0.1532, 0.47104, 0.4629, 0.46059, 0.04721, 0.03187, 1
0.45237, 0.43414, 0.1145, 0.48044, 0.45318, 0.44261, 0.14491, 0.22139, 1
0.56498, 0.55232, 0.51575, 0.47228, 0.55162, 0.53297, 0.53847, 0.56074, 1
0.36742, 0.39936, 0.51912, 0.48409, 0.37523, 0.39045, 0.45346, 0.52808, 0
0.44969, 0.44774, 0.36868, 0.48355, 0.43057, 0.4082, 0.11576, 0.24192, 1
0.44322, 0.4359, 0.3776, 0.47924, 0.44535, 0.4464, 0.03205, 0.02149, 0
0.44662, 0.43755, 0.61957, 0.47368, 0.45773, 0.45529, 0.04145, 0.06519, 0
0.42213, 0.42581, 0.57866, 0.48498, 0.42215, 0.41956, 0.10297, 0.13458, 0
0.44465, 0.43392, 0.2803, 0.48639, 0.44755, 0.44052, 0.05539, 0.03668, 0
0.4439, 0.44097, 0.20631, 0.48184, 0.4388, 0.44495, 0.01604, 0.02269, 0
0.44838, 0.43726, 0.42633, 0.47444, 0.45828, 0.45169, 0.01926, 0.02853, 0
0.45236, 0.44728, 0.47566, 0.47318, 0.46132, 0.45657, 0.07519, 0.03293, 0
0.45771, 0.44532, 0.48492, 0.47122, 0.46482, 0.45922, 0.02584, 0.03294, 1
0.44856, 0.43922, 0.55635, 0.47303, 0.45883, 0.45592, 0.0324, 0.05099, 0
0.41707, 0.4184, 0.56187, 0.48437, 0.42209, 0.42775, 0.15595, 0.21481, 0
0.44938, 0.44053, 0.42426, 0.48091, 0.45337, 0.45076, 0.00364, 0.03068, 0
0.45198, 0.42726, 0.34122, 0.4779, 0.45405, 0.44496, 0.21449, 0.199, 1
0.45328, 0.4414, 0.12302, 0.48038, 0.45167, 0.44866, 0.05607, 0.18277, 1
0.45898, 0.45009, 0.13984, 0.47008, 0.46441, 0.45682, 0.04394, 0.02894, 1
0.44109, 0.43034, 0.16026, 0.48299, 0.43741, 0.41844, 0.11096, 0.22152, 1
0.44593, 0.4377, 0.15144, 0.48478, 0.45084, 0.43955, 0.02223, 0.0804, 0
0.45284, 0.43487, 0.16829, 0.47621, 0.45779, 0.45499, 0.09769, 0.04996, 1
0.44832, 0.43792, 0.15413, 0.4808, 0.45109, 0.4447, 0.03797, 0.12098, 1
0.4528, 0.43665, 0.27568, 0.47965, 0.45544, 0.44344, 0.10513, 0.14841, 1
0.45728, 0.45542, 0.27869, 0.4771, 0.46153, 0.45939, 0.11626, 0.17135, 1
0.45718, 0.44721, 0.28182, 0.48113, 0.45233, 0.43954, 0.08435, 0.06681, 1
0.44252, 0.43732, 0.30291, 0.48392, 0.44341, 0.44373, 0.03132, 0.09656, 0
0.46493, 0.4561, 0.29351, 0.472, 0.48156, 0.4725, 0.12267, 0.09431, 1
0.40192, 0.40095, 0.2336, 0.48955, 0.40833, 0.40042, 0.19715, 0.28493, 0
0.46273, 0.44983, 0.12801, 0.47118, 0.46696, 0.45849, 0.05763, 0.02597, 1
0.44953, 0.44334, 0.13017, 0.48028, 0.45446, 0.44998, 0.03414, 0.03708, 0
0.45112, 0.44075, 0.28798, 0.48218, 0.45229, 0.44213, 0.04772, 0.03041, 1
0.44041, 0.43309, 0.32297, 0.48529, 0.43616, 0.42731, 0.06292, 0.02749, 0
0.45226, 0.44272, 0.21829, 0.47313, 0.45723, 0.45117, 0.00924, 0.00845, 1
0.45096, 0.44096, 0.20311, 0.48129, 0.45528, 0.44891, 0.01656, 0.00703, 1
0.44737, 0.43789, 0.16682, 0.47576, 0.45435, 0.45037, 0.01683, 0.02841, 0
0.45162, 0.44009, 0.15211, 0.47895, 0.45559, 0.44771, 0.03893, 0.04561, 1
0.45031, 0.44074, 0.14535, 0.48362, 0.45327, 0.44558, 0.02579, 0.04613, 1
0.47139, 0.45926, 0.46434, 0.46593, 0.47842, 0.4728, 0.08731, 0.08032, 1
0.45424, 0.44548, 0.20838, 0.46964, 0.45941, 0.45609, 0.02742, 0.00458, 1
0.44466, 0.43775, 0.14071, 0.48028, 0.45104, 0.44777, 0.03629, 0.07616, 0
0.40909, 0.39761, 0.1296, 0.48201, 0.42221, 0.42344, 0.21046, 0.232, 0
0.43477, 0.43473, 0.14038, 0.48296, 0.44325, 0.43772, 0.11233, 0.1074, 0
0.45808, 0.44441, 0.13307, 0.48049, 0.45701, 0.44606, 0.09304, 0.11708, 1
0.45813, 0.44506, 0.15021, 0.46981, 0.46606, 0.46159, 0.02596, 0.05515, 1
0.42221, 0.41663, 0.16082, 0.4817, 0.43456, 0.43196, 0.13021, 0.17703, 0
0.44579, 0.44075, 0.14971, 0.48224, 0.44639, 0.44528, 0.02526, 0.02259, 0
0.4525, 0.44743, 0.15477, 0.4796, 0.45651, 0.44998, 0.0512, 0.05296, 1
0.59235, 0.58104, 0.27778, 0.39627, 0.60559, 0.5985, 0.06357, 0.00607, 1
0.44721, 0.43734, 0.32, 0.47504, 0.45662, 0.44907, 0.01987, 0.0866, 0
0.45109, 0.44183, 0.3928, 0.47499, 0.4583, 0.44998, 0.00619, 0.01423, 0
0.45405, 0.44268, 0.4266, 0.47954, 0.45728, 0.44907, 0.0417, 0.04219, 1
0.40746, 0.40479, 0.4346, 0.49084, 0.40745, 0.40032, 0.17606, 0.19856, 0
0.45637, 0.43969, 0.21443, 0.4718, 0.47293, 0.47172, 0.00743, 0.04704, 0
0.44692, 0.44567, 0.293, 0.48097, 0.44688, 0.45062, 0.08313, 0.06371, 0
0.4611, 0.4493, 0.29177, 0.47784, 0.46085, 0.46615, 0.04645, 0.06507, 1
0.42179, 0.42025, 0.3183, 0.48513, 0.42935, 0.42836, 0.11975, 0.1427, 0
0.44725, 0.43094, 0.22978, 0.48236, 0.44502, 0.43355, 0.141, 0.14389, 1
0.44771, 0.4399, 0.19181, 0.48381, 0.44905, 0.44636, 0.00617, 0.01639, 0
0.45973, 0.4429, 0.18823, 0.47609, 0.46574, 0.4514, 0.10055, 0.01271, 1
0.43544, 0.43413, 0.17585, 0.48454, 0.44373, 0.43637, 0.09067, 0.05823, 0
0.46557, 0.45484, 0.24407, 0.47195, 0.46878, 0.4655, 0.06602, 0.13075, 1
0.44883, 0.44054, 0.1792, 0.4782, 0.45421, 0.44907, 0.00943, 0.03657, 0
0.45013, 0.44225, 0.18286, 0.4724, 0.45817, 0.45541, 0.03779, 0.0284, 0
0.4581, 0.4463, 0.17701, 0.46775, 0.46437, 0.45929, 0.02853, 0.02904, 1
0.47582, 0.45872, 0.19237, 0.46709, 0.48515, 0.48263, 0.08932, 0.04123, 1
0.45888, 0.44482, 0.21749, 0.47363, 0.46607, 0.45918, 0.05135, 0.04034, 1
0.4665, 0.4525, 0.25969, 0.47655, 0.46524, 0.45438, 0.10313, 0.09919, 1
0.45213, 0.44268, 0.27851, 0.47245, 0.46516, 0.47162, 0.07364, 0.04853, 0
0.45604, 0.44546, 0.22132, 0.47895, 0.4582, 0.45088, 0.04125, 0.03765, 1
0.44064, 0.43435, 0.19792, 0.48073, 0.44844, 0.44739, 0.0599, 0.08239, 0
0.44588, 0.43455, 0.18073, 0.47748, 0.45294, 0.4444, 0.04174, 0.0543, 0
0.45158, 0.44246, 0.3493, 0.47743, 0.45646, 0.45011, 0.00713, 0.0082, 1
0.43875, 0.43568, 0.39377, 0.48043, 0.44693, 0.44164, 0.08224, 0.08672, 0
0.45666, 0.44415, 0.4473, 0.47761, 0.4603, 0.45139, 0.05162, 0.05087, 1
0.36752, 0.36595, 0.37897, 0.48864, 0.37925, 0.3718, 0.36332, 0.47392, 0
0.45098, 0.44183, 0.42546, 0.47569, 0.46096, 0.44946, 0.0129, 0.01186, 0
0.45264, 0.44247, 0.43224, 0.47526, 0.46092, 0.45179, 0.00716, 0.02247, 1
0.44534, 0.42985, 0.43579, 0.47642, 0.4605, 0.47615, 0.08309, 0.09337, 0
0.48004, 0.47685, 0.42776, 0.48058, 0.46098, 0.44355, 0.17731, 0.22016, 1
0.45945, 0.45729, 0.16762, 0.47738, 0.46181, 0.45409, 0.10281, 0.06737, 1
0.45066, 0.43843, 0.15382, 0.48058, 0.45265, 0.44729, 0.0462, 0.00984, 1
0.46356, 0.45114, 0.15415, 0.47417, 0.46456, 0.45807, 0.06776, 0.12095, 1
0.43197, 0.43082, 0.11657, 0.48165, 0.44003, 0.4396, 0.1062, 0.09806, 0
0.45544, 0.44309, 0.13062, 0.4712, 0.46251, 0.45896, 0.01839, 0.10021, 1
0.45125, 0.4414, 0.12548, 0.4773, 0.4561, 0.45178, 0.0054, 0.04606, 1
0.45335, 0.44118, 0.17867, 0.47301, 0.46212, 0.46179, 0.00708, 0.02259, 0
0.45324, 0.44479, 0.17302, 0.47403, 0.46093, 0.45422, 0.02885, 0.00678, 1
0.4104, 0.40656, 0.2221, 0.49123, 0.41331, 0.40929, 0.16712, 0.16635, 0
0.44989, 0.44351, 0.21586, 0.47793, 0.45582, 0.45537, 0.04906, 0.02602, 0
0.45375, 0.44436, 0.19149, 0.48045, 0.45603, 0.44703, 0.02763, 0.03966, 1
0.44815, 0.43865, 0.18566, 0.48418, 0.45013, 0.44357, 0.03082, 0.01408, 1
0.4544, 0.44203, 0.16251, 0.47571, 0.45803, 0.45229, 0.04614, 0.04561, 1
0.44286, 0.43528, 0.14528, 0.48624, 0.44245, 0.4344, 0.04262, 0.01697, 0
0.45686, 0.44456, 0.15005, 0.47577, 0.45997, 0.45215, 0.05199, 0.0238, 1
0.44648, 0.43655, 0.15317, 0.48536, 0.44883, 0.43963, 0.04476, 0.03114, 0
0.46539, 0.45679, 0.14753, 0.47708, 0.46575, 0.45752, 0.07607, 0.06413, 1
0.4534, 0.44581, 0.17987, 0.48247, 0.44824, 0.42742, 0.08051, 0.07442, 1
0.45304, 0.44224, 0.16514, 0.47161, 0.45909, 0.45546, 0.00732, 0.03304, 1
0.47229, 0.45507, 0.13973, 0.46792, 0.48025, 0.47855, 0.07739, 0.07802, 1
0.45266, 0.45278, 0.2684, 0.48008, 0.45475, 0.44947, 0.10885, 0.13485, 1
0.37779, 0.37713, 0.23077, 0.49135, 0.38134, 0.37668, 0.30911, 0.40936, 0
0.44168, 0.43908, 0.18702, 0.47947, 0.44022, 0.42751, 0.01017, 0.03487, 0
0.44772, 0.43887, 0.20085, 0.48146, 0.45088, 0.44922, 0.01131, 0.01571, 0
0.45357, 0.44392, 0.19063, 0.46831, 0.45826, 0.45419, 0.01332, 0.04336, 1
0.44696, 0.43694, 0.30311, 0.47362, 0.45998, 0.45436, 0.03503, 0.06128, 0
0.4562, 0.44777, 0.34166, 0.46962, 0.46411, 0.45926, 0.04386, 0.04378, 1
0.45143, 0.4448, 0.37997, 0.47713, 0.45616, 0.44856, 0.02893, 0.03597, 1
0.43721, 0.431, 0.15532, 0.47586, 0.44913, 0.45216, 0.09218, 0.06795, 0
0.45794, 0.44161, 0.1247, 0.47251, 0.47038, 0.46056, 0.04275, 0.06925, 1
0.43196, 0.42421, 0.16047, 0.48848, 0.4312, 0.42337, 0.09577, 0.13719, 0
0.46091, 0.44862, 0.16878, 0.47884, 0.46028, 0.45526, 0.06274, 0.13248, 1
0.48901, 0.46501, 0.21724, 0.47329, 0.48743, 0.4759, 0.20584, 0.15899, 1
0.45487, 0.44458, 0.19138, 0.47417, 0.46027, 0.45217, 0.02167, 0.03533, 1
0.46986, 0.46053, 0.16959, 0.47123, 0.48004, 0.48413, 0.11421, 0.11193, 1
0.46473, 0.46203, 0.15009, 0.4708, 0.476, 0.48002, 0.18602, 0.19629, 1
0.40956, 0.39782, 0.14373, 0.48712, 0.40758, 0.39819, 0.25161, 0.25181, 0
0.44795, 0.43462, 0.15795, 0.48212, 0.4424, 0.43215, 0.11587, 0.10584, 1
0.48191, 0.46477, 0.11829, 0.47476, 0.47799, 0.46723, 0.16463, 0.15126, 1
0.4475, 0.43951, 0.43613, 0.486, 0.45141, 0.44529, 0.00808, 0.00386, 0
0.44023, 0.43325, 0.49328, 0.48585, 0.43941, 0.43493, 0.04362, 0.05354, 0
0.44685, 0.4393, 0.48648, 0.48127, 0.45022, 0.44948, 0.02123, 0.01928, 0
0.45341, 0.44432, 0.48118, 0.47535, 0.4574, 0.45657, 0.01746, 0.03157, 1
0.44869, 0.43951, 0.43873, 0.47445, 0.45573, 0.45138, 0.01322, 0.0174, 0
0.44879, 0.43951, 0.29052, 0.47703, 0.45419, 0.45074, 0.00879, 0.01559, 0
0.44828, 0.44035, 0.27951, 0.47443, 0.45484, 0.45112, 0.02477, 0.05045, 0
0.45173, 0.44349, 0.28863, 0.47568, 0.46041, 0.44986, 0.01932, 0.02368, 1
0.48664, 0.46522, 0.6079, 0.47436, 0.48257, 0.46429, 0.21985, 0.38215, 1
0.45156, 0.44475, 0.58312, 0.48177, 0.44834, 0.44247, 0.02117, 0.04628, 1
0.44559, 0.44516, 0.56661, 0.48327, 0.43973, 0.43386, 0.03841, 0.00447, 0
0.45168, 0.4437, 0.52292, 0.47207, 0.45694, 0.45341, 0.02427, 0.03151, 0
0.45593, 0.44495, 0.51325, 0.47574, 0.46011, 0.45646, 0.02296, 0.00387, 1
0.45761, 0.44685, 0.42745, 0.46996, 0.46773, 0.46473, 0.03559, 0.00592, 1
0.44476, 0.43717, 0.41079, 0.48765, 0.44861, 0.44307, 0.01945, 0.04767, 0
0.43109, 0.41656, 0.40003, 0.48653, 0.42124, 0.40356, 0.23763, 0.30518, 0
0.43713, 0.43529, 0.41301, 0.48338, 0.43385, 0.43073, 0.04523, 0.04082, 0
0.45248, 0.44182, 0.32317, 0.47397, 0.45907, 0.45395, 0.00353, 0.01576, 1
0.45725, 0.44499, 0.31414, 0.47446, 0.46139, 0.45292, 0.04295, 0.00812, 1
0.46563, 0.44648, 0.15157, 0.47587, 0.46763, 0.45383, 0.14559, 0.16785, 1
0.45521, 0.44664, 0.22883, 0.47245, 0.46221, 0.46117, 0.04672, 0.01025, 1
0.45065, 0.44371, 0.24613, 0.47285, 0.45837, 0.45648, 0.05066, 0.02495, 0
0.4534, 0.44308, 0.24037, 0.47023, 0.46112, 0.45839, 0.01531, 0.00448, 1
0.44539, 0.43824, 0.20239, 0.48238, 0.45035, 0.44527, 0.01996, 0.08931, 0
0.46847, 0.45191, 0.20836, 0.46887, 0.4738, 0.46783, 0.08315, 0.13815, 1
0.46795, 0.45254, 0.20352, 0.47408, 0.46997, 0.45992, 0.09479, 0.06686, 1
0.45378, 0.44944, 0.34836, 0.47283, 0.46323, 0.4623, 0.10515, 0.11538, 0
0.46052, 0.44669, 0.33616, 0.47002, 0.46813, 0.46628, 0.03192, 0.0282, 1
0.44828, 0.43653, 0.3258, 0.47615, 0.45511, 0.45088, 0.03343, 0.02745, 0
0.45046, 0.43991, 0.26688, 0.48383, 0.45329, 0.44601, 0.03589, 0.02932, 1
0.38233, 0.38506, 0.30824, 0.491, 0.38069, 0.37304, 0.27097, 0.26939, 0
0.44554, 0.4395, 0.24268, 0.48417, 0.44303, 0.43825, 0.01074, 0.03987, 0
0.44994, 0.44203, 0.18837, 0.47836, 0.45603, 0.45523, 0.02854, 0.04349, 0
0.45167, 0.44245, 0.2044, 0.4718, 0.45977, 0.45536, 0.02206, 0.02599, 0
0.44784, 0.43818, 0.28099, 0.48477, 0.45033, 0.44543, 0.02896, 0.01648, 0
0.45243, 0.44461, 0.31951, 0.47097, 0.45914, 0.45724, 0.03943, 0.04374, 0
0.45398, 0.44826, 0.27711, 0.47067, 0.46519, 0.46258, 0.09421, 0.0931, 0
0.45282, 0.44161, 0.26704, 0.47162, 0.46419, 0.4618, 0.02518, 0.03242, 0
0.4532, 0.44633, 0.24533, 0.47252, 0.46111, 0.45674, 0.05282, 0.05504, 0
0.48737, 0.4624, 0.29415, 0.47641, 0.47986, 0.46686, 0.25605, 0.2882, 1
0.44213, 0.435, 0.36873, 0.48775, 0.44148, 0.44184, 0.02988, 0.0, 0
0.4777, 0.47613, 0.36865, 0.46926, 0.50094, 0.51248, 0.31888, 0.29837, 1
0.45405, 0.43968, 0.37304, 0.47334, 0.47226, 0.46791, 0.01152, 0.01273, 0
0.41861, 0.42472, 0.37394, 0.48633, 0.42565, 0.42122, 0.16196, 0.26412, 0
0.41453, 0.41532, 0.35257, 0.48383, 0.42324, 0.42368, 0.15884, 0.20299, 0
0.44987, 0.43904, 0.26575, 0.47869, 0.45628, 0.44868, 0.02389, 0.01501, 1
0.45142, 0.44204, 0.25865, 0.47983, 0.45669, 0.44868, 0.01153, 0.00825, 1
0.44759, 0.43904, 0.25288, 0.48554, 0.45294, 0.44595, 0.01035, 0.04728, 0
0.44775, 0.44118, 0.40405, 0.4737, 0.45782, 0.45858, 0.07081, 0.06335, 0
0.47368, 0.46073, 0.41488, 0.46787, 0.48693, 0.48448, 0.10207, 0.13386, 1
0.44922, 0.43779, 0.35452, 0.47862, 0.45243, 0.43943, 0.05909, 0.02968, 1
0.45337, 0.44352, 0.33437, 0.47866, 0.45411, 0.44034, 0.04919, 0.049, 1
0.39595, 0.39815, 0.25434, 0.49037, 0.39483, 0.39206, 0.21009, 0.18478, 0
0.45916, 0.445, 0.21432, 0.47251, 0.46475, 0.45563, 0.05623, 0.07816, 1
0.46262, 0.45602, 0.17856, 0.47452, 0.4663, 0.45897, 0.07575, 0.06326, 1
0.45026, 0.44161, 0.17451, 0.48135, 0.45324, 0.44845, 0.00735, 0.02979, 1
0.44824, 0.43861, 0.36773, 0.48309, 0.45321, 0.44776, 0.01645, 0.02519, 0
0.46195, 0.45042, 0.4168, 0.46751, 0.46922, 0.46481, 0.0446, 0.03029, 1
0.44978, 0.44333, 0.24774, 0.4827, 0.45152, 0.4462, 0.01495, 0.00229, 1
0.43798, 0.42425, 0.21771, 0.48548, 0.43614, 0.43036, 0.13937, 0.07961, 0
0.44661, 0.44226, 0.11404, 0.47321, 0.4598, 0.46261, 0.11685, 0.0941, 0
0.44931, 0.43926, 0.13525, 0.48401, 0.44846, 0.44024, 0.05274, 0.04186, 1
0.46147, 0.44846, 0.19704, 0.47757, 0.46183, 0.45413, 0.07334, 0.0957, 1
0.68147, 0.66824, 0.26464, 0.32887, 0.69161, 0.68193, 0.04714, 0.03581, 1
0.44511, 0.43292, 0.26879, 0.48496, 0.44778, 0.4406, 0.07077, 0.07049, 0
0.45066, 0.44309, 0.27932, 0.48191, 0.45299, 0.44625, 0.01063, 0.04294, 1
0.48605, 0.46536, 0.25429, 0.47634, 0.4786, 0.45885, 0.23331, 0.24258, 1
0.45857, 0.44585, 0.13182, 0.47248, 0.47753, 0.47004, 0.04504, 0.03167, 0
0.45132, 0.44309, 0.31066, 0.47398, 0.45762, 0.45101, 0.01843, 0.02036, 0
0.44208, 0.43419, 0.30495, 0.48966, 0.44708, 0.44112, 0.03381, 0.02034, 0
0.45785, 0.44776, 0.31582, 0.47656, 0.46103, 0.45371, 0.03726, 0.03483, 1
0.45121, 0.43839, 0.30705, 0.47321, 0.46321, 0.45858, 0.01453, 0.03788, 0
0.44984, 0.44333, 0.25757, 0.47991, 0.4547, 0.44933, 0.03055, 0.04372, 0
0.45324, 0.44441, 0.21783, 0.47962, 0.45716, 0.45193, 0.01647, 0.01395, 1
0.45878, 0.44678, 0.22549, 0.47763, 0.46132, 0.45467, 0.05089, 0.03919, 1
0.44915, 0.44118, 0.23341, 0.48413, 0.45025, 0.44256, 0.01796, 0.04783, 1
0.44953, 0.44054, 0.10671, 0.47764, 0.45531, 0.44919, 0.00359, 0.0105, 0
0.43112, 0.42727, 0.18012, 0.47776, 0.44562, 0.44595, 0.12514, 0.14755, 0
0.44445, 0.43433, 0.13588, 0.47583, 0.45337, 0.44855, 0.03382, 0.00604, 0
0.45591, 0.44444, 0.40221, 0.47925, 0.45969, 0.44694, 0.05151, 0.041, 1
0.44512, 0.43597, 0.4177, 0.48597, 0.44812, 0.43852, 0.04123, 0.03183, 0
0.44725, 0.43945, 0.23401, 0.48071, 0.45063, 0.45089, 0.01674, 0.00925, 0
0.57497, 0.54984, 0.21937, 0.46344, 0.5693, 0.53975, 0.27042, 0.16657, 1
0.42028, 0.41744, 0.19171, 0.4858, 0.39787, 0.37518, 0.21085, 0.36161, 0
0.45055, 0.44053, 0.14253, 0.47283, 0.457, 0.45444, 0.00959, 0.01444, 0
0.81418, 0.8097, 0.09567, 0.44187, 0.82074, 0.82848, 0.18554, 0.20704, 1
0.44486, 0.43583, 0.13412, 0.485, 0.44379, 0.43558, 0.05476, 0.03219, 1
0.40636, 0.40574, 0.25345, 0.48754, 0.41693, 0.41594, 0.19293, 0.19738, 0
0.44795, 0.44617, 0.26576, 0.48152, 0.4397, 0.42604, 0.02415, 0.02728, 1
0.44447, 0.44075, 0.25676, 0.4842, 0.43856, 0.43594, 0.00418, 0.08931, 0
0.4532, 0.44443, 0.24859, 0.47988, 0.45239, 0.45431, 0.01659, 0.01058, 1
0.45594, 0.44617, 0.24355, 0.47625, 0.46015, 0.44879, 0.02907, 0.02897, 1
0.44664, 0.43902, 0.21407, 0.48484, 0.44726, 0.43974, 0.02089, 0.03256, 0
0.65922, 0.64019, 0.21946, 0.42575, 0.66971, 0.65965, 0.05753, 0.04743, 1
0.23661, 0.2348, 0.21545, 0.56842, 0.24303, 0.25095, 0.07205, 0.05493, 0
0.44514, 0.43595, 0.25391, 0.48819, 0.44875, 0.44403, 0.02915, 0.03075, 0
0.44741, 0.44097, 0.23741, 0.48149, 0.45258, 0.44852, 0.031, 0.03023, 0
0.46261, 0.45013, 0.24567, 0.47254, 0.46489, 0.45804, 0.06018, 0.07005, 1
0.43329, 0.42766, 0.15456, 0.48087, 0.4379, 0.42909, 0.06685, 0.00232, 0
0.4043, 0.41096, 0.13214, 0.48323, 0.41609, 0.42902, 0.25188, 0.13283, 0
0.45531, 0.44773, 0.10451, 0.47643, 0.46246, 0.44958, 0.03845, 0.03888, 1
0.44957, 0.44097, 0.09552, 0.47984, 0.45571, 0.45077, 0.00557, 0.0, 0
0.63342, 0.61818, 0.33206, 0.35277, 0.63916, 0.62421, 0.05272, 0.08965, 1
0.46179, 0.4519, 0.39019, 0.47019, 0.47199, 0.46415, 0.06031, 0.05081, 1
0.44682, 0.43965, 0.40897, 0.47486, 0.45684, 0.45037, 0.04627, 0.06459, 0
0.46231, 0.45125, 0.41266, 0.47011, 0.46779, 0.45819, 0.0519, 0.01852, 1
0.45063, 0.44314, 0.3763, 0.47852, 0.45378, 0.45631, 0.03237, 0.04917, 0
0.44946, 0.44097, 0.3715, 0.47232, 0.45957, 0.45804, 0.04924, 0.02093, 0
0.45327, 0.44293, 0.3473, 0.47084, 0.4631, 0.45911, 0.02011, 0.02222, 0
0.45777, 0.44635, 0.43948, 0.47773, 0.45741, 0.44919, 0.05942, 0.12691, 1
0.45537, 0.44204, 0.43443, 0.48265, 0.45163, 0.44177, 0.10426, 0.10701, 1
0.43672, 0.42617, 0.47147, 0.48606, 0.43546, 0.43243, 0.09469, 0.00396, 0
0.46131, 0.45068, 0.42076, 0.47031, 0.47089, 0.46214, 0.04803, 0.03389, 1
0.46741, 0.44979, 0.33754, 0.47991, 0.46111, 0.45454, 0.15323, 0.14495, 1
0.17836, 0.17441, 0.25062, 0.6416, 0.1833, 0.1859, 0.00748, 0.03773, 0
0.45266, 0.44353, 0.28302, 0.47148, 0.4605, 0.4567, 0.02265, 0.03077, 0
0.45249, 0.44182, 0.2852, 0.4727, 0.45949, 0.45295, 0.00618, 0.01944, 1
0.47074, 0.45632, 0.30672, 0.47716, 0.46861, 0.45734, 0.11941, 0.13563, 1
0.46238, 0.44972, 0.26415, 0.47651, 0.46387, 0.44972, 0.08236, 0.02983, 1
0.43799, 0.43246, 0.14783, 0.48349, 0.44363, 0.44444, 0.06384, 0.06099, 0
0.45725, 0.4497, 0.13247, 0.46974, 0.46396, 0.46366, 0.06462, 0.04037, 1
0.44365, 0.44289, 0.1397, 0.47322, 0.46212, 0.46705, 0.19633, 0.20756, 0
0.46192, 0.4399, 0.27216, 0.47468, 0.46928, 0.46775, 0.10397, 0.02092, 1
0.44419, 0.44183, 0.27689, 0.4754, 0.45716, 0.44881, 0.11997, 0.0534, 0
0.44428, 0.4388, 0.27917, 0.48289, 0.45036, 0.44316, 0.03622, 0.04607, 0
0.45156, 0.43967, 0.2489, 0.48154, 0.45378, 0.44814, 0.04571, 0.04873, 1
0.45264, 0.44183, 0.27779, 0.48266, 0.45159, 0.44226, 0.05958, 0.04069, 1
0.4141, 0.42735, 0.30644, 0.47756, 0.437, 0.43766, 0.34627, 0.34785, 0
0.47319, 0.46791, 0.31425, 0.47006, 0.49936, 0.50686, 0.26744, 0.27252, 0
0.44033, 0.43749, 0.43717, 0.48333, 0.44568, 0.4422, 0.06953, 0.03429, 0
0.41228, 0.41197, 0.45751, 0.4893, 0.40989, 0.40053, 0.14109, 0.05888, 0
0.49689, 0.47009, 0.38124, 0.4737, 0.49202, 0.47474, 0.27273, 0.29797, 1
0.44866, 0.43858, 0.27389, 0.47565, 0.4561, 0.45286, 0.01255, 0.02886, 0
0.44822, 0.44076, 0.42278, 0.47551, 0.45799, 0.45269, 0.03915, 0.04846, 0
0.45878, 0.44927, 0.2422, 0.46851, 0.46663, 0.46378, 0.04629, 0.01713, 1
0.4662, 0.4546, 0.2195, 0.46676, 0.47232, 0.46404, 0.06534, 0.06615, 1
0.46674, 0.45247, 0.2081, 0.4694, 0.47012, 0.46379, 0.07752, 0.02969, 1
0.43497, 0.42822, 0.15664, 0.4828, 0.44232, 0.43903, 0.06947, 0.12036, 0
0.41381, 0.41586, 0.11976, 0.48134, 0.43008, 0.43283, 0.20852, 0.30218, 0
0.49148, 0.47089, 0.12723, 0.46984, 0.49684, 0.48417, 0.18226, 0.23822, 1
0.41131, 0.40243, 0.12859, 0.48343, 0.4203, 0.40662, 0.19035, 0.21124, 0
0.45564, 0.44012, 0.12687, 0.48181, 0.45106, 0.44328, 0.12989, 0.11892, 1
0.32264, 0.31723, 0.16381, 0.51719, 0.31869, 0.31564, 0.03371, 0.02682, 0
0.40917, 0.40677, 0.36764, 0.49118, 0.41449, 0.40722, 0.16745, 0.15949, 0
0.45275, 0.44851, 0.28189, 0.47909, 0.45712, 0.45037, 0.0587, 0.06907, 1
0.44816, 0.43838, 0.25468, 0.48039, 0.45224, 0.44619, 0.02111, 0.03216, 0
0.43447, 0.43064, 0.14991, 0.48291, 0.44211, 0.4428, 0.08669, 0.06727, 0
0.44996, 0.44377, 0.29999, 0.47326, 0.45794, 0.45703, 0.06608, 0.05422, 0
0.4398, 0.43149, 0.32015, 0.4899, 0.44463, 0.43861, 0.04766, 0.00828, 0
0.4409, 0.43644, 0.2175, 0.48388, 0.44505, 0.44175, 0.04889, 0.03566, 0
0.4527, 0.44353, 0.17668, 0.47332, 0.46244, 0.46112, 0.04262, 0.06042, 0
0.45537, 0.44696, 0.21274, 0.47115, 0.46882, 0.46606, 0.07513, 0.0859, 0
0.44724, 0.4382, 0.22084, 0.48509, 0.44787, 0.44507, 0.02289, 0.01135, 0
0.46036, 0.44821, 0.23809, 0.47724, 0.46014, 0.45398, 0.06177, 0.02899, 1
0.45526, 0.44566, 0.25185, 0.47182, 0.46226, 0.46276, 0.03434, 0.07588, 1
0.46729, 0.46044, 0.28689, 0.46889, 0.48471, 0.48317, 0.1588, 0.2309, 1
0.44084, 0.43458, 0.26191, 0.48729, 0.44351, 0.44055, 0.03568, 0.01419, 0
0.46071, 0.45015, 0.25455, 0.4669, 0.4667, 0.46395, 0.04384, 0.06873, 1
0.43994, 0.43351, 0.2432, 0.48263, 0.4458, 0.43977, 0.0397, 0.071, 0
0.45516, 0.44225, 0.2234, 0.47731, 0.46088, 0.44609, 0.0627, 0.0671, 1
0.44851, 0.43862, 0.16157, 0.48293, 0.45128, 0.44687, 0.02786, 0.02309, 1
0.44237, 0.43649, 0.18729, 0.47543, 0.45281, 0.45101, 0.07488, 0.06287, 0
0.4578, 0.44589, 0.22345, 0.47128, 0.46677, 0.45996, 0.0238, 0.02175, 1
0.44959, 0.44053, 0.37454, 0.47337, 0.45722, 0.45325, 0.01658, 0.01384, 0
0.44989, 0.44746, 0.39236, 0.47634, 0.45782, 0.4547, 0.10059, 0.13927, 0
0.4426, 0.43686, 0.36958, 0.4845, 0.44189, 0.43778, 0.02088, 0.01615, 0
0.44863, 0.44226, 0.27135, 0.48229, 0.44456, 0.44109, 0.0104, 0.01824, 1
0.44318, 0.43145, 0.19051, 0.47628, 0.45475, 0.44788, 0.04786, 0.01831, 0
0.45254, 0.44291, 0.1816, 0.47375, 0.45935, 0.45168, 0.00909, 0.01401, 1
0.44205, 0.43448, 0.13491, 0.48014, 0.44937, 0.44893, 0.04462, 0.07476, 0
0.45904, 0.44964, 0.14148, 0.46986, 0.46887, 0.46194, 0.05115, 0.03422, 1
0.45485, 0.4438, 0.37241, 0.47424, 0.45936, 0.45526, 0.02219, 0.00233, 1
0.45498, 0.44337, 0.32078, 0.46996, 0.46001, 0.45526, 0.02429, 0.03025, 1
0.45791, 0.44882, 0.11324, 0.46702, 0.46473, 0.46201, 0.04591, 0.04208, 1
0.44224, 0.43616, 0.10132, 0.47864, 0.45134, 0.44852, 0.06152, 0.04057, 0
0.45402, 0.44206, 0.11958, 0.47123, 0.4628, 0.45871, 0.00558, 0.03055, 1
0.44662, 0.43688, 0.14994, 0.48528, 0.45268, 0.4432, 0.03263, 0.03576, 0
0.46742, 0.4521, 0.15182, 0.47373, 0.46791, 0.45698, 0.10535, 0.13969, 1
0.44648, 0.43312, 0.15365, 0.48497, 0.44404, 0.43188, 0.12115, 0.12778, 1
0.45746, 0.44902, 0.30527, 0.46994, 0.46854, 0.46304, 0.06059, 0.06192, 1
0.45313, 0.44205, 0.38669, 0.47389, 0.46009, 0.45301, 0.01516, 0.01625, 1
0.44024, 0.42894, 0.37421, 0.48679, 0.44039, 0.43018, 0.10013, 0.11586, 0
0.41942, 0.42989, 0.22908, 0.48502, 0.40484, 0.39446, 0.07756, 0.03993, 0
0.39742, 0.40099, 0.25465, 0.47753, 0.4193, 0.43262, 0.30538, 0.334, 0
0.51657, 0.50163, 0.26011, 0.46668, 0.52985, 0.52533, 0.3, 0.32484, 1
0.45298, 0.44205, 0.23665, 0.47535, 0.46152, 0.44854, 0.01847, 0.04398, 1
0.44724, 0.44011, 0.19676, 0.48406, 0.45266, 0.44697, 0.02047, 0.0243, 0
0.44673, 0.44011, 0.17533, 0.4819, 0.45275, 0.4488, 0.03104, 0.02985, 0
0.44699, 0.43725, 0.32512, 0.48564, 0.45141, 0.44507, 0.02635, 0.01016, 0
0.44259, 0.43901, 0.37711, 0.48279, 0.43016, 0.41103, 0.08772, 0.07589, 1
0.45238, 0.44511, 0.32811, 0.47241, 0.46995, 0.46689, 0.10023, 0.08609, 0
0.44855, 0.43967, 0.18363, 0.47539, 0.45533, 0.45037, 0.01457, 0.0499, 0
0.46204, 0.45499, 0.20619, 0.46947, 0.47753, 0.47965, 0.13323, 0.11325, 0
0.48227, 0.4595, 0.24872, 0.47895, 0.47235, 0.44841, 0.27233, 0.45443, 1
0.43771, 0.43151, 0.22341, 0.48606, 0.44467, 0.44125, 0.05783, 0.06956, 0
0.45485, 0.44097, 0.17095, 0.47435, 0.46209, 0.45259, 0.05226, 0.06472, 1
0.44964, 0.44118, 0.15637, 0.47353, 0.45668, 0.45324, 0.02159, 0.05339, 0
0.45014, 0.43944, 0.20739, 0.48219, 0.45355, 0.44799, 0.03037, 0.01756, 1
0.45476, 0.44816, 0.22681, 0.47892, 0.45758, 0.45262, 0.04016, 0.04431, 1
0.44823, 0.43791, 0.25696, 0.48088, 0.45475, 0.44759, 0.02281, 0.03699, 0
0.45147, 0.44118, 0.24065, 0.48257, 0.45439, 0.44666, 0.03287, 0.03974, 1
0.45888, 0.4484, 0.21198, 0.46928, 0.46484, 0.46163, 0.03525, 0.03589, 1
0.44505, 0.43747, 0.178, 0.48609, 0.44814, 0.44164, 0.01873, 0.04442, 0
0.44468, 0.43661, 0.178, 0.48906, 0.44842, 0.44456, 0.02216, 0.06641, 0
0.46848, 0.45841, 0.15431, 0.47039, 0.47116, 0.46531, 0.08333, 0.09311, 1
0.43598, 0.42594, 0.15506, 0.48632, 0.44078, 0.43678, 0.07673, 0.08212, 0
0.75063, 0.7283, 0.15499, 0.4398, 0.7559, 0.74856, 0.06447, 0.01294, 1
0.4505, 0.44118, 0.1726, 0.4784, 0.45483, 0.44812, 0.00729, 0.03021, 1
0.45531, 0.44313, 0.15557, 0.47335, 0.45879, 0.45352, 0.03918, 0.03803, 1
0.4444, 0.43426, 0.16718, 0.48683, 0.44671, 0.4404, 0.04925, 0.04493, 1
0.44204, 0.43469, 0.1668, 0.48617, 0.44566, 0.44106, 0.03215, 0.05215, 0
0.45742, 0.44986, 0.16956, 0.47014, 0.4684, 0.46929, 0.09007, 0.09054, 1
0.44796, 0.43988, 0.2141, 0.48438, 0.45242, 0.44288, 0.00959, 0.01515, 1
0.44876, 0.4401, 0.17427, 0.47321, 0.45828, 0.45614, 0.03477, 0.04237, 0
0.44739, 0.43797, 0.28056, 0.4758, 0.45438, 0.45024, 0.01639, 0.02414, 0
0.44788, 0.44054, 0.2951, 0.47488, 0.45608, 0.45102, 0.03769, 0.03453, 1
0.45109, 0.44225, 0.36255, 0.48142, 0.45474, 0.447, 0.01032, 0.03671, 1
0.44354, 0.43798, 0.39234, 0.48176, 0.45, 0.44739, 0.05069, 0.00395, 1
0.4305, 0.41794, 0.34975, 0.48712, 0.42751, 0.41612, 0.17176, 0.19446, 0
0.45843, 0.44588, 0.32372, 0.47104, 0.46076, 0.45645, 0.04532, 0.04483, 0
0.19578, 0.20233, 0.16854, 0.5359, 0.20579, 0.2127, 0.229, 0.26662, 0
0.45152, 0.44205, 0.40361, 0.48069, 0.45461, 0.44682, 0.01862, 0.04397, 0
0.45524, 0.45146, 0.44005, 0.47145, 0.46906, 0.46581, 0.13473, 0.07176, 0
0.45127, 0.43541, 0.25197, 0.48183, 0.44921, 0.44531, 0.11594, 0.03191, 0
0.43899, 0.43221, 0.195, 0.48411, 0.44326, 0.436, 0.04388, 0.01808, 1
0.45129, 0.43755, 0.12404, 0.48015, 0.45255, 0.4448, 0.08226, 0.05211, 0
0.54651, 0.50676, 0.18125, 0.47385, 0.52805, 0.49479, 0.54837, 0.5091, 0
0.45313, 0.44731, 0.25976, 0.47934, 0.44636, 0.45971, 0.0397, 0.02173, 0
0.49689, 0.48722, 0.34225, 0.46523, 0.50682, 0.50527, 0.23986, 0.4587, 1
0.44755, 0.42426, 0.34469, 0.47719, 0.45376, 0.44972, 0.17256, 0.41042, 1
0.4382, 0.42977, 0.34445, 0.4807, 0.44626, 0.44434, 0.05904, 0.01353, 1
0.4595, 0.44417, 0.37665, 0.47404, 0.48103, 0.45567, 0.01608, 0.03785, 0
0.45065, 0.44161, 0.36806, 0.48125, 0.45552, 0.44778, 0.00741, 0.01202, 1
0.4401, 0.43523, 0.37732, 0.4836, 0.44273, 0.44045, 0.04567, 0.05513, 0
0.36451, 0.38088, 0.47981, 0.48306, 0.38826, 0.4019, 0.4554, 0.50117, 0
0.4667, 0.44075, 0.54796, 0.47266, 0.50334, 0.48708, 0.00756, 0.01895, 1
0.44059, 0.43252, 0.53539, 0.48604, 0.44794, 0.43186, 0.04888, 0.03401, 0
0.44804, 0.4362, 0.47053, 0.4781, 0.45334, 0.44511, 0.04812, 0.02812, 1
0.45962, 0.44813, 0.39767, 0.4707, 0.47295, 0.47406, 0.05499, 0.05762, 1
0.44831, 0.43729, 0.26688, 0.47441, 0.45388, 0.45194, 0.0217, 0.01284, 0
0.46792, 0.45355, 0.18988, 0.47128, 0.4707, 0.46049, 0.08979, 0.07402, 0
0.4443, 0.43817, 0.18483, 0.47986, 0.45016, 0.44383, 0.02913, 0.02433, 0
0.42666, 0.41876, 0.19721, 0.49083, 0.42925, 0.42332, 0.11297, 0.10248, 1
0.44879, 0.4414, 0.18875, 0.47827, 0.45431, 0.45442, 0.02709, 0.03914, 1
0.45785, 0.46165, 0.31297, 0.47203, 0.47687, 0.49318, 0.31303, 0.44432, 1
0.52872, 0.49446, 0.27004, 0.47456, 0.51167, 0.48762, 0.45319, 0.47744, 0
0.44746, 0.43948, 0.39, 0.48464, 0.44893, 0.44199, 0.01642, 0.03294, 0
0.45118, 0.4431, 0.40142, 0.47892, 0.45493, 0.45075, 0.01282, 0.01134, 1
0.44257, 0.43608, 0.28656, 0.48646, 0.44438, 0.43902, 0.02463, 0.02722, 1
0.44389, 0.43077, 0.28105, 0.48376, 0.44534, 0.4349, 0.09748, 0.06679, 0
0.4586, 0.44757, 0.27566, 0.4771, 0.46108, 0.45784, 0.0396, 0.02787, 1
0.45268, 0.44182, 0.2092, 0.47551, 0.45702, 0.4514, 0.01979, 0.01416, 0
0.44683, 0.43753, 0.47337, 0.48266, 0.44712, 0.43905, 0.04487, 0.03891, 0
0.45827, 0.44355, 0.25815, 0.47798, 0.45938, 0.45375, 0.08166, 0.09703, 0
0.47493, 0.46069, 0.22128, 0.47075, 0.47665, 0.46608, 0.10928, 0.16084, 1
0.47897, 0.47948, 0.28369, 0.46894, 0.50285, 0.51242, 0.35104, 0.35025, 1
0.45345, 0.44461, 0.18488, 0.47566, 0.45831, 0.45192, 0.01654, 0.01992, 0
0.44507, 0.43704, 0.3198, 0.47447, 0.46245, 0.45063, 0.06686, 0.03625, 1
0.44993, 0.43878, 0.39487, 0.47814, 0.45782, 0.44654, 0.03308, 0.06776, 1
0.44128, 0.43552, 0.49559, 0.48295, 0.44776, 0.44535, 0.05156, 0.02459, 1
0.45694, 0.4438, 0.55297, 0.47751, 0.45995, 0.45222, 0.05969, 0.05558, 0
0.23685, 0.23789, 0.48459, 0.52266, 0.23722, 0.23968, 0.24604, 0.25612, 1
0.44967, 0.43835, 0.40031, 0.47632, 0.45712, 0.4612, 0.01473, 0.00615, 1
0.48928, 0.46692, 0.39295, 0.47556, 0.48205, 0.46702, 0.23897, 0.26061, 1
0.45358, 0.44357, 0.30003, 0.46955, 0.45494, 0.45392, 0.01716, 0.04412, 0
0.44016, 0.43271, 0.28109, 0.4792, 0.44859, 0.44642, 0.0535, 0.04246, 1
0.41228, 0.4197, 0.27085, 0.48266, 0.4255, 0.43327, 0.24932, 0.30198, 1
0.44001, 0.43515, 0.38614, 0.47476, 0.45455, 0.45285, 0.11194, 0.15354, 1
0.46241, 0.45241, 0.39221, 0.46968, 0.47641, 0.47601, 0.08459, 0.1624, 0
0.45073, 0.44248, 0.1975, 0.47775, 0.45565, 0.45102, 0.01246, 0.00459, 0
0.44948, 0.43968, 0.17415, 0.48544, 0.45358, 0.44776, 0.01775, 0.01733, 0
0.44856, 0.44011, 0.16104, 0.47624, 0.45448, 0.44998, 0.01363, 0.02066, 0
0.45602, 0.44463, 0.14453, 0.4699, 0.46049, 0.45428, 0.0302, 0.05342, 1
0.45037, 0.4414, 0.16895, 0.48242, 0.45343, 0.44867, 0.00905, 0.00397, 0
0.45556, 0.44656, 0.20196, 0.4743, 0.46054, 0.45923, 0.03059, 0.05511, 0
0.4477, 0.43882, 0.18963, 0.47769, 0.45443, 0.45076, 0.0198, 0.03379, 1
0.45066, 0.44206, 0.43974, 0.47212, 0.45729, 0.45407, 0.02228, 0.03843, 1
0.46306, 0.44512, 0.42084, 0.47482, 0.46837, 0.45925, 0.09339, 0.06798, 0
0.43555, 0.42742, 0.40385, 0.48384, 0.44203, 0.43779, 0.06706, 0.05712, 0
0.45227, 0.4438, 0.22034, 0.47812, 0.45682, 0.45791, 0.0193, 0.02451, 0
0.45335, 0.44271, 0.18717, 0.47074, 0.4604, 0.45593, 0.0076, 0.01863, 0
0.44806, 0.43966, 0.17573, 0.48052, 0.45343, 0.44931, 0.01473, 0.01395, 1
0.4459, 0.43508, 0.21245, 0.4802, 0.45181, 0.44892, 0.03286, 0.01845, 1
0.4561, 0.44402, 0.19415, 0.4754, 0.45945, 0.4509, 0.04409, 0.03022, 0
0.44619, 0.43661, 0.19837, 0.4847, 0.44929, 0.44271, 0.03513, 0.01859, 0
0.44764, 0.43925, 0.40222, 0.47491, 0.45851, 0.44919, 0.03199, 0.01591, 1
0.47597, 0.45561, 0.4408, 0.47575, 0.47482, 0.45976, 0.17797, 0.17522, 0
0.41002, 0.40662, 0.43799, 0.49126, 0.41476, 0.4073, 0.16688, 0.16835, 1
0.4969, 0.47282, 0.43861, 0.4753, 0.48695, 0.46641, 0.28687, 0.22751, 0
0.45607, 0.44505, 0.25877, 0.47808, 0.46104, 0.45713, 0.02352, 0.01994, 1
0.39611, 0.39773, 0.20449, 0.48603, 0.40927, 0.41339, 0.24706, 0.26102, 0
0.45837, 0.4414, 0.19988, 0.47179, 0.47692, 0.48025, 0.03061, 0.03214, 0
0.46035, 0.44572, 0.22719, 0.47183, 0.47955, 0.47015, 0.0237, 0.07421, 0
0.43974, 0.43102, 0.23624, 0.47508, 0.45916, 0.44722, 0.07443, 0.08611, 0
0.4559, 0.44463, 0.33763, 0.47734, 0.45859, 0.45154, 0.03966, 0.00608, 0
0.44859, 0.44269, 0.31387, 0.47929, 0.45418, 0.45011, 0.04203, 0.04644, 0
0.45863, 0.44773, 0.41161, 0.47227, 0.46699, 0.45646, 0.03244, 0.04362, 1
0.45054, 0.44249, 0.43487, 0.47915, 0.45675, 0.44984, 0.0159, 0.02643, 0
0.44693, 0.4414, 0.35708, 0.48377, 0.44762, 0.4405, 0.00554, 0.00612, 1
0.40744, 0.39924, 0.24236, 0.48166, 0.42306, 0.4231, 0.20534, 0.21466, 0
0.46476, 0.45366, 0.25807, 0.47087, 0.49141, 0.49294, 0.16331, 0.17246, 0
0.47631, 0.45699, 0.31436, 0.47121, 0.4822, 0.46807, 0.14005, 0.14988, 0
0.43335, 0.4217, 0.32432, 0.48555, 0.4375, 0.42144, 0.12745, 0.01235, 0
0.45152, 0.44775, 0.36823, 0.47917, 0.45543, 0.45183, 0.06985, 0.07527, 1
0.45073, 0.44271, 0.35387, 0.47894, 0.45407, 0.45354, 0.018, 0.03583, 0
0.44706, 0.439, 0.28027, 0.48045, 0.45099, 0.44336, 0.01281, 0.02623, 1
0.44422, 0.43584, 0.48114, 0.47547, 0.45369, 0.4514, 0.04264, 0.05178, 1
0.45477, 0.44909, 0.1422, 0.47558, 0.46017, 0.45412, 0.05872, 0.07559, 0
0.44027, 0.43156, 0.16345, 0.47671, 0.45174, 0.45114, 0.06448, 0.11857, 0
0.46698, 0.45272, 0.2936, 0.47261, 0.46922, 0.45969, 0.08775, 0.11496, 0
0.44947, 0.44075, 0.38949, 0.47242, 0.458, 0.45497, 0.02906, 0.03804, 1
0.4549, 0.44444, 0.39951, 0.46973, 0.46257, 0.45773, 0.01661, 0.02574, 1
0.45328, 0.44465, 0.16129, 0.47266, 0.4612, 0.45667, 0.03345, 0.01848, 0
0.44865, 0.44292, 0.16558, 0.47555, 0.45644, 0.45208, 0.05497, 0.03356, 1
0.44415, 0.43227, 0.25558, 0.4798, 0.45085, 0.43402, 0.07682, 0.03033, 1
0.42036, 0.40957, 0.25153, 0.48752, 0.4126, 0.39591, 0.22318, 0.28801, 1
0.5289, 0.51373, 0.2557, 0.46947, 0.52841, 0.5317, 0.35013, 0.35541, 0
0.43284, 0.40438, 0.24981, 0.48211, 0.42839, 0.42348, 0.33961, 0.35429, 1
0.45262, 0.444, 0.25492, 0.47996, 0.45276, 0.45142, 0.01632, 0.02432, 1
0.44838, 0.44032, 0.14149, 0.48551, 0.45359, 0.44748, 0.00835, 0.00832, 1
0.49588, 0.48724, 0.19488, 0.39764, 0.5035, 0.49767, 0.02729, 0.02618, 1
0.44812, 0.43817, 0.20872, 0.47837, 0.45412, 0.44919, 0.01625, 0.03339, 1
0.44811, 0.44506, 0.23345, 0.47477, 0.45612, 0.45455, 0.09553, 0.08975, 1
0.42065, 0.42013, 0.16684, 0.48791, 0.41638, 0.40598, 0.10183, 0.12671, 1
0.49328, 0.48221, 0.25731, 0.46903, 0.49255, 0.48512, 0.19817, 0.23847, 1
0.44608, 0.43966, 0.268, 0.48276, 0.44688, 0.44179, 0.0117, 0.01449, 1
0.44364, 0.4377, 0.37634, 0.47481, 0.4565, 0.45446, 0.08173, 0.06096, 1
0.34867, 0.37073, 0.36275, 0.48911, 0.35789, 0.35803, 0.43477, 0.45335, 0
0.45371, 0.44512, 0.25476, 0.48162, 0.45524, 0.44746, 0.02634, 0.01233, 0
0.45296, 0.44249, 0.21991, 0.47457, 0.45846, 0.45739, 0.00632, 0.03383, 0
0.45116, 0.44184, 0.21468, 0.4708, 0.45732, 0.45236, 0.00633, 0.01615, 1
0.45921, 0.44506, 0.27418, 0.47734, 0.46008, 0.45246, 0.0849, 0.04779, 0
0.24248, 0.23768, 0.25962, 0.57119, 0.2438, 0.24229, 0.06497, 0.07273, 1
0.41374, 0.41501, 0.2717, 0.48753, 0.42201, 0.42077, 0.16011, 0.16929, 0
0.45427, 0.44228, 0.29301, 0.47208, 0.46954, 0.47466, 0.06063, 0.04324, 1
0.42498, 0.41454, 0.37849, 0.48952, 0.42397, 0.41543, 0.15768, 0.14044, 1
0.44382, 0.43507, 0.35963, 0.48313, 0.44329, 0.44256, 0.04417, 0.04534, 0
0.67531, 0.66006, 0.361, 0.39288, 0.68801, 0.68217, 0.08033, 0.06862, 1
0.44748, 0.43753, 0.42921, 0.48022, 0.44814, 0.44789, 0.02924, 0.04699, 1
0.44918, 0.4386, 0.4991, 0.47401, 0.45757, 0.45193, 0.01246, 0.01504, 1
0.76807, 0.75724, 0.46172, 0.38481, 0.77341, 0.75723, 0.04027, 0.04431, 0
0.44965, 0.44075, 0.45349, 0.47917, 0.45369, 0.45466, 0.01097, 0.01603, 1
0.44737, 0.43753, 0.44195, 0.47926, 0.45111, 0.44594, 0.0239, 0.0119, 1
0.44838, 0.43882, 0.30495, 0.47704, 0.4541, 0.44881, 0.01261, 0.02035, 1
0.45708, 0.44378, 0.16332, 0.47256, 0.47566, 0.46792, 0.02503, 0.02428, 0
0.45286, 0.44183, 0.16203, 0.4749, 0.4652, 0.45246, 0.00361, 0.02009, 1
0.44632, 0.43879, 0.23313, 0.48534, 0.4462, 0.44391, 0.01277, 0.03189, 1
0.44525, 0.44053, 0.21658, 0.47929, 0.44844, 0.43506, 0.00364, 0.00696, 0
0.44803, 0.43879, 0.2109, 0.48082, 0.45096, 0.44707, 0.02004, 0.02445, 1
0.48451, 0.47114, 0.17219, 0.46578, 0.48802, 0.48323, 0.14548, 0.17425, 1
0.44561, 0.42701, 0.17567, 0.48185, 0.44583, 0.43636, 0.16267, 0.18368, 0
0.44713, 0.45023, 0.36352, 0.4824, 0.43775, 0.43496, 0.06669, 0.07947, 0
0.4544, 0.44527, 0.38631, 0.46662, 0.46008, 0.45572, 0.02341, 0.02647, 0
0.44819, 0.4386, 0.23633, 0.48464, 0.45035, 0.44476, 0.02808, 0.0248, 0
0.46917, 0.4481, 0.25686, 0.47053, 0.48675, 0.48994, 0.03796, 0.00399, 1
0.22029, 0.21609, 0.32764, 0.7772, 0.21926, 0.22145, 0.01245, 0.02382, 0
0.4402, 0.43399, 0.33512, 0.48393, 0.44609, 0.44416, 0.05164, 0.05236, 1
0.44639, 0.43835, 0.20172, 0.48618, 0.44981, 0.44469, 0.0138, 0.01013, 0
0.45708, 0.44468, 0.15323, 0.47259, 0.46314, 0.45487, 0.03693, 0.0, 0
0.46941, 0.45452, 0.15241, 0.46725, 0.47481, 0.46773, 0.07893, 0.04732, 0
0.46149, 0.44624, 0.27274, 0.47337, 0.47541, 0.46011, 0.0457, 0.03725, 0
0.45414, 0.4605, 0.32285, 0.48003, 0.45415, 0.44611, 0.16768, 0.12406, 1
0.45114, 0.44381, 0.2867, 0.47348, 0.4581, 0.45462, 0.03534, 0.03762, 0
0.44736, 0.4368, 0.24917, 0.48535, 0.44907, 0.43934, 0.05551, 0.02474, 0
0.45157, 0.44272, 0.27188, 0.4776, 0.45642, 0.44691, 0.00924, 0.03449, 1
0.4495, 0.4399, 0.31094, 0.48411, 0.44683, 0.44231, 0.04344, 0.04949, 0
0.44588, 0.43882, 0.32267, 0.47485, 0.45391, 0.45531, 0.05672, 0.06341, 1
0.4427, 0.43475, 0.31907, 0.47642, 0.45177, 0.44699, 0.04229, 0.03078, 0
0.40009, 0.40894, 0.32523, 0.47889, 0.42456, 0.42927, 0.32054, 0.38447, 1
0.45532, 0.44937, 0.31939, 0.47937, 0.45879, 0.45376, 0.05108, 0.04429, 1
0.44106, 0.43646, 0.31355, 0.48546, 0.43907, 0.43019, 0.02391, 0.0711, 0
0.44603, 0.4414, 0.30491, 0.48254, 0.44677, 0.44308, 0.03055, 0.00794, 1
0.43722, 0.4313, 0.30858, 0.48197, 0.4429, 0.44464, 0.06427, 0.08153, 0
0.46835, 0.45609, 0.33018, 0.46963, 0.4879, 0.4916, 0.11684, 0.18369, 1
0.46432, 0.44442, 0.336, 0.47172, 0.47843, 0.47157, 0.06157, 0.06968, 0
0.46905, 0.45612, 0.33202, 0.46908, 0.48385, 0.47738, 0.07834, 0.0882, 1
0.43752, 0.42855, 0.27792, 0.47544, 0.46494, 0.45037, 0.10958, 0.01858, 1
0.44654, 0.44075, 0.30648, 0.47438, 0.45645, 0.45579, 0.07292, 0.05177, 0
0.47002, 0.46318, 0.33689, 0.47974, 0.46376, 0.44733, 0.11695, 0.11999, 1
0.44973, 0.44054, 0.46648, 0.47235, 0.45696, 0.45833, 0.04153, 0.04861, 0
0.39567, 0.38603, 0.52777, 0.48978, 0.39236, 0.37725, 0.30792, 0.29593, 0
0.44591, 0.44034, 0.49337, 0.4832, 0.44786, 0.44601, 0.03208, 0.02771, 0
0.44387, 0.43716, 0.4983, 0.47646, 0.45158, 0.45306, 0.05816, 0.04949, 1
0.41428, 0.40237, 0.32961, 0.4875, 0.40654, 0.38365, 0.27168, 0.34028, 0
0.34055, 0.3754, 0.33629, 0.48194, 0.37216, 0.40857, 0.70037, 0.77563, 0
0.47353, 0.44118, 0.29097, 0.47285, 0.50652, 0.50227, 0.10072, 0.109, 1
0.45697, 0.43796, 0.26899, 0.47484, 0.47986, 0.44177, 0.07529, 0.11657, 0
0.44973, 0.44097, 0.20269, 0.48087, 0.45552, 0.4462, 0.00904, 0.03786, 0
0.45217, 0.44291, 0.24221, 0.47982, 0.45664, 0.44685, 0.01981, 0.01278, 0
0.50637, 0.48043, 0.26324, 0.46839, 0.50385, 0.4916, 0.26009, 0.21897, 0
0.49657, 0.4622, 0.28534, 0.47306, 0.49519, 0.47481, 0.33486, 0.30511, 0
0.44934, 0.44268, 0.19806, 0.47904, 0.45466, 0.45347, 0.03812, 0.04748, 0
0.45464, 0.44246, 0.19644, 0.4717, 0.46109, 0.45554, 0.02228, 0.01204, 1
0.47186, 0.45326, 0.23841, 0.47334, 0.49162, 0.46305, 0.07952, 0.08226, 0
0.40118, 0.39014, 0.35037, 0.48962, 0.39455, 0.38553, 0.29373, 0.25221, 1
0.45024, 0.44118, 0.37455, 0.48228, 0.44373, 0.43632, 0.06398, 0.07798, 1
0.44625, 0.43948, 0.32766, 0.48361, 0.44438, 0.44303, 0.00893, 0.05887, 0
0.44948, 0.44395, 0.28996, 0.47384, 0.45636, 0.45926, 0.07757, 0.12226, 0
0.43096, 0.41947, 0.24174, 0.47749, 0.44475, 0.44172, 0.10505, 0.0551, 1
0.44599, 0.43863, 0.21708, 0.47876, 0.45209, 0.44778, 0.02782, 0.08975, 1
0.45799, 0.44758, 0.20452, 0.46831, 0.46275, 0.45721, 0.03167, 0.09578, 0
0.44929, 0.43841, 0.17493, 0.47324, 0.45867, 0.45644, 0.0183, 0.01182, 0
0.44394, 0.43557, 0.32655, 0.49067, 0.44766, 0.44304, 0.02732, 0.03542, 0
0.44482, 0.43967, 0.34993, 0.47918, 0.45139, 0.44841, 0.05642, 0.04226, 0
0.45365, 0.4414, 0.33045, 0.47841, 0.45504, 0.45207, 0.04507, 0.05893, 1
0.45795, 0.44506, 0.33362, 0.47755, 0.45631, 0.44789, 0.08144, 0.10768, 1
0.48243, 0.47853, 0.26831, 0.46895, 0.51079, 0.52105, 0.32629, 0.25918, 0
0.5058, 0.47822, 0.42057, 0.47208, 0.49978, 0.48266, 0.29985, 0.33846, 0
0.44495, 0.43797, 0.34003, 0.48471, 0.44402, 0.43568, 0.03106, 0.0366, 1
0.40884, 0.40268, 0.39369, 0.48662, 0.41662, 0.41614, 0.18612, 0.21128, 0
0.45557, 0.45814, 0.40827, 0.47257, 0.46788, 0.46572, 0.20871, 0.21969, 1
0.46977, 0.4573, 0.44399, 0.47254, 0.47514, 0.46378, 0.08229, 0.08326, 0
0.44348, 0.43412, 0.42773, 0.48545, 0.43994, 0.42987, 0.08087, 0.06925, 0
0.44447, 0.43669, 0.36369, 0.47963, 0.44981, 0.45244, 0.03738, 0.11133, 0
0.45415, 0.4459, 0.31977, 0.47082, 0.46583, 0.46584, 0.07527, 0.05935, 1
0.45921, 0.44526, 0.27226, 0.47181, 0.46693, 0.45882, 0.0425, 0.02411, 0
0.45783, 0.44527, 0.24854, 0.47181, 0.46571, 0.46196, 0.02548, 0.05179, 0
0.45701, 0.44784, 0.15924, 0.47349, 0.46263, 0.45701, 0.03451, 0.11906, 1
0.44231, 0.43603, 0.11654, 0.4759, 0.45283, 0.44998, 0.06587, 0.07194, 1
0.45717, 0.44612, 0.13115, 0.47124, 0.46247, 0.45804, 0.02546, 0.04508, 1
0.43638, 0.43315, 0.35991, 0.48614, 0.44199, 0.43935, 0.0715, 0.07634, 1
0.44777, 0.43519, 0.37413, 0.48454, 0.44493, 0.43272, 0.11123, 0.10949, 0
0.44521, 0.43654, 0.35794, 0.48364, 0.4504, 0.44601, 0.02269, 0.04569, 1
0.45056, 0.43801, 0.47571, 0.47389, 0.46075, 0.45447, 0.02209, 0.03581, 0
0.4431, 0.43653, 0.3862, 0.48217, 0.44916, 0.44588, 0.03896, 0.02562, 1
0.45663, 0.44478, 0.34002, 0.48072, 0.45641, 0.44292, 0.07804, 0.13566, 1
0.45358, 0.44647, 0.22605, 0.47136, 0.46297, 0.46627, 0.08022, 0.03414, 0
0.44387, 0.43907, 0.13875, 0.48296, 0.44555, 0.44305, 0.02356, 0.0516, 1
0.44206, 0.43357, 0.13597, 0.48317, 0.44491, 0.44344, 0.03743, 0.04661, 0
0.45134, 0.44184, 0.36914, 0.47349, 0.45847, 0.45195, 0.00962, 0.01392, 1
0.4583, 0.44249, 0.16195, 0.47955, 0.45605, 0.44247, 0.13815, 0.19977, 1
0.44419, 0.44593, 0.22554, 0.48346, 0.43199, 0.42486, 0.02534, 0.06816, 1
0.4738, 0.46364, 0.2847, 0.47042, 0.47128, 0.47052, 0.1086, 0.02615, 0
0.43001, 0.42848, 0.36166, 0.48091, 0.43962, 0.44332, 0.12577, 0.06401, 1
0.42577, 0.43665, 0.37668, 0.47585, 0.44906, 0.45965, 0.35604, 0.49865, 1
0.38796, 0.38894, 0.2512, 0.49131, 0.39245, 0.3877, 0.25466, 0.33802, 0
0.44813, 0.43555, 0.1805, 0.47764, 0.45264, 0.43947, 0.06403, 0.04062, 1
0.4519, 0.44292, 0.16419, 0.47762, 0.45472, 0.44301, 0.0267, 0.02895, 0
0.45501, 0.43969, 0.28379, 0.48007, 0.45531, 0.44336, 0.11298, 0.12754, 0
0.46625, 0.44998, 0.27949, 0.47257, 0.47243, 0.45921, 0.08185, 0.10005, 0
0.44115, 0.43668, 0.11264, 0.47901, 0.44931, 0.444, 0.0664, 0.09997, 0
0.46527, 0.45693, 0.16648, 0.47408, 0.46458, 0.46081, 0.07609, 0.06613, 1
0.47294, 0.46407, 0.15088, 0.46965, 0.49509, 0.49444, 0.18212, 0.26048, 0
0.45406, 0.44204, 0.16382, 0.4745, 0.46597, 0.45478, 0.0115, 0.01949, 1
0.45539, 0.44377, 0.27375, 0.47606, 0.46039, 0.44971, 0.03472, 0.03924, 1
0.45535, 0.44723, 0.25599, 0.47017, 0.46551, 0.45887, 0.05221, 0.07987, 0
0.45504, 0.44356, 0.29747, 0.47425, 0.45984, 0.4539, 0.02939, 0.00609, 1
0.44308, 0.43363, 0.25027, 0.47516, 0.45378, 0.45011, 0.04539, 0.03262, 1
0.43907, 0.43192, 0.27523, 0.4875, 0.44082, 0.43274, 0.0489, 0.0418, 1
0.46016, 0.45068, 0.2854, 0.46941, 0.46451, 0.45991, 0.04637, 0.01399, 1
0.46724, 0.45194, 0.16347, 0.4781, 0.46421, 0.45441, 0.12302, 0.03584, 0
0.45163, 0.44011, 0.21056, 0.47971, 0.45422, 0.45167, 0.02745, 0.01791, 0
0.44867, 0.43968, 0.23352, 0.47985, 0.45196, 0.45141, 0.00904, 0.02211, 0
0.45554, 0.44506, 0.25595, 0.47063, 0.46865, 0.46905, 0.0572, 0.12416, 0
0.45376, 0.44402, 0.30154, 0.47075, 0.45981, 0.45566, 0.01646, 0.02134, 0
0.45236, 0.44075, 0.30725, 0.4732, 0.45954, 0.45355, 0.01839, 0.02563, 0
0.4521, 0.4438, 0.28458, 0.48105, 0.44974, 0.4464, 0.01929, 0.04074, 0
0.45536, 0.43747, 0.2766, 0.47431, 0.46201, 0.45606, 0.09129, 0.13056, 0
0.4337, 0.42457, 0.20266, 0.47663, 0.4469, 0.43951, 0.08312, 0.04241, 1
0.45368, 0.4414, 0.14439, 0.48121, 0.45123, 0.44588, 0.08201, 0.0, 1
0.44666, 0.4377, 0.15573, 0.48329, 0.44381, 0.43572, 0.05715, 0.0, 0
0.46787, 0.45365, 0.13689, 0.47137, 0.47957, 0.46814, 0.0602, 0.10272, 0
0.45883, 0.44621, 0.12491, 0.47372, 0.46537, 0.45421, 0.04237, 0.04869, 0
0.45184, 0.44555, 0.11352, 0.47907, 0.45596, 0.45355, 0.04534, 0.01613, 0
0.52354, 0.4789, 0.29779, 0.4749, 0.51541, 0.49925, 0.44858, 0.47957, 0
0.4522, 0.44637, 0.37704, 0.47986, 0.4486, 0.45404, 0.03313, 0.04099, 1
0.44848, 0.44248, 0.38544, 0.47688, 0.45421, 0.44958, 0.04025, 0.04611, 0
0.46743, 0.44551, 0.33639, 0.47718, 0.46773, 0.46217, 0.14972, 0.15705, 0
0.42603, 0.41981, 0.32696, 0.48417, 0.42996, 0.4297, 0.10328, 0.15428, 0
0.48336, 0.47322, 0.28565, 0.46902, 0.50974, 0.51362, 0.23474, 0.33227, 0
0.44944, 0.4401, 0.26939, 0.47918, 0.45611, 0.45024, 0.00556, 0.00837, 1
0.44207, 0.43746, 0.41628, 0.48211, 0.44726, 0.44612, 0.05262, 0.05281, 1
0.44878, 0.43855, 0.40197, 0.47452, 0.4554, 0.45382, 0.01322, 0.03372, 0
0.44709, 0.44053, 0.23499, 0.48428, 0.44317, 0.43648, 0.02755, 0.02793, 0
0.45257, 0.44185, 0.25904, 0.482, 0.46056, 0.44702, 0.02793, 0.03122, 1
0.49383, 0.47237, 0.37214, 0.47488, 0.48582, 0.46565, 0.24857, 0.27303, 1
0.43896, 0.42372, 0.37849, 0.47752, 0.44955, 0.45332, 0.08528, 0.034, 1
0.43534, 0.41301, 0.37697, 0.4836, 0.42326, 0.39754, 0.33768, 0.35443, 0
0.45339, 0.44427, 0.3346, 0.47637, 0.46044, 0.46842, 0.0502, 0.10509, 0
0.44915, 0.43942, 0.32321, 0.47273, 0.45833, 0.45973, 0.03786, 0.0591, 0
0.44132, 0.4317, 0.24981, 0.48819, 0.44507, 0.43981, 0.05166, 0.03464, 0
0.45283, 0.44317, 0.21098, 0.47143, 0.4629, 0.46068, 0.03639, 0.0719, 1
0.58811, 0.57817, 0.26083, 0.43022, 0.60034, 0.59361, 0.06105, 0.02497, 1
0.43119, 0.40717, 0.15678, 0.48381, 0.42026, 0.40875, 0.32825, 0.20621, 1
0.44999, 0.44796, 0.15858, 0.47215, 0.46593, 0.46734, 0.16954, 0.14206, 1
0.45287, 0.44315, 0.20281, 0.47969, 0.45436, 0.45116, 0.02216, 0.03965, 1
0.45666, 0.44671, 0.15918, 0.46737, 0.46225, 0.45707, 0.02675, 0.06653, 1
0.43442, 0.42948, 0.18135, 0.48946, 0.4385, 0.43391, 0.06135, 0.06712, 0
0.42148, 0.41838, 0.17637, 0.47652, 0.442, 0.45051, 0.19194, 0.20734, 0
0.46642, 0.45541, 0.28927, 0.47131, 0.46969, 0.4629, 0.07218, 0.03318, 0
0.42177, 0.41746, 0.27326, 0.48073, 0.43079, 0.43183, 0.13741, 0.08415, 0
0.44489, 0.43184, 0.1602, 0.47812, 0.45047, 0.44512, 0.06609, 0.03947, 1
0.59604, 0.58333, 0.40416, 0.43938, 0.59615, 0.57798, 0.08469, 0.14837, 1
0.47957, 0.46041, 0.47096, 0.46921, 0.48778, 0.48586, 0.11099, 0.10261, 0
0.43948, 0.43194, 0.41598, 0.48618, 0.44289, 0.44009, 0.04463, 0.10659, 0
0.45511, 0.44317, 0.24383, 0.47416, 0.46209, 0.46162, 0.01108, 0.02247, 1
0.4568, 0.44383, 0.22518, 0.47468, 0.46196, 0.46135, 0.03561, 0.06904, 1
0.43567, 0.42994, 0.17109, 0.48602, 0.44078, 0.43874, 0.06267, 0.02243, 1
0.41281, 0.41762, 0.17215, 0.48544, 0.42204, 0.42341, 0.19048, 0.19142, 0
0.45989, 0.44715, 0.16986, 0.47065, 0.47272, 0.47101, 0.03998, 0.0255, 1
0.44458, 0.43544, 0.15899, 0.47939, 0.45135, 0.4406, 0.02985, 0.08404, 1
0.435, 0.42838, 0.15208, 0.48871, 0.44156, 0.43659, 0.06449, 0.13785, 0
0.43603, 0.4277, 0.16562, 0.48635, 0.43609, 0.41915, 0.0944, 0.06015, 1
0.45852, 0.44956, 0.15642, 0.48117, 0.45313, 0.44649, 0.05994, 0.13326, 1
0.44812, 0.43854, 0.22111, 0.48118, 0.44967, 0.4485, 0.02239, 0.06544, 1
0.43738, 0.42908, 0.22181, 0.47737, 0.44726, 0.44263, 0.06313, 0.07866, 1
0.44502, 0.43068, 0.241, 0.4845, 0.44453, 0.43778, 0.11119, 0.03965, 1
0.45008, 0.44275, 0.2401, 0.48266, 0.44911, 0.44171, 0.02542, 0.01667, 0
0.44267, 0.43627, 0.24205, 0.48438, 0.44381, 0.43697, 0.024, 0.01667, 1
0.44156, 0.43471, 0.25175, 0.48153, 0.44681, 0.44658, 0.04454, 0.03899, 0
0.46168, 0.44366, 0.23516, 0.47275, 0.47072, 0.45882, 0.08541, 0.13728, 1
0.4509, 0.44702, 0.20665, 0.48242, 0.45079, 0.44045, 0.03189, 0.05993, 0
0.46891, 0.4631, 0.23674, 0.46955, 0.48149, 0.48533, 0.17113, 0.20745, 1
0.44847, 0.44827, 0.24943, 0.48053, 0.45228, 0.44849, 0.10211, 0.11686, 0
0.45853, 0.44141, 0.2468, 0.47713, 0.45914, 0.44957, 0.11659, 0.0766, 0
0.4563, 0.44937, 0.25315, 0.47988, 0.45726, 0.44755, 0.03955, 0.03775, 0
0.44584, 0.43632, 0.25228, 0.48344, 0.44747, 0.44327, 0.03494, 0.03301, 0
0.44972, 0.433, 0.16721, 0.48249, 0.44813, 0.43456, 0.15126, 0.16982, 1
0.47571, 0.45753, 0.16405, 0.47876, 0.46897, 0.45613, 0.18064, 0.23823, 0
0.40717, 0.40485, 0.15954, 0.49019, 0.40811, 0.40526, 0.17543, 0.24959, 0
0.4335, 0.42815, 0.14397, 0.47792, 0.44348, 0.43845, 0.08262, 0.11635, 0
0.45155, 0.44163, 0.12708, 0.47221, 0.46456, 0.46259, 0.0408, 0.02397, 0
0.41493, 0.41134, 0.12999, 0.49045, 0.42191, 0.41447, 0.146, 0.15665, 0
0.46222, 0.44984, 0.15996, 0.47709, 0.4651, 0.46046, 0.05713, 0.03487, 1
0.4794, 0.46285, 0.17798, 0.48057, 0.46295, 0.44528, 0.23521, 0.27361, 1
0.44587, 0.42885, 0.17564, 0.48436, 0.42335, 0.4046, 0.29321, 0.27704, 0
0.45104, 0.44208, 0.13632, 0.4766, 0.45606, 0.4501, 0.00433, 0.00415, 0
0.44901, 0.44275, 0.13991, 0.47938, 0.45432, 0.45078, 0.04011, 0.05176, 0
0.42683, 0.42122, 0.1177, 0.48515, 0.43496, 0.43148, 0.10269, 0.08077, 1
0.44567, 0.42975, 0.11547, 0.48331, 0.44698, 0.43828, 0.12359, 0.14621, 1
0.44794, 0.43828, 0.12796, 0.484, 0.44395, 0.43654, 0.07427, 0.0334, 1
0.4482, 0.43873, 0.13231, 0.48378, 0.44177, 0.43467, 0.07747, 0.08575, 1
0.45514, 0.44589, 0.18911, 0.47421, 0.46652, 0.45893, 0.04872, 0.05242, 1
0.44225, 0.43334, 0.18024, 0.47969, 0.45138, 0.44467, 0.03898, 0.01566, 1
0.42528, 0.41724, 0.15643, 0.48934, 0.42935, 0.42176, 0.11984, 0.11589, 1
0.44996, 0.44274, 0.34047, 0.47363, 0.45843, 0.45213, 0.0398, 0.05141, 1
0.45198, 0.44141, 0.24607, 0.47857, 0.45519, 0.44822, 0.03149, 0.01475, 0
0.46976, 0.45883, 0.28287, 0.46939, 0.47707, 0.47028, 0.08585, 0.0047, 0
0.45628, 0.44473, 0.16937, 0.48192, 0.45163, 0.44219, 0.08319, 0.10039, 1
0.4493, 0.43765, 0.19866, 0.47976, 0.44965, 0.44876, 0.05798, 0.08247, 1
0.44953, 0.43789, 0.25336, 0.48035, 0.45191, 0.44411, 0.0486, 0.03607, 0
0.44701, 0.43767, 0.15312, 0.48025, 0.45277, 0.4489, 0.01698, 0.01172, 0
0.45587, 0.44118, 0.12521, 0.47981, 0.45735, 0.44997, 0.08455, 0.10778, 0
0.4497, 0.44382, 0.12526, 0.48102, 0.45304, 0.44611, 0.0287, 0.04705, 1
0.45348, 0.4403, 0.12487, 0.47582, 0.45894, 0.44504, 0.06267, 0.08998, 0
0.46396, 0.4513, 0.12602, 0.47962, 0.46304, 0.4501, 0.09446, 0.12186, 0
0.45849, 0.45903, 0.12648, 0.47244, 0.47045, 0.47293, 0.19827, 0.19226, 0
0.4506, 0.43809, 0.16863, 0.47322, 0.4675, 0.46309, 0.03643, 0.05488, 0
0.45284, 0.44008, 0.20004, 0.47308, 0.46646, 0.45815, 0.00565, 0.04173, 1
0.44986, 0.4414, 0.22387, 0.47711, 0.45582, 0.45237, 0.02022, 0.02533, 1
0.43798, 0.43461, 0.18707, 0.48668, 0.4407, 0.43456, 0.04849, 0.05448, 1
0.44623, 0.43834, 0.21339, 0.48732, 0.45004, 0.44347, 0.01385, 0.00934, 0
0.44492, 0.43899, 0.21007, 0.48256, 0.45094, 0.44705, 0.04163, 0.00934, 1
0.45389, 0.44403, 0.15605, 0.47713, 0.45851, 0.45024, 0.02148, 0.01422, 0
0.44796, 0.43943, 0.15294, 0.48461, 0.45282, 0.44851, 0.00922, 0.02229, 0
0.46205, 0.45084, 0.15522, 0.4647, 0.46738, 0.46234, 0.04716, 0.03676, 1
0.45523, 0.4449, 0.20792, 0.48251, 0.45142, 0.44202, 0.07354, 0.09331, 0
0.45912, 0.44382, 0.25283, 0.47553, 0.46826, 0.4513, 0.0674, 0.03283, 0
0.45966, 0.44935, 0.33745, 0.47161, 0.47349, 0.46442, 0.05527, 0.03262, 0
0.45059, 0.43831, 0.36177, 0.47391, 0.46267, 0.45398, 0.01491, 0.01882, 1
0.43851, 0.43085, 0.345, 0.48589, 0.4353, 0.42638, 0.073, 0.05362, 1
0.46031, 0.45152, 0.33919, 0.48128, 0.45483, 0.4477, 0.07303, 0.05585, 0
0.46095, 0.44471, 0.26689, 0.47242, 0.4766, 0.47851, 0.01852, 0.00621, 1
0.45169, 0.44118, 0.28026, 0.48068, 0.45521, 0.44931, 0.02199, 0.03395, 0
0.45164, 0.44118, 0.3041, 0.48186, 0.45484, 0.44904, 0.02564, 0.01421, 0
0.3958, 0.40245, 0.26675, 0.48514, 0.40768, 0.40474, 0.24083, 0.21147, 1
0.45505, 0.44514, 0.18088, 0.47614, 0.45866, 0.45517, 0.01945, 0.02003, 1
0.45192, 0.4482, 0.25868, 0.48121, 0.45147, 0.44878, 0.05264, 0.02756, 0
0.38345, 0.39713, 0.26024, 0.48132, 0.40585, 0.4246, 0.40944, 0.31616, 1
0.44622, 0.43347, 0.28991, 0.48198, 0.45443, 0.44302, 0.06819, 0.02543, 0
0.45287, 0.4456, 0.29802, 0.47509, 0.46182, 0.45465, 0.04583, 0.047, 0
0.47207, 0.46108, 0.38067, 0.4718, 0.47397, 0.46859, 0.09715, 0.03742, 0
0.43725, 0.43394, 0.34304, 0.48131, 0.43638, 0.4501, 0.06677, 0.08052, 1
0.44909, 0.43788, 0.24691, 0.47481, 0.46238, 0.46881, 0.03847, 0.05932, 0
0.44349, 0.43765, 0.23784, 0.47769, 0.4537, 0.44636, 0.05436, 0.01176, 1
0.45614, 0.44935, 0.20609, 0.4704, 0.46329, 0.45933, 0.06348, 0.0541, 1
0.44739, 0.437, 0.22155, 0.48134, 0.45177, 0.4461, 0.03424, 0.04077, 1
0.44898, 0.44118, 0.21329, 0.47352, 0.45703, 0.45612, 0.04054, 0.02386, 0
0.44386, 0.43678, 0.21703, 0.4778, 0.45096, 0.4477, 0.04254, 0.05465, 1
0.45659, 0.44582, 0.20957, 0.47371, 0.46719, 0.45559, 0.02305, 0.01544, 0
0.45141, 0.44957, 0.22928, 0.47506, 0.46061, 0.45733, 0.1179, 0.1556, 1
0.45774, 0.44405, 0.22401, 0.47348, 0.46373, 0.46014, 0.04466, 0.03919, 0
0.46654, 0.45686, 0.19851, 0.47331, 0.46923, 0.46188, 0.07568, 0.02855, 0
0.44478, 0.43587, 0.17882, 0.48862, 0.44862, 0.44259, 0.02959, 0.00944, 0
0.44926, 0.43609, 0.1455, 0.47701, 0.45467, 0.45265, 0.04913, 0.02783, 0
0.44811, 0.43853, 0.13049, 0.4828, 0.45283, 0.44742, 0.01695, 0.0, 0
0.43542, 0.43145, 0.14039, 0.47874, 0.44615, 0.44246, 0.09079, 0.08023, 0
0.44175, 0.4312, 0.16456, 0.47504, 0.45525, 0.45266, 0.05385, 0.02686, 1
0.44783, 0.44207, 0.26176, 0.47371, 0.45932, 0.45468, 0.07069, 0.07063, 0
0.45011, 0.44185, 0.28644, 0.472, 0.46267, 0.45926, 0.05769, 0.09419, 0
0.46437, 0.44873, 0.33653, 0.48082, 0.45746, 0.44647, 0.14917, 0.14114, 0
0.42851, 0.42488, 0.53889, 0.4898, 0.43198, 0.42428, 0.08119, 0.09035, 0
0.45524, 0.4449, 0.2187, 0.47251, 0.4652, 0.45924, 0.02201, 0.01527, 1
0.43881, 0.43159, 0.23367, 0.48902, 0.44266, 0.43346, 0.04757, 0.04719, 0
0.44686, 0.44075, 0.25782, 0.47594, 0.45433, 0.45156, 0.05475, 0.22577, 0
0.47128, 0.45635, 0.29635, 0.47117, 0.49053, 0.47795, 0.07699, 0.01172, 0
0.4409, 0.43792, 0.26725, 0.47502, 0.45045, 0.45314, 0.11218, 0.10798, 1
0.47008, 0.45711, 0.26889, 0.4662, 0.4773, 0.47483, 0.07705, 0.09081, 0
0.44883, 0.43967, 0.32471, 0.47636, 0.45515, 0.45063, 0.00912, 0.00612, 1
0.45458, 0.44444, 0.31278, 0.4712, 0.45977, 0.45339, 0.01812, 0.00612, 0
0.44995, 0.43988, 0.27854, 0.47992, 0.45397, 0.4484, 0.01916, 0.01443, 0
0.45541, 0.44336, 0.3, 0.47291, 0.46397, 0.45737, 0.01796, 0.0, 0
0.47488, 0.45315, 0.29053, 0.47839, 0.46939, 0.45235, 0.217, 0.17112, 0
0.43656, 0.42946, 0.26507, 0.48266, 0.43972, 0.44063, 0.05943, 0.02901, 1
0.46615, 0.45597, 0.24657, 0.47625, 0.46757, 0.46908, 0.07172, 0.0758, 1
0.44768, 0.43793, 0.1879, 0.47421, 0.45468, 0.45326, 0.02021, 0.05014, 0
0.44846, 0.43987, 0.37086, 0.47293, 0.45818, 0.45648, 0.04077, 0.04504, 1
0.44772, 0.43878, 0.31697, 0.47788, 0.45384, 0.44851, 0.01285, 0.02226, 1
0.45195, 0.44118, 0.28645, 0.48141, 0.45533, 0.44825, 0.03292, 0.06874, 0
0.44268, 0.43703, 0.25778, 0.48524, 0.44844, 0.4444, 0.04332, 0.0878, 0
0.4486, 0.43987, 0.2268, 0.47469, 0.45584, 0.44997, 0.01595, 0.01167, 1
0.45317, 0.44359, 0.22078, 0.47206, 0.45982, 0.45369, 0.01286, 0.01824, 0
0.45981, 0.44598, 0.22832, 0.47426, 0.46183, 0.45949, 0.05941, 0.06451, 0
0.40041, 0.37722, 0.30624, 0.48016, 0.4149, 0.4207, 0.33672, 0.38422, 1
0.44454, 0.43331, 0.28515, 0.4811, 0.45213, 0.43698, 0.05806, 0.02034, 1
0.44532, 0.43987, 0.20001, 0.47901, 0.45255, 0.44984, 0.05525, 0.10098, 1
0.45304, 0.44182, 0.44279, 0.47236, 0.46381, 0.45684, 0.00618, 0.0277, 1
0.44479, 0.43564, 0.48276, 0.48007, 0.45238, 0.44364, 0.02701, 0.01593, 1
0.45187, 0.44353, 0.54095, 0.47348, 0.45791, 0.45425, 0.02266, 0.03414, 0
0.45111, 0.44204, 0.10975, 0.47216, 0.4604, 0.45606, 0.02887, 0.07308, 0
0.4435, 0.43648, 0.09854, 0.47455, 0.45521, 0.45205, 0.06483, 0.0638, 0
0.46922, 0.45596, 0.1784, 0.47605, 0.47021, 0.46464, 0.08613, 0.06784, 1
0.4595, 0.44353, 0.18787, 0.48033, 0.45655, 0.44842, 0.12372, 0.10519, 0
0.46491, 0.44952, 0.18426, 0.46977, 0.47314, 0.47369, 0.04646, 0.01579, 0
0.40488, 0.4173, 0.13103, 0.48521, 0.41408, 0.41664, 0.26515, 0.26898, 1
0.45572, 0.44923, 0.29004, 0.47684, 0.46069, 0.45603, 0.05702, 0.01854, 1
0.46714, 0.45182, 0.41602, 0.47116, 0.47131, 0.46023, 0.09036, 0.09622, 1
0.45174, 0.43663, 0.4005, 0.48232, 0.45115, 0.43658, 0.12686, 0.10893, 0
0.43342, 0.42971, 0.39183, 0.48763, 0.43527, 0.42571, 0.05609, 0.06462, 0
0.44094, 0.43706, 0.39107, 0.47714, 0.45257, 0.45799, 0.11591, 0.13132, 1
0.44083, 0.42839, 0.37518, 0.47609, 0.45065, 0.44721, 0.06388, 0.05335, 1
0.44915, 0.4375, 0.35131, 0.48322, 0.45005, 0.43973, 0.07638, 0.09008, 0
0.44727, 0.43772, 0.31828, 0.48078, 0.45151, 0.4484, 0.01996, 0.02665, 0
0.41171, 0.40853, 0.22919, 0.49069, 0.41634, 0.41027, 0.1584, 0.19483, 0
0.66158, 0.64433, 0.22548, 0.39634, 0.66398, 0.65003, 0.06922, 0.05211, 0
0.43645, 0.43068, 0.25234, 0.48686, 0.43875, 0.43608, 0.05145, 0.04721, 1
0.46074, 0.44763, 0.44888, 0.46995, 0.47018, 0.46404, 0.03194, 0.07542, 1
0.4508, 0.4399, 0.44784, 0.48048, 0.45442, 0.44256, 0.04706, 0.04177, 1
0.44948, 0.43904, 0.38279, 0.47358, 0.45773, 0.45336, 0.01096, 0.02699, 0
0.45012, 0.4444, 0.40557, 0.47897, 0.45495, 0.45297, 0.04747, 0.03597, 0
0.4587, 0.44584, 0.40175, 0.47015, 0.4682, 0.46614, 0.02247, 0.04216, 1
0.4401, 0.43591, 0.56398, 0.48199, 0.4467, 0.44589, 0.07002, 0.08661, 1
0.44309, 0.43422, 0.29344, 0.48159, 0.44999, 0.44742, 0.03581, 0.04484, 0
0.44996, 0.44118, 0.09639, 0.47463, 0.45674, 0.45318, 0.01767, 0.05861, 0
0.44717, 0.44013, 0.10631, 0.4815, 0.45194, 0.44972, 0.02352, 0.03129, 1
0.45498, 0.44288, 0.10009, 0.47235, 0.46278, 0.45601, 0.01949, 0.03837, 1
0.45331, 0.44161, 0.10902, 0.47543, 0.45881, 0.44908, 0.03543, 0.05512, 1
0.19123, 0.19808, 0.14829, 0.54839, 0.19846, 0.20751, 0.19362, 0.20424, 1
0.47224, 0.46805, 0.2072, 0.47284, 0.47685, 0.46456, 0.14567, 0.17536, 1
0.45291, 0.44569, 0.26183, 0.47898, 0.45603, 0.44725, 0.0251, 0.0121, 0
0.45536, 0.44376, 0.2904, 0.47403, 0.45869, 0.45271, 0.03458, 0.00997, 0
0.44904, 0.44097, 0.34425, 0.48403, 0.45098, 0.44465, 0.00901, 0.02862, 0
0.4515, 0.4429, 0.39423, 0.4799, 0.45504, 0.45167, 0.00901, 0.00228, 1
0.44901, 0.4414, 0.45611, 0.48384, 0.45216, 0.4466, 0.00547, 0.01142, 0
0.70505, 0.68631, 0.46551, 0.39042, 0.70825, 0.69172, 0.10689, 0.07476, 0
0.45237, 0.44226, 0.31261, 0.48231, 0.45472, 0.44725, 0.03091, 0.01048, 0
0.44649, 0.43925, 0.24848, 0.48021, 0.45128, 0.44348, 0.01863, 0.02782, 1
0.45078, 0.43929, 0.39026, 0.47997, 0.45457, 0.44538, 0.04497, 0.07355, 0
0.44704, 0.44097, 0.46911, 0.47439, 0.45523, 0.45356, 0.05813, 0.12067, 1
0.46757, 0.4649, 0.47959, 0.46953, 0.4897, 0.49399, 0.24748, 0.30279, 1
0.44277, 0.43382, 0.3229, 0.4872, 0.44331, 0.43939, 0.04645, 0.00978, 0
0.45184, 0.44182, 0.18164, 0.47336, 0.46429, 0.45472, 0.02669, 0.00677, 0
0.45272, 0.44224, 0.20074, 0.47361, 0.46377, 0.45601, 0.01339, 0.0179, 1
0.47829, 0.46296, 0.30313, 0.47464, 0.47547, 0.46472, 0.14315, 0.14871, 0
0.44873, 0.44921, 0.27157, 0.47926, 0.45323, 0.45075, 0.1161, 0.14397, 1
0.45389, 0.44308, 0.26536, 0.4721, 0.45866, 0.45701, 0.01272, 0.0039, 0
0.45298, 0.44245, 0.21564, 0.47099, 0.46158, 0.45804, 0.01539, 0.02171, 0
0.45578, 0.44668, 0.12546, 0.47201, 0.46282, 0.45524, 0.02857, 0.07677, 1
0.15716, 0.15352, 0.20559, 0.83763, 0.15476, 0.1573, 0.03388, 0.02215, 0
0.44911, 0.44183, 0.20445, 0.48145, 0.45337, 0.44907, 0.01997, 0.01995, 1
0.45531, 0.44333, 0.26497, 0.47066, 0.46111, 0.45466, 0.02718, 0.0143, 0
0.4503, 0.4414, 0.28643, 0.47648, 0.45656, 0.45271, 0.01261, 0.027, 0
0.44992, 0.44097, 0.22788, 0.47749, 0.455, 0.44946, 0.00207, 0.01603, 0
0.44866, 0.44332, 0.26712, 0.4836, 0.44082, 0.43093, 0.04412, 0.02848, 0
0.43801, 0.4337, 0.26915, 0.48428, 0.43416, 0.43236, 0.03614, 0.03508, 0
0.45367, 0.44375, 0.29872, 0.47869, 0.45423, 0.45503, 0.01638, 0.01185, 0
0.45054, 0.4437, 0.46024, 0.48132, 0.45374, 0.44909, 0.02135, 0.02962, 1
0.45089, 0.44055, 0.5627, 0.47558, 0.45933, 0.44654, 0.00931, 0.01401, 1
0.45175, 0.4435, 0.34077, 0.47748, 0.45765, 0.45151, 0.01663, 0.01918, 1
0.43532, 0.42964, 0.33836, 0.48381, 0.43867, 0.44133, 0.06318, 0.05753, 1
0.45064, 0.44308, 0.30201, 0.47203, 0.46087, 0.46133, 0.0622, 0.04479, 0
0.4506, 0.43908, 0.2388, 0.47957, 0.45432, 0.44221, 0.05716, 0.07414, 1
0.45748, 0.44729, 0.14348, 0.47003, 0.46468, 0.45993, 0.03193, 0.02803, 0
0.44204, 0.43089, 0.13858, 0.4869, 0.44189, 0.43254, 0.09036, 0.14381, 1
0.46071, 0.45064, 0.14716, 0.48105, 0.4569, 0.44514, 0.08228, 0.01185, 0
0.44975, 0.43846, 0.24073, 0.47693, 0.45502, 0.45087, 0.02633, 0.00448, 0
0.45272, 0.44202, 0.27797, 0.48063, 0.45533, 0.45011, 0.02834, 0.02134, 1
0.44911, 0.43905, 0.51729, 0.48485, 0.45151, 0.44404, 0.03707, 0.0262, 0
0.4641, 0.44953, 0.45658, 0.46966, 0.47618, 0.47085, 0.04061, 0.05363, 0
0.44849, 0.4414, 0.45188, 0.47739, 0.45485, 0.45011, 0.03039, 0.01865, 1
0.45082, 0.43969, 0.45073, 0.47586, 0.45739, 0.44998, 0.01763, 0.02026, 1
0.4451, 0.43841, 0.16928, 0.47859, 0.45266, 0.45153, 0.05003, 0.05336, 0
0.43736, 0.42457, 0.22295, 0.4861, 0.43574, 0.43101, 0.12244, 0.13647, 1
0.44644, 0.43693, 0.23739, 0.48347, 0.44443, 0.43669, 0.05062, 0.05366, 0
0.45509, 0.44757, 0.21412, 0.47794, 0.45795, 0.45605, 0.03966, 0.03718, 1
0.67532, 0.66226, 0.18201, 0.0, 0.68405, 0.67375, 0.02291, 0.02562, 1
0.19489, 0.1932, 0.1588, 0.64601, 0.19343, 0.19615, 0.02729, 0.04408, 1
0.45435, 0.44695, 0.13995, 0.46937, 0.46197, 0.45813, 0.05257, 0.03664, 1
0.45248, 0.44439, 0.14717, 0.47406, 0.45847, 0.45127, 0.02228, 0.02534, 0
0.1978, 0.1994, 0.18115, 0.59445, 0.20397, 0.21112, 0.0938, 0.12706, 1
0.45246, 0.44665, 0.28856, 0.47381, 0.45947, 0.45431, 0.05582, 0.04483, 1
0.44305, 0.43635, 0.30219, 0.48046, 0.4498, 0.44489, 0.03789, 0.0552, 0
0.45219, 0.44476, 0.30284, 0.47123, 0.45978, 0.4561, 0.04395, 0.05619, 1
0.45618, 0.44813, 0.2407, 0.46972, 0.46368, 0.45814, 0.04732, 0.03526, 0
0.47238, 0.44463, 0.18808, 0.47121, 0.50398, 0.51022, 0.01704, 0.03244, 0
0.45374, 0.43623, 0.19867, 0.4734, 0.48063, 0.47401, 0.02557, 0.0271, 1
0.43743, 0.43219, 0.21229, 0.4846, 0.42773, 0.41714, 0.08373, 0.06182, 1
0.39016, 0.40453, 0.19484, 0.47937, 0.41797, 0.4367, 0.41943, 0.44488, 0
0.45241, 0.44308, 0.16608, 0.48217, 0.45054, 0.44653, 0.03131, 0.02367, 0
0.44395, 0.43819, 0.31413, 0.48122, 0.44825, 0.44259, 0.03855, 0.04103, 1
0.19443, 0.19218, 0.54354, 0.68085, 0.19787, 0.20103, 0.02817, 0.04509, 1
0.45526, 0.44375, 0.34716, 0.47256, 0.46284, 0.45452, 0.01894, 0.01389, 0
0.46407, 0.45039, 0.33079, 0.47665, 0.46535, 0.45348, 0.08884, 0.09619, 0
0.4395, 0.4337, 0.26145, 0.48409, 0.4443, 0.44169, 0.04956, 0.06954, 1
0.72012, 0.69973, 0.16984, 0.37167, 0.72273, 0.70871, 0.11902, 0.1673, 0
0.44423, 0.43884, 0.19447, 0.48046, 0.45347, 0.44804, 0.05985, 0.08895, 1
0.40159, 0.40537, 0.23884, 0.48214, 0.41821, 0.42083, 0.24873, 0.30033, 1
0.45338, 0.44012, 0.35121, 0.47985, 0.45624, 0.44416, 0.08039, 0.03574, 0
0.46504, 0.45099, 0.32158, 0.47004, 0.46863, 0.46484, 0.0638, 0.04986, 1
0.45683, 0.44636, 0.34239, 0.47368, 0.45976, 0.45285, 0.03078, 0.01216, 1
0.44419, 0.43645, 0.36094, 0.4869, 0.44634, 0.44019, 0.02527, 0.05168, 0
0.45655, 0.44679, 0.36234, 0.46905, 0.46444, 0.46199, 0.03463, 0.03218, 0
0.45107, 0.4414, 0.36029, 0.47449, 0.4576, 0.45102, 0.00208, 0.01053, 1
0.43974, 0.42865, 0.3976, 0.47977, 0.44735, 0.43452, 0.07442, 0.09892, 0
0.4596, 0.44573, 0.34714, 0.47356, 0.46928, 0.47006, 0.02534, 0.01405, 1
0.45584, 0.44378, 0.29961, 0.47119, 0.4617, 0.45509, 0.02828, 0.0302, 1
0.46001, 0.44595, 0.10808, 0.47237, 0.47228, 0.46127, 0.02928, 0.05285, 0
0.44486, 0.43447, 0.12579, 0.47624, 0.45609, 0.44538, 0.03245, 0.05221, 1
0.43333, 0.42797, 0.12122, 0.48644, 0.44198, 0.43672, 0.07613, 0.04238, 0
0.45581, 0.45029, 0.13593, 0.47025, 0.46541, 0.46167, 0.08792, 0.08251, 1
0.4257, 0.41805, 0.14901, 0.48867, 0.42619, 0.41421, 0.12489, 0.12976, 0
0.47148, 0.47735, 0.17627, 0.47108, 0.49168, 0.49473, 0.34592, 0.38795, 0
0.73056, 0.71722, 0.26617, 0.26102, 0.73886, 0.72669, 0.02962, 0.03628, 0
0.43389, 0.42608, 0.24855, 0.48885, 0.43762, 0.43077, 0.07464, 0.0485, 1
0.44621, 0.43927, 0.24755, 0.48055, 0.45171, 0.44779, 0.02823, 0.02369, 0
0.4911, 0.46095, 0.27943, 0.47834, 0.47631, 0.4532, 0.36623, 0.42895, 0
0.44326, 0.43374, 0.18334, 0.47692, 0.45006, 0.43838, 0.03801, 0.01712, 0
0.44615, 0.44076, 0.15419, 0.4787, 0.45452, 0.44792, 0.0534, 0.03342, 1
0.44847, 0.43906, 0.14013, 0.48071, 0.44759, 0.44626, 0.03688, 0.03616, 1
0.45606, 0.45093, 0.12056, 0.4762, 0.46058, 0.45922, 0.08502, 0.12213, 1
0.44739, 0.43756, 0.17979, 0.47521, 0.45437, 0.44972, 0.01755, 0.01939, 0
0.36859, 0.35615, 0.30875, 0.48479, 0.37671, 0.38921, 0.41538, 0.42795, 0
0.45711, 0.44592, 0.29609, 0.47247, 0.46401, 0.45807, 0.02315, 0.04192, 1
0.40411, 0.4004, 0.26895, 0.49068, 0.4088, 0.40262, 0.19685, 0.14761, 0
0.45013, 0.44205, 0.23692, 0.4832, 0.45205, 0.4467, 0.00834, 0.00609, 1
0.45302, 0.44248, 0.1934, 0.47255, 0.46081, 0.45509, 0.00626, 0.01664, 1
0.4571, 0.44875, 0.17478, 0.47322, 0.46344, 0.46308, 0.05013, 0.0438, 1
0.43537, 0.4269, 0.17483, 0.48952, 0.43874, 0.43004, 0.07621, 0.10013, 0
0.44406, 0.4429, 0.36915, 0.47634, 0.45491, 0.45506, 0.12965, 0.12124, 0
0.45469, 0.44742, 0.33447, 0.47937, 0.45856, 0.45063, 0.03264, 0.02555, 1
0.46577, 0.45022, 0.27325, 0.47605, 0.4651, 0.45649, 0.10642, 0.12386, 1
0.44716, 0.4341, 0.27507, 0.48483, 0.4438, 0.43358, 0.11811, 0.09568, 1
0.45369, 0.44183, 0.29103, 0.47584, 0.46371, 0.44984, 0.02725, 0.05143, 1
0.47549, 0.45324, 0.27387, 0.48037, 0.46392, 0.44606, 0.25864, 0.31691, 1
0.44882, 0.43989, 0.2021, 0.47441, 0.45619, 0.45219, 0.02246, 0.02929, 0
0.45388, 0.44398, 0.20543, 0.4716, 0.46088, 0.45754, 0.01623, 0.0226, 1
0.45064, 0.44204, 0.17581, 0.48208, 0.45474, 0.44802, 0.00549, 0.02329, 1
0.45255, 0.44398, 0.20339, 0.47805, 0.45679, 0.4535, 0.01621, 0.00397, 1
0.44781, 0.43882, 0.19645, 0.47992, 0.453, 0.44985, 0.01262, 0.01959, 0
0.45144, 0.44248, 0.17248, 0.47843, 0.45648, 0.44985, 0.00623, 0.03036, 1
0.44946, 0.44097, 0.1963, 0.48037, 0.45496, 0.45024, 0.00905, 0.0293, 0
0.45359, 0.44478, 0.28952, 0.47988, 0.45709, 0.4478, 0.02134, 0.00452, 1
0.45116, 0.4414, 0.29297, 0.47526, 0.45731, 0.4537, 0.00541, 0.00391, 0
0.45236, 0.44224, 0.32006, 0.47006, 0.45825, 0.45268, 0.00738, 0.01258, 1
0.44084, 0.43462, 0.38749, 0.47643, 0.45021, 0.44882, 0.06647, 0.08698, 0
0.44358, 0.43123, 0.38683, 0.4801, 0.44962, 0.44356, 0.06297, 0.08365, 0
0.45199, 0.44394, 0.3127, 0.47995, 0.45608, 0.44972, 0.01431, 0.02007, 1
0.45786, 0.44499, 0.14889, 0.47103, 0.46343, 0.45793, 0.03677, 0.04565, 1
0.45192, 0.44436, 0.183, 0.48045, 0.45459, 0.45037, 0.0177, 0.01705, 1
0.44716, 0.43991, 0.17897, 0.47863, 0.45267, 0.45075, 0.02898, 0.0328, 0
0.6507, 0.63634, 0.17776, 0.23123, 0.65753, 0.6444, 0.02995, 0.04741, 1
0.45056, 0.44033, 0.26653, 0.47839, 0.45545, 0.45449, 0.00543, 0.01177, 0
0.45637, 0.44183, 0.27074, 0.47159, 0.48605, 0.49588, 0.13058, 0.14636, 0
0.45142, 0.44354, 0.28232, 0.47384, 0.46805, 0.45348, 0.05319, 0.01953, 0
0.46076, 0.44762, 0.28417, 0.47128, 0.47256, 0.45894, 0.03777, 0.03778, 1
0.45325, 0.43968, 0.28413, 0.4793, 0.46062, 0.44881, 0.0631, 0.06649, 1
0.44913, 0.4399, 0.19761, 0.47392, 0.45619, 0.45256, 0.02225, 0.01981, 0
0.46063, 0.44972, 0.18249, 0.46613, 0.46662, 0.45955, 0.0418, 0.0217, 1
0.24167, 0.23642, 0.34796, 0.74775, 0.24156, 0.24263, 0.02227, 0.01983, 0
0.44787, 0.43905, 0.48137, 0.47673, 0.45413, 0.44753, 0.01088, 0.03527, 0
0.79851, 0.77488, 0.33984, 0.40959, 0.81507, 0.79794, 0.05598, 0.08603, 1
0.44408, 0.43685, 0.32543, 0.48321, 0.44848, 0.43986, 0.02214, 0.03888, 0
0.42984, 0.4267, 0.22759, 0.48211, 0.43237, 0.43884, 0.08737, 0.06199, 0
0.45371, 0.45006, 0.23635, 0.47776, 0.46009, 0.46573, 0.10841, 0.04176, 0
0.44898, 0.44464, 0.32228, 0.48183, 0.44087, 0.42455, 0.03339, 0.01057, 1
0.45, 0.4414, 0.33815, 0.48175, 0.44238, 0.44094, 0.05961, 0.05188, 1
0.44519, 0.43794, 0.3388, 0.48212, 0.43957, 0.43964, 0.03769, 0.0799, 1
0.45524, 0.44507, 0.34273, 0.47967, 0.45486, 0.45128, 0.03443, 0.02594, 1
0.44889, 0.43902, 0.381, 0.485, 0.45104, 0.44304, 0.03756, 0.03198, 1
0.45057, 0.44118, 0.13237, 0.47442, 0.45808, 0.45247, 0.00724, 0.03401, 0
0.47237, 0.4641, 0.23804, 0.46184, 0.47947, 0.47251, 0.03358, 0.04992, 1
0.43493, 0.43367, 0.33178, 0.48314, 0.42883, 0.42512, 0.04518, 0.04927, 0
0.45008, 0.44356, 0.34635, 0.47184, 0.46609, 0.4705, 0.12491, 0.101, 0
0.45904, 0.44465, 0.24394, 0.47252, 0.47017, 0.46125, 0.03985, 0.04862, 1
0.44829, 0.44182, 0.25532, 0.48326, 0.45004, 0.44677, 0.01624, 0.03775, 0
0.45568, 0.4482, 0.17109, 0.4729, 0.46192, 0.4581, 0.04782, 0.04551, 1
0.44601, 0.43567, 0.18464, 0.48582, 0.4466, 0.43982, 0.05636, 0.02352, 1
0.44645, 0.44118, 0.20498, 0.48376, 0.44781, 0.44187, 0.01443, 0.0, 0
0.16285, 0.1628, 0.19837, 0.60537, 0.16095, 0.16143, 0.07246, 0.05505, 0
0.45097, 0.44331, 0.19373, 0.4777, 0.45646, 0.45525, 0.03018, 0.04366, 0
0.44848, 0.44033, 0.20245, 0.47811, 0.45471, 0.45024, 0.01821, 0.03265, 0
0.45276, 0.44395, 0.23817, 0.47021, 0.45995, 0.45564, 0.02665, 0.03969, 0
0.10925, 0.10579, 0.30705, 0.63882, 0.10696, 0.11344, 0.02965, 0.02706, 0
0.44902, 0.44075, 0.31427, 0.48228, 0.45371, 0.44854, 0.0075, 0.00608, 0
0.67638, 0.66042, 0.22242, 0.10611, 0.68654, 0.67451, 0.01041, 0.04532, 1
0.44575, 0.43735, 0.21213, 0.47868, 0.45316, 0.44791, 0.02334, 0.05506, 0
0.45562, 0.44438, 0.23616, 0.4717, 0.46105, 0.45334, 0.02783, 0.01181, 1
0.43252, 0.42671, 0.23632, 0.48855, 0.43824, 0.43282, 0.07209, 0.08862, 0
0.44738, 0.43351, 0.2168, 0.47492, 0.45868, 0.45192, 0.03969, 0.04697, 0
0.45016, 0.44437, 0.19704, 0.48244, 0.44888, 0.44096, 0.01777, 0.01635, 1
0.44846, 0.43864, 0.2211, 0.48499, 0.44945, 0.4456, 0.03095, 0.03742, 1
0.4504, 0.44225, 0.19954, 0.47927, 0.45512, 0.45062, 0.01345, 0.02076, 0
0.45515, 0.44395, 0.20298, 0.4718, 0.46467, 0.4603, 0.01438, 0.03791, 1
0.44867, 0.43991, 0.17862, 0.47428, 0.45626, 0.45578, 0.0291, 0.04309, 0
0.45428, 0.44204, 0.18857, 0.47296, 0.46027, 0.45256, 0.03228, 0.03538, 1
0.45035, 0.44055, 0.17908, 0.48351, 0.45322, 0.44585, 0.02684, 0.02494, 1
0.1917, 0.18944, 0.36974, 0.61653, 0.19663, 0.20035, 0.03851, 0.02559, 0
0.45113, 0.43967, 0.41292, 0.47558, 0.4571, 0.44997, 0.02808, 0.0288, 1
0.4421, 0.43039, 0.43684, 0.48188, 0.4466, 0.43872, 0.07012, 0.08097, 0
0.44411, 0.43536, 0.15222, 0.48338, 0.44709, 0.44435, 0.03081, 0.01195, 0
0.45241, 0.44313, 0.10555, 0.47078, 0.46033, 0.45627, 0.022, 0.0445, 0
0.44205, 0.43534, 0.13085, 0.47662, 0.45186, 0.44827, 0.05638, 0.08328, 0
0.45811, 0.45006, 0.14539, 0.47573, 0.46445, 0.45771, 0.05069, 0.02051, 1
0.45, 0.44291, 0.13999, 0.47459, 0.45704, 0.45299, 0.03712, 0.03854, 0
0.45742, 0.44898, 0.15804, 0.47261, 0.46186, 0.45811, 0.04173, 0.04547, 1
0.45086, 0.44357, 0.24514, 0.48122, 0.45442, 0.44919, 0.01464, 0.07775, 1
0.46014, 0.46026, 0.24439, 0.47255, 0.47059, 0.46784, 0.17474, 0.19065, 1
0.44867, 0.43945, 0.24263, 0.47639, 0.455, 0.45129, 0.01107, 0.00611, 0
0.45186, 0.44162, 0.20857, 0.47208, 0.45929, 0.45471, 0.00419, 0.01406, 0
0.44862, 0.44097, 0.25508, 0.48183, 0.44589, 0.44749, 0.01267, 0.07836, 1
0.42885, 0.42864, 0.31193, 0.4761, 0.44742, 0.4467, 0.18042, 0.24862, 0
0.44804, 0.44485, 0.34593, 0.48145, 0.44536, 0.44919, 0.04512, 0.04899, 0
0.43623, 0.43126, 0.28192, 0.48214, 0.44376, 0.4441, 0.07776, 0.08773, 0
0.44623, 0.43968, 0.28732, 0.48315, 0.4484, 0.43966, 0.00906, 0.01657, 0
0.45511, 0.4442, 0.30199, 0.47976, 0.45682, 0.45259, 0.03554, 0.02709, 1
0.47179, 0.45355, 0.24873, 0.47828, 0.46728, 0.45269, 0.17115, 0.18986, 1
0.45474, 0.44607, 0.24643, 0.48141, 0.44819, 0.44007, 0.07652, 0.06807, 1
0.44095, 0.43072, 0.20917, 0.47502, 0.45892, 0.45063, 0.07234, 0.01578, 0
0.44613, 0.43927, 0.17432, 0.48242, 0.44667, 0.44638, 0.01279, 0.00784, 0
0.45535, 0.44521, 0.17013, 0.48115, 0.45467, 0.44805, 0.04837, 0.02071, 1
0.47155, 0.44945, 0.43264, 0.47533, 0.47229, 0.46988, 0.14037, 0.11296, 1
0.43955, 0.43055, 0.33266, 0.48043, 0.44688, 0.44879, 0.05383, 0.10304, 0
0.45233, 0.44205, 0.25028, 0.48151, 0.45295, 0.44485, 0.03647, 0.0, 1
0.453, 0.44227, 0.22488, 0.48167, 0.45222, 0.44787, 0.05277, 0.0, 1
0.39975, 0.39958, 0.12581, 0.48397, 0.41402, 0.41058, 0.22491, 0.23008, 0
0.46756, 0.45315, 0.12136, 0.47279, 0.4757, 0.47015, 0.07131, 0.09315, 1
0.44496, 0.43771, 0.12433, 0.48021, 0.44812, 0.43655, 0.02471, 0.00401, 0
0.44815, 0.43857, 0.18433, 0.48239, 0.45389, 0.44866, 0.01454, 0.00614, 0
0.44964, 0.44031, 0.18389, 0.4821, 0.4536, 0.44879, 0.01168, 0.01062, 1
0.44477, 0.43488, 0.18952, 0.47997, 0.45048, 0.44681, 0.03172, 0.01519, 0
0.45134, 0.4414, 0.56238, 0.47427, 0.46003, 0.4518, 0.00207, 0.00824, 0
0.45819, 0.44609, 0.18568, 0.47655, 0.4609, 0.45916, 0.03848, 0.02565, 1
0.47293, 0.46775, 0.14438, 0.46863, 0.49146, 0.49789, 0.22317, 0.25055, 1
0.45053, 0.44076, 0.14399, 0.47262, 0.45974, 0.4562, 0.01801, 0.00685, 0
0.45373, 0.44332, 0.16311, 0.47174, 0.46188, 0.45517, 0.01093, 0.01186, 1
0.46379, 0.45061, 0.24671, 0.46943, 0.47096, 0.47023, 0.04605, 0.06864, 1
0.44522, 0.43348, 0.24566, 0.47697, 0.45244, 0.44933, 0.04293, 0.06254, 0
0.44877, 0.44183, 0.24416, 0.47468, 0.45679, 0.45011, 0.03771, 0.02852, 0
0.45169, 0.44054, 0.24495, 0.4727, 0.45755, 0.45412, 0.01289, 0.01974, 1
0.42257, 0.41468, 0.28045, 0.48991, 0.42538, 0.41772, 0.13559, 0.19553, 0
0.19759, 0.2049, 0.30458, 0.55463, 0.20447, 0.21097, 0.16388, 0.10713, 0
0.45612, 0.44492, 0.34952, 0.47424, 0.46392, 0.45276, 0.02443, 0.04698, 1
0.44639, 0.43877, 0.43314, 0.47631, 0.45457, 0.4525, 0.03675, 0.03148, 0
0.47111, 0.46031, 0.50447, 0.46643, 0.4763, 0.46849, 0.09233, 0.00469, 1
0.44379, 0.43636, 0.36458, 0.48542, 0.4431, 0.43602, 0.03743, 0.03711, 0
0.45087, 0.43685, 0.18951, 0.47474, 0.46505, 0.4572, 0.03575, 0.04854, 0
0.44963, 0.44444, 0.17108, 0.47765, 0.45626, 0.44787, 0.04118, 0.02627, 0
0.44929, 0.44314, 0.18463, 0.47881, 0.45392, 0.44984, 0.03576, 0.01604, 0
0.44781, 0.44269, 0.32253, 0.47936, 0.45349, 0.45259, 0.05998, 0.04409, 0
0.45236, 0.44162, 0.33553, 0.4727, 0.45902, 0.45678, 0.00208, 0.01004, 1
0.45367, 0.44789, 0.35256, 0.47106, 0.46703, 0.46571, 0.10803, 0.1165, 0
0.44511, 0.43729, 0.41613, 0.48634, 0.44932, 0.44185, 0.01912, 0.03014, 0
0.45238, 0.44421, 0.41732, 0.48068, 0.45632, 0.45076, 0.01505, 0.03203, 1
0.45203, 0.44659, 0.35899, 0.47989, 0.45514, 0.44788, 0.03761, 0.03794, 1
0.45603, 0.4456, 0.36437, 0.46949, 0.46322, 0.45921, 0.02165, 0.0187, 1
0.50403, 0.47678, 0.35574, 0.47401, 0.49555, 0.47569, 0.31207, 0.34137, 1
0.46216, 0.45418, 0.27036, 0.46709, 0.46973, 0.46839, 0.08235, 0.04246, 1
0.4386, 0.43129, 0.24747, 0.48058, 0.44557, 0.44131, 0.05055, 0.02537, 0
0.46014, 0.45001, 0.21631, 0.46935, 0.4717, 0.47042, 0.0614, 0.04505, 1
0.44851, 0.43768, 0.37544, 0.47373, 0.45757, 0.45502, 0.01843, 0.02841, 0
0.45801, 0.44557, 0.30318, 0.47579, 0.46143, 0.45183, 0.05547, 0.02527, 1
0.45596, 0.44841, 0.27419, 0.4775, 0.45987, 0.45303, 0.03717, 0.02527, 1
0.45225, 0.44315, 0.25159, 0.47996, 0.45569, 0.45117, 0.0132, 0.01018, 1
0.45452, 0.44556, 0.22303, 0.47343, 0.45884, 0.45422, 0.02145, 0.023, 1
0.44483, 0.43724, 0.21507, 0.48735, 0.44969, 0.44533, 0.02195, 0.02369, 0
0.46207, 0.45077, 0.23145, 0.47084, 0.46915, 0.46091, 0.04659, 0.04205, 1
0.4471, 0.44118, 0.27288, 0.48041, 0.45296, 0.44511, 0.02975, 0.02476, 0
0.42381, 0.41495, 0.28983, 0.48781, 0.42949, 0.42506, 0.12793, 0.1926, 0
0.44871, 0.43856, 0.2618, 0.48375, 0.45358, 0.44414, 0.03523, 0.02136, 1
0.44174, 0.43331, 0.27625, 0.47665, 0.45275, 0.45276, 0.05806, 0.09866, 0
0.44422, 0.43659, 0.23003, 0.48756, 0.44843, 0.44361, 0.02396, 0.00807, 0
0.45512, 0.44315, 0.20947, 0.47211, 0.45959, 0.45448, 0.03251, 0.03924, 1
0.45865, 0.44863, 0.20945, 0.46823, 0.46568, 0.46337, 0.0403, 0.0583, 1
0.46642, 0.45609, 0.21507, 0.4657, 0.47082, 0.46696, 0.07216, 0.08624, 1
0.44484, 0.43629, 0.23106, 0.4794, 0.45124, 0.447, 0.02475, 0.00711, 0
0.44951, 0.43586, 0.3035, 0.48373, 0.44034, 0.42551, 0.16876, 0.11959, 1
0.44972, 0.43852, 0.26902, 0.47736, 0.45752, 0.44337, 0.03238, 0.02333, 1
0.45492, 0.44519, 0.1022, 0.47495, 0.45888, 0.45185, 0.0223, 0.0179, 1
0.46038, 0.46038, 0.17678, 0.47249, 0.4725, 0.46444, 0.17882, 0.23917, 1
0.45696, 0.44587, 0.14846, 0.4776, 0.45991, 0.45159, 0.04204, 0.03601, 1
0.44817, 0.43762, 0.1476, 0.48536, 0.45008, 0.44253, 0.04793, 0.0615, 1
0.44246, 0.42362, 0.18948, 0.48497, 0.43152, 0.41292, 0.26472, 0.27211, 1
0.44955, 0.44429, 0.22909, 0.48097, 0.44661, 0.44714, 0.01674, 0.05011, 1
0.4462, 0.4383, 0.18537, 0.47918, 0.45259, 0.45024, 0.02786, 0.04282, 0
0.44923, 0.43918, 0.18005, 0.47398, 0.45655, 0.45185, 0.00983, 0.01254, 0
0.44961, 0.44007, 0.16671, 0.48233, 0.45488, 0.44835, 0.01072, 0.05196, 0
0.78611, 0.76755, 0.19412, 0.38129, 0.7915, 0.77542, 0.06215, 0.01718, 1
0.45082, 0.4425, 0.24354, 0.47917, 0.45411, 0.45329, 0.01267, 0.01419, 0
0.45127, 0.44206, 0.28363, 0.47953, 0.45798, 0.44731, 0.00561, 0.00844, 1
0.45199, 0.44206, 0.15135, 0.47715, 0.45781, 0.45249, 0.00844, 0.00617, 1
0.44848, 0.43944, 0.14886, 0.47709, 0.45431, 0.44666, 0.00844, 0.01455, 0
0.64374, 0.62917, 0.17782, 0.26785, 0.65287, 0.64173, 0.00643, 0.01185, 1
0.45406, 0.44602, 0.22025, 0.46851, 0.46051, 0.45597, 0.03473, 0.04911, 1
0.45406, 0.44535, 0.17797, 0.47421, 0.45874, 0.45316, 0.02087, 0.02477, 1
0.44339, 0.43636, 0.17474, 0.48245, 0.44998, 0.44598, 0.03747, 0.03494, 0
0.44268, 0.43789, 0.2495, 0.48352, 0.44394, 0.43521, 0.02042, 0.09064, 0
0.45595, 0.44558, 0.26353, 0.47091, 0.46571, 0.4629, 0.03336, 0.04305, 1
0.45341, 0.44316, 0.2608, 0.47489, 0.45893, 0.45663, 0.00972, 0.01073, 1
0.44915, 0.44185, 0.4763, 0.47618, 0.45551, 0.45078, 0.02818, 0.00952, 0
0.44874, 0.44007, 0.46618, 0.47834, 0.45401, 0.45064, 0.01076, 0.00476, 0
0.45265, 0.4423, 0.36873, 0.47486, 0.45726, 0.45091, 0.01762, 0.01324, 1
0.4491, 0.43962, 0.36469, 0.48637, 0.45342, 0.44713, 0.01506, 0.01036, 0
0.45068, 0.44208, 0.23285, 0.47655, 0.45597, 0.45064, 0.00861, 0.03355, 0
0.44567, 0.44007, 0.21023, 0.47584, 0.45411, 0.45145, 0.06177, 0.03218, 0
0.46079, 0.44521, 0.23331, 0.47072, 0.47218, 0.46772, 0.02696, 0.02988, 1
0.46702, 0.45213, 0.26999, 0.4725, 0.47, 0.45755, 0.09304, 0.06529, 1
0.43913, 0.42847, 0.26632, 0.48648, 0.44149, 0.43077, 0.08689, 0.06856, 0
0.44737, 0.43962, 0.23392, 0.48217, 0.45127, 0.44618, 0.01199, 0.01858, 0
0.45136, 0.44029, 0.19145, 0.47671, 0.45592, 0.45024, 0.02647, 0.01666, 1
0.44851, 0.44074, 0.14824, 0.47349, 0.45669, 0.45335, 0.0374, 0.04048, 0
0.45113, 0.44029, 0.16162, 0.48336, 0.45565, 0.44684, 0.03404, 0.0294, 1
0.46286, 0.45444, 0.12577, 0.46861, 0.46944, 0.46603, 0.07323, 0.05663, 1
0.44398, 0.43287, 0.1326, 0.48391, 0.44935, 0.44207, 0.05366, 0.04071, 0
0.44545, 0.44118, 0.15656, 0.48283, 0.42826, 0.41987, 0.06702, 0.02375, 1
0.44648, 0.4403, 0.23892, 0.48377, 0.44076, 0.43303, 0.04102, 0.04514, 1
0.60502, 0.58906, 0.28758, 0.46497, 0.62796, 0.63547, 0.75796, 0.79862, 1
0.44403, 0.43295, 0.23502, 0.48668, 0.44589, 0.43608, 0.07312, 0.03921, 0
0.44611, 0.43673, 0.20478, 0.47476, 0.45539, 0.45321, 0.03379, 0.02266, 0
0.45999, 0.4489, 0.22016, 0.4775, 0.46113, 0.45184, 0.06516, 0.09624, 1
0.44972, 0.43899, 0.30492, 0.48129, 0.44482, 0.44426, 0.05957, 0.02654, 1
0.44667, 0.43899, 0.31477, 0.48373, 0.44359, 0.43962, 0.02439, 0.02871, 1
0.44413, 0.43834, 0.3224, 0.48457, 0.44437, 0.44254, 0.02438, 0.02832, 0
0.44393, 0.43332, 0.47037, 0.48551, 0.43983, 0.43051, 0.09552, 0.042, 1
0.51776, 0.49272, 0.53845, 0.46756, 0.54028, 0.55394, 0.25323, 0.19082, 1
0.45134, 0.44075, 0.52912, 0.47956, 0.45847, 0.44944, 0.02575, 0.03539, 1
0.43724, 0.43177, 0.30754, 0.48596, 0.44405, 0.43962, 0.05952, 0.06421, 0
0.45378, 0.44141, 0.23869, 0.47596, 0.45916, 0.44916, 0.04658, 0.04876, 1
0.45406, 0.4463, 0.22929, 0.47706, 0.45769, 0.45482, 0.02985, 0.06685, 1
0.45515, 0.44564, 0.20229, 0.46995, 0.46245, 0.45834, 0.02616, 0.01323, 1
0.45416, 0.44653, 0.24429, 0.48031, 0.45788, 0.44713, 0.0258, 0.04282, 1
0.44206, 0.4354, 0.22888, 0.48471, 0.44606, 0.44241, 0.03007, 0.02028, 0
0.45241, 0.44252, 0.25834, 0.47298, 0.45732, 0.45441, 0.00643, 0.00474, 1
0.45066, 0.44163, 0.29715, 0.48129, 0.4549, 0.44768, 0.00773, 0.03554, 1
0.45016, 0.44096, 0.29988, 0.48261, 0.45417, 0.44808, 0.00935, 0.02132, 1
0.4483, 0.44367, 0.4854, 0.473, 0.45926, 0.45628, 0.08977, 0.10517, 0
0.45137, 0.44073, 0.3519, 0.47819, 0.45579, 0.44914, 0.0228, 0.01821, 1
0.44112, 0.43485, 0.33235, 0.48519, 0.44792, 0.44407, 0.04574, 0.05913, 0
0.45847, 0.44617, 0.29281, 0.46831, 0.46507, 0.46081, 0.02842, 0.05263, 1
0.44574, 0.43938, 0.2008, 0.48492, 0.44808, 0.43902, 0.00872, 0.02057, 0
0.44709, 0.43915, 0.26609, 0.47367, 0.46105, 0.46039, 0.08198, 0.02509, 0
0.4648, 0.45976, 0.25726, 0.47023, 0.47186, 0.47165, 0.12498, 0.20177, 1
0.45018, 0.4378, 0.17813, 0.48369, 0.45123, 0.4412, 0.07909, 0.03371, 1
0.44367, 0.43649, 0.2379, 0.48775, 0.44953, 0.44509, 0.0306, 0.03747, 0
0.45609, 0.44789, 0.21355, 0.47857, 0.45881, 0.45403, 0.03324, 0.01652, 1
0.44989, 0.44208, 0.20011, 0.47859, 0.45432, 0.45119, 0.01556, 0.01262, 0
0.45023, 0.44096, 0.19082, 0.47552, 0.45536, 0.45146, 0.00216, 0.02978, 0
0.45746, 0.4479, 0.18604, 0.46509, 0.46362, 0.45878, 0.03429, 0.0525, 1
0.44881, 0.44029, 0.12302, 0.48331, 0.45135, 0.44278, 0.01919, 0.04158, 1
0.45289, 0.44432, 0.25362, 0.47501, 0.45789, 0.45146, 0.01688, 0.0204, 1
0.45163, 0.44414, 0.48914, 0.47215, 0.45804, 0.45341, 0.03188, 0.03669, 0
0.44443, 0.43618, 0.50847, 0.47968, 0.45138, 0.44803, 0.03072, 0.01283, 0
0.44809, 0.44027, 0.44319, 0.48203, 0.45157, 0.449, 0.00877, 0.02977, 0
0.4428, 0.43482, 0.39348, 0.48917, 0.44745, 0.44418, 0.03162, 0.03025, 0
0.45129, 0.44118, 0.16966, 0.47482, 0.4583, 0.44969, 0.00761, 0.01925, 1
0.44977, 0.4405, 0.1733, 0.47726, 0.45618, 0.44817, 0.0038, 0.02183, 0
0.44446, 0.43754, 0.17531, 0.4813, 0.4524, 0.44748, 0.03847, 0.04869, 0
0.46059, 0.44756, 0.17715, 0.46746, 0.46658, 0.46059, 0.04329, 0.04497, 1
0.75395, 0.72803, 0.19609, 0.40905, 0.75287, 0.73119, 0.19014, 0.3101, 1
0.44134, 0.43005, 0.17339, 0.48683, 0.44372, 0.43784, 0.07697, 0.06642, 0
0.44872, 0.43779, 0.1711, 0.47617, 0.45395, 0.45312, 0.01894, 0.02106, 0
0.45214, 0.44414, 0.13056, 0.47609, 0.45742, 0.45327, 0.02533, 0.03155, 1
0.45142, 0.44118, 0.45498, 0.48241, 0.45528, 0.44752, 0.02994, 0.0393, 1
0.45557, 0.44433, 0.43806, 0.47281, 0.46927, 0.46452, 0.05107, 0.05013, 0
0.45261, 0.44096, 0.44022, 0.47362, 0.46584, 0.46683, 0.02441, 0.02283, 0
0.44879, 0.44186, 0.2329, 0.48277, 0.45002, 0.44508, 0.00648, 0.02991, 0
0.45029, 0.44096, 0.28951, 0.48347, 0.4529, 0.44807, 0.01314, 0.02121, 1
0.4956, 0.48137, 0.32195, 0.46455, 0.50122, 0.49649, 0.19391, 0.22148, 1
0.44799, 0.42128, 0.32304, 0.48072, 0.44521, 0.42638, 0.28761, 0.25203, 1
0.4525, 0.45036, 0.32248, 0.47985, 0.45472, 0.44264, 0.07903, 0.0124, 1
0.46361, 0.44635, 0.31172, 0.47495, 0.47067, 0.46672, 0.08815, 0.08652, 1
0.44656, 0.43737, 0.29836, 0.48395, 0.44752, 0.44181, 0.04009, 0.02306, 1
0.44043, 0.43823, 0.37035, 0.47981, 0.44924, 0.44886, 0.10175, 0.13231, 0
0.45698, 0.43663, 0.32321, 0.47966, 0.45575, 0.43796, 0.19531, 0.20614, 1
0.45753, 0.44278, 0.27761, 0.47289, 0.46802, 0.46378, 0.02962, 0.02959, 1
0.45314, 0.44437, 0.21399, 0.48021, 0.45621, 0.45148, 0.01586, 0.05361, 1
0.47331, 0.46904, 0.29244, 0.46873, 0.49278, 0.4995, 0.24291, 0.26543, 1
0.51507, 0.48553, 0.31596, 0.47167, 0.50997, 0.48459, 0.34253, 0.36972, 1
0.41463, 0.4198, 0.23405, 0.48497, 0.42427, 0.42805, 0.19979, 0.25719, 0
0.45324, 0.43822, 0.11461, 0.47569, 0.46431, 0.46006, 0.0172, 0.00843, 0
0.46236, 0.44689, 0.11103, 0.4755, 0.46548, 0.45314, 0.09379, 0.09888, 1
0.44285, 0.43663, 0.09806, 0.4856, 0.44255, 0.4316, 0.0317, 0.00841, 0
0.45114, 0.44411, 0.36328, 0.4734, 0.46015, 0.45638, 0.05273, 0.05453, 0
0.45056, 0.44388, 0.32748, 0.48056, 0.45157, 0.43934, 0.01723, 0.01045, 1
0.44113, 0.43511, 0.32963, 0.48336, 0.44446, 0.4377, 0.03382, 0.02722, 0
0.45355, 0.44411, 0.20381, 0.47636, 0.45763, 0.45337, 0.01422, 0.01098, 1
0.44964, 0.44118, 0.1446, 0.47457, 0.45622, 0.4516, 0.01503, 0.02287, 0
0.45185, 0.43915, 0.22612, 0.47339, 0.46691, 0.45845, 0.02297, 0.05047, 0
0.45346, 0.44751, 0.30125, 0.47215, 0.46366, 0.46668, 0.0957, 0.09245, 0
0.46881, 0.45564, 0.31136, 0.47845, 0.46671, 0.45393, 0.11141, 0.16501, 1
0.44952, 0.43465, 0.32656, 0.48419, 0.44326, 0.43057, 0.15583, 0.09757, 1
0.43887, 0.42586, 0.30133, 0.4815, 0.44247, 0.43508, 0.11106, 0.04906, 0
0.43831, 0.4342, 0.20965, 0.48151, 0.44649, 0.44614, 0.08083, 0.06533, 0
0.46418, 0.45066, 0.19296, 0.47091, 0.46851, 0.46022, 0.06706, 0.05321, 1
0.44271, 0.43172, 0.19115, 0.48304, 0.44635, 0.43603, 0.06697, 0.03556, 0
0.44756, 0.44186, 0.18465, 0.48138, 0.45197, 0.44464, 0.02471, 0.01968, 0
0.43829, 0.43487, 0.16073, 0.48157, 0.44591, 0.44273, 0.08125, 0.12734, 0
0.44815, 0.43913, 0.20258, 0.4844, 0.45314, 0.44747, 0.01146, 0.01904, 0
0.44451, 0.43776, 0.29886, 0.47603, 0.45317, 0.45065, 0.05055, 0.07818, 0
0.45129, 0.4437, 0.30181, 0.47131, 0.46132, 0.45869, 0.05676, 0.03691, 0
0.4409, 0.43273, 0.26582, 0.48603, 0.44312, 0.43225, 0.05211, 0.04864, 0
0.43123, 0.43182, 0.27152, 0.48343, 0.43987, 0.43653, 0.12494, 0.10891, 0
0.45732, 0.44371, 0.35596, 0.4725, 0.46967, 0.45929, 0.02116, 0.04734, 1
0.44127, 0.43499, 0.31241, 0.48589, 0.44157, 0.43204, 0.03656, 0.05526, 0
0.44686, 0.44187, 0.29896, 0.4829, 0.44883, 0.4437, 0.02514, 0.05527, 0
0.45441, 0.44854, 0.27251, 0.47192, 0.46502, 0.46862, 0.10237, 0.0718, 0
0.45732, 0.4444, 0.2801, 0.47061, 0.46734, 0.46681, 0.01733, 0.03061, 1
0.44105, 0.43019, 0.23543, 0.48447, 0.4438, 0.43373, 0.07539, 0.02878, 0
0.46407, 0.44669, 0.20911, 0.47195, 0.46928, 0.46108, 0.09211, 0.06604, 1
0.46776, 0.44806, 0.21119, 0.47822, 0.46348, 0.44441, 0.19431, 0.19071, 1
0.44331, 0.43714, 0.52598, 0.47634, 0.45327, 0.44887, 0.05964, 0.05885, 0
0.44882, 0.44096, 0.59099, 0.47512, 0.4568, 0.44942, 0.02447, 0.01811, 0
0.43476, 0.42882, 0.51125, 0.48159, 0.44129, 0.43838, 0.06599, 0.02637, 0
0.45637, 0.45019, 0.4837, 0.47648, 0.46357, 0.46074, 0.07124, 0.06759, 1
0.44674, 0.43781, 0.37241, 0.47586, 0.45495, 0.45187, 0.02939, 0.06123, 0
0.44078, 0.43152, 0.13188, 0.47658, 0.44829, 0.45228, 0.05262, 0.09373, 0
0.44924, 0.44051, 0.10572, 0.47498, 0.46114, 0.44791, 0.02473, 0.02602, 0
0.45673, 0.4457, 0.10964, 0.47428, 0.46583, 0.45502, 0.02305, 0.0191, 1
0.44564, 0.43555, 0.24, 0.48294, 0.45038, 0.44573, 0.0342, 0.02137, 0
0.44894, 0.44073, 0.271, 0.48122, 0.44789, 0.43865, 0.03016, 0.03062, 1
0.45046, 0.44524, 0.30957, 0.47192, 0.46354, 0.46716, 0.12206, 0.12341, 0
0.44491, 0.43961, 0.26087, 0.47503, 0.45636, 0.44887, 0.0701, 0.06697, 0
0.45505, 0.44321, 0.23856, 0.47137, 0.46526, 0.4609, 0.00998, 0.07696, 1
0.45048, 0.44164, 0.22399, 0.47381, 0.45952, 0.45174, 0.01898, 0.01879, 0
0.45065, 0.44301, 0.3461, 0.48261, 0.45162, 0.44289, 0.01765, 0.02326, 1
0.4546, 0.44417, 0.24618, 0.47604, 0.45938, 0.45343, 0.01967, 0.00978, 1
0.44729, 0.43913, 0.24896, 0.48018, 0.45048, 0.44996, 0.01665, 0.03437, 0
0.44671, 0.43981, 0.24848, 0.47572, 0.45263, 0.45384, 0.04256, 0.03439, 0
0.45031, 0.43913, 0.24691, 0.47441, 0.4558, 0.45148, 0.01986, 0.02111, 0
0.45502, 0.4421, 0.22254, 0.47161, 0.46773, 0.46427, 0.01232, 0.05841, 0
0.42701, 0.42175, 0.28377, 0.48985, 0.42898, 0.42025, 0.09446, 0.12169, 0
0.45179, 0.44141, 0.13727, 0.47778, 0.45704, 0.44722, 0.02086, 0.01691, 1
0.4594, 0.44572, 0.12817, 0.47252, 0.46555, 0.46205, 0.04376, 0.06129, 1
0.44319, 0.4346, 0.15514, 0.47373, 0.46002, 0.46139, 0.09114, 0.13675, 0
0.4683, 0.45721, 0.26269, 0.47042, 0.49839, 0.50823, 0.19932, 0.00976, 0
0.53756, 0.52089, 0.2514, 0.47184, 0.5338, 0.49923, 0.40033, 0.40236, 1
0.44365, 0.44413, 0.25327, 0.48251, 0.42797, 0.42993, 0.01942, 0.00724, 1
0.44784, 0.44277, 0.21841, 0.47243, 0.45927, 0.46039, 0.10058, 0.10967, 0
0.45536, 0.44207, 0.23619, 0.48222, 0.45263, 0.44026, 0.10054, 0.1071, 1
0.44716, 0.4423, 0.2246, 0.48279, 0.44697, 0.44161, 0.01757, 0.04628, 0
0.44363, 0.43785, 0.21057, 0.4824, 0.4468, 0.44673, 0.03881, 0.0536, 0
0.44485, 0.43762, 0.21037, 0.48563, 0.4482, 0.43944, 0.01873, 0.03031, 0
0.44889, 0.43918, 0.21735, 0.4825, 0.45191, 0.4474, 0.02264, 0.03211, 1
0.44946, 0.44163, 0.19953, 0.47424, 0.45561, 0.45078, 0.02244, 0.02738, 0
0.44653, 0.43985, 0.20882, 0.48152, 0.45238, 0.4474, 0.03047, 0.02056, 0
0.46209, 0.44993, 0.25181, 0.47096, 0.47895, 0.47591, 0.06586, 0.04187, 1
0.43823, 0.43871, 0.25404, 0.47324, 0.46544, 0.48058, 0.27614, 0.15049, 0
0.44744, 0.44408, 0.1884, 0.48224, 0.44111, 0.44172, 0.02185, 0.03916, 1
0.45409, 0.44297, 0.20761, 0.48168, 0.45002, 0.44537, 0.06392, 0.06288, 0
0.44195, 0.4345, 0.22856, 0.48723, 0.44003, 0.43593, 0.03922, 0.0432, 1
0.44076, 0.43118, 0.43567, 0.48458, 0.44173, 0.44054, 0.05767, 0.04212, 0
0.44452, 0.44052, 0.43396, 0.48072, 0.44885, 0.44768, 0.0577, 0.0559, 0
0.44636, 0.44118, 0.4205, 0.47298, 0.45987, 0.46117, 0.108, 0.0864, 0
0.45539, 0.44616, 0.43013, 0.47899, 0.4578, 0.45847, 0.0284, 0.01277, 0
0.44743, 0.44073, 0.48246, 0.47778, 0.45173, 0.44818, 0.0228, 0.01884, 0
0.45555, 0.44662, 0.57967, 0.47073, 0.46002, 0.45394, 0.02649, 0.01507, 1
0.45309, 0.44523, 0.27774, 0.47255, 0.45749, 0.45935, 0.0423, 0.05118, 1
0.45905, 0.43914, 0.24891, 0.47241, 0.48465, 0.48309, 0.01653, 0.01919, 0
0.35535, 0.39804, 0.31473, 0.48595, 0.35704, 0.35518, 0.50678, 0.53225, 1
0.54103, 0.53142, 0.32789, 0.47441, 0.53472, 0.53391, 0.44198, 0.47075, 1
0.46161, 0.45356, 0.3209, 0.4797, 0.44715, 0.43769, 0.1327, 0.0668, 0
0.43607, 0.43984, 0.32745, 0.48087, 0.43418, 0.44043, 0.11665, 0.09331, 0
0.43012, 0.42671, 0.15917, 0.47628, 0.44715, 0.4464, 0.14294, 0.0334, 0
0.25122, 0.24873, 0.28487, 0.71935, 0.2488, 0.25416, 0.01898, 0.02369, 1
0.46112, 0.44759, 0.32256, 0.46899, 0.46818, 0.46423, 0.03847, 0.02874, 1
0.43557, 0.43068, 0.26046, 0.48248, 0.44334, 0.44, 0.07094, 0.03193, 1
0.47538, 0.45628, 0.16849, 0.47164, 0.47871, 0.47033, 0.13265, 0.14899, 0
0.57853, 0.55448, 0.15535, 0.46453, 0.58855, 0.58337, 0.54682, 0.59191, 1
0.42763, 0.42409, 0.11481, 0.48221, 0.42632, 0.42856, 0.08423, 0.03772, 1
0.46027, 0.44695, 0.09865, 0.47421, 0.47708, 0.45513, 0.03279, 0.01475, 1
0.46257, 0.42903, 0.25239, 0.48018, 0.44903, 0.43258, 0.3974, 0.44099, 0
0.45427, 0.44095, 0.26615, 0.474, 0.4569, 0.45468, 0.04786, 0.01998, 0
0.45959, 0.45012, 0.25548, 0.47225, 0.4631, 0.45579, 0.04315, 0.05373, 0
0.4527, 0.44209, 0.38589, 0.48319, 0.45116, 0.4409, 0.06832, 0.05091, 0
0.44937, 0.44368, 0.38342, 0.48215, 0.45074, 0.44708, 0.02405, 0.06962, 0
0.45232, 0.443, 0.249, 0.47248, 0.45937, 0.45546, 0.01436, 0.03563, 1
0.45049, 0.44073, 0.21125, 0.47612, 0.45619, 0.44982, 0.00789, 0.03995, 1
0.43156, 0.42628, 0.16238, 0.48676, 0.42728, 0.42054, 0.08304, 0.02681, 0
0.45566, 0.4439, 0.21915, 0.47404, 0.45827, 0.45257, 0.04, 0.01929, 0
0.46431, 0.44888, 0.25128, 0.47052, 0.46996, 0.4619, 0.07105, 0.01823, 1
0.47985, 0.4587, 0.37006, 0.46949, 0.48639, 0.47312, 0.14659, 0.11429, 1
0.42909, 0.42739, 0.35032, 0.482, 0.43363, 0.44311, 0.11103, 0.05451, 1
0.45624, 0.44549, 0.2652, 0.47298, 0.46035, 0.45532, 0.02686, 0.0523, 0
0.45702, 0.44549, 0.27777, 0.46892, 0.46236, 0.45793, 0.02687, 0.05198, 1
0.44805, 0.43666, 0.14845, 0.48366, 0.45096, 0.44434, 0.05037, 0.04349, 0
0.45103, 0.4421, 0.41091, 0.47968, 0.45402, 0.45331, 0.00445, 0.04101, 0
0.44669, 0.43658, 0.38074, 0.48672, 0.45021, 0.44144, 0.04117, 0.04679, 0
0.44485, 0.43635, 0.18025, 0.48565, 0.44674, 0.43978, 0.03419, 0.03777, 0
0.45513, 0.44279, 0.16742, 0.48105, 0.45523, 0.44926, 0.06393, 0.08923, 1
0.45311, 0.44141, 0.14695, 0.4723, 0.46171, 0.45763, 0.00222, 0.0319, 1
0.45087, 0.44026, 0.23488, 0.47643, 0.4572, 0.45581, 0.01236, 0.05954, 0
0.44601, 0.43819, 0.23218, 0.47711, 0.45328, 0.44452, 0.02561, 0.03208, 1
0.55883, 0.53547, 0.24212, 0.45103, 0.57, 0.55558, 0.14008, 0.23406, 1
0.45378, 0.44963, 0.24001, 0.48263, 0.44609, 0.42797, 0.05989, 0.08556, 0
0.46945, 0.45716, 0.23416, 0.47294, 0.46852, 0.46185, 0.09376, 0.06954, 0
0.45972, 0.44669, 0.29637, 0.4726, 0.47644, 0.46955, 0.03512, 0.09221, 1
0.4465, 0.43387, 0.2715, 0.4778, 0.45117, 0.45592, 0.05202, 0.03297, 1
0.45264, 0.44393, 0.26839, 0.4764, 0.45689, 0.44677, 0.01324, 0.00879, 0
0.49972, 0.47114, 0.26065, 0.47615, 0.48762, 0.46423, 0.34345, 0.69862, 0
0.45012, 0.43981, 0.23733, 0.48335, 0.45235, 0.44097, 0.04627, 0.00243, 0
0.45327, 0.44506, 0.22344, 0.48086, 0.45591, 0.45024, 0.01882, 0.02807, 1
0.47101, 0.45719, 0.20409, 0.47053, 0.47645, 0.46645, 0.08793, 0.10482, 1
0.44621, 0.43936, 0.19726, 0.48326, 0.44762, 0.43724, 0.021, 0.0232, 1
0.43678, 0.43115, 0.1888, 0.48455, 0.44091, 0.43932, 0.05526, 0.04501, 1
0.4426, 0.44187, 0.1979, 0.48288, 0.44483, 0.44154, 0.07809, 0.0925, 1
0.45977, 0.44984, 0.21034, 0.47751, 0.46188, 0.46128, 0.04178, 0.06203, 0
0.44456, 0.43435, 0.21237, 0.4808, 0.44814, 0.44913, 0.03631, 0.05966, 0
0.46168, 0.44666, 0.16645, 0.47247, 0.46751, 0.45646, 0.07005, 0.05816, 0
0.45104, 0.44697, 0.21106, 0.48135, 0.45298, 0.44729, 0.0493, 0.05804, 1
0.44776, 0.44118, 0.19973, 0.47479, 0.45493, 0.45304, 0.05032, 0.06846, 0
0.45152, 0.44142, 0.20907, 0.47345, 0.45925, 0.45445, 0.00224, 0.00247, 0
0.45026, 0.44188, 0.17458, 0.47194, 0.4587, 0.45502, 0.03315, 0.04969, 1
0.43439, 0.43169, 0.13317, 0.48405, 0.43989, 0.44083, 0.08502, 0.08685, 1
0.46949, 0.45047, 0.13261, 0.47431, 0.47133, 0.45601, 0.1394, 0.22979, 0
0.47505, 0.46042, 0.12101, 0.4802, 0.46516, 0.44476, 0.18562, 0.15644, 0
0.428, 0.43048, 0.21777, 0.4835, 0.39286, 0.39614, 0.12015, 0.05932, 1
0.45733, 0.44582, 0.25423, 0.46855, 0.46835, 0.45741, 0.0237, 0.02917, 0
0.70869, 0.69576, 0.34671, 0.30897, 0.7185, 0.70658, 0.02496, 0.0, 0
0.44859, 0.44141, 0.36045, 0.47711, 0.45571, 0.45065, 0.03636, 0.04392, 1
0.45008, 0.43912, 0.39059, 0.47798, 0.45551, 0.4501, 0.02327, 0.03812, 0
0.46097, 0.46299, 0.32644, 0.47305, 0.47418, 0.47305, 0.2138, 0.2213, 0
0.44072, 0.43363, 0.1438, 0.48618, 0.43929, 0.43067, 0.04886, 0.0088, 1
0.44026, 0.43409, 0.15074, 0.48511, 0.44265, 0.44205, 0.03832, 0.0122, 1
0.45395, 0.44095, 0.24957, 0.47533, 0.46631, 0.45093, 0.01733, 0.04358, 1
0.44234, 0.42995, 0.26024, 0.48575, 0.439, 0.42342, 0.13936, 0.12675, 1
0.45431, 0.44278, 0.29075, 0.47845, 0.45451, 0.45315, 0.04085, 0.03278, 0
0.4662, 0.45705, 0.18111, 0.47112, 0.48324, 0.47699, 0.10712, 0.15333, 1
0.45744, 0.44897, 0.13775, 0.47868, 0.45887, 0.4551, 0.03759, 0.02753, 1
0.48805, 0.48192, 0.12736, 0.46737, 0.50751, 0.51022, 0.27106, 0.29482, 1
0.46328, 0.45221, 0.11363, 0.47583, 0.46421, 0.45845, 0.06143, 0.07544, 0
0.44177, 0.43751, 0.10975, 0.48279, 0.44252, 0.43481, 0.01812, 0.06009, 1
0.45035, 0.4421, 0.1201, 0.47276, 0.45633, 0.45232, 0.01968, 0.00647, 0
0.45557, 0.4444, 0.1341, 0.47539, 0.4589, 0.45093, 0.03783, 0.02132, 0
0.45535, 0.44761, 0.13789, 0.47475, 0.4601, 0.45469, 0.03645, 0.0209, 1
0.45731, 0.44557, 0.21599, 0.47151, 0.46894, 0.46158, 0.02196, 0.01538, 1
0.45946, 0.45342, 0.23535, 0.47628, 0.46454, 0.45485, 0.06755, 0.03869, 1
0.44887, 0.43726, 0.23272, 0.48167, 0.45312, 0.44688, 0.04124, 0.0597, 1
0.41562, 0.41694, 0.25205, 0.48605, 0.40461, 0.38745, 0.12001, 0.02957, 1
0.46057, 0.45653, 0.2213, 0.47148, 0.47013, 0.47286, 0.14149, 0.07434, 0
0.44956, 0.44141, 0.22787, 0.47268, 0.46311, 0.46412, 0.07087, 0.0733, 1
0.40855, 0.40139, 0.15396, 0.50338, 0.41092, 0.40464, 0.05885, 0.0129, 0
0.45312, 0.44141, 0.13203, 0.48003, 0.45538, 0.45107, 0.04408, 0.05763, 1
0.44708, 0.44302, 0.21374, 0.48049, 0.45017, 0.43897, 0.01772, 0.01695, 0
0.44853, 0.43888, 0.30093, 0.47331, 0.4578, 0.45372, 0.0222, 0.0234, 0
0.51747, 0.50603, 0.32364, 0.46814, 0.52392, 0.52129, 0.32278, 0.41372, 1
0.45169, 0.44302, 0.29739, 0.48, 0.44811, 0.43563, 0.08104, 0.0331, 0
0.45325, 0.4508, 0.24209, 0.48199, 0.44946, 0.44052, 0.05179, 0.053, 0
0.41462, 0.40587, 0.20131, 0.48809, 0.40797, 0.39271, 0.21926, 0.32713, 1
0.44597, 0.43476, 0.13302, 0.47925, 0.4491, 0.44829, 0.04641, 0.04288, 1
0.45527, 0.44302, 0.15924, 0.47384, 0.45999, 0.45483, 0.03197, 0.02244, 0
0.4381, 0.43063, 0.1796, 0.48886, 0.44274, 0.43954, 0.05148, 0.03308, 1
0.45274, 0.44118, 0.18736, 0.47542, 0.45729, 0.4526, 0.02302, 0.02334, 1
0.44838, 0.44118, 0.14127, 0.47442, 0.45761, 0.45107, 0.04224, 0.06153, 0
0.45363, 0.44371, 0.11805, 0.48024, 0.457, 0.45079, 0.02114, 0.05535, 1
0.45281, 0.44415, 0.19677, 0.47004, 0.45595, 0.45702, 0.02542, 0.01288, 1
0.42771, 0.42264, 0.3135, 0.47616, 0.44691, 0.44871, 0.14709, 0.11962, 0
0.45015, 0.43865, 0.38174, 0.47413, 0.46647, 0.45359, 0.02123, 0.0471, 0
0.45137, 0.44603, 0.40087, 0.47795, 0.45766, 0.45205, 0.05014, 0.06046, 1
0.48129, 0.45846, 0.45101, 0.47668, 0.47426, 0.46141, 0.22226, 0.19135, 0
0.39102, 0.39253, 0.44013, 0.49035, 0.39564, 0.39613, 0.24174, 0.25708, 1
0.3978, 0.39389, 0.40184, 0.48622, 0.40151, 0.39361, 0.22872, 0.24002, 1
0.43996, 0.43521, 0.3435, 0.48153, 0.44111, 0.43521, 0.04211, 0.04574, 0
0.44569, 0.43429, 0.28118, 0.47765, 0.44987, 0.44676, 0.04528, 0.04092, 0
0.41609, 0.40397, 0.19717, 0.48431, 0.42477, 0.42128, 0.18638, 0.18853, 0
0.45002, 0.44141, 0.27839, 0.47624, 0.45624, 0.44982, 0.0022, 0.0106, 1
0.44693, 0.43867, 0.25181, 0.47915, 0.45297, 0.44803, 0.01541, 0.00243, 1
0.45249, 0.44369, 0.23661, 0.47788, 0.45832, 0.45314, 0.01542, 0.00644, 1
0.44915, 0.43982, 0.12344, 0.48145, 0.45391, 0.44872, 0.00762, 0.04148, 0
0.4473, 0.43959, 0.10701, 0.48045, 0.45325, 0.4501, 0.02234, 0.02988, 1
0.44842, 0.44141, 0.16556, 0.48165, 0.43943, 0.43886, 0.04351, 0.02654, 0
0.40335, 0.40567, 0.18605, 0.48102, 0.4186, 0.42912, 0.24828, 0.16921, 1
0.4344, 0.43395, 0.19257, 0.48266, 0.43409, 0.42284, 0.03969, 0.04097, 0
0.44321, 0.44322, 0.19683, 0.47584, 0.45915, 0.4714, 0.19924, 0.19682, 0
0.44302, 0.43166, 0.19345, 0.47945, 0.44814, 0.43099, 0.07916, 0.07379, 1
0.46557, 0.44866, 0.19863, 0.4814, 0.45906, 0.44296, 0.17237, 0.10045, 0
0.50877, 0.48414, 0.21162, 0.46808, 0.53108, 0.54205, 0.21151, 0.26813, 0
0.43907, 0.42957, 0.17675, 0.48642, 0.43845, 0.43064, 0.07867, 0.09301, 1
0.43407, 0.43507, 0.32504, 0.48214, 0.43959, 0.43418, 0.11548, 0.11062, 1
0.46011, 0.44935, 0.22274, 0.46996, 0.46751, 0.46385, 0.0396, 0.07761, 0
0.45035, 0.44186, 0.23023, 0.47638, 0.45642, 0.44941, 0.00657, 0.07847, 0
0.45347, 0.44504, 0.40239, 0.47054, 0.45809, 0.4578, 0.034, 0.03255, 1
0.45217, 0.44232, 0.41651, 0.47193, 0.46023, 0.45423, 0.01096, 0.02937, 1
0.45398, 0.44391, 0.36593, 0.47299, 0.46092, 0.45575, 0.0137, 0.0111, 1
0.44368, 0.43513, 0.33295, 0.4821, 0.44988, 0.44317, 0.0293, 0.03219, 1
0.45075, 0.44073, 0.3385, 0.47652, 0.45673, 0.45146, 0.00433, 0.02154, 1
0.46261, 0.44904, 0.33613, 0.47534, 0.46448, 0.45636, 0.07584, 0.08233, 0
0.4491, 0.44298, 0.3516, 0.48301, 0.45093, 0.44344, 0.01145, 0.00414, 1
0.45354, 0.44365, 0.30345, 0.4683, 0.45872, 0.45527, 0.01205, 0.00862, 1
0.45359, 0.44477, 0.27194, 0.46955, 0.45966, 0.45445, 0.02292, 0.01435, 1
0.45692, 0.44792, 0.23398, 0.47623, 0.46027, 0.455, 0.0327, 0.02664, 1
0.4526, 0.44051, 0.23042, 0.48088, 0.45424, 0.4463, 0.05445, 0.03287, 0
0.44148, 0.43468, 0.22915, 0.48694, 0.44487, 0.44032, 0.03186, 0.01673, 1
0.43609, 0.42819, 0.22927, 0.48858, 0.4399, 0.4368, 0.06281, 0.02713, 0
0.45478, 0.44836, 0.21586, 0.4819, 0.44645, 0.42889, 0.06608, 0.0744, 0
0.46141, 0.44927, 0.23253, 0.46795, 0.4687, 0.46317, 0.03975, 0.03293, 1
0.44413, 0.43736, 0.18107, 0.48321, 0.44773, 0.44479, 0.02502, 0.0333, 0
0.44564, 0.44006, 0.14556, 0.47708, 0.45319, 0.45174, 0.05855, 0.06238, 1
0.42616, 0.41966, 0.23235, 0.48856, 0.42697, 0.4217, 0.10712, 0.02151, 0
0.44958, 0.43916, 0.20817, 0.47579, 0.45735, 0.44669, 0.01128, 0.02199, 1
0.45395, 0.44298, 0.19414, 0.47889, 0.45889, 0.45051, 0.02772, 0.04035, 0
0.44572, 0.44455, 0.19541, 0.48159, 0.4441, 0.43065, 0.03579, 0.00957, 0
0.44631, 0.44006, 0.19278, 0.48039, 0.44696, 0.44167, 0.0142, 0.0, 0
0.44867, 0.44141, 0.18899, 0.48035, 0.45143, 0.45445, 0.02067, 0.0, 1
0.45415, 0.44298, 0.16249, 0.47245, 0.46551, 0.46332, 0.0207, 0.01873, 0
0.48132, 0.47738, 0.25205, 0.46945, 0.5048, 0.50865, 0.28938, 0.32152, 0
0.45167, 0.43825, 0.27054, 0.47783, 0.45816, 0.4412, 0.0787, 0.04596, 0
0.46308, 0.4563, 0.21597, 0.46756, 0.47239, 0.46966, 0.1036, 0.11511, 0
0.45179, 0.43802, 0.22132, 0.47484, 0.46249, 0.45284, 0.04429, 0.03189, 1
0.4526, 0.44497, 0.46372, 0.4779, 0.4593, 0.4609, 0.04313, 0.04199, 0
0.46888, 0.44007, 0.47486, 0.48048, 0.45837, 0.43811, 0.33644, 0.39458, 1
0.45214, 0.44406, 0.37146, 0.47949, 0.45192, 0.45628, 0.01402, 0.00472, 0
0.44852, 0.43941, 0.36017, 0.48001, 0.44966, 0.4497, 0.01402, 0.00472, 0
0.44853, 0.44185, 0.21922, 0.47329, 0.45701, 0.4536, 0.05013, 0.05327, 0
0.45355, 0.44429, 0.21191, 0.47386, 0.45955, 0.45158, 0.01498, 0.01438, 1
0.46801, 0.44743, 0.21358, 0.47238, 0.4876, 0.47917, 0.03106, 0.02379, 0
0.44625, 0.4394, 0.23328, 0.47825, 0.45187, 0.44619, 0.03459, 0.03424, 0
0.44778, 0.4394, 0.23212, 0.47583, 0.4565, 0.45496, 0.03823, 0.02503, 1
0.42407, 0.41737, 0.23581, 0.48626, 0.43164, 0.42691, 0.11563, 0.06782, 0
0.45199, 0.44297, 0.14001, 0.4786, 0.45587, 0.4524, 0.00861, 0.01486, 1
0.45425, 0.44319, 0.12541, 0.48112, 0.45545, 0.44835, 0.04393, 0.04912, 0
0.4126, 0.41534, 0.12312, 0.48382, 0.42488, 0.42863, 0.20004, 0.21031, 0
0.43146, 0.42937, 0.11223, 0.48543, 0.43464, 0.42997, 0.07855, 0.10254, 1
0.44333, 0.43518, 0.2122, 0.48941, 0.447, 0.44041, 0.03041, 0.01254, 1
0.45371, 0.44252, 0.19625, 0.48071, 0.45595, 0.44997, 0.03771, 0.04166, 0
0.4506, 0.44141, 0.16548, 0.47221, 0.45952, 0.45846, 0.03163, 0.03883, 1
0.474, 0.46278, 0.1749, 0.48013, 0.46491, 0.45091, 0.14871, 0.18656, 1
0.4631, 0.45271, 0.25446, 0.47707, 0.45955, 0.45642, 0.06898, 0.0, 0
0.42765, 0.43165, 0.29525, 0.47968, 0.43823, 0.44433, 0.1927, 0.21745, 1
0.45227, 0.44229, 0.26557, 0.48309, 0.45207, 0.44391, 0.04671, 0.07476, 1
