@relation /home/othavioaset_perfeito_keel
@attribute EMA_3 real [-0.01, 1.01]
@attribute SMA_3 real [-0.01, 1.01]
@attribute ADXR real [-0.01, 1.01]
@attribute Bollinger_Norm real [-0.01, 1.01]
@attribute EMA_5 real [-0.01, 1.01]
@attribute SMA_5 real [-0.01, 1.01]
@attribute std_close3 real [-0.01, 1.01]
@attribute std_open3 real [-0.01, 1.01]
@attribute trend {0, 1}
@inputs EMA_3, SMA_3, ADXR, Bollinger_Norm, EMA_5, SMA_5, std_close3, std_open3
@outputs trend
@data
0.45465, 0.44635, 0.40824, 0.48085, 0.44913, 0.45099, 0.03592, 0.06895, 1
0.4455, 0.43933, 0.43396, 0.4804, 0.44783, 0.43598, 0.00913, 0.08255, 1
0.45196, 0.44634, 0.42682, 0.48058, 0.45391, 0.44986, 0.0359, 0.02121, 1
0.45634, 0.44408, 0.29274, 0.4709, 0.46628, 0.45953, 0.01562, 0.04233, 1
0.45056, 0.44263, 0.26357, 0.4829, 0.44134, 0.43424, 0.07444, 0.03455, 0
0.45421, 0.44282, 0.25397, 0.47097, 0.4622, 0.4562, 0.01047, 0.00953, 0
0.47105, 0.45299, 0.29676, 0.47518, 0.46768, 0.46467, 0.11692, 0.11903, 1
0.45842, 0.45134, 0.35229, 0.48003, 0.45664, 0.45504, 0.04911, 0.05934, 0
0.45223, 0.43834, 0.23254, 0.47998, 0.45285, 0.45159, 0.06595, 0.08297, 0
0.45651, 0.44484, 0.18221, 0.47213, 0.46283, 0.46083, 0.01798, 0.00574, 1
0.4294, 0.42236, 0.37015, 0.48219, 0.43511, 0.42616, 0.09126, 0.08654, 1
0.43098, 0.42072, 0.39602, 0.4876, 0.43275, 0.42606, 0.11403, 0.15727, 1
0.45847, 0.44533, 0.38287, 0.47139, 0.46571, 0.46054, 0.03144, 0.07465, 1
0.45495, 0.44574, 0.39188, 0.4732, 0.46107, 0.45815, 0.026, 0.0343, 0
0.45626, 0.44554, 0.39441, 0.46986, 0.46616, 0.46231, 0.03082, 0.07531, 1
0.46048, 0.44636, 0.21658, 0.47821, 0.46151, 0.44534, 0.1018, 0.06626, 0
0.4167, 0.41569, 0.24048, 0.47777, 0.43672, 0.44785, 0.21677, 0.15861, 0
0.51377, 0.4841, 0.28563, 0.47495, 0.50364, 0.47802, 0.36991, 0.44269, 1
0.44631, 0.43581, 0.27596, 0.48212, 0.44423, 0.44247, 0.05189, 0.03465, 1
0.46962, 0.45526, 0.42645, 0.47402, 0.4724, 0.46149, 0.09505, 0.02564, 0
0.48962, 0.46894, 0.42941, 0.47012, 0.48861, 0.47523, 0.19617, 0.23159, 0
0.39964, 0.39544, 0.42854, 0.48904, 0.40666, 0.4012, 0.2209, 0.26512, 1
0.44411, 0.43507, 0.3423, 0.47717, 0.44977, 0.43728, 0.03248, 0.04909, 1
0.45504, 0.44383, 0.19836, 0.48213, 0.4535, 0.44543, 0.06418, 0.10862, 0
0.45354, 0.442, 0.17704, 0.47365, 0.46023, 0.45258, 0.01747, 0.02823, 1
0.47601, 0.47465, 0.20339, 0.46901, 0.48967, 0.49414, 0.25541, 0.24858, 1
0.44627, 0.43688, 0.27531, 0.47398, 0.4614, 0.46215, 0.0634, 0.04789, 1
0.42124, 0.41044, 0.25535, 0.4868, 0.40968, 0.3915, 0.24022, 0.17627, 0
0.45136, 0.44751, 0.2333, 0.48066, 0.44937, 0.44999, 0.05523, 0.06063, 1
0.45855, 0.45652, 0.21667, 0.47091, 0.47192, 0.47069, 0.16917, 0.07439, 0
0.44665, 0.43788, 0.28106, 0.48352, 0.44874, 0.44161, 0.0261, 0.0362, 1
0.44845, 0.43602, 0.27054, 0.47445, 0.45648, 0.45462, 0.02768, 0.0088, 0
0.44711, 0.43767, 0.19086, 0.48419, 0.44971, 0.43935, 0.04001, 0.04298, 0
0.45017, 0.44408, 0.19336, 0.4776, 0.45693, 0.45462, 0.05367, 0.07305, 0
0.4362, 0.43069, 0.12321, 0.48329, 0.4373, 0.43901, 0.05686, 0.02879, 0
0.44791, 0.43872, 0.18632, 0.48217, 0.44216, 0.44427, 0.05614, 0.07655, 1
0.48747, 0.45935, 0.4481, 0.47031, 0.52227, 0.53366, 0.10007, 0.06134, 1
0.44796, 0.43974, 0.44219, 0.48318, 0.45342, 0.43703, 0.02669, 0.03424, 0
0.44757, 0.44016, 0.4451, 0.48246, 0.45219, 0.44463, 0.00715, 0.01948, 0
0.45363, 0.44304, 0.42927, 0.47057, 0.46059, 0.45747, 0.0091, 0.01161, 1
0.45133, 0.44076, 0.38876, 0.47651, 0.46545, 0.44604, 0.0073, 0.02638, 0
0.44806, 0.44055, 0.49541, 0.47311, 0.45939, 0.45469, 0.05103, 0.02495, 1
0.45626, 0.43761, 0.42854, 0.47577, 0.46877, 0.47774, 0.01733, 0.03702, 1
0.44127, 0.43299, 0.10597, 0.48502, 0.44566, 0.4356, 0.04257, 0.07343, 1
0.45269, 0.43783, 0.13313, 0.47354, 0.4602, 0.45519, 0.04503, 0.02576, 0
0.44143, 0.43657, 0.13445, 0.47646, 0.45242, 0.44668, 0.08022, 0.12385, 1
0.47671, 0.46087, 0.14162, 0.47265, 0.48282, 0.48108, 0.10535, 0.09673, 0
0.44892, 0.43847, 0.10169, 0.47732, 0.45374, 0.45264, 0.01576, 0.04889, 1
0.4445, 0.4301, 0.20097, 0.48323, 0.44617, 0.43782, 0.10698, 0.1314, 0
0.46499, 0.45355, 0.19568, 0.46954, 0.47343, 0.47374, 0.06389, 0.15661, 0
0.45979, 0.44391, 0.19841, 0.47753, 0.46234, 0.45354, 0.0868, 0.00805, 1
0.45077, 0.44223, 0.17613, 0.48265, 0.44997, 0.43845, 0.04053, 0.11946, 0
0.44467, 0.44077, 0.15481, 0.47766, 0.45185, 0.451, 0.08038, 0.1672, 1
0.46301, 0.45418, 0.27232, 0.47917, 0.45935, 0.44149, 0.08239, 0.07698, 0
0.46636, 0.45445, 0.27515, 0.47097, 0.48512, 0.48, 0.09431, 0.11275, 1
0.44469, 0.4292, 0.20926, 0.47373, 0.4654, 0.46311, 0.06218, 0.24289, 1
0.45248, 0.43867, 0.33626, 0.47912, 0.45428, 0.45443, 0.06084, 0.05203, 1
0.44895, 0.44076, 0.34658, 0.48314, 0.44967, 0.44478, 0.01415, 0.02745, 0
0.44337, 0.44728, 0.34455, 0.47294, 0.46535, 0.47699, 0.28792, 0.3456, 1
0.45201, 0.44308, 0.23028, 0.4722, 0.4603, 0.45509, 0.02467, 0.04721, 1
0.44232, 0.44642, 0.23563, 0.48376, 0.42626, 0.40823, 0.02977, 0.0574, 1
0.44879, 0.43909, 0.37085, 0.47444, 0.45612, 0.45239, 0.01724, 0.09155, 0
0.4117, 0.41595, 0.36395, 0.4866, 0.41637, 0.41663, 0.17359, 0.20025, 1
0.4551, 0.44452, 0.29172, 0.47061, 0.4662, 0.46338, 0.03527, 0.08725, 0
0.47092, 0.45808, 0.30286, 0.46585, 0.47772, 0.47158, 0.08216, 0.02118, 0
0.45345, 0.44448, 0.31237, 0.47347, 0.46238, 0.46684, 0.05404, 0.05681, 1
0.44453, 0.43357, 0.22741, 0.48136, 0.4481, 0.43789, 0.06198, 0.06015, 0
0.43434, 0.43116, 0.21807, 0.48318, 0.42788, 0.43424, 0.04913, 0.03605, 1
0.44865, 0.44447, 0.21619, 0.47648, 0.45675, 0.44626, 0.04734, 0.0447, 0
0.44645, 0.44077, 0.22659, 0.47655, 0.4562, 0.45584, 0.08243, 0.04753, 1
0.44744, 0.43639, 0.38339, 0.4826, 0.45232, 0.4443, 0.0404, 0.00802, 1
0.45062, 0.44244, 0.28298, 0.4733, 0.46246, 0.45581, 0.04928, 0.07708, 0
0.44406, 0.437, 0.29366, 0.47405, 0.45818, 0.45505, 0.07611, 0.09048, 0
0.44778, 0.4393, 0.33016, 0.47474, 0.45847, 0.44973, 0.02778, 0.0716, 1
0.42238, 0.41541, 0.35075, 0.48029, 0.43263, 0.42154, 0.12439, 0.14708, 1
0.43966, 0.43972, 0.33941, 0.48286, 0.43477, 0.43201, 0.05111, 0.05594, 1
0.4518, 0.4393, 0.4102, 0.48249, 0.45245, 0.44327, 0.07215, 0.04602, 1
0.4374, 0.43305, 0.42145, 0.48691, 0.44025, 0.43532, 0.04921, 0.03497, 0
0.45253, 0.44682, 0.40691, 0.47783, 0.45726, 0.45593, 0.05748, 0.05035, 0
0.45075, 0.43892, 0.35965, 0.48165, 0.45406, 0.447, 0.04432, 0.04449, 1
0.45809, 0.44653, 0.29701, 0.47017, 0.46773, 0.46844, 0.0353, 0.03806, 1
0.4603, 0.44632, 0.23462, 0.47269, 0.4647, 0.45496, 0.06181, 0.06141, 0
0.44042, 0.43441, 0.17809, 0.47589, 0.45112, 0.44688, 0.06836, 0.0702, 0
0.44569, 0.44139, 0.1877, 0.47339, 0.46005, 0.45771, 0.11509, 0.09351, 1
0.44689, 0.43891, 0.30057, 0.47639, 0.45973, 0.44986, 0.03788, 0.03461, 1
0.44676, 0.44324, 0.45062, 0.48176, 0.44187, 0.43738, 0.02292, 0.04241, 0
0.44507, 0.43892, 0.44164, 0.48072, 0.44427, 0.45498, 0.02491, 0.14529, 0
0.46501, 0.4569, 0.38322, 0.46941, 0.47742, 0.47292, 0.10739, 0.13791, 1
0.32708, 0.32137, 0.54981, 0.60736, 0.33196, 0.32829, 0.01756, 0.09198, 1
0.43387, 0.42481, 0.58392, 0.48959, 0.43666, 0.42938, 0.08792, 0.04542, 1
0.43614, 0.42736, 0.58312, 0.48659, 0.43304, 0.42662, 0.09674, 0.01161, 0
0.45106, 0.44035, 0.5558, 0.48122, 0.45109, 0.45011, 0.03875, 0.03023, 1
0.45038, 0.44097, 0.54926, 0.48171, 0.45037, 0.44554, 0.02979, 0.04584, 0
0.45716, 0.44434, 0.52356, 0.47176, 0.46853, 0.46348, 0.01531, 0.03232, 1
0.44936, 0.43866, 0.45531, 0.48186, 0.45483, 0.4482, 0.02432, 0.03519, 1
0.44158, 0.43867, 0.34155, 0.48319, 0.4471, 0.44413, 0.07118, 0.05707, 1
0.45505, 0.44664, 0.20676, 0.47491, 0.45964, 0.45316, 0.02726, 0.05884, 1
0.68424, 0.67064, 0.29441, 0.35626, 0.69483, 0.68382, 0.06312, 0.07848, 0
0.66254, 0.64505, 0.20309, 0.36956, 0.67203, 0.65945, 0.03334, 0.05406, 1
0.44038, 0.44139, 0.22372, 0.47722, 0.45118, 0.45379, 0.15581, 0.23763, 0
0.4522, 0.43951, 0.21328, 0.4724, 0.46469, 0.46638, 0.01932, 0.02637, 1
0.43125, 0.42984, 0.22455, 0.48354, 0.43832, 0.44124, 0.10944, 0.0433, 0
0.45823, 0.44801, 0.21214, 0.47143, 0.4658, 0.45914, 0.03336, 0.04203, 0
0.4529, 0.44904, 0.25469, 0.48044, 0.45523, 0.44786, 0.05366, 0.04832, 0
0.43535, 0.42451, 0.26446, 0.48484, 0.43165, 0.42155, 0.11904, 0.20004, 0
0.43514, 0.4284, 0.32278, 0.4788, 0.44585, 0.44474, 0.07832, 0.00793, 0
0.45938, 0.44346, 0.23975, 0.47265, 0.46537, 0.46226, 0.05802, 0.11073, 0
0.45048, 0.43971, 0.27359, 0.47442, 0.46045, 0.451, 0.0073, 0.00388, 1
0.45299, 0.44286, 0.28964, 0.47412, 0.46141, 0.45265, 0.0081, 0.00592, 1
0.449, 0.43992, 0.25493, 0.4751, 0.45662, 0.451, 0.0153, 0.01777, 1
0.45248, 0.4416, 0.21713, 0.48164, 0.45549, 0.44769, 0.03515, 0.04358, 0
0.74558, 0.73074, 0.20062, 0.18046, 0.75394, 0.73884, 0.01233, 0.03298, 0
0.44899, 0.43806, 0.20297, 0.47925, 0.45355, 0.44784, 0.03011, 0.03847, 0
0.4292, 0.43891, 0.17131, 0.48446, 0.41576, 0.39978, 0.05126, 0.03545, 0
0.43786, 0.43994, 0.17099, 0.48226, 0.43199, 0.43094, 0.07971, 0.13425, 0
0.44862, 0.43539, 0.16747, 0.47777, 0.44719, 0.44397, 0.08101, 0.04645, 1
0.44162, 0.4385, 0.18235, 0.47381, 0.457, 0.45838, 0.13709, 0.05247, 0
0.45349, 0.44513, 0.26831, 0.482, 0.45813, 0.44508, 0.02462, 0.05993, 0
0.4482, 0.44346, 0.31671, 0.48305, 0.44676, 0.43832, 0.01216, 0.03297, 0
0.44418, 0.43787, 0.33744, 0.48305, 0.44536, 0.44283, 0.02114, 0.04409, 1
0.43405, 0.43218, 0.55668, 0.48277, 0.42361, 0.43348, 0.04378, 0.0582, 0
0.44959, 0.44601, 0.57532, 0.48029, 0.44424, 0.45265, 0.04654, 0.03693, 0
0.54532, 0.52431, 0.55236, 0.46458, 0.55839, 0.55471, 0.40253, 0.49055, 0
0.45746, 0.44731, 0.48969, 0.47462, 0.46935, 0.45856, 0.03358, 0.03155, 0
0.44652, 0.43929, 0.34259, 0.48122, 0.45081, 0.4487, 0.02468, 0.05702, 0
0.45222, 0.44224, 0.32488, 0.47136, 0.46205, 0.46022, 0.03044, 0.0195, 1
0.44976, 0.44266, 0.22866, 0.48163, 0.45843, 0.44742, 0.02746, 0.02354, 1
0.45405, 0.4414, 0.16978, 0.47979, 0.45742, 0.44921, 0.05833, 0.03725, 0
0.46229, 0.4511, 0.30526, 0.47419, 0.46832, 0.45778, 0.05164, 0.04274, 0
0.43678, 0.42917, 0.29632, 0.4835, 0.44479, 0.44053, 0.06234, 0.11489, 0
0.51778, 0.4907, 0.22841, 0.46674, 0.53477, 0.5333, 0.24301, 0.34894, 0
0.4427, 0.43251, 0.19665, 0.48126, 0.44683, 0.44626, 0.04478, 0.19484, 1
0.44939, 0.44013, 0.21862, 0.48316, 0.45063, 0.44421, 0.03047, 0.06313, 1
0.44859, 0.43949, 0.24311, 0.4814, 0.45152, 0.44972, 0.01079, 0.0117, 0
0.46468, 0.449, 0.2775, 0.47492, 0.46517, 0.45626, 0.10092, 0.01844, 0
0.43506, 0.42746, 0.29843, 0.48159, 0.44313, 0.44474, 0.0727, 0.05417, 1
0.45828, 0.45133, 0.29809, 0.47072, 0.4668, 0.46369, 0.07752, 0.20104, 0
0.44855, 0.44139, 0.42694, 0.47548, 0.45553, 0.4525, 0.03998, 0.04417, 1
0.17647, 0.17354, 0.3813, 0.53755, 0.18559, 0.18892, 0.0568, 0.06895, 1
0.45606, 0.44816, 0.18146, 0.4806, 0.45476, 0.45267, 0.03586, 0.03131, 0
0.48548, 0.47552, 0.16948, 0.46524, 0.49212, 0.4925, 0.17513, 0.1431, 1
0.45306, 0.43865, 0.23415, 0.48157, 0.45356, 0.44627, 0.09266, 0.04112, 0
0.45432, 0.44372, 0.31848, 0.46994, 0.45917, 0.45357, 0.0187, 0.04733, 1
0.45134, 0.44118, 0.33583, 0.483, 0.45346, 0.44537, 0.03531, 0.01624, 0
0.44536, 0.43886, 0.32032, 0.47955, 0.45201, 0.45062, 0.04554, 0.0473, 1
0.46941, 0.46937, 0.34112, 0.4721, 0.47906, 0.46871, 0.20128, 0.22884, 0
0.21793, 0.22322, 0.33486, 0.5284, 0.23046, 0.24235, 0.18405, 0.24989, 1
0.47108, 0.46217, 0.31933, 0.46817, 0.487, 0.4893, 0.15074, 0.21071, 1
0.13134, 0.1262, 0.29838, 0.52501, 0.14468, 0.15546, 0.07693, 0.05541, 1
0.4478, 0.43694, 0.32419, 0.48357, 0.45142, 0.44252, 0.04721, 0.05318, 0
0.46095, 0.44967, 0.32092, 0.47757, 0.46257, 0.45435, 0.05656, 0.01413, 0
0.43817, 0.4337, 0.36393, 0.47797, 0.4483, 0.46145, 0.10701, 0.1273, 0
0.44846, 0.43722, 0.0959, 0.47319, 0.45918, 0.45693, 0.02471, 0.03698, 1
0.46291, 0.45002, 0.17135, 0.46967, 0.47453, 0.47751, 0.05308, 0.13622, 0
0.44275, 0.42834, 0.38049, 0.4856, 0.43891, 0.42522, 0.16196, 0.17969, 1
0.228, 0.24255, 0.36516, 0.50836, 0.24165, 0.2614, 0.3152, 0.33606, 0
0.46198, 0.46511, 0.3591, 0.47121, 0.48791, 0.50555, 0.35725, 0.31408, 1
0.43182, 0.42555, 0.3226, 0.48883, 0.43373, 0.42835, 0.07617, 0.10873, 1
0.4446, 0.43674, 0.3287, 0.47441, 0.45589, 0.45575, 0.06552, 0.09269, 1
0.44717, 0.43887, 0.22645, 0.48238, 0.44606, 0.43836, 0.03864, 0.09599, 0
0.44869, 0.44055, 0.2665, 0.4819, 0.45341, 0.44934, 0.00933, 0.00225, 0
0.45007, 0.44351, 0.25886, 0.47363, 0.45955, 0.45919, 0.07318, 0.054, 1
0.44801, 0.43908, 0.19229, 0.48343, 0.45022, 0.44244, 0.02668, 0.0472, 1
0.43411, 0.44098, 0.26427, 0.48409, 0.42683, 0.41342, 0.07105, 0.16523, 1
0.44374, 0.43538, 0.31296, 0.4814, 0.44138, 0.44973, 0.03294, 0.03639, 0
0.4423, 0.4358, 0.43535, 0.48691, 0.44314, 0.43781, 0.02598, 0.05555, 0
0.44864, 0.43849, 0.49114, 0.48386, 0.45126, 0.44308, 0.03538, 0.03909, 0
0.44925, 0.43932, 0.47122, 0.4831, 0.45253, 0.44823, 0.02107, 0.03507, 0
0.448, 0.44264, 0.46791, 0.47325, 0.45726, 0.45614, 0.07831, 0.08341, 1
0.45977, 0.44243, 0.24686, 0.47592, 0.46227, 0.45628, 0.10773, 0.07037, 0
0.45899, 0.44677, 0.25115, 0.47047, 0.4717, 0.47519, 0.05095, 0.14138, 0
0.46009, 0.44513, 0.28755, 0.47326, 0.47193, 0.45805, 0.04427, 0.03939, 1
0.46096, 0.44388, 0.32034, 0.47859, 0.46275, 0.45414, 0.11012, 0.2239, 1
0.44832, 0.43641, 0.32194, 0.48372, 0.44717, 0.43742, 0.0947, 0.06163, 1
0.40406, 0.41036, 0.31953, 0.48509, 0.41449, 0.42215, 0.2401, 0.20741, 1
0.46153, 0.43828, 0.31516, 0.47321, 0.46829, 0.46785, 0.12224, 0.058, 0
0.44981, 0.44013, 0.47264, 0.48314, 0.45264, 0.44549, 0.02701, 0.03369, 1
0.45201, 0.44181, 0.53743, 0.47442, 0.45707, 0.45036, 0.01268, 0.00809, 0
0.45223, 0.44287, 0.60739, 0.47943, 0.45585, 0.45138, 0.00884, 0.02545, 0
0.42692, 0.42647, 0.61609, 0.48005, 0.43911, 0.44119, 0.15121, 0.17232, 0
0.44988, 0.44055, 0.59329, 0.47383, 0.45991, 0.45445, 0.02311, 0.01947, 1
0.45353, 0.44624, 0.54841, 0.47896, 0.45725, 0.45215, 0.0301, 0.02724, 0
0.44645, 0.43887, 0.49056, 0.48076, 0.45182, 0.44922, 0.02237, 0.02345, 0
0.43872, 0.43045, 0.42295, 0.48923, 0.44113, 0.4334, 0.05813, 0.07864, 1
0.45973, 0.44514, 0.37986, 0.47092, 0.46951, 0.47056, 0.0198, 0.04004, 1
0.45679, 0.44618, 0.23225, 0.47776, 0.45901, 0.44645, 0.04824, 0.0349, 0
0.45522, 0.44472, 0.17711, 0.47927, 0.4571, 0.45238, 0.03415, 0.01455, 0
0.46226, 0.44952, 0.14054, 0.46873, 0.47011, 0.46716, 0.04022, 0.05991, 0
0.44835, 0.44118, 0.11055, 0.47638, 0.45612, 0.45566, 0.04874, 0.07361, 0
0.44854, 0.44263, 0.40158, 0.48285, 0.45176, 0.44648, 0.02353, 0.04646, 1
0.44369, 0.43538, 0.42165, 0.47562, 0.45549, 0.44496, 0.04193, 0.04679, 1
0.44349, 0.43683, 0.46, 0.48694, 0.44676, 0.44019, 0.02164, 0.02989, 0
0.44128, 0.4358, 0.38251, 0.48143, 0.44772, 0.44848, 0.05808, 0.02459, 0
0.47185, 0.45392, 0.13296, 0.4704, 0.47527, 0.46568, 0.11696, 0.04761, 0
0.42755, 0.42062, 0.1926, 0.47531, 0.45419, 0.4566, 0.1525, 0.09314, 0
0.45572, 0.44602, 0.31838, 0.481, 0.4564, 0.44973, 0.04074, 0.04855, 1
0.44638, 0.43803, 0.33888, 0.47452, 0.45462, 0.45253, 0.03352, 0.00808, 0
0.43585, 0.42503, 0.3218, 0.48708, 0.43234, 0.41972, 0.12957, 0.1114, 1
0.45237, 0.44203, 0.19736, 0.48213, 0.45599, 0.44539, 0.03539, 0.03496, 0
0.45092, 0.44055, 0.19803, 0.48209, 0.45393, 0.44858, 0.02653, 0.04375, 1
0.44463, 0.43483, 0.11023, 0.48434, 0.4479, 0.44177, 0.03943, 0.01581, 1
0.41313, 0.39461, 0.17474, 0.48642, 0.39242, 0.35902, 0.44337, 0.59369, 0
0.42527, 0.40372, 0.23467, 0.47555, 0.44855, 0.45256, 0.18577, 0.12826, 1
0.44616, 0.43776, 0.27635, 0.47925, 0.45282, 0.44648, 0.01799, 0.03068, 1
0.4385, 0.4271, 0.28424, 0.48665, 0.43503, 0.42257, 0.12676, 0.11504, 0
0.45331, 0.44696, 0.21759, 0.4708, 0.46554, 0.46696, 0.10219, 0.09586, 0
0.45181, 0.44161, 0.19973, 0.4828, 0.45373, 0.44492, 0.03937, 0.04577, 0
0.45129, 0.44415, 0.17504, 0.4743, 0.45835, 0.45653, 0.04483, 0.00452, 1
0.4346, 0.43018, 0.16246, 0.48846, 0.43831, 0.43126, 0.05595, 0.1135, 1
0.43449, 0.42788, 0.16435, 0.47739, 0.44634, 0.43948, 0.07998, 0.13203, 0
0.4565, 0.44816, 0.14992, 0.47544, 0.46308, 0.45421, 0.04287, 0.03726, 1
0.4572, 0.44394, 0.13728, 0.47113, 0.46351, 0.45627, 0.03945, 0.09866, 1
0.43702, 0.42662, 0.15387, 0.48419, 0.44303, 0.43796, 0.0729, 0.05461, 1
0.44447, 0.43645, 0.42554, 0.48547, 0.44785, 0.44346, 0.02312, 0.02428, 1
0.45463, 0.4483, 0.47472, 0.47241, 0.46318, 0.45951, 0.06554, 0.02795, 0
0.46737, 0.46016, 0.42039, 0.46777, 0.47513, 0.47062, 0.10821, 0.15529, 1
0.44327, 0.43602, 0.12075, 0.48197, 0.44742, 0.44659, 0.03293, 0.0358, 1
0.45474, 0.44635, 0.12318, 0.47419, 0.4595, 0.45897, 0.03296, 0.06838, 0
0.44131, 0.43387, 0.11925, 0.47767, 0.44922, 0.44815, 0.053, 0.08391, 0
0.44273, 0.43473, 0.11183, 0.48592, 0.44378, 0.43251, 0.04755, 0.05253, 0
0.46659, 0.45429, 0.11862, 0.47743, 0.46569, 0.46104, 0.07756, 0.09547, 0
0.45567, 0.44397, 0.14962, 0.48051, 0.45432, 0.4466, 0.06067, 0.16359, 1
0.49238, 0.47946, 0.16413, 0.46591, 0.49595, 0.49259, 0.18483, 0.15534, 0
0.44708, 0.43861, 0.12909, 0.48356, 0.44654, 0.43125, 0.05873, 0.01955, 0
0.46179, 0.45129, 0.12807, 0.46722, 0.47015, 0.46653, 0.05409, 0.06234, 0
0.44814, 0.43839, 0.17808, 0.47315, 0.46114, 0.45858, 0.04694, 0.07229, 1
0.45891, 0.45141, 0.31629, 0.47465, 0.46548, 0.45863, 0.05696, 0.02619, 0
0.4528, 0.44715, 0.35109, 0.47142, 0.46358, 0.46251, 0.09022, 0.08632, 1
0.43437, 0.43655, 0.33643, 0.48284, 0.42034, 0.42302, 0.04175, 0.07011, 1
0.44401, 0.44076, 0.31514, 0.48295, 0.44296, 0.44245, 0.04935, 0.05452, 1
0.44487, 0.43571, 0.30449, 0.48119, 0.44765, 0.44909, 0.02643, 0.01783, 1
0.45189, 0.44139, 0.29489, 0.47407, 0.4558, 0.45126, 0.01237, 0.0265, 0
0.44606, 0.43484, 0.26606, 0.47417, 0.46043, 0.45331, 0.03726, 0.02175, 1
0.44671, 0.43607, 0.56789, 0.48569, 0.44992, 0.44352, 0.04634, 0.03879, 0
0.44903, 0.44182, 0.57123, 0.48087, 0.45397, 0.4505, 0.02338, 0.01776, 1
0.44047, 0.42733, 0.32977, 0.48603, 0.44072, 0.42944, 0.12157, 0.12172, 1
0.45436, 0.44248, 0.30493, 0.47685, 0.45996, 0.45535, 0.0226, 0.05279, 0
0.44368, 0.44183, 0.35888, 0.48115, 0.43682, 0.4431, 0.04129, 0.05542, 1
0.43482, 0.43112, 0.35853, 0.48166, 0.44199, 0.44232, 0.08801, 0.01426, 0
0.44563, 0.43795, 0.38826, 0.47369, 0.46066, 0.45454, 0.06838, 0.0935, 0
0.45548, 0.44075, 0.5536, 0.47395, 0.4719, 0.46287, 0.00756, 0.05802, 1
0.45263, 0.44053, 0.56653, 0.47651, 0.46082, 0.44577, 0.04184, 0.04184, 1
0.44945, 0.44227, 0.56378, 0.47854, 0.45488, 0.45037, 0.02769, 0.01893, 0
0.44756, 0.43858, 0.54018, 0.48529, 0.45036, 0.4438, 0.02204, 0.01443, 0
0.44781, 0.44097, 0.34468, 0.47813, 0.45444, 0.44932, 0.03084, 0.00463, 0
0.456, 0.44618, 0.16446, 0.47419, 0.46176, 0.4534, 0.02419, 0.04228, 1
0.44988, 0.44944, 0.13048, 0.47784, 0.45596, 0.45182, 0.11595, 0.13755, 1
0.45204, 0.44618, 0.15688, 0.47354, 0.45931, 0.4534, 0.05793, 0.05623, 1
0.73972, 0.7199, 0.18216, 0.31461, 0.74921, 0.73672, 0.06037, 0.07401, 1
0.44491, 0.4366, 0.31253, 0.48197, 0.45327, 0.44786, 0.02755, 0.06065, 1
0.45172, 0.44402, 0.31935, 0.47384, 0.45811, 0.45196, 0.0274, 0.07557, 1
0.45001, 0.44228, 0.24999, 0.47276, 0.45742, 0.45275, 0.03149, 0.02135, 0
0.45225, 0.4414, 0.23422, 0.4774, 0.45678, 0.44905, 0.02741, 0.01297, 0
0.45844, 0.45342, 0.23971, 0.4725, 0.46475, 0.46189, 0.09114, 0.05268, 0
0.44868, 0.43747, 0.24291, 0.47599, 0.45576, 0.45381, 0.01801, 0.03698, 1
0.41282, 0.39243, 0.27804, 0.48671, 0.39087, 0.3641, 0.45183, 0.45472, 0
0.46709, 0.45182, 0.34447, 0.46923, 0.46895, 0.46458, 0.08168, 0.0228, 0
0.45178, 0.44618, 0.27932, 0.4798, 0.45123, 0.42813, 0.0313, 0.00232, 0
0.46175, 0.45075, 0.2074, 0.47926, 0.45758, 0.45748, 0.06603, 0.0181, 1
0.458, 0.45532, 0.16092, 0.47052, 0.47421, 0.47832, 0.18571, 0.21579, 1
0.44435, 0.43966, 0.35207, 0.48426, 0.44664, 0.43887, 0.01798, 0.07683, 1
0.45827, 0.4462, 0.31493, 0.47586, 0.46397, 0.44892, 0.03651, 0.00805, 0
0.48249, 0.46206, 0.33232, 0.4756, 0.47545, 0.46157, 0.20784, 0.30422, 1
0.44306, 0.42602, 0.36242, 0.48492, 0.4309, 0.414, 0.23963, 0.29456, 0
0.45263, 0.44634, 0.29502, 0.47782, 0.46371, 0.45128, 0.05289, 0.06002, 0
0.45575, 0.44376, 0.28824, 0.47097, 0.46528, 0.45844, 0.01437, 0.01605, 1
0.4629, 0.45064, 0.389, 0.47022, 0.46721, 0.46353, 0.04906, 0.12912, 1
0.42277, 0.42924, 0.31454, 0.48196, 0.4272, 0.4236, 0.15055, 0.17064, 1
0.44821, 0.44503, 0.29197, 0.47946, 0.45176, 0.44881, 0.06003, 0.05206, 1
0.44669, 0.43734, 0.29041, 0.47911, 0.45117, 0.45037, 0.01888, 0.02023, 1
0.00545, 0.0, 0.20469, 0.51657, 0.01103, 0.0, 0.1036, 0.06925, 1
0.47111, 0.46619, 0.28774, 0.46855, 0.48925, 0.49237, 0.21035, 0.27249, 0
0.47963, 0.45939, 0.29108, 0.47107, 0.48737, 0.47589, 0.13652, 0.12487, 0
0.4442, 0.4414, 0.28799, 0.48021, 0.44952, 0.43671, 0.04208, 0.02298, 1
0.42319, 0.4223, 0.39777, 0.48179, 0.43342, 0.43761, 0.149, 0.20531, 1
0.41083, 0.40899, 0.21947, 0.47893, 0.42977, 0.43007, 0.20082, 0.13373, 1
0.47077, 0.4674, 0.21873, 0.4699, 0.49028, 0.48545, 0.21913, 0.13563, 0
0.4428, 0.43226, 0.22823, 0.48591, 0.44125, 0.43058, 0.09253, 0.04914, 0
0.45475, 0.44205, 0.19867, 0.48169, 0.45227, 0.44786, 0.08015, 0.04658, 1
0.45048, 0.44354, 0.41494, 0.4728, 0.46308, 0.46542, 0.08487, 0.06079, 1
0.45482, 0.44161, 0.39395, 0.47285, 0.46428, 0.45764, 0.02158, 0.05253, 0
0.4988, 0.4706, 0.38759, 0.4703, 0.499, 0.4838, 0.25939, 0.24811, 0
0.45458, 0.44398, 0.35813, 0.47155, 0.46748, 0.46054, 0.03016, 0.06652, 1
0.50713, 0.49155, 0.25551, 0.47415, 0.50214, 0.51025, 0.24496, 0.10891, 0
0.45563, 0.44547, 0.31933, 0.47089, 0.46881, 0.46905, 0.06087, 0.11861, 0
0.43997, 0.43243, 0.31948, 0.48545, 0.43641, 0.42812, 0.06957, 0.11438, 0
0.45513, 0.43474, 0.31999, 0.47222, 0.47854, 0.48785, 0.03998, 0.05753, 1
0.47222, 0.45387, 0.32344, 0.4719, 0.48898, 0.48294, 0.06687, 0.07416, 0
0.44639, 0.44032, 0.27053, 0.48119, 0.45145, 0.44906, 0.0398, 0.02429, 1
0.45051, 0.43903, 0.2762, 0.47893, 0.45429, 0.44985, 0.03401, 0.01278, 0
0.48103, 0.45676, 0.27985, 0.46938, 0.49656, 0.4964, 0.09713, 0.08046, 1
0.44235, 0.44677, 0.26686, 0.48353, 0.43345, 0.41938, 0.04209, 0.04961, 1
0.44668, 0.4414, 0.25334, 0.48223, 0.44013, 0.43514, 0.01619, 0.04471, 0
0.47021, 0.45303, 0.21169, 0.47626, 0.47089, 0.46499, 0.12061, 0.10038, 0
0.41305, 0.41046, 0.20426, 0.48505, 0.42105, 0.41794, 0.15717, 0.15155, 1
0.45176, 0.43967, 0.2121, 0.47598, 0.45575, 0.45011, 0.03869, 0.02882, 0
0.44755, 0.4388, 0.22071, 0.47276, 0.46445, 0.46931, 0.10046, 0.07649, 1
0.44967, 0.44553, 0.28053, 0.47302, 0.4646, 0.45749, 0.11107, 0.0499, 1
0.44382, 0.43465, 0.30488, 0.47443, 0.45863, 0.4563, 0.05683, 0.02286, 1
0.45088, 0.4462, 0.35694, 0.4722, 0.46591, 0.46385, 0.12806, 0.03472, 1
0.45936, 0.44402, 0.37223, 0.47205, 0.46973, 0.46306, 0.04067, 0.02462, 0
0.45337, 0.44575, 0.31235, 0.47836, 0.45699, 0.45683, 0.03795, 0.01448, 0
0.44275, 0.43662, 0.27525, 0.47632, 0.45126, 0.45103, 0.06391, 0.06175, 1
0.4393, 0.43056, 0.11505, 0.48381, 0.43884, 0.4388, 0.05643, 0.06445, 0
0.44913, 0.44379, 0.11879, 0.47218, 0.46167, 0.46657, 0.11336, 0.05481, 0
0.44298, 0.44693, 0.29552, 0.48156, 0.43912, 0.42265, 0.05239, 0.02787, 0
0.45359, 0.44353, 0.26508, 0.47881, 0.45632, 0.45669, 0.0125, 0.02578, 1
0.46298, 0.45471, 0.23495, 0.46921, 0.47791, 0.47755, 0.1183, 0.03324, 1
0.44321, 0.43926, 0.15784, 0.47792, 0.45068, 0.44647, 0.06685, 0.07442, 1
0.44648, 0.44268, 0.13876, 0.47423, 0.45715, 0.45504, 0.10233, 0.10321, 1
0.46484, 0.45018, 0.09973, 0.4724, 0.47061, 0.45841, 0.07474, 0.15877, 0
0.4442, 0.43818, 0.19283, 0.4806, 0.44955, 0.4453, 0.03866, 0.02577, 0
0.52882, 0.49935, 0.20278, 0.46762, 0.55807, 0.56335, 0.28216, 0.26061, 0
0.45096, 0.45158, 0.21655, 0.47372, 0.48028, 0.46416, 0.22303, 0.18906, 0
0.45983, 0.44379, 0.23268, 0.4735, 0.48036, 0.47338, 0.01451, 0.07877, 1
0.44273, 0.43468, 0.32039, 0.48205, 0.44908, 0.44551, 0.03457, 0.00833, 0
0.44953, 0.44314, 0.33176, 0.47268, 0.45753, 0.45418, 0.05342, 0.03787, 1
0.44314, 0.43359, 0.31653, 0.47999, 0.45015, 0.44603, 0.03667, 0.04207, 1
0.48016, 0.5074, 0.33076, 0.47476, 0.49222, 0.49826, 0.61411, 0.69331, 1
0.43744, 0.4373, 0.27131, 0.484, 0.43482, 0.42513, 0.04064, 0.06223, 1
0.44338, 0.44762, 0.27876, 0.48367, 0.42087, 0.39135, 0.09149, 0.03169, 1
0.45463, 0.44267, 0.50164, 0.48297, 0.44887, 0.43954, 0.10154, 0.04904, 0
0.65906, 0.60229, 0.6038, 0.46504, 0.64702, 0.60599, 0.65544, 0.42258, 0
0.44578, 0.4395, 0.4738, 0.48493, 0.4479, 0.44614, 0.02601, 0.01923, 1
0.4982, 0.50526, 0.37386, 0.46924, 0.54318, 0.5666, 0.63706, 0.69919, 1
0.45651, 0.4446, 0.34119, 0.47546, 0.47161, 0.45852, 0.01649, 0.01985, 0
0.45734, 0.44417, 0.31501, 0.47586, 0.4631, 0.45127, 0.05889, 0.05589, 0
0.45062, 0.44332, 0.30474, 0.48252, 0.45473, 0.44597, 0.01089, 0.07106, 1
0.4464, 0.4376, 0.40045, 0.4849, 0.44604, 0.43425, 0.054, 0.04483, 0
0.45017, 0.44308, 0.33913, 0.4772, 0.45629, 0.45702, 0.04507, 0.06668, 0
0.4542, 0.44544, 0.23885, 0.47346, 0.46006, 0.45384, 0.02171, 0.04716, 1
0.46299, 0.44947, 0.24252, 0.47608, 0.46351, 0.4541, 0.08305, 0.05355, 0
0.45727, 0.44681, 0.42338, 0.47146, 0.46537, 0.46204, 0.02923, 0.01513, 0
0.4455, 0.43578, 0.44744, 0.47556, 0.4542, 0.44814, 0.02761, 0.02889, 1
0.44603, 0.43643, 0.42629, 0.48117, 0.45008, 0.44015, 0.03692, 0.05451, 1
0.46965, 0.46129, 0.41464, 0.47659, 0.46957, 0.46256, 0.0972, 0.13978, 0
0.44502, 0.4336, 0.21116, 0.47842, 0.45248, 0.44774, 0.04167, 0.1158, 1
0.46472, 0.45914, 0.14458, 0.48017, 0.46017, 0.44827, 0.0889, 0.12636, 1
0.44325, 0.4319, 0.12826, 0.48398, 0.43839, 0.42982, 0.10237, 0.10982, 1
0.44701, 0.43838, 0.19814, 0.48483, 0.4464, 0.43872, 0.04024, 0.25782, 0
0.46206, 0.44833, 0.21254, 0.4698, 0.47109, 0.47214, 0.03451, 0.10875, 0
0.46386, 0.44638, 0.24471, 0.47452, 0.46534, 0.4606, 0.10786, 0.06052, 0
0.45144, 0.44075, 0.26138, 0.48231, 0.45087, 0.44644, 0.05059, 0.05444, 1
0.43588, 0.42954, 0.26165, 0.48825, 0.43505, 0.42946, 0.059, 0.17816, 0
0.74815, 0.7345, 0.36092, 0.32186, 0.76156, 0.75158, 0.05563, 0.04668, 1
0.4441, 0.43416, 0.394, 0.47622, 0.45283, 0.44921, 0.03503, 0.02751, 1
0.4567, 0.44736, 0.41583, 0.46969, 0.46434, 0.4585, 0.03383, 0.07502, 1
0.45079, 0.43969, 0.41063, 0.48166, 0.45367, 0.44482, 0.04854, 0.0365, 0
0.44562, 0.44033, 0.16017, 0.47477, 0.45457, 0.45127, 0.06765, 0.08664, 0
0.4575, 0.44544, 0.16209, 0.47018, 0.46644, 0.46301, 0.02054, 0.07378, 1
0.45174, 0.44097, 0.16255, 0.47528, 0.45949, 0.45656, 0.00544, 0.09649, 0
0.45262, 0.43948, 0.17692, 0.47826, 0.45686, 0.44972, 0.0505, 0.04313, 0
0.45467, 0.44672, 0.17778, 0.47404, 0.4603, 0.45359, 0.03421, 0.03122, 1
0.43907, 0.4248, 0.15397, 0.483, 0.44124, 0.42689, 0.13715, 0.11006, 1
0.44895, 0.44395, 0.15076, 0.48216, 0.45041, 0.43772, 0.01347, 0.11355, 1
0.44882, 0.44012, 0.16682, 0.47291, 0.45772, 0.45565, 0.0377, 0.07376, 0
0.4546, 0.45222, 0.21217, 0.47138, 0.4668, 0.46734, 0.14822, 0.17039, 0
0.45668, 0.44457, 0.23714, 0.47693, 0.45916, 0.45562, 0.03894, 0.03544, 1
0.44478, 0.43801, 0.23271, 0.48516, 0.44825, 0.44242, 0.01967, 0.05845, 0
0.43912, 0.43569, 0.22293, 0.47971, 0.44737, 0.44639, 0.08887, 0.11465, 0
0.45496, 0.44055, 0.20664, 0.47292, 0.4632, 0.45717, 0.04083, 0.02738, 0
0.43697, 0.43311, 0.18542, 0.47764, 0.4508, 0.44071, 0.09368, 0.0864, 0
0.4526, 0.44458, 0.17526, 0.4826, 0.45205, 0.44265, 0.03278, 0.08982, 1
0.47008, 0.45415, 0.14061, 0.47137, 0.47403, 0.46209, 0.09879, 0.05229, 0
0.45791, 0.44754, 0.17083, 0.48084, 0.45563, 0.4478, 0.06138, 0.05624, 0
0.44739, 0.4365, 0.17411, 0.48207, 0.45318, 0.44327, 0.04215, 0.04689, 0
0.44898, 0.43416, 0.25668, 0.48203, 0.44772, 0.43244, 0.13762, 0.15601, 0
0.42909, 0.42927, 0.26365, 0.48086, 0.44018, 0.44701, 0.15678, 0.05521, 1
0.4524, 0.44248, 0.32199, 0.47252, 0.45777, 0.45246, 0.00952, 0.07714, 1
0.44152, 0.43559, 0.26054, 0.48699, 0.44349, 0.43656, 0.02721, 0.08868, 0
0.45861, 0.44892, 0.25977, 0.47954, 0.45643, 0.45519, 0.04312, 0.05628, 0
0.4423, 0.43732, 0.25862, 0.47883, 0.44797, 0.44737, 0.06384, 0.10925, 0
0.44822, 0.4401, 0.30219, 0.48348, 0.45015, 0.44592, 0.01042, 0.02221, 1
0.48792, 0.4574, 0.32313, 0.47579, 0.48347, 0.44604, 0.34339, 0.33133, 0
0.47031, 0.47051, 0.24409, 0.47872, 0.46694, 0.46095, 0.16047, 0.16215, 0
0.45252, 0.44786, 0.21798, 0.47775, 0.45587, 0.46199, 0.06761, 0.14514, 0
0.45181, 0.4375, 0.15742, 0.47284, 0.47184, 0.46521, 0.03247, 0.13812, 1
0.44737, 0.43859, 0.15296, 0.48345, 0.44823, 0.43032, 0.06624, 0.00461, 1
0.41264, 0.40967, 0.12042, 0.50009, 0.41707, 0.41335, 0.06084, 0.01437, 1
0.45026, 0.44054, 0.16827, 0.47655, 0.45381, 0.4518, 0.00623, 0.01278, 0
0.46322, 0.45174, 0.14257, 0.466, 0.46643, 0.46238, 0.05348, 0.04378, 0
0.4204, 0.4175, 0.13937, 0.48237, 0.43165, 0.43419, 0.1477, 0.13152, 1
0.49504, 0.48006, 0.14659, 0.46569, 0.49816, 0.49002, 0.19038, 0.16696, 0
0.44723, 0.43707, 0.14242, 0.47535, 0.46237, 0.44551, 0.02812, 0.03584, 0
0.45111, 0.44205, 0.20579, 0.47217, 0.45778, 0.45365, 0.01508, 0.02227, 1
0.46128, 0.44833, 0.2205, 0.47881, 0.46115, 0.45247, 0.07528, 0.01664, 1
0.45049, 0.43773, 0.2367, 0.48369, 0.44779, 0.43989, 0.09897, 0.08306, 0
0.4459, 0.44205, 0.27766, 0.48216, 0.44847, 0.44539, 0.05075, 0.05085, 1
0.45108, 0.44162, 0.37858, 0.47992, 0.45511, 0.4463, 0.01822, 0.0394, 0
0.45934, 0.44835, 0.33114, 0.46947, 0.46806, 0.46221, 0.03499, 0.0324, 1
0.44843, 0.43858, 0.30594, 0.48107, 0.4528, 0.4434, 0.0316, 0.06335, 0
0.44606, 0.43902, 0.30048, 0.48493, 0.45099, 0.44275, 0.01509, 0.04281, 1
0.43952, 0.42805, 0.48851, 0.48534, 0.43746, 0.43163, 0.10317, 0.05174, 1
0.44574, 0.43843, 0.45849, 0.48305, 0.44638, 0.44523, 0.0134, 0.01129, 0
0.44855, 0.43841, 0.14072, 0.4826, 0.45334, 0.44262, 0.0331, 0.03347, 0
0.44577, 0.43735, 0.19227, 0.47848, 0.45257, 0.44843, 0.02569, 0.01591, 1
0.46247, 0.45057, 0.19198, 0.46958, 0.4664, 0.46045, 0.05351, 0.03964, 0
0.46168, 0.44864, 0.1998, 0.47678, 0.463, 0.45424, 0.06893, 0.01382, 0
0.45121, 0.43927, 0.23724, 0.4834, 0.44872, 0.4416, 0.08405, 0.08313, 0
0.45325, 0.44715, 0.29783, 0.47095, 0.46335, 0.46301, 0.08679, 0.09927, 1
0.44183, 0.43373, 0.27839, 0.47786, 0.45038, 0.44559, 0.04278, 0.04694, 0
0.44601, 0.43756, 0.28082, 0.48409, 0.45057, 0.44326, 0.01828, 0.0318, 1
0.45546, 0.4478, 0.28208, 0.47182, 0.46409, 0.45735, 0.05485, 0.05982, 0
0.45712, 0.4462, 0.31869, 0.46859, 0.46868, 0.45658, 0.02428, 0.01014, 0
0.44961, 0.43857, 0.33449, 0.47514, 0.45602, 0.4501, 0.02214, 0.03967, 0
0.44694, 0.43857, 0.28676, 0.47585, 0.45463, 0.4509, 0.02845, 0.02448, 1
0.45735, 0.44685, 0.2859, 0.46753, 0.46375, 0.45909, 0.02735, 0.02359, 0
0.44882, 0.43792, 0.25521, 0.47756, 0.45465, 0.44839, 0.0255, 0.03508, 1
0.44781, 0.44162, 0.2018, 0.48322, 0.45112, 0.44668, 0.02193, 0.02286, 1
0.45239, 0.44248, 0.42755, 0.48123, 0.45174, 0.4488, 0.02953, 0.02267, 0
0.45804, 0.46814, 0.43617, 0.47124, 0.49314, 0.51413, 0.497, 0.52461, 1
0.44675, 0.43508, 0.47371, 0.47531, 0.46332, 0.45486, 0.03142, 0.0384, 0
0.45679, 0.44599, 0.57767, 0.47224, 0.46142, 0.45407, 0.03189, 0.12708, 1
0.45489, 0.44504, 0.33911, 0.47377, 0.4597, 0.45452, 0.01995, 0.00457, 0
0.45731, 0.44396, 0.15529, 0.47568, 0.45931, 0.45322, 0.0605, 0.04054, 0
0.44003, 0.43221, 0.15564, 0.4894, 0.44359, 0.43806, 0.0439, 0.10352, 0
0.46022, 0.43947, 0.38838, 0.47388, 0.48481, 0.493, 0.0403, 0.02637, 1
0.45073, 0.43947, 0.41069, 0.47689, 0.46013, 0.44998, 0.02306, 0.04593, 0
0.46705, 0.45063, 0.40609, 0.47219, 0.4709, 0.46143, 0.09748, 0.23283, 0
0.45263, 0.44377, 0.24247, 0.47297, 0.458, 0.45403, 0.01908, 0.04044, 0
0.44894, 0.43814, 0.44176, 0.48026, 0.45871, 0.44879, 0.02069, 0.019, 1
0.45198, 0.44271, 0.46198, 0.47538, 0.4599, 0.45063, 0.00758, 0.01412, 0
0.5692, 0.52265, 0.42923, 0.46653, 0.57345, 0.56407, 0.49304, 0.48121, 1
0.44621, 0.44679, 0.32455, 0.48116, 0.44008, 0.45115, 0.07704, 0.06253, 1
0.45796, 0.44618, 0.19379, 0.47311, 0.4702, 0.45603, 0.02418, 0.01226, 1
0.42847, 0.43451, 0.19801, 0.48309, 0.42108, 0.41982, 0.10758, 0.08222, 0
0.45654, 0.44831, 0.30769, 0.47352, 0.46222, 0.45875, 0.04164, 0.03191, 0
0.45517, 0.44529, 0.29325, 0.47577, 0.45899, 0.45207, 0.02561, 0.00921, 0
0.46327, 0.45139, 0.23361, 0.46823, 0.46779, 0.46273, 0.05364, 0.0136, 1
0.44734, 0.43503, 0.22448, 0.4817, 0.45066, 0.44265, 0.06251, 0.03169, 1
0.43229, 0.43099, 0.23734, 0.47854, 0.44422, 0.44599, 0.14019, 0.13189, 0
0.4837, 0.48123, 0.24193, 0.4692, 0.51618, 0.52902, 0.37112, 0.39512, 1
0.46048, 0.44547, 0.40326, 0.47368, 0.46302, 0.45556, 0.08148, 0.06515, 1
0.44297, 0.43267, 0.50699, 0.48563, 0.44099, 0.43488, 0.0761, 0.10282, 0
0.457, 0.44544, 0.53093, 0.48145, 0.45332, 0.44585, 0.07406, 0.07272, 1
0.46038, 0.44883, 0.55944, 0.4692, 0.46787, 0.468, 0.04095, 0.04303, 1
0.47142, 0.452, 0.54609, 0.47733, 0.46657, 0.44998, 0.1865, 0.07954, 1
0.44558, 0.43124, 0.54394, 0.48444, 0.4358, 0.41666, 0.1917, 0.17463, 1
0.39757, 0.39574, 0.49953, 0.48195, 0.41204, 0.42654, 0.2544, 0.22478, 0
0.46042, 0.44225, 0.49093, 0.47179, 0.48042, 0.48168, 0.03064, 0.24495, 0
0.4033, 0.42844, 0.32581, 0.48239, 0.4137, 0.42051, 0.4163, 0.5441, 0
0.44858, 0.43524, 0.15741, 0.47919, 0.45314, 0.44638, 0.06365, 0.07136, 1
0.45052, 0.44097, 0.14994, 0.47588, 0.45765, 0.45539, 0.01602, 0.02945, 0
0.45761, 0.44586, 0.14473, 0.46986, 0.46289, 0.45835, 0.03104, 0.00906, 1
0.44835, 0.44075, 0.37612, 0.47236, 0.46694, 0.47255, 0.12384, 0.12481, 0
0.39554, 0.39101, 0.41318, 0.49046, 0.40026, 0.38771, 0.24512, 0.37469, 0
0.47787, 0.4693, 0.38315, 0.47165, 0.48647, 0.49448, 0.16238, 0.1825, 1
0.45064, 0.44162, 0.29743, 0.48045, 0.4525, 0.44602, 0.01828, 0.00463, 1
0.45049, 0.44118, 0.2364, 0.48306, 0.45298, 0.44747, 0.01815, 0.03028, 1
0.4559, 0.44509, 0.17037, 0.4722, 0.46356, 0.46103, 0.02382, 0.11755, 1
0.45798, 0.44487, 0.13601, 0.47507, 0.4608, 0.45589, 0.0521, 0.04462, 1
0.45528, 0.44422, 0.12764, 0.47158, 0.46365, 0.46023, 0.0151, 0.04221, 1
0.43282, 0.42817, 0.13648, 0.47717, 0.44604, 0.4434, 0.10732, 0.11979, 0
0.4784, 0.45837, 0.21053, 0.47304, 0.47894, 0.46355, 0.16903, 0.10653, 1
0.42002, 0.41234, 0.21072, 0.49035, 0.42304, 0.41238, 0.14755, 0.14174, 0
0.44962, 0.44118, 0.20055, 0.48062, 0.44923, 0.43537, 0.04356, 0.11976, 1
0.44401, 0.43663, 0.17897, 0.48318, 0.4484, 0.44734, 0.0297, 0.01669, 0
0.4425, 0.43814, 0.17792, 0.47627, 0.45121, 0.45195, 0.08477, 0.16213, 0
0.44906, 0.44674, 0.20651, 0.4768, 0.45611, 0.45257, 0.09662, 0.08997, 0
0.45495, 0.4446, 0.19304, 0.4726, 0.46235, 0.45982, 0.02431, 0.11715, 1
0.49754, 0.48296, 0.18894, 0.472, 0.49726, 0.48101, 0.21709, 0.24682, 1
0.44715, 0.43371, 0.17974, 0.47678, 0.45397, 0.4492, 0.05464, 0.07691, 0
0.45477, 0.44631, 0.15518, 0.47922, 0.45429, 0.44118, 0.05896, 0.07154, 1
0.4442, 0.43714, 0.11887, 0.48315, 0.44685, 0.44572, 0.02527, 0.04561, 0
0.4608, 0.44993, 0.12052, 0.4675, 0.46794, 0.46537, 0.04404, 0.05904, 1
0.45, 0.43756, 0.11098, 0.47482, 0.45624, 0.45075, 0.035, 0.01592, 0
0.45343, 0.43905, 0.13977, 0.48297, 0.44925, 0.43304, 0.14302, 0.13564, 1
0.45654, 0.44439, 0.14869, 0.47242, 0.46634, 0.45996, 0.01559, 0.01368, 1
0.41833, 0.41537, 0.17397, 0.48746, 0.4236, 0.41377, 0.12672, 0.15568, 0
0.45118, 0.44227, 0.35523, 0.47232, 0.45675, 0.45194, 0.01044, 0.07153, 0
0.44178, 0.43534, 0.34094, 0.47869, 0.45025, 0.4484, 0.05639, 0.06324, 0
0.45837, 0.4492, 0.33331, 0.46725, 0.46641, 0.46284, 0.04943, 0.16751, 1
0.44737, 0.42273, 0.29305, 0.47289, 0.47983, 0.49173, 0.09358, 0.0734, 0
0.44122, 0.43375, 0.20978, 0.48593, 0.44574, 0.44335, 0.03751, 0.02976, 0
0.74833, 0.72958, 0.27314, 0.42762, 0.76814, 0.75616, 0.03379, 0.05734, 1
0.44879, 0.43687, 0.36491, 0.47375, 0.4591, 0.45559, 0.0208, 0.02558, 0
0.45258, 0.44183, 0.43803, 0.47963, 0.45016, 0.45622, 0.03063, 0.05319, 1
0.44712, 0.43669, 0.40776, 0.48391, 0.44333, 0.43648, 0.0697, 0.04059, 1
0.42493, 0.42297, 0.36547, 0.48046, 0.43631, 0.44335, 0.15163, 0.23239, 0
0.4881, 0.47406, 0.34991, 0.46533, 0.49406, 0.49178, 0.15867, 0.23308, 1
0.45295, 0.44333, 0.31213, 0.47562, 0.46058, 0.4596, 0.02071, 0.04955, 0
0.44373, 0.43603, 0.29444, 0.47759, 0.45353, 0.45167, 0.0497, 0.05505, 0
0.45382, 0.44577, 0.26359, 0.47695, 0.45795, 0.45858, 0.03246, 0.06946, 1
0.44806, 0.43922, 0.28832, 0.47802, 0.45408, 0.446, 0.00967, 0.02864, 0
0.45678, 0.44469, 0.29114, 0.47009, 0.4627, 0.45581, 0.03068, 0.02691, 1
0.45847, 0.45039, 0.27437, 0.46889, 0.46907, 0.46657, 0.07648, 0.02253, 1
0.44605, 0.44075, 0.31376, 0.48383, 0.44629, 0.44364, 0.02194, 0.05186, 0
0.44425, 0.43857, 0.30755, 0.47666, 0.45177, 0.45459, 0.07035, 0.03825, 0
0.45902, 0.44882, 0.30497, 0.46872, 0.46662, 0.46583, 0.04588, 0.03426, 1
0.45386, 0.44859, 0.28098, 0.47988, 0.45466, 0.45473, 0.04611, 0.02129, 1
0.49719, 0.46971, 0.24654, 0.47044, 0.50828, 0.49771, 0.20661, 0.32904, 1
0.44064, 0.43791, 0.23185, 0.48187, 0.44438, 0.4464, 0.0658, 0.06102, 0
0.43861, 0.434, 0.12328, 0.48112, 0.43844, 0.422, 0.03584, 0.03275, 0
0.45013, 0.44206, 0.10586, 0.47476, 0.45353, 0.45195, 0.01171, 0.03227, 0
0.48842, 0.46296, 0.15336, 0.46973, 0.51467, 0.52154, 0.10508, 0.07752, 1
0.44553, 0.43679, 0.3477, 0.47729, 0.45245, 0.44478, 0.02153, 0.02235, 0
0.44863, 0.43833, 0.33867, 0.4835, 0.4536, 0.44704, 0.02446, 0.03872, 0
0.44212, 0.43925, 0.48266, 0.48133, 0.43863, 0.45076, 0.04224, 0.08294, 0
0.44976, 0.43795, 0.4842, 0.47921, 0.4552, 0.44697, 0.04088, 0.01837, 1
0.44531, 0.43686, 0.17657, 0.48702, 0.45096, 0.44225, 0.02207, 0.04316, 0
0.58606, 0.57738, 0.17255, 0.35514, 0.59587, 0.58758, 0.05052, 0.05933, 1
0.48422, 0.49237, 0.13601, 0.47521, 0.49154, 0.5001, 0.39816, 0.37522, 1
0.60667, 0.6033, 0.15382, 0.44848, 0.61817, 0.62175, 0.18022, 0.17663, 1
0.44799, 0.43819, 0.15378, 0.47474, 0.45855, 0.4601, 0.03207, 0.0307, 0
0.45124, 0.43969, 0.15018, 0.47517, 0.45915, 0.45127, 0.01766, 0.01141, 1
0.4457, 0.44503, 0.19625, 0.48309, 0.44458, 0.43755, 0.05332, 0.02987, 0
0.44244, 0.43755, 0.19922, 0.4817, 0.44555, 0.4448, 0.0513, 0.10616, 0
0.45707, 0.44375, 0.20827, 0.47353, 0.46007, 0.45386, 0.05502, 0.02508, 1
0.4453, 0.43883, 0.23283, 0.4842, 0.44871, 0.44169, 0.01688, 0.03665, 0
0.44618, 0.44012, 0.23222, 0.48141, 0.45186, 0.44868, 0.0414, 0.02088, 0
0.44957, 0.44204, 0.2303, 0.47545, 0.45707, 0.45646, 0.04309, 0.03767, 0
0.4045, 0.41103, 0.18073, 0.47955, 0.42551, 0.43144, 0.28485, 0.237, 0
0.4206, 0.43882, 0.69579, 0.48438, 0.38773, 0.3621, 0.01261, 0.036, 0
0.42782, 0.4185, 0.7562, 0.48273, 0.40443, 0.41029, 0.19468, 0.21358, 0
0.45049, 0.44118, 0.81225, 0.48311, 0.45088, 0.44687, 0.02145, 0.0514, 1
0.44496, 0.43753, 0.73826, 0.4736, 0.46031, 0.45583, 0.07565, 0.11122, 0
0.44567, 0.43989, 0.74034, 0.47293, 0.46385, 0.46131, 0.11514, 0.0914, 0
0.47707, 0.4414, 0.52412, 0.47176, 0.52738, 0.5351, 0.03759, 0.04337, 0
0.47224, 0.45502, 0.44339, 0.48194, 0.45179, 0.42818, 0.27337, 0.22573, 1
0.45442, 0.44753, 0.51078, 0.47954, 0.45194, 0.44742, 0.03062, 0.07717, 1
0.44788, 0.44308, 0.66544, 0.48117, 0.44614, 0.44552, 0.02462, 0.04889, 0
0.45331, 0.44392, 0.6703, 0.4793, 0.45253, 0.45062, 0.02061, 0.03483, 1
0.44321, 0.43656, 0.68282, 0.48732, 0.44514, 0.44145, 0.02468, 0.02161, 0
0.44695, 0.43971, 0.69735, 0.48437, 0.44985, 0.44603, 0.01129, 0.05354, 0
0.44729, 0.43845, 0.2808, 0.48486, 0.45286, 0.44437, 0.01587, 0.02245, 0
0.44675, 0.44687, 0.24013, 0.47998, 0.44183, 0.40199, 0.03008, 0.04423, 1
0.44884, 0.44224, 0.21696, 0.48215, 0.44796, 0.44679, 0.00732, 0.00978, 1
0.45304, 0.44476, 0.2154, 0.474, 0.45659, 0.45623, 0.02594, 0.04688, 1
0.45368, 0.44498, 0.21044, 0.46943, 0.46135, 0.45892, 0.03662, 0.05592, 0
0.44265, 0.43425, 0.27835, 0.48718, 0.44337, 0.43864, 0.03866, 0.02932, 0
0.46774, 0.45172, 0.25294, 0.47672, 0.4679, 0.45573, 0.11733, 0.23459, 1
0.44512, 0.43718, 0.20392, 0.48364, 0.45122, 0.4473, 0.02501, 0.01574, 0
0.44829, 0.43654, 0.25346, 0.47385, 0.46049, 0.45727, 0.0235, 0.03399, 0
0.44438, 0.43844, 0.30775, 0.48365, 0.44983, 0.44678, 0.03936, 0.0156, 0
0.44363, 0.43689, 0.36824, 0.47529, 0.45448, 0.45323, 0.06436, 0.03778, 0
0.45893, 0.44868, 0.32179, 0.47712, 0.46035, 0.46166, 0.03725, 0.05145, 1
0.45131, 0.44204, 0.27753, 0.47515, 0.45878, 0.4588, 0.02186, 0.03757, 0
0.45425, 0.44526, 0.28069, 0.47065, 0.46605, 0.4631, 0.05556, 0.07108, 0
0.45197, 0.44097, 0.28519, 0.47193, 0.46342, 0.45946, 0.01974, 0.06414, 0
0.44521, 0.43732, 0.23212, 0.48263, 0.45051, 0.44764, 0.0235, 0.01649, 0
0.45336, 0.44268, 0.17753, 0.48226, 0.45392, 0.44647, 0.04535, 0.04231, 1
0.45999, 0.44591, 0.22666, 0.47015, 0.47177, 0.46949, 0.02307, 0.04139, 1
0.44198, 0.4326, 0.24124, 0.47489, 0.45518, 0.45297, 0.0548, 0.03682, 0
0.44847, 0.44054, 0.28901, 0.47764, 0.45654, 0.44881, 0.01645, 0.00793, 0
0.45205, 0.4429, 0.30605, 0.4753, 0.45931, 0.45076, 0.01097, 0.0143, 1
0.45098, 0.44204, 0.38894, 0.48185, 0.45458, 0.44542, 0.01495, 0.02477, 1
0.4555, 0.44591, 0.30075, 0.46958, 0.46072, 0.45727, 0.02391, 0.05248, 1
0.44587, 0.4399, 0.28977, 0.47862, 0.4524, 0.44776, 0.04352, 0.01651, 0
0.38102, 0.37961, 0.16577, 0.49093, 0.38584, 0.38017, 0.29712, 0.3513, 0
0.45393, 0.44508, 0.17554, 0.47257, 0.46257, 0.45824, 0.03453, 0.0538, 1
0.45107, 0.44357, 0.16878, 0.47492, 0.45788, 0.45286, 0.03284, 0.05325, 0
0.448, 0.43925, 0.36355, 0.4841, 0.4489, 0.44361, 0.02511, 0.04162, 1
0.46174, 0.4515, 0.3486, 0.47122, 0.4692, 0.46143, 0.0518, 0.06872, 1
0.45736, 0.44248, 0.4112, 0.47273, 0.48861, 0.48807, 0.08357, 0.06253, 0
0.44559, 0.43858, 0.45746, 0.48555, 0.45209, 0.44183, 0.0145, 0.0578, 0
0.45972, 0.4503, 0.46011, 0.47075, 0.46503, 0.45918, 0.0446, 0.03426, 1
0.4457, 0.43858, 0.46477, 0.47864, 0.45232, 0.44708, 0.02833, 0.03865, 0
0.4511, 0.4401, 0.12515, 0.48111, 0.45519, 0.44932, 0.03132, 0.02007, 1
0.45395, 0.44445, 0.1536, 0.47055, 0.46377, 0.4625, 0.04132, 0.07755, 0
0.52098, 0.48546, 0.16948, 0.47737, 0.49645, 0.46589, 0.50136, 0.70474, 1
0.44979, 0.43926, 0.25215, 0.48174, 0.45354, 0.4492, 0.02498, 0.0231, 1
0.45495, 0.44631, 0.21436, 0.47616, 0.45863, 0.4536, 0.02498, 0.01971, 1
0.44314, 0.435, 0.20434, 0.48466, 0.44871, 0.44558, 0.03236, 0.02275, 0
0.44186, 0.4367, 0.16962, 0.4825, 0.4483, 0.44713, 0.05604, 0.05686, 0
0.44382, 0.44414, 0.18338, 0.48245, 0.42331, 0.42118, 0.0227, 0.0195, 1
0.44931, 0.43969, 0.44918, 0.4733, 0.46019, 0.45411, 0.02086, 0.02618, 0
0.45244, 0.44289, 0.4756, 0.47228, 0.46239, 0.45488, 0.01961, 0.02044, 0
0.45728, 0.44502, 0.49635, 0.47156, 0.46429, 0.4554, 0.03397, 0.00908, 1
0.44314, 0.43671, 0.39147, 0.48626, 0.45327, 0.44353, 0.04314, 0.03858, 0
0.42889, 0.40775, 0.37403, 0.48602, 0.41314, 0.39074, 0.37276, 0.55849, 1
0.44783, 0.43823, 0.37788, 0.485, 0.44948, 0.44384, 0.03165, 0.05076, 1
0.46457, 0.4511, 0.36886, 0.47953, 0.46082, 0.45139, 0.10502, 0.027, 1
0.43059, 0.4237, 0.36766, 0.48917, 0.4299, 0.42471, 0.08952, 0.12128, 0
0.38507, 0.40128, 0.35757, 0.47897, 0.41424, 0.43501, 0.47002, 0.54944, 0
0.46097, 0.44868, 0.69603, 0.47134, 0.46702, 0.45647, 0.04965, 0.04117, 1
0.45199, 0.45146, 0.55771, 0.47838, 0.45636, 0.45076, 0.12476, 0.16245, 0
0.45281, 0.44225, 0.53768, 0.4764, 0.45896, 0.46542, 0.02035, 0.01208, 0
0.45228, 0.44204, 0.49603, 0.47346, 0.45903, 0.45335, 0.00547, 0.05852, 1
0.44712, 0.44118, 0.21088, 0.48039, 0.44547, 0.44779, 0.01779, 0.0227, 0
0.45759, 0.44204, 0.20429, 0.47632, 0.46578, 0.45024, 0.07535, 0.04342, 1
0.43762, 0.43306, 0.22484, 0.4873, 0.44042, 0.4343, 0.04652, 0.0709, 0
0.44924, 0.44461, 0.2186, 0.47818, 0.45478, 0.45335, 0.06649, 0.02201, 0
0.45664, 0.44418, 0.20791, 0.47272, 0.46111, 0.4575, 0.03531, 0.05349, 1
0.44984, 0.44205, 0.38717, 0.47221, 0.46246, 0.45934, 0.06201, 0.03291, 0
0.44733, 0.43683, 0.49088, 0.47809, 0.454, 0.44958, 0.02557, 0.02424, 0
0.44951, 0.44162, 0.50048, 0.47625, 0.45631, 0.44905, 0.01833, 0.05412, 0
0.45333, 0.43988, 0.46497, 0.48237, 0.45496, 0.44219, 0.0875, 0.0422, 1
0.45266, 0.44053, 0.17315, 0.4741, 0.45821, 0.45695, 0.01664, 0.03038, 1
0.39961, 0.38906, 0.14575, 0.48283, 0.41341, 0.41167, 0.25248, 0.27449, 0
0.43755, 0.43188, 0.1354, 0.48312, 0.42788, 0.41444, 0.07467, 0.00692, 0
0.46618, 0.45053, 0.10729, 0.47115, 0.47767, 0.47289, 0.04601, 0.04652, 1
0.49739, 0.48781, 0.15233, 0.47131, 0.50519, 0.5057, 0.2414, 0.18576, 1
0.62112, 0.60655, 0.25164, 0.43884, 0.63404, 0.6233, 0.10857, 0.12683, 1
0.45167, 0.43859, 0.26022, 0.47671, 0.461, 0.4505, 0.04162, 0.03544, 1
0.43962, 0.43017, 0.12863, 0.48829, 0.44472, 0.43938, 0.05672, 0.03247, 0
0.09115, 0.09012, 0.26119, 0.70843, 0.09251, 0.10016, 0.02649, 0.05207, 0
0.4462, 0.43264, 0.30346, 0.48476, 0.44387, 0.43272, 0.11904, 0.10209, 1
0.47296, 0.44909, 0.31728, 0.47212, 0.48598, 0.48753, 0.08607, 0.11363, 1
0.44175, 0.42824, 0.3061, 0.47596, 0.45342, 0.44944, 0.07153, 0.08927, 0
0.45628, 0.44602, 0.1612, 0.47015, 0.46181, 0.4549, 0.02447, 0.05689, 1
0.44174, 0.43547, 0.15138, 0.4828, 0.44833, 0.44651, 0.04889, 0.04918, 0
0.43088, 0.42466, 0.48594, 0.48587, 0.43077, 0.43034, 0.08072, 0.07896, 0
0.40591, 0.40835, 0.43819, 0.48314, 0.41846, 0.42591, 0.2275, 0.20559, 0
0.44858, 0.4429, 0.3598, 0.47975, 0.4486, 0.43827, 0.01977, 0.01651, 1
0.45515, 0.44526, 0.28642, 0.47972, 0.4566, 0.4531, 0.02788, 0.02323, 1
0.44495, 0.43904, 0.23554, 0.48302, 0.44966, 0.44686, 0.03734, 0.01831, 0
0.43904, 0.43452, 0.14096, 0.48127, 0.44217, 0.42638, 0.03222, 0.03582, 0
0.4559, 0.447, 0.13165, 0.47688, 0.45879, 0.44737, 0.0324, 0.11367, 1
0.4513, 0.44334, 0.14078, 0.47389, 0.45914, 0.45154, 0.02725, 0.01001, 0
0.45543, 0.43838, 0.14451, 0.47904, 0.4571, 0.44619, 0.13224, 0.14163, 1
0.44787, 0.43623, 0.14429, 0.47357, 0.45664, 0.45637, 0.02451, 0.02869, 0
0.47431, 0.46643, 0.14863, 0.47284, 0.47859, 0.47051, 0.12655, 0.18914, 1
0.46334, 0.45002, 0.14295, 0.47552, 0.46489, 0.45938, 0.07024, 0.06396, 1
0.43325, 0.41948, 0.44259, 0.48491, 0.42964, 0.42535, 0.1547, 0.17559, 0
0.44459, 0.43821, 0.36062, 0.4827, 0.44831, 0.44714, 0.03187, 0.06175, 0
0.44877, 0.44204, 0.3424, 0.47483, 0.45491, 0.45462, 0.04644, 0.02189, 0
0.46699, 0.46083, 0.19858, 0.46895, 0.48532, 0.48725, 0.17738, 0.22207, 1
0.43405, 0.42647, 0.28626, 0.48537, 0.42351, 0.40256, 0.15765, 0.10927, 1
0.42976, 0.43308, 0.2889, 0.48438, 0.42464, 0.41807, 0.06337, 0.0807, 0
0.46113, 0.4523, 0.29819, 0.46932, 0.46856, 0.46656, 0.07094, 0.02088, 1
0.44674, 0.43905, 0.31872, 0.474, 0.45663, 0.45425, 0.04761, 0.08232, 0
0.4541, 0.44246, 0.26807, 0.48156, 0.454, 0.44804, 0.06093, 0.09498, 1
0.4479, 0.43991, 0.20671, 0.4817, 0.45145, 0.44843, 0.00942, 0.01041, 0
0.44743, 0.44588, 0.19229, 0.47315, 0.46162, 0.46357, 0.15871, 0.14497, 0
0.45162, 0.44289, 0.24676, 0.47627, 0.45685, 0.45101, 0.01352, 0.02855, 1
0.45869, 0.44952, 0.25146, 0.47658, 0.46361, 0.45646, 0.0406, 0.03312, 1
0.45169, 0.44375, 0.18999, 0.47245, 0.46066, 0.4553, 0.04127, 0.01783, 0
0.45364, 0.44268, 0.19497, 0.4724, 0.4609, 0.45491, 0.01151, 0.03895, 1
0.4623, 0.45441, 0.19616, 0.48161, 0.45279, 0.44132, 0.09305, 0.09087, 1
0.4484, 0.44161, 0.228, 0.48205, 0.44576, 0.44482, 0.00205, 0.00908, 1
0.44916, 0.44012, 0.31604, 0.48752, 0.45243, 0.4492, 0.00544, 0.02303, 0
0.45576, 0.44651, 0.37483, 0.46911, 0.46458, 0.46277, 0.0454, 0.03884, 1
0.45612, 0.44438, 0.38762, 0.47545, 0.46045, 0.45179, 0.04047, 0.00819, 1
0.45249, 0.44097, 0.41817, 0.47303, 0.46189, 0.46077, 0.00892, 0.02392, 0
0.43663, 0.42893, 0.41553, 0.48765, 0.43745, 0.42911, 0.06555, 0.04942, 0
0.45095, 0.44055, 0.31933, 0.47354, 0.45784, 0.45485, 0.00613, 0.02388, 0
0.45228, 0.44076, 0.27956, 0.4778, 0.45609, 0.44767, 0.03896, 0.02222, 1
0.4515, 0.44393, 0.21652, 0.47597, 0.45671, 0.45062, 0.02073, 0.01847, 1
0.44866, 0.43822, 0.12854, 0.47493, 0.45567, 0.45126, 0.01474, 0.02829, 0
0.45138, 0.44224, 0.25817, 0.47929, 0.45257, 0.44626, 0.02011, 0.02734, 1
0.49595, 0.47877, 0.20416, 0.46483, 0.50407, 0.4994, 0.18244, 0.16697, 1
0.44855, 0.43991, 0.15199, 0.48067, 0.45095, 0.45037, 0.01226, 0.03548, 0
0.46313, 0.44965, 0.09927, 0.47737, 0.46243, 0.44793, 0.09742, 0.11235, 1
0.44956, 0.44203, 0.09791, 0.47588, 0.45557, 0.45421, 0.03558, 0.03412, 0
0.45889, 0.44733, 0.16291, 0.47018, 0.46543, 0.45743, 0.03366, 0.09001, 1
0.44142, 0.4342, 0.15635, 0.48833, 0.44596, 0.43921, 0.03411, 0.04737, 0
0.43737, 0.42997, 0.1578, 0.48797, 0.44277, 0.4396, 0.05481, 0.08489, 0
0.46174, 0.44923, 0.15312, 0.4685, 0.46781, 0.46333, 0.04135, 0.05643, 1
0.45643, 0.44267, 0.20489, 0.4752, 0.46245, 0.46153, 0.02074, 0.04499, 1
0.44229, 0.43759, 0.21492, 0.48439, 0.4461, 0.44063, 0.04097, 0.05156, 0
0.45012, 0.44118, 0.21219, 0.47542, 0.45747, 0.45742, 0.02831, 0.02819, 0
0.44535, 0.43865, 0.17944, 0.48435, 0.44884, 0.44473, 0.01871, 0.03197, 0
0.4397, 0.43294, 0.14751, 0.48345, 0.44531, 0.43832, 0.04284, 0.08732, 0
0.45504, 0.44667, 0.14276, 0.46768, 0.46197, 0.45791, 0.0387, 0.01169, 1
0.45301, 0.44139, 0.14555, 0.47194, 0.45893, 0.45369, 0.01943, 0.01369, 1
0.45884, 0.44351, 0.15302, 0.47112, 0.46912, 0.47033, 0.01668, 0.07967, 1
0.45354, 0.44434, 0.14976, 0.48168, 0.45331, 0.44743, 0.03045, 0.02915, 1
0.45014, 0.44139, 0.17404, 0.47271, 0.45663, 0.45534, 0.02288, 0.0428, 0
0.45328, 0.44181, 0.16681, 0.47492, 0.45709, 0.45891, 0.01268, 0.04635, 1
0.45059, 0.44076, 0.16044, 0.47686, 0.45387, 0.44692, 0.01769, 0.05068, 1
0.4287, 0.41996, 0.12844, 0.47836, 0.44029, 0.43827, 0.10491, 0.07974, 0
0.45849, 0.44688, 0.2702, 0.47233, 0.46214, 0.45548, 0.04337, 0.02654, 1
0.47441, 0.4606, 0.28933, 0.46621, 0.47801, 0.47007, 0.10143, 0.06631, 1
0.44361, 0.43613, 0.18742, 0.48648, 0.44299, 0.43621, 0.03464, 0.08005, 0
0.44697, 0.44118, 0.19341, 0.48354, 0.44825, 0.44335, 0.01759, 0.03708, 0
0.44678, 0.43782, 0.20772, 0.47848, 0.45252, 0.44909, 0.01771, 0.02803, 0
0.45663, 0.44692, 0.28425, 0.47007, 0.46951, 0.46478, 0.04933, 0.0684, 1
0.44181, 0.43587, 0.34397, 0.48309, 0.45019, 0.44341, 0.04821, 0.01769, 0
0.45579, 0.4448, 0.37214, 0.47356, 0.46322, 0.46003, 0.01958, 0.01712, 1
0.45171, 0.43864, 0.16562, 0.48245, 0.44898, 0.44458, 0.093, 0.14932, 1
0.44301, 0.42591, 0.18544, 0.47594, 0.45337, 0.44985, 0.09753, 0.04962, 0
0.44505, 0.43587, 0.2172, 0.47555, 0.45498, 0.44869, 0.03022, 0.03049, 0
0.44868, 0.44182, 0.22483, 0.47322, 0.45957, 0.45397, 0.05519, 0.02301, 0
0.44786, 0.44055, 0.20358, 0.48222, 0.45198, 0.44895, 0.01972, 0.05938, 0
0.4524, 0.44224, 0.1635, 0.47979, 0.45581, 0.45165, 0.01674, 0.02156, 1
0.46242, 0.45481, 0.16567, 0.47071, 0.47682, 0.47449, 0.11062, 0.03872, 1
0.46574, 0.46451, 0.14837, 0.4785, 0.46162, 0.44343, 0.11608, 0.0842, 1
0.44672, 0.43694, 0.12045, 0.48507, 0.44796, 0.4411, 0.04408, 0.08836, 1
0.44103, 0.4363, 0.11811, 0.48564, 0.44517, 0.442, 0.04408, 0.11549, 0
0.45112, 0.44203, 0.15708, 0.47642, 0.45691, 0.45833, 0.02166, 0.04705, 0
0.45623, 0.44118, 0.1686, 0.4792, 0.45789, 0.45062, 0.08503, 0.05928, 1
0.45246, 0.44202, 0.44418, 0.48057, 0.45675, 0.44935, 0.02483, 0.02535, 1
0.44979, 0.44014, 0.43916, 0.48462, 0.45328, 0.44605, 0.02329, 0.01242, 1
0.45448, 0.44369, 0.47304, 0.48246, 0.45188, 0.44226, 0.06744, 0.06063, 1
0.4565, 0.44787, 0.39919, 0.47047, 0.46188, 0.45594, 0.03517, 0.01114, 1
0.44798, 0.44056, 0.29698, 0.48231, 0.45241, 0.44897, 0.01944, 0.01178, 0
0.45465, 0.4483, 0.26728, 0.47053, 0.46862, 0.46939, 0.11045, 0.08705, 0
0.44644, 0.43572, 0.32422, 0.47374, 0.45836, 0.45559, 0.03375, 0.09587, 0
0.4418, 0.44244, 0.59309, 0.48401, 0.43756, 0.42631, 0.02874, 0.05835, 0
0.42862, 0.419, 0.58124, 0.48574, 0.41946, 0.41231, 0.16003, 0.18079, 0
0.45314, 0.44308, 0.4312, 0.47504, 0.45381, 0.45164, 0.02463, 0.03528, 1
0.45778, 0.43696, 0.3816, 0.48059, 0.45194, 0.42466, 0.25126, 0.3185, 1
0.44864, 0.45237, 0.35132, 0.48063, 0.45259, 0.44819, 0.15274, 0.16245, 0
0.45299, 0.44372, 0.28781, 0.47432, 0.45897, 0.45459, 0.01618, 0.03721, 1
0.4432, 0.43293, 0.17166, 0.47461, 0.45644, 0.45152, 0.04785, 0.08209, 0
0.45035, 0.44351, 0.16436, 0.4726, 0.46449, 0.45935, 0.07695, 0.05619, 0
0.46745, 0.4521, 0.19239, 0.47478, 0.46494, 0.45736, 0.10535, 0.09733, 1
0.44914, 0.44097, 0.2259, 0.48273, 0.45248, 0.44757, 0.00202, 0.031, 0
0.44102, 0.43635, 0.21035, 0.48565, 0.44726, 0.44235, 0.05281, 0.08417, 0
0.44141, 0.43698, 0.20977, 0.47798, 0.4501, 0.44693, 0.07649, 0.15011, 0
0.44917, 0.44161, 0.28646, 0.47493, 0.45543, 0.45088, 0.02483, 0.031, 0
0.44371, 0.43569, 0.2816, 0.47979, 0.45099, 0.44767, 0.03397, 0.02354, 0
0.4469, 0.43463, 0.27253, 0.48403, 0.4499, 0.44204, 0.06633, 0.06788, 1
0.45569, 0.44436, 0.26354, 0.47632, 0.45949, 0.45293, 0.03692, 0.02344, 1
0.45064, 0.44118, 0.30587, 0.47685, 0.45642, 0.4487, 0.00354, 0.01954, 1
0.44956, 0.44118, 0.26588, 0.48365, 0.45231, 0.44626, 0.00707, 0.01478, 1
0.46118, 0.44901, 0.30337, 0.4743, 0.47285, 0.48281, 0.07864, 0.10355, 0
0.4502, 0.44266, 0.25649, 0.48206, 0.44915, 0.44769, 0.00885, 0.08521, 1
0.4516, 0.44582, 0.28751, 0.47248, 0.45829, 0.45994, 0.07387, 0.05366, 0
0.46489, 0.45024, 0.30525, 0.46764, 0.46874, 0.4653, 0.06204, 0.0916, 1
0.45072, 0.43949, 0.27204, 0.47357, 0.47032, 0.46921, 0.05367, 0.01703, 0
0.45176, 0.44203, 0.2222, 0.47379, 0.46112, 0.45306, 0.01473, 0.04289, 0
0.4493, 0.43758, 0.25946, 0.47836, 0.45542, 0.44754, 0.03784, 0.00597, 1
0.4535, 0.44632, 0.30144, 0.47859, 0.4561, 0.45011, 0.02581, 0.01991, 1
0.45566, 0.44397, 0.30562, 0.46942, 0.46126, 0.45673, 0.02097, 0.03363, 1
0.45439, 0.44376, 0.27443, 0.4757, 0.45881, 0.45141, 0.02484, 0.02409, 1
0.45154, 0.44247, 0.28908, 0.48044, 0.45551, 0.45089, 0.00717, 0.016, 1
0.44963, 0.44033, 0.28321, 0.48258, 0.45372, 0.44894, 0.00827, 0.016, 0
0.43173, 0.41707, 0.30942, 0.48625, 0.42107, 0.40549, 0.23893, 0.2919, 1
0.45886, 0.44762, 0.24069, 0.47691, 0.4616, 0.45401, 0.04746, 0.04594, 1
0.44801, 0.4369, 0.24148, 0.4851, 0.44952, 0.44179, 0.05761, 0.02095, 1
0.43511, 0.43518, 0.21223, 0.48184, 0.44359, 0.44335, 0.1252, 0.16531, 0
0.40379, 0.39907, 0.39035, 0.49074, 0.40871, 0.40188, 0.20361, 0.17092, 0
0.45251, 0.44161, 0.31429, 0.48308, 0.45082, 0.44047, 0.07092, 0.05288, 1
0.43565, 0.434, 0.22065, 0.47996, 0.44115, 0.43704, 0.0949, 0.10722, 0
0.44957, 0.4378, 0.19931, 0.48151, 0.4539, 0.44716, 0.04223, 0.03505, 1
0.44335, 0.42257, 0.17258, 0.47897, 0.44766, 0.44831, 0.15007, 0.03472, 0
0.19244, 0.19025, 0.32211, 0.73, 0.19452, 0.19622, 0.01948, 0.0, 0
0.46078, 0.44786, 0.41158, 0.47749, 0.46411, 0.44985, 0.07394, 0.10001, 1
0.4278, 0.42078, 0.34172, 0.48865, 0.43128, 0.42355, 0.09979, 0.08701, 0
0.47651, 0.45991, 0.22399, 0.46619, 0.48089, 0.47489, 0.10812, 0.08793, 1
0.4646, 0.4545, 0.12848, 0.47309, 0.46853, 0.46455, 0.06435, 0.0323, 1
0.44164, 0.43218, 0.13101, 0.48333, 0.44386, 0.44192, 0.05017, 0.02545, 0
0.45324, 0.44161, 0.17672, 0.47711, 0.45628, 0.44764, 0.03942, 0.05047, 1
0.4653, 0.45434, 0.26639, 0.46838, 0.46874, 0.46194, 0.06593, 0.07055, 1
0.48291, 0.47808, 0.24488, 0.47398, 0.48684, 0.48802, 0.20925, 0.18413, 1
0.42315, 0.4186, 0.20038, 0.48711, 0.42218, 0.41199, 0.1151, 0.06236, 0
0.44338, 0.43316, 0.19111, 0.48255, 0.44258, 0.44, 0.06003, 0.07611, 0
0.44351, 0.43254, 0.16433, 0.48473, 0.44137, 0.43606, 0.07737, 0.05398, 0
0.44494, 0.43631, 0.17061, 0.48142, 0.4553, 0.44368, 0.02515, 0.0185, 0
0.44192, 0.43504, 0.27157, 0.48494, 0.44827, 0.44523, 0.03983, 0.05109, 0
0.44514, 0.43694, 0.32084, 0.48184, 0.45024, 0.44214, 0.02047, 0.03482, 0
0.24107, 0.23727, 0.24088, 0.53592, 0.24763, 0.25269, 0.04263, 0.04297, 0
0.44737, 0.43968, 0.24426, 0.47317, 0.45927, 0.45608, 0.06309, 0.05793, 0
0.48366, 0.46956, 0.26948, 0.46625, 0.49531, 0.48815, 0.1377, 0.16191, 1
0.46068, 0.44721, 0.29875, 0.47152, 0.47412, 0.47435, 0.03619, 0.14822, 1
0.41331, 0.39782, 0.29552, 0.48726, 0.4024, 0.37916, 0.3329, 0.34945, 0
0.44002, 0.44653, 0.28977, 0.48359, 0.43206, 0.41654, 0.06438, 0.05981, 0
0.4498, 0.44011, 0.29456, 0.48376, 0.45342, 0.4462, 0.02043, 0.00687, 1
0.44809, 0.43989, 0.29713, 0.48467, 0.45209, 0.44685, 0.00622, 0.01819, 0
0.45107, 0.44204, 0.20707, 0.48291, 0.45178, 0.4449, 0.02547, 0.02861, 1
0.45082, 0.44333, 0.10249, 0.48251, 0.45347, 0.44659, 0.01037, 0.00687, 1
0.44192, 0.43496, 0.11647, 0.48638, 0.44627, 0.44204, 0.03258, 0.02099, 0
0.53926, 0.53274, 0.15342, 0.43186, 0.54591, 0.54375, 0.06854, 0.02702, 1
0.45851, 0.44739, 0.15886, 0.4693, 0.46658, 0.46593, 0.03401, 0.02767, 1
0.44917, 0.43776, 0.17618, 0.47394, 0.45709, 0.45257, 0.018, 0.03069, 0
0.44647, 0.43904, 0.17728, 0.47476, 0.45567, 0.45037, 0.04069, 0.03542, 0
0.43277, 0.43264, 0.17026, 0.48146, 0.43568, 0.42007, 0.0794, 0.09991, 0
0.45383, 0.4429, 0.16286, 0.47791, 0.46054, 0.46308, 0.01354, 0.05985, 1
0.45365, 0.44525, 0.13274, 0.47116, 0.46232, 0.45686, 0.03623, 0.04267, 1
0.39208, 0.39609, 0.12856, 0.48581, 0.40666, 0.40866, 0.26532, 0.27601, 0
0.45703, 0.46461, 0.12666, 0.47162, 0.48019, 0.48645, 0.35443, 0.38709, 0
0.46239, 0.44813, 0.26775, 0.47023, 0.46963, 0.46325, 0.04677, 0.03279, 1
0.45147, 0.4401, 0.38843, 0.47652, 0.45874, 0.448, 0.03133, 0.04249, 1
0.31121, 0.30977, 0.39002, 0.53544, 0.30911, 0.30816, 0.01453, 0.01277, 0
0.46978, 0.45654, 0.28969, 0.47078, 0.48795, 0.48247, 0.08871, 0.09161, 1
0.46339, 0.45209, 0.19945, 0.47188, 0.48283, 0.4788, 0.08414, 0.01453, 1
0.46423, 0.44598, 0.2002, 0.47329, 0.47711, 0.45896, 0.06959, 0.04088, 1
0.44642, 0.43836, 0.2921, 0.48231, 0.438, 0.43841, 0.05783, 0.05228, 1
0.44303, 0.43988, 0.28271, 0.48059, 0.44493, 0.44866, 0.07282, 0.06441, 0
0.35902, 0.38153, 0.2506, 0.48111, 0.38991, 0.40778, 0.5508, 0.51462, 0
0.3949, 0.37308, 0.08916, 0.47775, 0.42294, 0.43006, 0.33132, 0.23571, 0
0.46094, 0.45964, 0.08325, 0.47262, 0.46845, 0.48236, 0.19705, 0.20001, 0
0.46751, 0.44891, 0.0908, 0.46998, 0.4735, 0.47925, 0.05696, 0.05323, 1
0.45447, 0.4444, 0.10536, 0.47581, 0.45798, 0.44543, 0.02799, 0.039, 1
0.45347, 0.4414, 0.23442, 0.48144, 0.45521, 0.44643, 0.05978, 0.04972, 1
0.44908, 0.43944, 0.22998, 0.47616, 0.45561, 0.45156, 0.01115, 0.0, 0
0.45477, 0.44097, 0.19388, 0.47585, 0.46202, 0.45169, 0.05302, 0.07341, 1
0.44591, 0.43747, 0.18429, 0.48531, 0.44915, 0.43832, 0.02974, 0.02746, 0
0.4546, 0.46193, 0.16769, 0.47671, 0.46137, 0.46122, 0.23921, 0.14801, 0
0.47548, 0.46477, 0.15448, 0.46508, 0.48197, 0.48014, 0.11749, 0.07031, 1
0.43912, 0.433, 0.34897, 0.48672, 0.44344, 0.44083, 0.04504, 0.10241, 0
0.45248, 0.439, 0.36811, 0.47377, 0.46192, 0.45447, 0.02107, 0.01848, 0
0.44211, 0.4377, 0.37989, 0.48393, 0.43876, 0.43322, 0.0172, 0.02908, 0
0.48662, 0.47008, 0.37759, 0.474, 0.48191, 0.46997, 0.1833, 0.21544, 1
0.43142, 0.42723, 0.42952, 0.48832, 0.43149, 0.4263, 0.06754, 0.00998, 0
0.4199, 0.41802, 0.46094, 0.4848, 0.4278, 0.43204, 0.14104, 0.17739, 0
0.44622, 0.43493, 0.43759, 0.47694, 0.45521, 0.44945, 0.03271, 0.02711, 0
0.46187, 0.45003, 0.44641, 0.47244, 0.46697, 0.45717, 0.05473, 0.05013, 1
0.46376, 0.45453, 0.16635, 0.47546, 0.46658, 0.46145, 0.0645, 0.08491, 1
0.44777, 0.43798, 0.28513, 0.47469, 0.45569, 0.45166, 0.01985, 0.04356, 0
0.45268, 0.44161, 0.29036, 0.48095, 0.45608, 0.44714, 0.03927, 0.02532, 1
0.45883, 0.45762, 0.32608, 0.47355, 0.46967, 0.46576, 0.17428, 0.20708, 0
0.44817, 0.43586, 0.24639, 0.48462, 0.44667, 0.43307, 0.10124, 0.09276, 1
0.43787, 0.43025, 0.237, 0.48244, 0.44449, 0.44075, 0.05632, 0.07721, 0
0.44816, 0.44225, 0.25185, 0.47491, 0.45586, 0.45076, 0.05931, 0.11778, 0
0.44752, 0.43797, 0.24755, 0.47407, 0.45706, 0.45245, 0.02509, 0.0445, 0
0.45909, 0.44974, 0.28573, 0.46798, 0.46803, 0.4658, 0.05705, 0.03314, 1
0.49424, 0.46648, 0.28272, 0.47359, 0.49145, 0.47635, 0.26932, 0.25274, 1
0.27155, 0.26028, 0.28569, 0.53911, 0.27349, 0.27097, 0.11827, 0.15425, 0
0.45811, 0.44421, 0.289, 0.47184, 0.47028, 0.46597, 0.01631, 0.01057, 1
0.47592, 0.45655, 0.27, 0.47602, 0.47323, 0.46243, 0.16742, 0.22056, 1
0.45916, 0.45285, 0.25678, 0.47579, 0.46513, 0.47132, 0.09449, 0.11299, 1
0.45276, 0.43989, 0.26171, 0.47539, 0.45922, 0.46202, 0.01251, 0.01004, 0
0.45085, 0.44421, 0.254, 0.48083, 0.45516, 0.44945, 0.02613, 0.01056, 1
0.45743, 0.44983, 0.24152, 0.47494, 0.46068, 0.45482, 0.04414, 0.04704, 1
0.4399, 0.43364, 0.29379, 0.48699, 0.44101, 0.43587, 0.03645, 0.00608, 0
0.42045, 0.41293, 0.29677, 0.48274, 0.4285, 0.42174, 0.13695, 0.13527, 0
0.45339, 0.4401, 0.34456, 0.47314, 0.47545, 0.46934, 0.04212, 0.04513, 0
0.46635, 0.45426, 0.40659, 0.46747, 0.47963, 0.46978, 0.06475, 0.0616, 1
0.43222, 0.42448, 0.37407, 0.47869, 0.44126, 0.4338, 0.08162, 0.04724, 0
0.44874, 0.43837, 0.34229, 0.47972, 0.44974, 0.44866, 0.03035, 0.01616, 1
0.45094, 0.44357, 0.31301, 0.47263, 0.45623, 0.45352, 0.03627, 0.02344, 0
0.42413, 0.42104, 0.26643, 0.48842, 0.43069, 0.42359, 0.10573, 0.13458, 0
0.4498, 0.44118, 0.40225, 0.47788, 0.45594, 0.44972, 0.01066, 0.01379, 0
0.43941, 0.43162, 0.27288, 0.48717, 0.44501, 0.44007, 0.04698, 0.06095, 0
0.45097, 0.43884, 0.23971, 0.47434, 0.45783, 0.45178, 0.02572, 0.03954, 1
0.44683, 0.43374, 0.22074, 0.48133, 0.45144, 0.44431, 0.06878, 0.01416, 0
0.45093, 0.43863, 0.22854, 0.47666, 0.45685, 0.45501, 0.01881, 0.02163, 0
0.45358, 0.4431, 0.23524, 0.47592, 0.45882, 0.4581, 0.01282, 0.03356, 1
0.45009, 0.44353, 0.22203, 0.47235, 0.46036, 0.45849, 0.0703, 0.08236, 0
0.44088, 0.43247, 0.20094, 0.48993, 0.44594, 0.44109, 0.04211, 0.04466, 0
0.45943, 0.44863, 0.16646, 0.46861, 0.46325, 0.45784, 0.03933, 0.09047, 1
0.45409, 0.44863, 0.14777, 0.47078, 0.46307, 0.46081, 0.08453, 0.1432, 0
0.44014, 0.43522, 0.12874, 0.48266, 0.44187, 0.43359, 0.03382, 0.05949, 0
0.44114, 0.43129, 0.30404, 0.47848, 0.44903, 0.44542, 0.04787, 0.1196, 0
0.45714, 0.44873, 0.30734, 0.47019, 0.47054, 0.46839, 0.0856, 0.0359, 0
0.45242, 0.44032, 0.2985, 0.4721, 0.46552, 0.46409, 0.02202, 0.03798, 0
0.44715, 0.43774, 0.37127, 0.47781, 0.45228, 0.4518, 0.01702, 0.05512, 0
0.45013, 0.44054, 0.22686, 0.48366, 0.45352, 0.44736, 0.0165, 0.01989, 1
0.43767, 0.43322, 0.20024, 0.4871, 0.44326, 0.44058, 0.06195, 0.06112, 0
0.4577, 0.44614, 0.17443, 0.47019, 0.46589, 0.46266, 0.02401, 0.02401, 1
0.45298, 0.44614, 0.14252, 0.4801, 0.45562, 0.44971, 0.02888, 0.02419, 1
0.44968, 0.43773, 0.1721, 0.47322, 0.4585, 0.4569, 0.01664, 0.08677, 0
0.43759, 0.43795, 0.24163, 0.48398, 0.4335, 0.4236, 0.0376, 0.03384, 0
0.43945, 0.43342, 0.30107, 0.47958, 0.44771, 0.44501, 0.05999, 0.04828, 0
0.43159, 0.42519, 0.17045, 0.48906, 0.43751, 0.42956, 0.0772, 0.08302, 0
0.4412, 0.43863, 0.20108, 0.48226, 0.43808, 0.4279, 0.01425, 0.1125, 0
0.45232, 0.44545, 0.19312, 0.48045, 0.4492, 0.435, 0.02966, 0.05076, 1
0.45329, 0.44523, 0.20999, 0.48026, 0.45269, 0.45088, 0.02147, 0.03407, 1
0.45914, 0.4414, 0.29485, 0.47164, 0.47319, 0.4689, 0.03398, 0.07509, 1
0.45923, 0.44738, 0.21289, 0.47246, 0.47514, 0.48881, 0.09582, 0.12541, 0
0.45081, 0.43969, 0.21394, 0.4723, 0.46207, 0.45904, 0.02094, 0.03015, 0
0.45783, 0.44639, 0.43278, 0.47243, 0.46711, 0.45616, 0.02617, 0.01808, 1
0.43047, 0.42669, 0.33998, 0.48476, 0.43618, 0.43857, 0.09429, 0.06506, 0
0.47034, 0.46069, 0.32744, 0.46653, 0.47436, 0.47256, 0.09659, 0.06353, 1
0.43288, 0.42114, 0.2893, 0.48634, 0.42435, 0.41315, 0.17503, 0.19538, 0
0.47304, 0.45829, 0.17456, 0.47137, 0.47729, 0.4631, 0.10863, 0.09071, 1
0.68269, 0.68117, 0.18769, 0.44652, 0.69616, 0.6939, 0.26435, 0.19839, 1
0.4509, 0.43989, 0.18064, 0.47831, 0.45585, 0.44578, 0.02958, 0.02566, 1
0.44648, 0.43189, 0.15034, 0.48306, 0.44937, 0.44054, 0.09926, 0.12046, 1
0.44619, 0.43638, 0.38172, 0.48649, 0.4496, 0.44323, 0.03447, 0.0297, 0
0.44646, 0.43747, 0.1397, 0.48236, 0.45209, 0.44587, 0.01799, 0.02559, 0
0.44609, 0.43638, 0.10289, 0.48007, 0.45177, 0.44442, 0.02561, 0.03256, 0
0.44956, 0.44206, 0.10111, 0.477, 0.45573, 0.45024, 0.02229, 0.02418, 0
0.45291, 0.44271, 0.11661, 0.4762, 0.45927, 0.4599, 0.00919, 0.03053, 1
0.44406, 0.43835, 0.1551, 0.48503, 0.44197, 0.43189, 0.02732, 0.00232, 0
0.41773, 0.40118, 0.16582, 0.48642, 0.39421, 0.37633, 0.37985, 0.43807, 0
0.44016, 0.43815, 0.18939, 0.47923, 0.44208, 0.45522, 0.10949, 0.06691, 0
0.45648, 0.44749, 0.20936, 0.47061, 0.4681, 0.465, 0.05469, 0.04424, 1
0.46781, 0.4513, 0.37762, 0.47361, 0.46907, 0.45963, 0.11037, 0.12174, 1
0.44866, 0.44032, 0.33732, 0.48026, 0.45305, 0.4505, 0.01154, 0.0255, 0
0.4451, 0.42702, 0.18985, 0.48199, 0.4465, 0.43931, 0.14613, 0.19699, 1
0.44685, 0.44439, 0.24527, 0.47813, 0.45209, 0.47356, 0.13844, 0.13249, 0
0.43624, 0.43369, 0.25462, 0.47918, 0.4443, 0.43376, 0.05752, 0.08698, 0
0.42001, 0.4191, 0.24089, 0.48132, 0.4341, 0.43218, 0.1605, 0.24049, 0
0.46217, 0.45045, 0.23352, 0.4709, 0.47897, 0.47295, 0.07435, 0.08737, 1
0.451, 0.44355, 0.2128, 0.47493, 0.45966, 0.45337, 0.03607, 0.03904, 0
0.44314, 0.4358, 0.19538, 0.47901, 0.45066, 0.44893, 0.04014, 0.05572, 0
0.46136, 0.44894, 0.17181, 0.46718, 0.46645, 0.46147, 0.04515, 0.00608, 1
0.47688, 0.45955, 0.33965, 0.4747, 0.47467, 0.46296, 0.14971, 0.16866, 1
0.41534, 0.40978, 0.33819, 0.49122, 0.41858, 0.41429, 0.15191, 0.17787, 0
0.4415, 0.41228, 0.36973, 0.48264, 0.43068, 0.42521, 0.37393, 0.33731, 1
0.4287, 0.42535, 0.40504, 0.48261, 0.4335, 0.4413, 0.10915, 0.0813, 0
0.44238, 0.4316, 0.34431, 0.47395, 0.45881, 0.45604, 0.06881, 0.07922, 0
0.68716, 0.67201, 0.20359, 0.17734, 0.69648, 0.68577, 0.02558, 0.02826, 1
0.44989, 0.44248, 0.20196, 0.47518, 0.45635, 0.45272, 0.02951, 0.0326, 0
0.45062, 0.44118, 0.21896, 0.47282, 0.46649, 0.46279, 0.05772, 0.08699, 0
0.45792, 0.44377, 0.24235, 0.47807, 0.46196, 0.44762, 0.08389, 0.07969, 1
0.18175, 0.1719, 0.23562, 0.52894, 0.19288, 0.2014, 0.00748, 0.01589, 0
0.45148, 0.44269, 0.15167, 0.47985, 0.45554, 0.45154, 0.00749, 0.0243, 1
0.44274, 0.43559, 0.15812, 0.48268, 0.44794, 0.44672, 0.03455, 0.03235, 0
0.35847, 0.36309, 0.16265, 0.4909, 0.36428, 0.3622, 0.38143, 0.44823, 0
0.10632, 0.09792, 0.1687, 0.54693, 0.10973, 0.11187, 0.0797, 0.07248, 0
0.43774, 0.43051, 0.22013, 0.48976, 0.44027, 0.43399, 0.05233, 0.08093, 0
0.44715, 0.43748, 0.30252, 0.47704, 0.45373, 0.4505, 0.01871, 0.02218, 0
0.78427, 0.74956, 0.27998, 0.44671, 0.78049, 0.76057, 0.38304, 0.46991, 1
0.10646, 0.10683, 0.26827, 1.0, 0.108, 0.11092, 0.01837, 0.03294, 0
0.45116, 0.43944, 0.18488, 0.48086, 0.45366, 0.44454, 0.05181, 0.02746, 1
0.47302, 0.45779, 0.15742, 0.47357, 0.47282, 0.46507, 0.11351, 0.11311, 1
0.15428, 0.1531, 0.1872, 0.58021, 0.14988, 0.15341, 0.02933, 0.03382, 0
0.43371, 0.42725, 0.15224, 0.48891, 0.43921, 0.43651, 0.07072, 0.08427, 0
0.54731, 0.53815, 0.12951, 0.42998, 0.55388, 0.55152, 0.04406, 0.03508, 1
0.44865, 0.4414, 0.33879, 0.47544, 0.4568, 0.448, 0.03082, 0.03005, 1
0.4431, 0.43923, 0.16111, 0.48166, 0.44908, 0.44695, 0.06765, 0.05373, 1
0.45133, 0.44508, 0.16632, 0.4721, 0.45907, 0.45561, 0.05742, 0.09033, 0
0.45653, 0.44422, 0.17311, 0.47158, 0.4657, 0.45799, 0.02061, 0.02775, 0
0.44644, 0.43663, 0.1768, 0.47649, 0.45508, 0.44643, 0.02204, 0.02542, 0
0.45636, 0.4414, 0.37038, 0.47858, 0.45772, 0.45037, 0.08759, 0.07743, 1
0.44533, 0.44438, 0.34567, 0.48318, 0.44414, 0.43304, 0.04051, 0.01592, 1
0.4507, 0.43948, 0.23167, 0.47779, 0.45708, 0.45425, 0.01351, 0.02986, 0
0.45895, 0.4414, 0.20809, 0.47188, 0.47499, 0.4766, 0.0021, 0.01011, 1
0.45934, 0.44532, 0.24904, 0.47431, 0.46822, 0.45208, 0.04962, 0.03956, 0
0.16547, 0.16604, 0.42798, 0.65972, 0.16937, 0.17617, 0.07251, 0.05298, 1
0.45539, 0.44419, 0.4585, 0.47244, 0.46928, 0.46194, 0.029, 0.00825, 1
0.45566, 0.44268, 0.47125, 0.48155, 0.45652, 0.44154, 0.09163, 0.05993, 0
0.4427, 0.4369, 0.35459, 0.48146, 0.44955, 0.44621, 0.04768, 0.03626, 1
0.46841, 0.45575, 0.10554, 0.46988, 0.47667, 0.47672, 0.07111, 0.1218, 0
0.43866, 0.4277, 0.10443, 0.47816, 0.44868, 0.4479, 0.06507, 0.11854, 1
0.44895, 0.44118, 0.34461, 0.47786, 0.45367, 0.44537, 0.0106, 0.01846, 0
0.43751, 0.43146, 0.35874, 0.48266, 0.44381, 0.44114, 0.05668, 0.06772, 1
0.46052, 0.45177, 0.34486, 0.4683, 0.4676, 0.46384, 0.0584, 0.02952, 0
0.44666, 0.43547, 0.35294, 0.47657, 0.45388, 0.44819, 0.03022, 0.07979, 0
0.43352, 0.42009, 0.36415, 0.48679, 0.42816, 0.41471, 0.18552, 0.18429, 0
0.4837, 0.45655, 0.37358, 0.4707, 0.51716, 0.53817, 0.09807, 0.31191, 0
0.44965, 0.44502, 0.3728, 0.48237, 0.4552, 0.4443, 0.03396, 0.03203, 1
0.45561, 0.44843, 0.36813, 0.47491, 0.46021, 0.45282, 0.04096, 0.0394, 1
0.44814, 0.44373, 0.38197, 0.48323, 0.44696, 0.438, 0.01421, 0.13129, 0
0.46506, 0.44615, 0.2386, 0.47296, 0.47665, 0.48386, 0.04792, 0.04806, 0
0.45807, 0.44831, 0.23868, 0.47236, 0.4679, 0.45966, 0.04163, 0.03705, 1
0.45414, 0.44589, 0.32037, 0.47689, 0.45377, 0.45465, 0.02383, 0.02092, 0
0.44336, 0.43541, 0.3451, 0.47806, 0.44633, 0.44609, 0.03219, 0.02966, 0
0.45602, 0.44226, 0.44622, 0.47339, 0.46229, 0.45557, 0.04867, 0.05149, 1
0.4844, 0.46942, 0.53659, 0.47084, 0.52897, 0.54118, 0.26309, 0.23313, 1
0.4499, 0.4427, 0.50898, 0.4782, 0.45874, 0.45497, 0.04231, 0.0441, 0
0.46917, 0.45117, 0.37328, 0.47424, 0.4716, 0.45603, 0.13247, 0.06737, 1
0.46397, 0.45587, 0.23176, 0.46892, 0.47039, 0.46267, 0.07525, 0.08008, 1
0.45176, 0.44205, 0.24794, 0.48119, 0.4544, 0.44723, 0.03272, 0.04786, 1
0.45254, 0.44118, 0.17713, 0.47327, 0.46289, 0.45653, 0.0, 0.0, 1
0.45739, 0.4535, 0.19417, 0.4773, 0.46042, 0.4539, 0.07919, 0.09177, 0
0.44293, 0.43601, 0.20367, 0.48676, 0.44464, 0.43835, 0.02599, 0.00398, 0
0.4533, 0.44312, 0.19045, 0.48193, 0.45408, 0.44671, 0.03894, 0.08153, 1
0.44931, 0.44075, 0.32991, 0.48244, 0.45348, 0.44867, 0.00208, 0.00796, 0
0.44223, 0.43481, 0.41361, 0.48832, 0.44721, 0.44392, 0.0339, 0.03648, 0
0.45194, 0.44289, 0.35353, 0.48182, 0.45463, 0.44623, 0.02289, 0.03437, 0
0.46274, 0.4529, 0.2982, 0.46644, 0.46843, 0.46521, 0.05982, 0.06123, 0
0.45445, 0.44373, 0.26047, 0.4819, 0.45387, 0.44741, 0.05121, 0.06764, 0
0.46715, 0.45324, 0.32492, 0.48046, 0.45783, 0.44998, 0.13192, 0.08993, 0
0.38838, 0.4047, 0.30499, 0.48331, 0.39565, 0.3949, 0.2793, 0.24268, 0
0.45274, 0.46303, 0.28688, 0.47495, 0.47072, 0.46579, 0.35799, 0.29809, 1
0.44987, 0.44785, 0.38619, 0.4796, 0.45544, 0.44933, 0.08366, 0.08195, 0
0.44378, 0.43538, 0.23119, 0.48626, 0.44584, 0.43695, 0.03886, 0.0221, 0
0.45602, 0.44311, 0.25432, 0.48249, 0.44989, 0.44024, 0.10967, 0.06928, 1
0.43961, 0.43583, 0.19704, 0.47959, 0.44679, 0.44219, 0.06775, 0.12505, 1
0.4404, 0.43175, 0.23488, 0.48056, 0.44445, 0.42985, 0.05577, 0.04043, 0
0.46056, 0.45364, 0.21121, 0.47339, 0.47127, 0.47068, 0.10217, 0.12727, 1
0.45405, 0.44054, 0.18024, 0.47613, 0.45862, 0.45011, 0.06286, 0.04673, 0
0.44587, 0.42876, 0.21107, 0.48377, 0.44463, 0.437, 0.15193, 0.15116, 0
0.45431, 0.4474, 0.22123, 0.47724, 0.45888, 0.45972, 0.05095, 0.04666, 1
0.46541, 0.45512, 0.20057, 0.46803, 0.47122, 0.46713, 0.06916, 0.03093, 0
0.45061, 0.43813, 0.55478, 0.47635, 0.45659, 0.45156, 0.03597, 0.02558, 0
0.4456, 0.43595, 0.55656, 0.48639, 0.44804, 0.43967, 0.04432, 0.06161, 0
0.45487, 0.43989, 0.60211, 0.47305, 0.46908, 0.46418, 0.01902, 0.01791, 0
0.44975, 0.44032, 0.54876, 0.47443, 0.45996, 0.45206, 0.01497, 0.02417, 1
0.45135, 0.44097, 0.51494, 0.47328, 0.45882, 0.45115, 0.00905, 0.03832, 0
0.43962, 0.43315, 0.30029, 0.48118, 0.44474, 0.44379, 0.05188, 0.06738, 1
0.45567, 0.44554, 0.30901, 0.47089, 0.46349, 0.45828, 0.02222, 0.06315, 1
0.46148, 0.45076, 0.14184, 0.47307, 0.47165, 0.47135, 0.05666, 0.07208, 1
0.44225, 0.434, 0.15343, 0.48131, 0.44645, 0.44905, 0.03507, 0.03861, 1
0.45091, 0.43944, 0.12051, 0.47867, 0.45489, 0.44839, 0.03734, 0.06658, 1
0.44821, 0.44312, 0.37753, 0.47388, 0.45811, 0.45494, 0.0744, 0.05796, 0
0.45827, 0.44313, 0.41081, 0.47719, 0.462, 0.44998, 0.08887, 0.04298, 0
0.44566, 0.43493, 0.3908, 0.48413, 0.44758, 0.44227, 0.05723, 0.02192, 1
0.44999, 0.44248, 0.37338, 0.48225, 0.45178, 0.44384, 0.00953, 0.02003, 1
0.45458, 0.44549, 0.19462, 0.46792, 0.46115, 0.45754, 0.02749, 0.02877, 0
0.45061, 0.44011, 0.20309, 0.47428, 0.45743, 0.45154, 0.01039, 0.01989, 1
0.45114, 0.44161, 0.19676, 0.47515, 0.45723, 0.44985, 0.00416, 0.01001, 1
0.44952, 0.44075, 0.18004, 0.48354, 0.45472, 0.44958, 0.00416, 0.01001, 1
0.4493, 0.44097, 0.16593, 0.48209, 0.45426, 0.44932, 0.00906, 0.01505, 1
0.44832, 0.43817, 0.19757, 0.47768, 0.45394, 0.45128, 0.01497, 0.02102, 1
0.44109, 0.43259, 0.19673, 0.48564, 0.44608, 0.44008, 0.04165, 0.01819, 1
0.45629, 0.44592, 0.18288, 0.46995, 0.46194, 0.45793, 0.02313, 0.03791, 1
0.4373, 0.43087, 0.18249, 0.4871, 0.44256, 0.43695, 0.05182, 0.05165, 0
0.4516, 0.43968, 0.17441, 0.48042, 0.45458, 0.4488, 0.04907, 0.04374, 0
0.46025, 0.45144, 0.38377, 0.47768, 0.46178, 0.45288, 0.05113, 0.04489, 0
0.44323, 0.43333, 0.39855, 0.48552, 0.44539, 0.44033, 0.05011, 0.04899, 1
0.43886, 0.43224, 0.44547, 0.47961, 0.44752, 0.44455, 0.06017, 0.04633, 1
0.44816, 0.44075, 0.32587, 0.48313, 0.45005, 0.4411, 0.01116, 0.03479, 1
0.44667, 0.44097, 0.23517, 0.48318, 0.44712, 0.44456, 0.01643, 0.02903, 0
0.44248, 0.43726, 0.21339, 0.48167, 0.44696, 0.44799, 0.05444, 0.04855, 1
0.45367, 0.44075, 0.23085, 0.47239, 0.46191, 0.45633, 0.01838, 0.03028, 1
0.50082, 0.4843, 0.24011, 0.46761, 0.50333, 0.49494, 0.21305, 0.14755, 0
0.43095, 0.4122, 0.24246, 0.48491, 0.43195, 0.42593, 0.21412, 0.13995, 0
0.45113, 0.44228, 0.15468, 0.48011, 0.45613, 0.45024, 0.00557, 0.01164, 0
0.45572, 0.44468, 0.15831, 0.47296, 0.45961, 0.45315, 0.03061, 0.0163, 1
0.67988, 0.67352, 0.19785, 0.37998, 0.69419, 0.68478, 0.12351, 0.14974, 0
0.44525, 0.43595, 0.17053, 0.48821, 0.449, 0.4435, 0.02915, 0.01013, 0
0.45091, 0.44271, 0.20312, 0.47396, 0.45796, 0.45632, 0.03185, 0.03973, 1
0.44791, 0.43539, 0.45269, 0.48187, 0.44386, 0.43984, 0.08198, 0.0791, 0
0.4457, 0.4384, 0.47585, 0.48431, 0.44589, 0.4405, 0.01447, 0.01186, 1
0.45181, 0.4414, 0.45535, 0.48145, 0.45226, 0.44829, 0.03402, 0.03171, 0
0.48238, 0.47189, 0.4173, 0.46494, 0.48925, 0.48693, 0.15481, 0.18516, 0
0.49009, 0.47969, 0.36233, 0.46721, 0.50094, 0.49704, 0.19618, 0.25491, 1
0.44938, 0.44097, 0.3194, 0.47856, 0.4534, 0.44322, 0.02691, 0.03778, 0
0.45641, 0.4414, 0.21477, 0.47268, 0.48011, 0.47525, 0.04878, 0.03772, 1
0.45401, 0.44703, 0.24861, 0.4726, 0.4728, 0.46362, 0.09649, 0.01385, 0
0.45484, 0.44292, 0.25346, 0.47127, 0.47154, 0.46363, 0.03015, 0.1247, 1
0.43786, 0.42455, 0.26132, 0.48478, 0.44141, 0.42497, 0.1334, 0.00399, 0
0.45691, 0.44421, 0.2761, 0.47715, 0.45901, 0.45547, 0.05262, 0.01055, 0
0.46078, 0.45112, 0.31738, 0.4751, 0.46244, 0.45456, 0.05123, 0.05312, 0
0.41428, 0.40911, 0.36364, 0.49061, 0.41599, 0.41098, 0.15526, 0.17107, 1
0.45263, 0.44334, 0.38529, 0.47718, 0.45686, 0.45559, 0.01265, 0.01794, 0
0.44375, 0.43665, 0.30794, 0.47834, 0.45252, 0.44815, 0.04371, 0.0334, 1
0.49475, 0.46663, 0.31428, 0.47594, 0.48534, 0.46566, 0.31349, 0.34807, 1
0.44679, 0.43682, 0.40284, 0.47515, 0.4581, 0.44812, 0.02374, 0.03491, 1
0.48998, 0.47979, 0.44784, 0.47539, 0.48444, 0.47258, 0.19181, 0.13296, 0
0.21176, 0.21436, 0.44803, 0.52558, 0.20366, 0.20675, 0.0359, 0.03459, 0
0.4428, 0.43771, 0.42397, 0.48142, 0.44357, 0.44668, 0.03356, 0.02317, 1
0.44499, 0.43706, 0.33102, 0.48323, 0.44725, 0.44563, 0.01998, 0.00612, 1
0.45075, 0.43877, 0.25076, 0.47336, 0.47367, 0.46417, 0.05793, 0.04052, 1
0.43278, 0.42541, 0.27976, 0.47665, 0.45218, 0.4428, 0.10069, 0.11219, 0
0.45912, 0.44928, 0.39767, 0.47506, 0.46125, 0.45422, 0.04242, 0.01911, 1
0.41415, 0.41151, 0.41588, 0.49059, 0.41524, 0.41057, 0.14337, 0.15207, 1
0.44542, 0.43944, 0.40218, 0.4828, 0.44331, 0.43318, 0.02345, 0.0, 0
0.46807, 0.45671, 0.31641, 0.46513, 0.47418, 0.47104, 0.07546, 0.07787, 1
0.43932, 0.432, 0.47855, 0.48641, 0.44436, 0.4369, 0.04437, 0.04674, 1
0.44785, 0.43755, 0.40337, 0.48299, 0.45298, 0.44791, 0.02377, 0.03951, 1
0.46016, 0.44631, 0.14761, 0.47495, 0.46302, 0.45386, 0.07223, 0.08878, 0
0.45437, 0.44503, 0.31176, 0.46947, 0.45845, 0.45425, 0.0189, 0.00789, 1
0.44159, 0.43713, 0.37383, 0.48128, 0.44804, 0.44843, 0.0688, 0.07642, 1
0.44818, 0.43926, 0.30516, 0.47591, 0.45544, 0.45037, 0.01556, 0.02242, 1
0.45229, 0.44097, 0.4119, 0.47344, 0.45863, 0.45181, 0.01996, 0.03669, 1
0.45098, 0.44205, 0.41655, 0.48081, 0.45461, 0.44801, 0.00836, 0.01222, 0
0.44356, 0.43815, 0.29562, 0.48186, 0.44988, 0.44761, 0.05272, 0.07396, 1
0.45346, 0.4453, 0.22645, 0.47634, 0.45885, 0.45837, 0.03361, 0.01615, 0
0.4505, 0.4414, 0.19583, 0.47191, 0.45858, 0.45431, 0.01994, 0.03233, 1
0.42598, 0.41828, 0.17982, 0.49039, 0.43004, 0.42274, 0.11339, 0.09677, 0
0.44558, 0.43815, 0.16345, 0.47705, 0.45325, 0.4484, 0.0357, 0.04847, 0
0.43009, 0.42733, 0.17024, 0.48436, 0.43866, 0.43489, 0.09853, 0.12491, 1
0.46303, 0.44772, 0.23921, 0.47095, 0.48055, 0.47414, 0.03339, 0.0, 1
0.44624, 0.43924, 0.2548, 0.48041, 0.44566, 0.44788, 0.00957, 0.03352, 1
0.42724, 0.42001, 0.26744, 0.48494, 0.4347, 0.43478, 0.10527, 0.11147, 1
0.45031, 0.44334, 0.21983, 0.48244, 0.45326, 0.44671, 0.01265, 0.02485, 0
0.46016, 0.4483, 0.23086, 0.46925, 0.46712, 0.46396, 0.03439, 0.04215, 0
0.44735, 0.4373, 0.23141, 0.47749, 0.45411, 0.44828, 0.01907, 0.02193, 1
0.45382, 0.44442, 0.22605, 0.47253, 0.45973, 0.45416, 0.01572, 0.0023, 0
0.45167, 0.44377, 0.18647, 0.47546, 0.45758, 0.45011, 0.01909, 0.02266, 0
0.45563, 0.43602, 0.16743, 0.483, 0.44673, 0.42989, 0.22801, 0.23253, 0
0.45542, 0.44844, 0.34515, 0.47631, 0.45867, 0.46601, 0.06393, 0.038, 0
0.42896, 0.42561, 0.34657, 0.47721, 0.44097, 0.44933, 0.14417, 0.1673, 0
0.45601, 0.45561, 0.37306, 0.47502, 0.46353, 0.45715, 0.13609, 0.14091, 1
0.48546, 0.46317, 0.38951, 0.473, 0.48389, 0.46647, 0.21223, 0.24587, 1
0.45174, 0.44009, 0.24677, 0.47468, 0.45756, 0.45169, 0.02792, 0.00841, 1
0.3275, 0.33005, 0.16957, 0.49124, 0.32027, 0.31056, 0.5451, 0.59991, 1
0.71144, 0.69896, 0.28108, 0.36227, 0.71936, 0.70279, 0.06973, 0.0626, 0
0.45065, 0.43812, 0.31223, 0.4742, 0.46204, 0.45196, 0.01843, 0.01763, 0
0.45394, 0.44798, 0.3197, 0.47314, 0.462, 0.45608, 0.06241, 0.07254, 1
0.44936, 0.44096, 0.40437, 0.4783, 0.45504, 0.44758, 0.00559, 0.01868, 1
0.44618, 0.43943, 0.40319, 0.48089, 0.45269, 0.44864, 0.03402, 0.01763, 1
0.4531, 0.45124, 0.36747, 0.48092, 0.45309, 0.4448, 0.06794, 0.04319, 1
0.44934, 0.43637, 0.37375, 0.47476, 0.45845, 0.4558, 0.03194, 0.02689, 1
0.44789, 0.43924, 0.38282, 0.47574, 0.45548, 0.44854, 0.01299, 0.037, 1
0.45617, 0.44591, 0.45479, 0.47575, 0.45595, 0.45141, 0.03955, 0.047, 0
0.45028, 0.44548, 0.45407, 0.48073, 0.45279, 0.44881, 0.04781, 0.05472, 0
0.45561, 0.44484, 0.44743, 0.47649, 0.45898, 0.45688, 0.02391, 0.02786, 0
0.46933, 0.46257, 0.17815, 0.46963, 0.49276, 0.49475, 0.20643, 0.20165, 0
0.46959, 0.45112, 0.2002, 0.47596, 0.46756, 0.45246, 0.15554, 0.17035, 0
0.20686, 0.19962, 0.22999, 0.58672, 0.21055, 0.2143, 0.02532, 0.05786, 1
0.51387, 0.49697, 0.22615, 0.46447, 0.52401, 0.52103, 0.27024, 0.30558, 1
0.46161, 0.44968, 0.20325, 0.46639, 0.46822, 0.4645, 0.04138, 0.05128, 0
0.4242, 0.42658, 0.1546, 0.47771, 0.44098, 0.44297, 0.20039, 0.20822, 1
0.45492, 0.44622, 0.20016, 0.47196, 0.46937, 0.46417, 0.06849, 0.04668, 1
0.43132, 0.42723, 0.20513, 0.48566, 0.42894, 0.42184, 0.07336, 0.04881, 1
0.42671, 0.42243, 0.1709, 0.48122, 0.43579, 0.43834, 0.11855, 0.14434, 1
0.45255, 0.44551, 0.27466, 0.47747, 0.45772, 0.45391, 0.04179, 0.0538, 1
0.44667, 0.44507, 0.3008, 0.4723, 0.46599, 0.47093, 0.19956, 0.1516, 0
0.45231, 0.44552, 0.32719, 0.47431, 0.46294, 0.45616, 0.05494, 0.02728, 1
0.45396, 0.44484, 0.23888, 0.48089, 0.45618, 0.44945, 0.02395, 0.00827, 1
0.46008, 0.4414, 0.25894, 0.47342, 0.47182, 0.46411, 0.07764, 0.06337, 1
0.45322, 0.44161, 0.23229, 0.48318, 0.44897, 0.43732, 0.10081, 0.07954, 1
0.51931, 0.50278, 0.26904, 0.46444, 0.52789, 0.52176, 0.2977, 0.36541, 0
0.44341, 0.43879, 0.32672, 0.47714, 0.45128, 0.45433, 0.08267, 0.09848, 0
0.44479, 0.43443, 0.30821, 0.47475, 0.45517, 0.4509, 0.035, 0.08221, 1
0.4513, 0.44184, 0.21741, 0.48222, 0.45462, 0.44799, 0.01671, 0.02243, 1
0.45909, 0.44668, 0.2429, 0.47204, 0.48279, 0.4781, 0.07992, 0.06298, 0
0.47238, 0.45303, 0.33238, 0.47427, 0.47937, 0.45303, 0.13389, 0.16528, 0
0.45745, 0.44689, 0.24609, 0.47123, 0.46496, 0.45663, 0.0278, 0.01688, 0
0.44918, 0.43811, 0.23882, 0.47775, 0.45541, 0.44638, 0.02966, 0.03715, 1
0.45458, 0.44052, 0.28621, 0.47377, 0.46119, 0.45636, 0.046, 0.03869, 0
0.44889, 0.43302, 0.32374, 0.47509, 0.45838, 0.45297, 0.06969, 0.30583, 0
0.4679, 0.43946, 0.31238, 0.47237, 0.48231, 0.47784, 0.14816, 0.12214, 0
0.46353, 0.44946, 0.28787, 0.47364, 0.49074, 0.46423, 0.06769, 0.00697, 0
0.46807, 0.4569, 0.27051, 0.46846, 0.49041, 0.47749, 0.10035, 0.06715, 1
0.44602, 0.43857, 0.24959, 0.48108, 0.45331, 0.45037, 0.02845, 0.02788, 1
0.44409, 0.43792, 0.29275, 0.4806, 0.45115, 0.44667, 0.04475, 0.00929, 0
0.44855, 0.43835, 0.30956, 0.47302, 0.45932, 0.45658, 0.02738, 0.04136, 1
0.46489, 0.45527, 0.51722, 0.47037, 0.47995, 0.47164, 0.0905, 0.07382, 0
0.45674, 0.44899, 0.53871, 0.47083, 0.47063, 0.46285, 0.07851, 0.05103, 1
0.83757, 0.82397, 0.51943, 0.4303, 0.83372, 0.8204, 0.01107, 0.01059, 1
0.92307, 0.91195, 0.34794, 0.42991, 0.91961, 0.88758, 0.08823, 0.29192, 0
0.43958, 0.44607, 0.21612, 0.48229, 0.42023, 0.42036, 0.07316, 0.02365, 0
0.44183, 0.44012, 0.24289, 0.47406, 0.45285, 0.45604, 0.1407, 0.09668, 1
0.45125, 0.43819, 0.29496, 0.47328, 0.46485, 0.45815, 0.01489, 0.06209, 0
0.10948, 0.09916, 0.30389, 0.49947, 0.13026, 0.13977, 0.23272, 0.16456, 1
0.44376, 0.4382, 0.2044, 0.48389, 0.44727, 0.44055, 0.0288, 0.02531, 0
0.43905, 0.43542, 0.13325, 0.47897, 0.44879, 0.44817, 0.0917, 0.09719, 0
0.45626, 0.43644, 0.21302, 0.47309, 0.48645, 0.48016, 0.024, 0.06173, 1
0.44637, 0.4369, 0.28886, 0.47533, 0.45179, 0.45737, 0.03247, 0.06391, 1
0.44646, 0.4352, 0.35143, 0.48376, 0.44743, 0.44298, 0.05777, 0.04184, 0
0.4536, 0.44501, 0.27022, 0.47082, 0.46249, 0.45849, 0.04327, 0.0431, 0
0.43105, 0.42757, 0.26677, 0.47662, 0.44644, 0.44843, 0.13764, 0.16478, 1
0.45236, 0.44118, 0.26176, 0.48046, 0.45497, 0.44481, 0.05343, 0.02754, 0
0.46664, 0.45164, 0.18678, 0.47049, 0.47125, 0.46059, 0.08029, 0.10014, 0
0.46321, 0.44875, 0.35185, 0.47219, 0.46677, 0.45757, 0.07303, 0.06645, 0
0.42179, 0.40911, 0.34415, 0.48799, 0.41637, 0.40183, 0.22272, 0.20591, 0
0.45953, 0.44618, 0.27198, 0.47219, 0.47163, 0.46392, 0.02575, 0.07568, 1
0.45232, 0.44486, 0.32222, 0.48234, 0.44477, 0.4446, 0.03549, 0.0266, 1
0.44669, 0.44032, 0.40697, 0.48311, 0.44771, 0.44736, 0.02207, 0.03486, 1
0.44645, 0.43773, 0.46372, 0.48419, 0.45097, 0.44434, 0.01818, 0.02222, 0
0.44263, 0.43513, 0.44079, 0.47864, 0.45044, 0.44683, 0.04111, 0.06793, 0
0.44346, 0.43774, 0.37466, 0.47945, 0.4468, 0.45076, 0.04633, 0.04156, 1
0.45063, 0.43818, 0.35292, 0.47629, 0.45684, 0.45128, 0.0387, 0.07545, 0
0.46044, 0.44806, 0.35359, 0.4788, 0.46182, 0.45037, 0.06951, 0.08363, 1
0.45429, 0.44633, 0.40477, 0.48149, 0.45302, 0.44738, 0.03061, 0.03803, 1
0.45346, 0.43904, 0.43083, 0.47522, 0.46166, 0.46025, 0.04429, 0.04164, 0
0.45458, 0.43947, 0.24298, 0.47864, 0.45873, 0.44972, 0.07935, 0.06152, 0
0.45234, 0.44118, 0.11993, 0.48135, 0.45405, 0.44594, 0.05023, 0.09814, 1
0.4612, 0.44526, 0.11681, 0.4768, 0.46315, 0.45622, 0.09009, 0.09316, 0
0.45029, 0.44161, 0.3658, 0.47732, 0.45589, 0.44729, 0.00409, 0.02827, 0
0.45034, 0.43864, 0.37326, 0.48146, 0.45446, 0.44793, 0.04079, 0.06318, 1
0.4415, 0.43626, 0.37381, 0.48559, 0.43977, 0.42987, 0.0287, 0.05981, 1
0.45098, 0.44332, 0.35344, 0.47679, 0.45436, 0.45179, 0.02066, 0.0195, 1
0.45434, 0.44372, 0.33232, 0.47002, 0.4584, 0.45395, 0.01868, 0.0156, 0
0.45642, 0.45007, 0.47698, 0.4704, 0.47013, 0.47293, 0.11774, 0.17313, 0
0.44739, 0.43801, 0.35851, 0.47552, 0.45502, 0.45242, 0.0221, 0.06531, 0
0.45991, 0.44564, 0.33198, 0.4707, 0.46649, 0.45962, 0.04923, 0.09067, 1
0.46549, 0.4535, 0.1535, 0.46872, 0.4748, 0.46812, 0.05952, 0.0252, 0
0.45038, 0.44401, 0.30024, 0.48012, 0.45486, 0.44813, 0.02728, 0.11954, 1
0.47022, 0.46122, 0.17911, 0.46652, 0.47934, 0.47862, 0.11481, 0.06854, 1
0.44864, 0.43967, 0.25988, 0.48226, 0.43953, 0.44357, 0.0635, 0.0115, 0
0.41525, 0.41752, 0.37638, 0.48553, 0.4234, 0.42677, 0.16466, 0.23043, 0
0.44717, 0.43969, 0.24392, 0.48176, 0.45195, 0.44907, 0.02097, 0.0199, 0
0.43587, 0.43583, 0.30127, 0.47722, 0.44903, 0.45569, 0.16496, 0.09884, 1
0.43948, 0.42618, 0.29183, 0.47554, 0.45143, 0.45063, 0.07321, 0.10049, 0
0.45013, 0.43904, 0.21534, 0.47379, 0.45748, 0.4531, 0.0126, 0.0457, 1
0.43973, 0.43454, 0.13603, 0.48325, 0.44664, 0.44465, 0.06106, 0.08531, 1
0.50355, 0.49378, 0.14173, 0.47576, 0.49681, 0.5, 0.25505, 0.27223, 1
0.44397, 0.43842, 0.15038, 0.48165, 0.43505, 0.42974, 0.0567, 0.01635, 0
0.45344, 0.43608, 0.16661, 0.47849, 0.45472, 0.45191, 0.10595, 0.07595, 0
0.41799, 0.41063, 0.1697, 0.48731, 0.42176, 0.41475, 0.15165, 0.02362, 1
0.4609, 0.44757, 0.17089, 0.47089, 0.47257, 0.47528, 0.03964, 0.03203, 0
0.42532, 0.4269, 0.16231, 0.47538, 0.44787, 0.44933, 0.22629, 0.27769, 1
0.4553, 0.44054, 0.17017, 0.47643, 0.46335, 0.46307, 0.0199, 0.0228, 0
0.44157, 0.43434, 0.16826, 0.47647, 0.45087, 0.4514, 0.06296, 0.04271, 1
0.43425, 0.43085, 0.26508, 0.4853, 0.442, 0.43811, 0.08171, 0.04079, 0
0.46821, 0.45563, 0.31353, 0.47704, 0.46664, 0.45795, 0.09649, 0.1356, 0
0.44786, 0.44463, 0.27607, 0.48185, 0.45013, 0.44645, 0.05309, 0.06294, 0
0.45194, 0.43903, 0.28535, 0.47837, 0.45478, 0.44893, 0.05504, 0.01592, 0
0.463, 0.4524, 0.25519, 0.47336, 0.46533, 0.45703, 0.05827, 0.07083, 1
0.44655, 0.43796, 0.23086, 0.48468, 0.44743, 0.44019, 0.0281, 0.06209, 0
0.44778, 0.44075, 0.22533, 0.483, 0.44989, 0.44645, 0.00749, 0.01879, 0
0.45134, 0.44162, 0.14952, 0.47289, 0.46004, 0.45429, 0.01457, 0.02422, 0
0.45051, 0.44097, 0.1495, 0.47364, 0.45897, 0.4522, 0.01266, 0.02044, 1
0.44805, 0.44011, 0.17868, 0.479, 0.45475, 0.44854, 0.01704, 0.01436, 1
0.4528, 0.44441, 0.13651, 0.4801, 0.45592, 0.44867, 0.0165, 0.04746, 1
0.42513, 0.41928, 0.17676, 0.49053, 0.42601, 0.41952, 0.10721, 0.02184, 1
0.46224, 0.44852, 0.25928, 0.47129, 0.47151, 0.462, 0.04346, 0.00797, 0
0.45103, 0.44381, 0.30397, 0.47171, 0.46052, 0.45752, 0.05623, 0.03919, 1
0.45251, 0.44228, 0.29609, 0.4743, 0.4577, 0.45341, 0.01053, 0.01209, 0
0.44144, 0.43376, 0.2769, 0.47948, 0.44847, 0.44031, 0.03602, 0.02824, 1
0.44211, 0.44228, 0.24473, 0.47508, 0.45618, 0.46586, 0.18812, 0.19375, 0
0.41908, 0.42024, 0.16444, 0.48653, 0.42588, 0.42776, 0.14894, 0.19897, 1
0.45029, 0.44599, 0.15237, 0.47958, 0.45185, 0.446, 0.03448, 0.06478, 1
0.4511, 0.44293, 0.10916, 0.47971, 0.45576, 0.44852, 0.00919, 0.03361, 0
0.45229, 0.44053, 0.15387, 0.4758, 0.46282, 0.44733, 0.00365, 0.01416, 1
0.43585, 0.43203, 0.15432, 0.48792, 0.44126, 0.43372, 0.05728, 0.04242, 1
0.44676, 0.43924, 0.37311, 0.47637, 0.45187, 0.45076, 0.03213, 0.0381, 1
0.44741, 0.43945, 0.30939, 0.47519, 0.45769, 0.4585, 0.06206, 0.03798, 0
0.45591, 0.4451, 0.28096, 0.47178, 0.46066, 0.4538, 0.02889, 0.04028, 1
0.44585, 0.43684, 0.31612, 0.48509, 0.44334, 0.43484, 0.06176, 0.03116, 1
0.40153, 0.40669, 0.39171, 0.48224, 0.41704, 0.42381, 0.26117, 0.31393, 1
0.46122, 0.4559, 0.44945, 0.48114, 0.44798, 0.44198, 0.07757, 0.03098, 1
0.44759, 0.43833, 0.27252, 0.48216, 0.44923, 0.43815, 0.03405, 0.10411, 1
0.44586, 0.43442, 0.23753, 0.48381, 0.4411, 0.43449, 0.0952, 0.08947, 1
0.68143, 0.67987, 0.24969, 0.46509, 0.6709, 0.64867, 0.05672, 0.08164, 0
0.45253, 0.44009, 0.13663, 0.47343, 0.46057, 0.45329, 0.02081, 0.01867, 0
0.47004, 0.46112, 0.27767, 0.46983, 0.47646, 0.47372, 0.10445, 0.1567, 1
0.45032, 0.4386, 0.34324, 0.47329, 0.45673, 0.46174, 0.01653, 0.04442, 1
0.0, 0.01091, 0.38124, 0.55549, 0.0, 0.01038, 0.29648, 0.29279, 1
0.46145, 0.45024, 0.24603, 0.47771, 0.4643, 0.4592, 0.05172, 0.03338, 0
0.4252, 0.41955, 0.16714, 0.48338, 0.43483, 0.42991, 0.11071, 0.13252, 0
0.47673, 0.46425, 0.28864, 0.4704, 0.48124, 0.47832, 0.11131, 0.10962, 0
0.44579, 0.43855, 0.2378, 0.47635, 0.45404, 0.44971, 0.03537, 0.03908, 0
0.45458, 0.44404, 0.21673, 0.47972, 0.45789, 0.45037, 0.03077, 0.02574, 0
0.44741, 0.43789, 0.21025, 0.48602, 0.45047, 0.44426, 0.02864, 0.05846, 1
0.44443, 0.43724, 0.19039, 0.48535, 0.44295, 0.43577, 0.03491, 0.04221, 0
0.36175, 0.36101, 0.15276, 0.49077, 0.36405, 0.35636, 0.38861, 0.37522, 1
0.44975, 0.43398, 0.19162, 0.47437, 0.4597, 0.46016, 0.05175, 0.0435, 0
0.44422, 0.42655, 0.15633, 0.47945, 0.44884, 0.43938, 0.14439, 0.02645, 0
0.45105, 0.44271, 0.15147, 0.47774, 0.45766, 0.45527, 0.02487, 0.02626, 1
0.45541, 0.44489, 0.1727, 0.48165, 0.45398, 0.44309, 0.06631, 0.0827, 1
0.44852, 0.43835, 0.16873, 0.48427, 0.44564, 0.43491, 0.07237, 0.05783, 0
0.44358, 0.43742, 0.31143, 0.47907, 0.45191, 0.4438, 0.0429, 0.01314, 1
0.44916, 0.43897, 0.25899, 0.47775, 0.45361, 0.44125, 0.03498, 0.06387, 0
0.45533, 0.44981, 0.18153, 0.47214, 0.4608, 0.45774, 0.07384, 0.06379, 1
0.452, 0.44385, 0.22083, 0.47669, 0.4613, 0.44445, 0.01339, 0.01709, 1
0.45096, 0.4394, 0.33065, 0.47328, 0.46171, 0.46008, 0.01137, 0.02109, 1
0.45321, 0.44207, 0.2187, 0.47283, 0.46641, 0.45847, 0.0264, 0.03104, 1
0.45417, 0.44274, 0.20723, 0.47346, 0.46555, 0.45752, 0.00937, 0.07007, 1
0.46628, 0.45031, 0.19879, 0.47226, 0.47122, 0.45779, 0.09463, 0.08228, 1
0.44532, 0.43274, 0.19009, 0.48461, 0.44724, 0.43367, 0.09805, 0.10266, 0
0.45479, 0.44586, 0.15828, 0.47569, 0.45885, 0.45037, 0.02439, 0.02566, 1
0.45133, 0.44629, 0.14752, 0.48139, 0.45319, 0.447, 0.03721, 0.07801, 1
0.44774, 0.4403, 0.16484, 0.48206, 0.4506, 0.44593, 0.00857, 0.02259, 1
0.44774, 0.43678, 0.43344, 0.48309, 0.4482, 0.43755, 0.07315, 0.03911, 0
0.41884, 0.42421, 0.42422, 0.47932, 0.43425, 0.43955, 0.234, 0.29589, 0
0.44826, 0.44648, 0.16784, 0.4794, 0.45211, 0.44476, 0.08501, 0.06167, 1
0.44893, 0.44008, 0.16971, 0.47218, 0.46768, 0.47213, 0.10204, 0.06668, 1
0.46634, 0.45206, 0.17649, 0.47031, 0.48186, 0.47727, 0.0563, 0.0457, 1
0.44999, 0.43899, 0.26125, 0.48294, 0.4465, 0.43345, 0.09612, 0.07219, 0
0.46115, 0.44559, 0.21729, 0.47269, 0.46611, 0.45678, 0.07315, 0.12926, 0
0.39995, 0.40487, 0.22638, 0.4824, 0.41816, 0.42263, 0.26355, 0.31622, 1
0.44336, 0.44007, 0.24309, 0.47673, 0.45434, 0.4631, 0.13271, 0.15285, 0
0.4425, 0.43694, 0.21314, 0.48402, 0.4446, 0.43494, 0.02123, 0.0372, 0
0.41553, 0.42108, 0.24679, 0.47991, 0.43152, 0.43751, 0.24755, 0.30619, 0
0.44202, 0.4347, 0.2345, 0.48639, 0.44282, 0.43547, 0.03744, 0.01239, 1
0.472, 0.46044, 0.23379, 0.47245, 0.47289, 0.46828, 0.09653, 0.04162, 1
0.43393, 0.43336, 0.25202, 0.47656, 0.44691, 0.45173, 0.15599, 0.19896, 1
0.491, 0.473, 0.25311, 0.46496, 0.49635, 0.49071, 0.16109, 0.23593, 0
0.44884, 0.44432, 0.23745, 0.47402, 0.46287, 0.46734, 0.12076, 0.11883, 1
0.43779, 0.4385, 0.1863, 0.47954, 0.4452, 0.45051, 0.15395, 0.16165, 1
0.45678, 0.449, 0.20134, 0.47462, 0.4636, 0.45051, 0.04296, 0.05153, 1
0.60955, 0.58994, 0.24358, 0.43796, 0.60882, 0.59102, 0.14006, 0.12113, 0
0.4242, 0.42947, 0.28108, 0.47822, 0.4387, 0.44568, 0.22331, 0.34039, 1
0.46719, 0.46069, 0.26598, 0.47016, 0.48413, 0.48543, 0.17873, 0.2896, 1
0.46368, 0.44872, 0.23285, 0.47384, 0.47099, 0.45413, 0.07273, 0.08517, 0
0.44825, 0.44251, 0.14245, 0.47509, 0.45734, 0.44876, 0.0595, 0.07889, 0
0.45236, 0.44318, 0.14428, 0.47412, 0.46179, 0.45748, 0.03288, 0.03329, 1
0.44389, 0.435, 0.15463, 0.48501, 0.44601, 0.43551, 0.04749, 0.04919, 1
0.45448, 0.45798, 0.15497, 0.47663, 0.46056, 0.46028, 0.18824, 0.26982, 0
0.45313, 0.44849, 0.14225, 0.47135, 0.46519, 0.46151, 0.10769, 0.14489, 0
0.47126, 0.45359, 0.12748, 0.47426, 0.47274, 0.45776, 0.13612, 0.13149, 0
0.44194, 0.43675, 0.16433, 0.48528, 0.44631, 0.43424, 0.02412, 0.01419, 0
0.07826, 0.0766, 0.19215, 0.63081, 0.08094, 0.08532, 0.01102, 0.10059, 1
0.4592, 0.44816, 0.20952, 0.47134, 0.47324, 0.47534, 0.07396, 0.07275, 0
0.79314, 0.78386, 0.19587, 0.45297, 0.77831, 0.75747, 0.10723, 0.02393, 0
0.44966, 0.44051, 0.13192, 0.48186, 0.4547, 0.44874, 0.00375, 0.0409, 1
0.4569, 0.44567, 0.12652, 0.4765, 0.45987, 0.45296, 0.04013, 0.0525, 1
0.44914, 0.43827, 0.15301, 0.48478, 0.45094, 0.4433, 0.04894, 0.02282, 0
0.45662, 0.44679, 0.116, 0.48106, 0.45471, 0.44494, 0.0675, 0.07279, 0
0.45448, 0.4385, 0.12185, 0.48153, 0.45179, 0.44521, 0.12051, 0.10899, 1
0.45361, 0.44409, 0.1182, 0.48272, 0.4478, 0.43628, 0.07423, 0.0, 1
0.44104, 0.41834, 0.19579, 0.47583, 0.45512, 0.44359, 0.18292, 0.10675, 1
0.45574, 0.44096, 0.19375, 0.47722, 0.46545, 0.46761, 0.00216, 0.06687, 0
0.46076, 0.4506, 0.19573, 0.46988, 0.4672, 0.45744, 0.0456, 0.02757, 0
0.47383, 0.45532, 0.15539, 0.47287, 0.47532, 0.46601, 0.13317, 0.15269, 0
0.45704, 0.44452, 0.31122, 0.47018, 0.46437, 0.46009, 0.02324, 0.01444, 0
0.44257, 0.42963, 0.34213, 0.48627, 0.44293, 0.433, 0.11153, 0.13153, 1
0.43572, 0.41748, 0.33129, 0.48504, 0.43109, 0.42674, 0.21296, 0.23999, 0
0.45772, 0.44584, 0.21795, 0.46975, 0.46607, 0.4614, 0.02256, 0.01419, 0
0.4142, 0.38659, 0.23335, 0.48597, 0.3884, 0.35285, 0.57211, 0.56453, 0
0.47178, 0.46014, 0.28209, 0.4663, 0.47875, 0.4795, 0.09732, 0.0047, 0
0.44694, 0.43081, 0.29051, 0.47662, 0.45518, 0.4485, 0.09376, 0.0326, 0
0.37081, 0.39468, 0.26636, 0.48137, 0.39764, 0.4111, 0.51064, 0.4977, 1
0.43129, 0.39375, 0.2371, 0.47973, 0.43511, 0.43072, 0.42624, 0.4634, 0
0.37809, 0.40035, 0.23391, 0.48034, 0.40173, 0.40409, 0.4264, 0.43534, 1
0.44449, 0.43327, 0.23347, 0.48573, 0.44305, 0.43465, 0.08941, 0.09747, 1
0.43207, 0.43129, 0.25871, 0.48022, 0.443, 0.44344, 0.13546, 0.1453, 1
0.42693, 0.419, 0.2134, 0.48432, 0.4333, 0.42494, 0.10721, 0.13111, 1
0.45977, 0.45021, 0.14233, 0.46934, 0.46805, 0.46664, 0.0582, 0.03688, 0
0.44095, 0.43327, 0.12587, 0.48675, 0.44325, 0.43679, 0.04236, 0.05509, 0
0.44295, 0.44624, 0.12468, 0.47478, 0.45728, 0.46303, 0.2238, 0.07083, 1
0.47102, 0.45705, 0.12572, 0.46928, 0.48441, 0.49017, 0.09032, 0.0094, 1
0.48738, 0.48195, 0.18328, 0.47961, 0.47265, 0.44903, 0.21349, 0.1959, 0
0.45578, 0.44757, 0.19286, 0.47446, 0.4633, 0.45677, 0.04389, 0.01075, 1
0.44582, 0.43504, 0.19992, 0.48555, 0.44527, 0.43522, 0.07569, 0.05675, 0
0.48443, 0.4741, 0.23807, 0.44476, 0.49137, 0.48495, 0.02291, 0.04212, 0
0.46797, 0.46178, 0.21373, 0.47196, 0.47171, 0.46524, 0.11019, 0.10436, 1
0.45423, 0.44184, 0.18478, 0.47416, 0.46116, 0.45369, 0.03129, 0.0309, 0
0.44941, 0.44118, 0.1582, 0.47325, 0.45838, 0.45582, 0.03664, 0.04265, 0
0.45045, 0.44053, 0.15747, 0.47263, 0.45928, 0.45436, 0.01322, 0.01169, 1
0.45096, 0.4414, 0.14643, 0.48111, 0.45524, 0.44971, 0.00922, 0.01071, 0
0.45572, 0.44846, 0.2913, 0.47101, 0.47181, 0.47468, 0.11422, 0.11486, 1
0.4439, 0.43457, 0.32352, 0.47394, 0.45976, 0.45558, 0.06068, 0.04755, 1
0.44626, 0.43413, 0.35402, 0.48545, 0.44624, 0.43448, 0.09471, 0.09198, 1
0.46074, 0.44888, 0.29311, 0.47169, 0.47961, 0.47971, 0.09409, 0.08117, 1
0.45429, 0.4403, 0.2551, 0.47448, 0.46636, 0.4541, 0.02973, 0.02381, 0
0.44793, 0.43832, 0.24039, 0.47586, 0.45839, 0.44504, 0.01392, 0.0238, 1
0.45353, 0.44404, 0.23669, 0.47563, 0.46199, 0.4509, 0.01392, 0.03542, 1
0.43956, 0.43045, 0.26819, 0.48429, 0.4436, 0.43444, 0.05701, 0.07151, 1
0.45064, 0.4414, 0.29741, 0.4822, 0.45443, 0.44917, 0.00922, 0.01532, 0
0.44813, 0.43965, 0.30022, 0.48599, 0.4525, 0.44718, 0.00762, 0.01421, 1
0.45926, 0.45149, 0.29044, 0.46738, 0.46653, 0.46326, 0.06764, 0.03445, 0
0.45887, 0.44713, 0.28, 0.4733, 0.4704, 0.45744, 0.0292, 0.01427, 0
0.45036, 0.44096, 0.22616, 0.47248, 0.45924, 0.45371, 0.0166, 0.01643, 1
0.45509, 0.44427, 0.22417, 0.47001, 0.46234, 0.45584, 0.0166, 0.02113, 1
0.44418, 0.43591, 0.19046, 0.48373, 0.44583, 0.44172, 0.02773, 0.01304, 0
0.45675, 0.44514, 0.19393, 0.47889, 0.45758, 0.4497, 0.05485, 0.07285, 1
0.43568, 0.42642, 0.27884, 0.47525, 0.45519, 0.4509, 0.08688, 0.06256, 0
0.45893, 0.45156, 0.28301, 0.47363, 0.47686, 0.45813, 0.10014, 0.06088, 1
0.44686, 0.43809, 0.30817, 0.4771, 0.45673, 0.45452, 0.03306, 0.0799, 1
0.45761, 0.44517, 0.36363, 0.47078, 0.4737, 0.47264, 0.05181, 0.11852, 1
0.46243, 0.45268, 0.35679, 0.47693, 0.46669, 0.45774, 0.05562, 0.03011, 1
0.45166, 0.44207, 0.36748, 0.48149, 0.45242, 0.44448, 0.04083, 0.02547, 0
0.44356, 0.42971, 0.37784, 0.48427, 0.44461, 0.4394, 0.10131, 0.0393, 0
0.44555, 0.43613, 0.32809, 0.4738, 0.4511, 0.45423, 0.03414, 0.04876, 0
0.44457, 0.43898, 0.31897, 0.4736, 0.45439, 0.45663, 0.08523, 0.09952, 0
0.45252, 0.44449, 0.31004, 0.47148, 0.4646, 0.46385, 0.07712, 0.08034, 0
0.49116, 0.46608, 0.308, 0.47181, 0.48947, 0.4728, 0.23708, 0.23182, 0
0.45293, 0.44383, 0.21971, 0.47874, 0.45622, 0.44716, 0.0195, 0.02487, 1
0.45314, 0.44803, 0.1865, 0.47224, 0.46234, 0.45733, 0.08254, 0.15717, 0
0.44971, 0.43986, 0.18431, 0.47342, 0.45983, 0.458, 0.03021, 0.02653, 1
0.45256, 0.44096, 0.18247, 0.47361, 0.46017, 0.45238, 0.01665, 0.01471, 0
0.44321, 0.43678, 0.16969, 0.4851, 0.44134, 0.43422, 0.03066, 0.00235, 1
0.44232, 0.43766, 0.22916, 0.47866, 0.45074, 0.4465, 0.06848, 0.07824, 1
0.43204, 0.42315, 0.25966, 0.48864, 0.43382, 0.42998, 0.09311, 0.04241, 0
0.44792, 0.43723, 0.24527, 0.48502, 0.44654, 0.43879, 0.06528, 0.03403, 0
0.42248, 0.42383, 0.23272, 0.48641, 0.42966, 0.43041, 0.14277, 0.16744, 1
0.45008, 0.43898, 0.21781, 0.47613, 0.45892, 0.4497, 0.0182, 0.02652, 1
0.45631, 0.44472, 0.23101, 0.47258, 0.46511, 0.46282, 0.02034, 0.01433, 1
0.44729, 0.4339, 0.21463, 0.48445, 0.44852, 0.44034, 0.0935, 0.08702, 0
0.43012, 0.42483, 0.16972, 0.48796, 0.43308, 0.42948, 0.07926, 0.0187, 0
0.45488, 0.44428, 0.12834, 0.47606, 0.45852, 0.45198, 0.02677, 0.00944, 1
0.44526, 0.43698, 0.13096, 0.48588, 0.44737, 0.44113, 0.02621, 0.04599, 0
0.46382, 0.4505, 0.15119, 0.46887, 0.47624, 0.47431, 0.04865, 0.03909, 0
0.46226, 0.45098, 0.32172, 0.46942, 0.47567, 0.47089, 0.06019, 0.08493, 1
0.45461, 0.44451, 0.34769, 0.47925, 0.45645, 0.45077, 0.02891, 0.02958, 0
0.42807, 0.42572, 0.25514, 0.48885, 0.43227, 0.42787, 0.09081, 0.07757, 1
0.44766, 0.43323, 0.22288, 0.48231, 0.44884, 0.44501, 0.08991, 0.08721, 1
0.46055, 0.44685, 0.54219, 0.47233, 0.46518, 0.45512, 0.0611, 0.05974, 1
0.45103, 0.44227, 0.5479, 0.47294, 0.45958, 0.45512, 0.03141, 0.01626, 1
0.45675, 0.44685, 0.46709, 0.46967, 0.46235, 0.45499, 0.02759, 0.0186, 0
0.45479, 0.44489, 0.42002, 0.4784, 0.45839, 0.45116, 0.02685, 0.03651, 0
0.44537, 0.44358, 0.20376, 0.47347, 0.45872, 0.46344, 0.15519, 0.20162, 1
0.44826, 0.44358, 0.24378, 0.48102, 0.45374, 0.44825, 0.05058, 0.02906, 1
0.44561, 0.4357, 0.28381, 0.47303, 0.47031, 0.46992, 0.10786, 0.07905, 1
0.45554, 0.45799, 0.27978, 0.48271, 0.43924, 0.41559, 0.09302, 0.10733, 0
0.43796, 0.42682, 0.25709, 0.48247, 0.42834, 0.42848, 0.12318, 0.17903, 0
0.44574, 0.4401, 0.2561, 0.48167, 0.44409, 0.44391, 0.02423, 0.03216, 1
0.45336, 0.44053, 0.23638, 0.47754, 0.45782, 0.44825, 0.05296, 0.03255, 0
0.54991, 0.53798, 0.31901, 0.37351, 0.55675, 0.55052, 0.03239, 0.02449, 0
0.4469, 0.43663, 0.32362, 0.47738, 0.45274, 0.4484, 0.02376, 0.00611, 0
0.45244, 0.44335, 0.3214, 0.47241, 0.4579, 0.45287, 0.01107, 0.02016, 1
0.44627, 0.43533, 0.3139, 0.48304, 0.44742, 0.44078, 0.06608, 0.05992, 0
0.44547, 0.43534, 0.2229, 0.48722, 0.44803, 0.44197, 0.04447, 0.02799, 0
0.4525, 0.4427, 0.171, 0.47214, 0.46076, 0.45523, 0.01788, 0.01224, 1
0.44598, 0.43728, 0.18551, 0.47939, 0.45323, 0.44853, 0.02377, 0.03203, 0
0.44616, 0.43988, 0.19647, 0.47512, 0.45556, 0.45352, 0.05836, 0.07347, 1
0.46183, 0.45446, 0.29296, 0.47061, 0.46962, 0.46883, 0.08779, 0.0, 0
0.45881, 0.45792, 0.27914, 0.4801, 0.45759, 0.44852, 0.10058, 0.08462, 0
0.45503, 0.44705, 0.19418, 0.47028, 0.46072, 0.45905, 0.04461, 0.03339, 0
0.45631, 0.45445, 0.18331, 0.47373, 0.46495, 0.46026, 0.12807, 0.15098, 1
0.44994, 0.44053, 0.34057, 0.47338, 0.45605, 0.45183, 0.00634, 0.02139, 1
0.45355, 0.44272, 0.28821, 0.47296, 0.45832, 0.45196, 0.02144, 0.04435, 1
0.4528, 0.44228, 0.22868, 0.47167, 0.45986, 0.4574, 0.00762, 0.02831, 0
0.42129, 0.41409, 0.18323, 0.48845, 0.4268, 0.42402, 0.13076, 0.14797, 1
0.44935, 0.44686, 0.20604, 0.47868, 0.4524, 0.45301, 0.08822, 0.07285, 1
0.45772, 0.43726, 0.255, 0.48093, 0.45447, 0.44311, 0.18312, 0.21744, 0
0.45453, 0.44358, 0.28929, 0.47923, 0.45614, 0.45486, 0.03304, 0.05491, 1
0.37173, 0.391, 0.31183, 0.48293, 0.3938, 0.40969, 0.45938, 0.50378, 1
0.5477, 0.53037, 0.31115, 0.465, 0.55755, 0.5594, 0.43628, 0.48094, 0
0.45697, 0.44688, 0.26056, 0.47051, 0.46395, 0.46086, 0.02844, 0.02471, 1
0.45557, 0.44622, 0.18441, 0.46872, 0.46286, 0.4598, 0.03402, 0.04854, 1
0.4501, 0.43926, 0.5252, 0.48337, 0.4547, 0.447, 0.03171, 0.01984, 0
0.47993, 0.47557, 0.55617, 0.4728, 0.48166, 0.47276, 0.17609, 0.20872, 0
0.44899, 0.43649, 0.55914, 0.47478, 0.45835, 0.45749, 0.02508, 0.05748, 1
0.46531, 0.45721, 0.15053, 0.46643, 0.47355, 0.4716, 0.09723, 0.13465, 1
0.43805, 0.43541, 0.10875, 0.4744, 0.45552, 0.45685, 0.15102, 0.02992, 1
0.42964, 0.42584, 0.18826, 0.48647, 0.42995, 0.42829, 0.07705, 0.12544, 0
0.44056, 0.43008, 0.18379, 0.47637, 0.44992, 0.44493, 0.0536, 0.05908, 0
0.45249, 0.44397, 0.16871, 0.47202, 0.46539, 0.46152, 0.06403, 0.07513, 0
0.45779, 0.44547, 0.16363, 0.47113, 0.46828, 0.46114, 0.02098, 0.0404, 1
0.45031, 0.44314, 0.17842, 0.4728, 0.4582, 0.45445, 0.04281, 0.04412, 1
0.46301, 0.44944, 0.18967, 0.46805, 0.46747, 0.46051, 0.05905, 0.03117, 0
0.45685, 0.44444, 0.21593, 0.47287, 0.46222, 0.45603, 0.03145, 0.02731, 0
0.43717, 0.43122, 0.28994, 0.47981, 0.44348, 0.44814, 0.07528, 0.09001, 1
0.4389, 0.43837, 0.27228, 0.48462, 0.42878, 0.4151, 0.03033, 0.05454, 1
0.44401, 0.43555, 0.25879, 0.48323, 0.44973, 0.44525, 0.02814, 0.02445, 0
0.45792, 0.44704, 0.25587, 0.46699, 0.46458, 0.45997, 0.02832, 0.01288, 1
0.45906, 0.44562, 0.45582, 0.47714, 0.46162, 0.45075, 0.06881, 0.07474, 0
0.44778, 0.4399, 0.45675, 0.48335, 0.45048, 0.44647, 0.00621, 0.02252, 1
0.44001, 0.43389, 0.41355, 0.4863, 0.44298, 0.4362, 0.0368, 0.02206, 0
0.45112, 0.44224, 0.46899, 0.47055, 0.4556, 0.45177, 0.00735, 0.00812, 1
0.44565, 0.43781, 0.56381, 0.48845, 0.44966, 0.44435, 0.01668, 0.03495, 1
0.44983, 0.44118, 0.53871, 0.47383, 0.4561, 0.45113, 0.01413, 0.02064, 1
0.46177, 0.44879, 0.53624, 0.472, 0.46468, 0.45728, 0.06158, 0.07894, 1
0.446, 0.43464, 0.54307, 0.48614, 0.44778, 0.43962, 0.06621, 0.07885, 1
0.45724, 0.44984, 0.32315, 0.4738, 0.46239, 0.45612, 0.04946, 0.0509, 0
0.44779, 0.44393, 0.1319, 0.48007, 0.45451, 0.4487, 0.0667, 0.06097, 1
0.45298, 0.44393, 0.10694, 0.47615, 0.45796, 0.45421, 0.01593, 0.02769, 0
0.43939, 0.43126, 0.1011, 0.48621, 0.44527, 0.44012, 0.04794, 0.05972, 0
0.44584, 0.44182, 0.10092, 0.47603, 0.4546, 0.45088, 0.07958, 0.10743, 0
0.4204, 0.42212, 0.46608, 0.4811, 0.43367, 0.43752, 0.18706, 0.2411, 1
0.48351, 0.47256, 0.46519, 0.46537, 0.49363, 0.49321, 0.16326, 0.20874, 0
0.43676, 0.43196, 0.21599, 0.47989, 0.44581, 0.44452, 0.07988, 0.12276, 1
0.45773, 0.4397, 0.47158, 0.47401, 0.46892, 0.45908, 0.08341, 0.06657, 1
0.45999, 0.45659, 0.44203, 0.48014, 0.45849, 0.45049, 0.08016, 0.13863, 1
0.4534, 0.44413, 0.39258, 0.48116, 0.45141, 0.4496, 0.04129, 0.07082, 0
0.45687, 0.4471, 0.22715, 0.47788, 0.46075, 0.4528, 0.03188, 0.04114, 0
0.45425, 0.44732, 0.24671, 0.47302, 0.46083, 0.45729, 0.05029, 0.05781, 0
0.4225, 0.41399, 0.28228, 0.49023, 0.42317, 0.41791, 0.14083, 0.14214, 0
0.44683, 0.43801, 0.1403, 0.48609, 0.45178, 0.44524, 0.01766, 0.02352, 1
0.44722, 0.4399, 0.28676, 0.47915, 0.4536, 0.44907, 0.02588, 0.02184, 0
0.44259, 0.4341, 0.27734, 0.48606, 0.44844, 0.44295, 0.03424, 0.05063, 1
0.45444, 0.44462, 0.23015, 0.47665, 0.45813, 0.45089, 0.02444, 0.06897, 1
0.45741, 0.44632, 0.33627, 0.46944, 0.46124, 0.45685, 0.02861, 0.03452, 0
0.4551, 0.44888, 0.36183, 0.47615, 0.45951, 0.45426, 0.04916, 0.05216, 0
0.44709, 0.44118, 0.36363, 0.47512, 0.45594, 0.45607, 0.06439, 0.07333, 0
0.17341, 0.17697, 0.42686, 0.54932, 0.16823, 0.16355, 0.02472, 0.04856, 1
0.4489, 0.43969, 0.19504, 0.48068, 0.45347, 0.44673, 0.00901, 0.03813, 1
0.45324, 0.44354, 0.18785, 0.47804, 0.45703, 0.45205, 0.01692, 0.00685, 1
0.76947, 0.75326, 0.43093, 0.20809, 0.77677, 0.76109, 0.03756, 0.05729, 1
0.44749, 0.43825, 0.51849, 0.48433, 0.45056, 0.4468, 0.01995, 0.02638, 0
0.45213, 0.44287, 0.58086, 0.46889, 0.45791, 0.45241, 0.00885, 0.03237, 0
0.45577, 0.44811, 0.35029, 0.48087, 0.45448, 0.44909, 0.03458, 0.04086, 0
0.45648, 0.44328, 0.25671, 0.47857, 0.45872, 0.451, 0.06396, 0.00807, 0
0.44117, 0.43322, 0.25572, 0.48864, 0.44434, 0.43766, 0.04093, 0.05286, 1
0.44734, 0.44076, 0.29824, 0.48168, 0.45183, 0.4482, 0.02811, 0.01396, 1
0.45386, 0.44374, 0.56866, 0.47748, 0.45718, 0.45075, 0.02167, 0.00991, 0
0.44599, 0.43755, 0.4495, 0.48654, 0.4512, 0.44545, 0.01762, 0.02197, 0
0.45136, 0.43926, 0.44118, 0.47858, 0.45624, 0.44998, 0.03865, 0.03311, 0
0.47236, 0.45572, 0.3671, 0.47688, 0.46908, 0.45632, 0.14649, 0.18071, 1
0.43971, 0.42712, 0.36271, 0.48628, 0.43438, 0.42195, 0.14828, 0.1625, 0
0.46059, 0.45422, 0.29559, 0.47172, 0.46987, 0.47419, 0.11364, 0.18945, 0
0.43859, 0.43094, 0.15958, 0.48907, 0.44182, 0.43433, 0.05255, 0.06622, 0
0.45563, 0.44885, 0.23134, 0.48102, 0.45317, 0.44727, 0.04108, 0.04388, 1
0.45115, 0.44225, 0.17612, 0.4804, 0.45477, 0.44869, 0.01028, 0.03154, 0
0.45326, 0.44246, 0.14152, 0.47444, 0.45759, 0.45282, 0.01887, 0.0082, 0
0.45317, 0.4435, 0.19413, 0.47891, 0.45514, 0.44271, 0.04196, 0.04868, 1
0.43965, 0.43404, 0.21808, 0.48483, 0.44039, 0.4356, 0.03463, 0.04859, 1
0.45269, 0.44202, 0.29203, 0.4745, 0.45924, 0.45253, 0.00537, 0.00672, 1
0.45752, 0.44581, 0.2576, 0.47071, 0.46325, 0.45865, 0.02639, 0.00978, 0
0.449, 0.44013, 0.21137, 0.48235, 0.45356, 0.44628, 0.01015, 0.01187, 0
0.20555, 0.20299, 0.22037, 0.5685, 0.21233, 0.22011, 0.07641, 0.1, 1
0.44746, 0.44118, 0.15955, 0.48363, 0.45097, 0.44246, 0.01056, 0.02141, 1
0.44688, 0.43656, 0.15929, 0.48435, 0.4478, 0.44246, 0.05087, 0.03303, 0
0.17597, 0.17011, 0.16719, 0.57029, 0.1821, 0.18782, 0.00885, 0.02139, 1
0.46888, 0.45195, 0.21644, 0.48012, 0.46987, 0.44658, 0.15985, 0.16909, 1
0.4507, 0.4429, 0.20207, 0.48202, 0.44606, 0.44674, 0.02637, 0.03291, 1
0.13427, 0.13802, 0.17417, 0.64795, 0.13406, 0.14415, 0.08695, 0.15666, 1
0.17499, 0.17053, 0.27077, 0.62192, 0.17188, 0.17741, 0.10211, 0.17073, 0
0.45634, 0.44717, 0.42954, 0.47536, 0.46086, 0.4584, 0.03082, 0.06206, 0
0.4525, 0.44418, 0.48148, 0.47119, 0.45869, 0.45477, 0.02586, 0.00228, 1
0.45874, 0.45038, 0.52939, 0.47196, 0.4633, 0.45646, 0.0461, 0.04543, 0
0.44522, 0.43755, 0.52596, 0.47668, 0.45301, 0.44803, 0.03205, 0.0228, 1
0.44552, 0.43969, 0.41915, 0.47761, 0.4537, 0.45438, 0.06652, 0.08161, 0
0.45292, 0.44225, 0.3819, 0.47162, 0.463, 0.46088, 0.02383, 0.03292, 0
0.45275, 0.44182, 0.14142, 0.47871, 0.45599, 0.4536, 0.01989, 0.02244, 0
0.45247, 0.44076, 0.22225, 0.47345, 0.4687, 0.46121, 0.02856, 0.0198, 0
0.49413, 0.47168, 0.18564, 0.47277, 0.49073, 0.47583, 0.22978, 0.2253, 1
0.45073, 0.44182, 0.13671, 0.47644, 0.45401, 0.45191, 0.00614, 0.02667, 0
0.4501, 0.44076, 0.20741, 0.48251, 0.45251, 0.44754, 0.01783, 0.0226, 0
0.44672, 0.43501, 0.28636, 0.47694, 0.45773, 0.44417, 0.03567, 0.0262, 0
0.4597, 0.44545, 0.34007, 0.47308, 0.4666, 0.45451, 0.05736, 0.05304, 1
0.45245, 0.44097, 0.32682, 0.47788, 0.45618, 0.45062, 0.03389, 0.02974, 1
0.42911, 0.42563, 0.30827, 0.48875, 0.43534, 0.43152, 0.0911, 0.15935, 1
0.46692, 0.4589, 0.29575, 0.4692, 0.47177, 0.46731, 0.09197, 0.16255, 0
0.45089, 0.44012, 0.31075, 0.48309, 0.4522, 0.44456, 0.04476, 0.01417, 0
0.50515, 0.47402, 0.26808, 0.47306, 0.49765, 0.47712, 0.33877, 0.35069, 0
0.44107, 0.43322, 0.39376, 0.48806, 0.44579, 0.44163, 0.0388, 0.05411, 0
0.44554, 0.43774, 0.37025, 0.47585, 0.45378, 0.45193, 0.04296, 0.06993, 1
0.45479, 0.44313, 0.41589, 0.47661, 0.45952, 0.45194, 0.03561, 0.01831, 0
0.44403, 0.43664, 0.35002, 0.48532, 0.44997, 0.44394, 0.0273, 0.01384, 0
0.45051, 0.44335, 0.35176, 0.47734, 0.45743, 0.45417, 0.03766, 0.01513, 1
0.45502, 0.44292, 0.10957, 0.47201, 0.47121, 0.46652, 0.03718, 0.06604, 1
0.42241, 0.39816, 0.17258, 0.48596, 0.4031, 0.38661, 0.44044, 0.45895, 0
0.45255, 0.44678, 0.17797, 0.48027, 0.44779, 0.46042, 0.03459, 0.03983, 0
0.45532, 0.44248, 0.1733, 0.47492, 0.46884, 0.45299, 0.00958, 0.05097, 0
0.44427, 0.43458, 0.22583, 0.48339, 0.44843, 0.44417, 0.03419, 0.03405, 0
0.45312, 0.44479, 0.14146, 0.47985, 0.45191, 0.43906, 0.02887, 0.03141, 1
0.43679, 0.42363, 0.15158, 0.48701, 0.43246, 0.42486, 0.14848, 0.0699, 0
0.48202, 0.45717, 0.08462, 0.47171, 0.49693, 0.48215, 0.13918, 0.15087, 1
0.44034, 0.42439, 0.0851, 0.47748, 0.45009, 0.42653, 0.13537, 0.15046, 0
0.44449, 0.43714, 0.10639, 0.47854, 0.4537, 0.45049, 0.04215, 0.04129, 0
0.45223, 0.4414, 0.14972, 0.47702, 0.45726, 0.44843, 0.02672, 0.04917, 1
0.45488, 0.44353, 0.15433, 0.48, 0.45733, 0.44791, 0.04935, 0.04717, 1
0.44886, 0.43734, 0.25141, 0.47431, 0.45788, 0.45179, 0.02139, 0.00394, 0
0.43134, 0.41427, 0.31749, 0.48623, 0.41882, 0.39948, 0.28823, 0.33573, 1
0.46474, 0.461, 0.29917, 0.4778, 0.4673, 0.45911, 0.12887, 0.05796, 1
0.44931, 0.44248, 0.29789, 0.47736, 0.45685, 0.45911, 0.05435, 0.02821, 0
0.48331, 0.46381, 0.28322, 0.47377, 0.48063, 0.46577, 0.18508, 0.13452, 1
0.4525, 0.44313, 0.20888, 0.47581, 0.4627, 0.44028, 0.01303, 0.01056, 1
0.4494, 0.4388, 0.25531, 0.47517, 0.45648, 0.45168, 0.01272, 0.02894, 0
0.45986, 0.44768, 0.24735, 0.47271, 0.46381, 0.45628, 0.0507, 0.08665, 1
0.48535, 0.46088, 0.25503, 0.47758, 0.47566, 0.45548, 0.27558, 0.33029, 1
0.46411, 0.444, 0.26519, 0.47356, 0.47675, 0.4926, 0.03034, 0.03053, 1
0.45348, 0.44356, 0.21796, 0.48166, 0.45516, 0.44867, 0.03278, 0.0527, 1
0.4507, 0.44205, 0.17254, 0.47294, 0.45812, 0.4543, 0.02208, 0.02659, 0
0.45808, 0.44638, 0.17214, 0.47078, 0.4637, 0.45705, 0.03314, 0.03483, 1
0.45425, 0.44586, 0.44757, 0.47273, 0.4665, 0.45783, 0.05786, 0.02492, 0
0.43527, 0.43311, 0.52214, 0.48184, 0.44551, 0.44019, 0.09697, 0.01812, 0
0.45415, 0.44484, 0.17531, 0.47095, 0.4587, 0.45324, 0.01775, 0.02189, 1
0.4593, 0.4455, 0.24056, 0.47062, 0.46654, 0.45991, 0.04162, 0.00608, 1
0.45021, 0.44118, 0.25685, 0.47486, 0.45932, 0.46038, 0.03542, 0.04744, 0
0.4515, 0.4414, 0.31587, 0.47351, 0.45754, 0.45178, 0.00541, 0.03412, 1
0.45112, 0.44246, 0.3219, 0.47118, 0.45765, 0.45216, 0.01544, 0.00226, 0
0.45565, 0.44436, 0.34999, 0.47665, 0.45963, 0.45049, 0.03379, 0.03529, 1
0.43254, 0.41815, 0.23467, 0.48573, 0.42851, 0.41554, 0.1983, 0.2129, 0
0.44763, 0.43928, 0.18072, 0.48117, 0.44859, 0.45113, 0.0106, 0.0215, 0
0.45528, 0.44627, 0.17304, 0.47323, 0.45991, 0.45306, 0.02454, 0.02546, 1
0.43693, 0.43377, 0.19037, 0.47985, 0.4468, 0.44626, 0.09715, 0.05548, 0
0.45363, 0.44436, 0.17665, 0.46877, 0.45933, 0.45563, 0.01972, 0.02748, 1
0.45109, 0.44161, 0.19887, 0.47273, 0.45769, 0.45552, 0.01437, 0.01571, 0
0.45006, 0.44076, 0.19689, 0.47267, 0.45718, 0.45385, 0.01437, 0.01977, 0
0.43883, 0.43503, 0.25222, 0.48672, 0.44198, 0.43557, 0.04495, 0.0398, 0
0.45804, 0.44525, 0.2872, 0.48068, 0.46002, 0.44479, 0.08639, 0.05537, 1
0.44028, 0.42474, 0.27086, 0.48463, 0.43659, 0.42305, 0.17761, 0.19829, 1
0.43215, 0.42374, 0.5023, 0.48649, 0.43753, 0.42935, 0.08685, 0.1386, 0
0.45072, 0.44736, 0.50826, 0.47699, 0.45768, 0.45088, 0.07886, 0.14663, 0
0.43209, 0.43275, 0.26159, 0.48363, 0.42776, 0.41473, 0.04073, 0.03023, 0
0.43339, 0.42118, 0.25851, 0.48539, 0.43194, 0.41412, 0.15756, 0.17614, 0
0.45637, 0.43944, 0.23744, 0.47428, 0.46754, 0.46923, 0.03029, 0.06138, 1
0.4648, 0.45532, 0.28531, 0.47485, 0.46878, 0.45775, 0.06884, 0.0, 1
0.48453, 0.46859, 0.30217, 0.47441, 0.4819, 0.47054, 0.16916, 0.11365, 1
0.44607, 0.42731, 0.30663, 0.4844, 0.43787, 0.42199, 0.22748, 0.13243, 1
0.45408, 0.44248, 0.37666, 0.47836, 0.45724, 0.4488, 0.04378, 0.02221, 1
0.41513, 0.41874, 0.36423, 0.48338, 0.42806, 0.43022, 0.20123, 0.18686, 0
0.45857, 0.4466, 0.23419, 0.47481, 0.4638, 0.4543, 0.04612, 0.02309, 1
0.45811, 0.44356, 0.22775, 0.48066, 0.45833, 0.44434, 0.1037, 0.04816, 1
0.42941, 0.42694, 0.20599, 0.48737, 0.42967, 0.42238, 0.07106, 0.08024, 0
0.43783, 0.43123, 0.12015, 0.49091, 0.44348, 0.43765, 0.05015, 0.02945, 0
0.44254, 0.43709, 0.35237, 0.47323, 0.45423, 0.46224, 0.11155, 0.12149, 0
0.46056, 0.44529, 0.31437, 0.47168, 0.47353, 0.46686, 0.02561, 0.02615, 1
0.46303, 0.45156, 0.2511, 0.46784, 0.46832, 0.46622, 0.05022, 0.06456, 1
0.7331, 0.71878, 0.25853, 0.31566, 0.74425, 0.73067, 0.04353, 0.0151, 1
0.44823, 0.44055, 0.2525, 0.4762, 0.4557, 0.45191, 0.02683, 0.01799, 0
0.45092, 0.44225, 0.25229, 0.47404, 0.45873, 0.45346, 0.02367, 0.05135, 0
0.44475, 0.43736, 0.2717, 0.47508, 0.45455, 0.45204, 0.04977, 0.07102, 0
0.43929, 0.43142, 0.22683, 0.47812, 0.4482, 0.44098, 0.0517, 0.0553, 0
0.45345, 0.44374, 0.21459, 0.47108, 0.4647, 0.4603, 0.03768, 0.00819, 0
0.43422, 0.42164, 0.21514, 0.48652, 0.43562, 0.42706, 0.12711, 0.05779, 0
0.45771, 0.44331, 0.21218, 0.48143, 0.45255, 0.44483, 0.12464, 0.13053, 1
0.46074, 0.46394, 0.20002, 0.47331, 0.4725, 0.48078, 0.25746, 0.25882, 0
0.45471, 0.44501, 0.17522, 0.48076, 0.45853, 0.44985, 0.02562, 0.03561, 1
0.4436, 0.43185, 0.18581, 0.48473, 0.44547, 0.43944, 0.07526, 0.10703, 0
0.4504, 0.44161, 0.25431, 0.47758, 0.45444, 0.44776, 0.0075, 0.02298, 0
0.45648, 0.44745, 0.2528, 0.47267, 0.46497, 0.45521, 0.03616, 0.04792, 1
0.44943, 0.44012, 0.18861, 0.4832, 0.45456, 0.44844, 0.00739, 0.0196, 0
0.44923, 0.44076, 0.19626, 0.48334, 0.45465, 0.44895, 0.00739, 0.02363, 0
0.44669, 0.44012, 0.21407, 0.47753, 0.45356, 0.44921, 0.03762, 0.03644, 0
0.45122, 0.44097, 0.26615, 0.47236, 0.45824, 0.45449, 0.00205, 0.00392, 0
0.45187, 0.44118, 0.27621, 0.47687, 0.45649, 0.44869, 0.02485, 0.0216, 1
0.44372, 0.43687, 0.32665, 0.4828, 0.44776, 0.44226, 0.02532, 0.0, 0
0.42978, 0.43076, 0.22152, 0.47858, 0.44183, 0.44482, 0.15593, 0.04654, 0
0.468, 0.46337, 0.21533, 0.47027, 0.47958, 0.47506, 0.15139, 0.17947, 1
0.46859, 0.45503, 0.18557, 0.47607, 0.46816, 0.45243, 0.1016, 0.10815, 1
0.44019, 0.42864, 0.19336, 0.48434, 0.43894, 0.4313, 0.10602, 0.11618, 0
0.44671, 0.43948, 0.213, 0.48275, 0.44754, 0.44625, 0.0082, 0.01798, 0
0.44719, 0.43948, 0.19992, 0.48551, 0.45129, 0.44637, 0.01085, 0.01569, 0
0.42391, 0.42228, 0.18134, 0.48764, 0.43143, 0.43041, 0.12128, 0.13184, 0
0.45318, 0.44399, 0.45531, 0.48225, 0.45462, 0.4467, 0.03029, 0.04443, 1
0.4426, 0.436, 0.4477, 0.48612, 0.4447, 0.44043, 0.02526, 0.02761, 0
0.46705, 0.45416, 0.43184, 0.46775, 0.47182, 0.46505, 0.06897, 0.07432, 1
0.46644, 0.45546, 0.25887, 0.46557, 0.47435, 0.46924, 0.07039, 0.08248, 1
0.45359, 0.44442, 0.11794, 0.47048, 0.45893, 0.45547, 0.0201, 0.02885, 1
0.44778, 0.43859, 0.10418, 0.47418, 0.45771, 0.45312, 0.02504, 0.04381, 0
0.44492, 0.43102, 0.14358, 0.48401, 0.44179, 0.42338, 0.15094, 0.02804, 1
0.47076, 0.46109, 0.13761, 0.4787, 0.46807, 0.45955, 0.10143, 0.11205, 1
0.43897, 0.42715, 0.13897, 0.48435, 0.43691, 0.43493, 0.10574, 0.08757, 0
0.46602, 0.45158, 0.15485, 0.4679, 0.47139, 0.46363, 0.06881, 0.0648, 1
0.45107, 0.44097, 0.16584, 0.47649, 0.45738, 0.45365, 0.00553, 0.00611, 1
0.44984, 0.44205, 0.25046, 0.48297, 0.44888, 0.4429, 0.01855, 0.02341, 1
0.41146, 0.40014, 0.24504, 0.4844, 0.41978, 0.42, 0.20132, 0.17984, 0
0.44724, 0.43663, 0.2359, 0.47801, 0.4545, 0.44446, 0.02734, 0.01222, 0
0.44698, 0.43967, 0.23058, 0.48352, 0.45271, 0.44761, 0.02122, 0.01973, 0
0.43814, 0.43471, 0.22268, 0.48524, 0.43104, 0.42067, 0.04507, 0.01827, 0
0.45446, 0.44636, 0.31873, 0.47534, 0.45794, 0.45691, 0.03553, 0.04833, 1
0.46017, 0.45313, 0.32815, 0.47213, 0.47467, 0.46274, 0.09413, 0.07964, 1
0.47665, 0.46502, 0.35195, 0.4797, 0.46761, 0.45155, 0.16073, 0.19641, 1
0.43448, 0.42954, 0.34365, 0.48446, 0.42786, 0.42383, 0.06161, 0.06045, 0
0.41319, 0.41683, 0.24996, 0.47786, 0.43393, 0.44462, 0.26364, 0.2794, 0
0.45355, 0.44331, 0.42316, 0.48177, 0.45291, 0.4483, 0.04044, 0.04943, 1
0.45027, 0.44161, 0.39327, 0.47978, 0.45605, 0.44946, 0.00742, 0.01491, 0
0.4526, 0.44268, 0.39398, 0.47757, 0.45763, 0.45295, 0.01146, 0.02169, 1
0.4445, 0.4382, 0.37726, 0.48642, 0.44918, 0.44313, 0.02577, 0.03741, 0
0.44972, 0.44268, 0.36674, 0.47788, 0.45572, 0.45205, 0.03462, 0.01943, 0
0.46372, 0.45422, 0.19368, 0.47169, 0.4803, 0.48093, 0.09655, 0.09604, 1
0.45308, 0.43691, 0.22479, 0.47611, 0.46175, 0.44816, 0.08125, 0.16549, 1
0.47327, 0.4676, 0.22198, 0.47592, 0.47025, 0.46586, 0.12765, 0.12383, 1
0.45215, 0.44373, 0.16665, 0.47966, 0.4538, 0.45294, 0.0128, 0.01632, 1
0.43526, 0.43249, 0.14961, 0.48382, 0.44233, 0.44137, 0.09015, 0.08675, 0
0.44189, 0.43715, 0.13966, 0.47411, 0.45544, 0.46027, 0.11694, 0.12189, 0
0.4804, 0.46351, 0.13402, 0.4665, 0.48795, 0.48283, 0.11399, 0.1178, 1
0.43633, 0.42385, 0.29229, 0.48513, 0.43762, 0.42818, 0.11805, 0.12244, 0
0.45166, 0.4466, 0.26825, 0.48082, 0.45304, 0.44524, 0.03082, 0.0, 1
0.44374, 0.43662, 0.12349, 0.4767, 0.45189, 0.44971, 0.04721, 0.01839, 0
0.45638, 0.4414, 0.18169, 0.47531, 0.46157, 0.45788, 0.06, 0.0487, 1
0.45627, 0.44531, 0.17782, 0.47857, 0.45833, 0.45169, 0.03985, 0.03567, 1
0.44522, 0.43966, 0.18153, 0.47584, 0.45328, 0.44905, 0.05678, 0.0221, 0
0.45775, 0.44532, 0.17404, 0.46939, 0.46491, 0.46065, 0.0258, 0.02675, 1
0.45702, 0.44782, 0.51806, 0.46987, 0.46928, 0.46724, 0.06719, 0.05085, 0
0.47585, 0.45747, 0.55362, 0.47475, 0.47544, 0.45998, 0.15715, 0.20119, 1
0.12518, 0.13558, 0.5802, 0.5432, 0.12726, 0.13446, 0.2435, 0.17911, 0
0.79663, 0.7835, 0.576, 0.42854, 0.79921, 0.7909, 0.05593, 0.12263, 1
0.44559, 0.44182, 0.5155, 0.47964, 0.44848, 0.44907, 0.05888, 0.03658, 0
0.45419, 0.44524, 0.49122, 0.47381, 0.45835, 0.45631, 0.0277, 0.04321, 1
0.46083, 0.4555, 0.25994, 0.4788, 0.46318, 0.44998, 0.07411, 0.05151, 1
0.44174, 0.4382, 0.1949, 0.48389, 0.44372, 0.43809, 0.04178, 0.07539, 0
0.44133, 0.43285, 0.11689, 0.47975, 0.44899, 0.44596, 0.04332, 0.04872, 0
0.68436, 0.66791, 0.24793, 0.35422, 0.68888, 0.67264, 0.06526, 0.06654, 1
0.44614, 0.43755, 0.23423, 0.48554, 0.44788, 0.43909, 0.03204, 0.03877, 0
0.42159, 0.41866, 0.25351, 0.48819, 0.42693, 0.41817, 0.11303, 0.08483, 0
0.47629, 0.45674, 0.29066, 0.47549, 0.47659, 0.46464, 0.15646, 0.22801, 1
0.44761, 0.43987, 0.52314, 0.47497, 0.45578, 0.45183, 0.03365, 0.02234, 0
0.43314, 0.42648, 0.51472, 0.4829, 0.44215, 0.43893, 0.07907, 0.03302, 0
0.4523, 0.44272, 0.4616, 0.47671, 0.45839, 0.45623, 0.01484, 0.0368, 0
0.46473, 0.43945, 0.1847, 0.47191, 0.4827, 0.48232, 0.08022, 0.04857, 1
0.44831, 0.43945, 0.18596, 0.47703, 0.45846, 0.44708, 0.01372, 0.04237, 0
0.44876, 0.43749, 0.19922, 0.47467, 0.45955, 0.45169, 0.01792, 0.0129, 0
0.46023, 0.45488, 0.19252, 0.47286, 0.46617, 0.46065, 0.08686, 0.09472, 1
0.46763, 0.45785, 0.21398, 0.48101, 0.45675, 0.44302, 0.12239, 0.15005, 1
0.44504, 0.43535, 0.28938, 0.47866, 0.44913, 0.44618, 0.02954, 0.02436, 0
0.43712, 0.42671, 0.37811, 0.48866, 0.43981, 0.43335, 0.08516, 0.05366, 0
0.44752, 0.43655, 0.36442, 0.47437, 0.46345, 0.45652, 0.03018, 0.01542, 0
0.44643, 0.43854, 0.3905, 0.47788, 0.45463, 0.45117, 0.03217, 0.05653, 0
0.57248, 0.55885, 0.39176, 0.31371, 0.57908, 0.56855, 0.0221, 0.03108, 1
0.45111, 0.44228, 0.37035, 0.47253, 0.46029, 0.45568, 0.02797, 0.04724, 0
0.44524, 0.43724, 0.24044, 0.48374, 0.44993, 0.4448, 0.02038, 0.02299, 0
0.45142, 0.44053, 0.20512, 0.4808, 0.45499, 0.44944, 0.02763, 0.0405, 1
0.44436, 0.43873, 0.22354, 0.47753, 0.45409, 0.44686, 0.05526, 0.05026, 0
0.44014, 0.42829, 0.28136, 0.47795, 0.44755, 0.44754, 0.06398, 0.04669, 0
0.45308, 0.44341, 0.23697, 0.47003, 0.4597, 0.45523, 0.01307, 0.00628, 1
0.44574, 0.43834, 0.36425, 0.48118, 0.44985, 0.44255, 0.01649, 0.04596, 0
0.46661, 0.45015, 0.43707, 0.47875, 0.46299, 0.44984, 0.14025, 0.20452, 1
0.44667, 0.43829, 0.44276, 0.48539, 0.44752, 0.43824, 0.03454, 0.0616, 1
0.40145, 0.4164, 0.45684, 0.486, 0.40147, 0.40295, 0.2423, 0.16691, 0
0.49204, 0.49026, 0.29974, 0.46778, 0.51412, 0.5157, 0.34903, 0.41274, 1
0.45513, 0.44184, 0.25498, 0.4794, 0.46184, 0.45262, 0.04945, 0.03984, 1
0.43677, 0.43288, 0.26678, 0.48482, 0.4449, 0.43885, 0.07087, 0.01864, 0
0.45509, 0.44622, 0.21615, 0.47546, 0.45801, 0.45475, 0.02435, 0.03389, 1
0.45139, 0.44031, 0.20649, 0.48033, 0.45435, 0.44639, 0.04043, 0.05453, 1
0.43558, 0.4244, 0.3322, 0.48471, 0.42748, 0.42641, 0.13132, 0.0259, 0
0.45042, 0.44604, 0.34105, 0.48236, 0.44416, 0.44234, 0.02374, 0.0, 1
0.50647, 0.47919, 0.33233, 0.47062, 0.5111, 0.49051, 0.24203, 0.31807, 1
0.50623, 0.49811, 0.31314, 0.47162, 0.51066, 0.4935, 0.27774, 0.36638, 1
0.45729, 0.44118, 0.27727, 0.47449, 0.46756, 0.4656, 0.05203, 0.03492, 1
0.45576, 0.44252, 0.19501, 0.47459, 0.46117, 0.45617, 0.03773, 0.05823, 1
0.44793, 0.43785, 0.18893, 0.48052, 0.4528, 0.44781, 0.02601, 0.05643, 0
0.45212, 0.44408, 0.17027, 0.46978, 0.45775, 0.45536, 0.03119, 0.03138, 0
0.45451, 0.45456, 0.16733, 0.47333, 0.46886, 0.47267, 0.19375, 0.2159, 0
0.46699, 0.46098, 0.21186, 0.4801, 0.45994, 0.45132, 0.09639, 0.09842, 1
0.45643, 0.4454, 0.2399, 0.47995, 0.4528, 0.44741, 0.05753, 0.05681, 1
0.46513, 0.45697, 0.29336, 0.46729, 0.47512, 0.47436, 0.10265, 0.09242, 1
0.443, 0.43364, 0.16609, 0.48821, 0.44537, 0.438, 0.04941, 0.0071, 0
0.429, 0.43295, 0.17841, 0.47564, 0.44898, 0.45778, 0.25408, 0.28655, 0
0.46089, 0.45502, 0.18865, 0.47049, 0.48548, 0.49541, 0.21578, 0.22726, 0
0.44475, 0.43725, 0.26937, 0.47821, 0.45063, 0.44812, 0.03189, 0.04764, 0
0.4536, 0.44512, 0.2831, 0.46898, 0.45998, 0.45634, 0.03191, 0.03439, 1
0.45248, 0.44404, 0.2792, 0.46988, 0.45881, 0.4537, 0.02152, 0.02029, 1
0.45177, 0.44206, 0.2815, 0.4821, 0.45391, 0.44798, 0.02242, 0.0102, 1
0.44432, 0.43726, 0.22548, 0.48181, 0.44755, 0.44891, 0.03181, 0.05965, 0
0.4671, 0.45321, 0.249, 0.47068, 0.47104, 0.4615, 0.0786, 0.09894, 1
0.45028, 0.44337, 0.14197, 0.48045, 0.45501, 0.44971, 0.02432, 0.02863, 0
0.45722, 0.44556, 0.11553, 0.47849, 0.45955, 0.45077, 0.052, 0.04852, 1
0.45026, 0.44228, 0.12149, 0.47943, 0.45438, 0.45103, 0.01383, 0.0168, 0
0.45442, 0.44448, 0.21164, 0.47255, 0.45925, 0.45303, 0.01837, 0.01918, 1
0.45208, 0.44514, 0.20068, 0.47747, 0.45714, 0.45277, 0.03504, 0.05449, 1
0.45252, 0.44338, 0.19998, 0.47288, 0.45702, 0.45343, 0.01121, 0.00811, 1
0.4501, 0.4414, 0.20249, 0.48297, 0.45426, 0.44864, 0.00212, 0.00702, 1
0.44934, 0.43898, 0.26178, 0.47891, 0.45671, 0.45117, 0.01123, 0.05144, 0
0.46624, 0.45064, 0.25327, 0.47784, 0.46517, 0.45517, 0.11088, 0.09981, 1
0.44571, 0.44492, 0.23481, 0.47971, 0.45148, 0.44824, 0.10261, 0.09433, 0
0.44784, 0.43943, 0.18116, 0.48066, 0.45327, 0.44904, 0.0139, 0.01425, 0
0.45057, 0.44185, 0.48124, 0.47834, 0.45502, 0.45064, 0.00646, 0.01189, 0
0.45291, 0.44274, 0.22658, 0.47389, 0.45743, 0.45159, 0.01507, 0.03217, 1
0.45251, 0.44588, 0.20954, 0.47872, 0.45649, 0.4497, 0.03057, 0.0, 1
0.4588, 0.44789, 0.19989, 0.47228, 0.46494, 0.46337, 0.03423, 0.00715, 1
0.44919, 0.44408, 0.25037, 0.48276, 0.45195, 0.44361, 0.02484, 0.02061, 1
0.45117, 0.44252, 0.21014, 0.47291, 0.45728, 0.45348, 0.01627, 0.01666, 0
0.46301, 0.45328, 0.21567, 0.46706, 0.47144, 0.4691, 0.06932, 0.0707, 1
0.43469, 0.43087, 0.1357, 0.48659, 0.44211, 0.43868, 0.07795, 0.06984, 0
0.4373, 0.43428, 0.15329, 0.4825, 0.42601, 0.43702, 0.03457, 0.00475, 0
0.43354, 0.42984, 0.1739, 0.48257, 0.44041, 0.44242, 0.09089, 0.12033, 0
0.30766, 0.34673, 0.28569, 0.48214, 0.34613, 0.37932, 0.8174, 0.85158, 0
0.45285, 0.44408, 0.26656, 0.47926, 0.46088, 0.45456, 0.02182, 0.03563, 1
0.45336, 0.44453, 0.19384, 0.4711, 0.46283, 0.4601, 0.0389, 0.02646, 0
0.38164, 0.39727, 0.18575, 0.47958, 0.41151, 0.42389, 0.44659, 0.51655, 0
0.48288, 0.46964, 0.28907, 0.46454, 0.48978, 0.48619, 0.13761, 0.13647, 1
0.45039, 0.43875, 0.27864, 0.47739, 0.45887, 0.44635, 0.03353, 0.01247, 1
0.4512, 0.44273, 0.26553, 0.47278, 0.45812, 0.45251, 0.02165, 0.01434, 0
0.40653, 0.42047, 0.53626, 0.48317, 0.41722, 0.42645, 0.30304, 0.33345, 0
0.44537, 0.43833, 0.50431, 0.48578, 0.45195, 0.44559, 0.02441, 0.00843, 0
0.45146, 0.44096, 0.48563, 0.47663, 0.45703, 0.4521, 0.01288, 0.05902, 1
0.43668, 0.43461, 0.46446, 0.48531, 0.4426, 0.43895, 0.07982, 0.08186, 0
0.44662, 0.44228, 0.42086, 0.48152, 0.44967, 0.44413, 0.03518, 0.01854, 0
0.44924, 0.44053, 0.39066, 0.47818, 0.45449, 0.45382, 0.01321, 0.01301, 0
0.45625, 0.4493, 0.27832, 0.46957, 0.46359, 0.45927, 0.0631, 0.05207, 1
0.80026, 0.80964, 0.21454, 0.43952, 0.83857, 0.84373, 0.53168, 0.56258, 1
0.4512, 0.44074, 0.19359, 0.47821, 0.45564, 0.44808, 0.02615, 0.01425, 1
0.45687, 0.4452, 0.19107, 0.46991, 0.46326, 0.45915, 0.02235, 0.02412, 1
0.45234, 0.44296, 0.14846, 0.47109, 0.46065, 0.46048, 0.03456, 0.03192, 0
0.44726, 0.43407, 0.15676, 0.48148, 0.44985, 0.43932, 0.08525, 0.11534, 1
0.45047, 0.44274, 0.1829, 0.47332, 0.45707, 0.45374, 0.02888, 0.01034, 0
0.4293, 0.42275, 0.16343, 0.48946, 0.43561, 0.43207, 0.09052, 0.14405, 0
0.4608, 0.44899, 0.19917, 0.47019, 0.47309, 0.47334, 0.0492, 0.03117, 1
0.44511, 0.43829, 0.33133, 0.47636, 0.45317, 0.45118, 0.04849, 0.04522, 0
0.18299, 0.17773, 0.45475, 0.66165, 0.18492, 0.18841, 0.03616, 0.06376, 0
0.45173, 0.44277, 0.46459, 0.48282, 0.45261, 0.44517, 0.02937, 0.06266, 1
0.44861, 0.44005, 0.45134, 0.48395, 0.44888, 0.44353, 0.02516, 0.02683, 1
0.44748, 0.43824, 0.40345, 0.47848, 0.45352, 0.44928, 0.01432, 0.0087, 0
0.45378, 0.44435, 0.37667, 0.47056, 0.45911, 0.45298, 0.01529, 0.01689, 1
0.44525, 0.43621, 0.25559, 0.48407, 0.44845, 0.43913, 0.03574, 0.02552, 0
0.45509, 0.44457, 0.19471, 0.48176, 0.45437, 0.44736, 0.05357, 0.04747, 1
0.45042, 0.44118, 0.14883, 0.48257, 0.45093, 0.44654, 0.02265, 0.02207, 1
0.44908, 0.44186, 0.20546, 0.48239, 0.45219, 0.44627, 0.00999, 0.02057, 0
0.45214, 0.44322, 0.17819, 0.47166, 0.45739, 0.45256, 0.01361, 0.00482, 1
0.4501, 0.43917, 0.155, 0.47437, 0.45774, 0.45214, 0.01349, 0.02626, 0
0.45487, 0.44633, 0.12755, 0.47757, 0.45933, 0.45227, 0.02491, 0.02894, 1
0.45548, 0.44409, 0.13591, 0.47635, 0.45935, 0.45512, 0.02808, 0.11029, 1
0.46105, 0.45012, 0.17744, 0.47955, 0.45861, 0.44794, 0.07066, 0.05, 1
0.44429, 0.43918, 0.19958, 0.48279, 0.44616, 0.44632, 0.03669, 0.04164, 0
0.46041, 0.44006, 0.21263, 0.47183, 0.47708, 0.47466, 0.03596, 0.03973, 1
0.44925, 0.43984, 0.22791, 0.47515, 0.46167, 0.44644, 0.0198, 0.01671, 0
0.18807, 0.18575, 0.47555, 0.99811, 0.19003, 0.19218, 0.02759, 0.03516, 0
0.44719, 0.43777, 0.51999, 0.48215, 0.45171, 0.44445, 0.02373, 0.00727, 0
0.45388, 0.4446, 0.50133, 0.47419, 0.45925, 0.4552, 0.01742, 0.00642, 1
0.44694, 0.43595, 0.51601, 0.48217, 0.45177, 0.44541, 0.03807, 0.02113, 0
0.45578, 0.44573, 0.53125, 0.47337, 0.46045, 0.45368, 0.02323, 0.0298, 1
0.4167, 0.41626, 0.16768, 0.48604, 0.42382, 0.42771, 0.15548, 0.21973, 0
0.42319, 0.4135, 0.1472, 0.47918, 0.4374, 0.43167, 0.13701, 0.21008, 0
0.44635, 0.43641, 0.1263, 0.48621, 0.44936, 0.44266, 0.0397, 0.02314, 0
0.43948, 0.43269, 0.45522, 0.48773, 0.44271, 0.43804, 0.04118, 0.08353, 0
0.43578, 0.42844, 0.4447, 0.48729, 0.44082, 0.43872, 0.06288, 0.07751, 0
0.46319, 0.45554, 0.31733, 0.46898, 0.47396, 0.47348, 0.10769, 0.06447, 1
0.449, 0.44163, 0.13443, 0.48324, 0.44839, 0.44222, 0.01514, 0.02042, 1
0.44673, 0.43558, 0.16397, 0.48439, 0.44867, 0.44508, 0.04773, 0.03124, 0
0.4609, 0.44544, 0.20946, 0.4795, 0.45882, 0.45037, 0.11236, 0.11586, 1
0.4575, 0.4471, 0.37967, 0.47751, 0.4597, 0.4501, 0.04171, 0.04491, 1
0.44205, 0.43868, 0.28509, 0.48414, 0.43962, 0.42738, 0.01221, 0.02937, 0
0.44895, 0.44004, 0.23539, 0.48452, 0.45142, 0.4432, 0.02535, 0.00243, 1
0.45208, 0.44209, 0.22504, 0.48057, 0.45412, 0.449, 0.02323, 0.02461, 1
0.44093, 0.43891, 0.29596, 0.48455, 0.43837, 0.42516, 0.01161, 0.03095, 0
0.4576, 0.45191, 0.30233, 0.47074, 0.47296, 0.47625, 0.13792, 0.11814, 0
0.4724, 0.46721, 0.20766, 0.46864, 0.48349, 0.48635, 0.18334, 0.23909, 1
0.51032, 0.50037, 0.13936, 0.46918, 0.51245, 0.4958, 0.28669, 0.26399, 1
0.40159, 0.39003, 0.1325, 0.48385, 0.411, 0.41041, 0.25008, 0.22795, 0
0.40184, 0.39412, 0.12392, 0.48379, 0.41073, 0.40422, 0.22711, 0.27396, 0
0.44295, 0.43421, 0.34103, 0.47784, 0.4509, 0.4456, 0.03766, 0.03533, 0
0.45679, 0.44838, 0.31925, 0.47863, 0.45983, 0.45746, 0.03554, 0.02828, 1
0.45711, 0.44458, 0.30203, 0.47045, 0.46681, 0.46614, 0.0189, 0.03828, 1
0.4446, 0.44118, 0.29026, 0.48082, 0.44962, 0.43794, 0.04522, 0.03467, 0
0.45085, 0.44324, 0.21246, 0.47186, 0.45873, 0.45564, 0.04137, 0.03926, 0
0.43557, 0.43251, 0.34968, 0.48075, 0.44497, 0.44512, 0.10075, 0.12968, 0
0.43922, 0.43248, 0.29261, 0.47453, 0.45655, 0.46356, 0.1223, 0.13597, 0
0.45653, 0.44647, 0.3461, 0.47191, 0.47245, 0.46278, 0.05439, 0.04734, 0
0.44898, 0.44027, 0.32105, 0.48418, 0.4494, 0.44107, 0.03475, 0.0171, 1
0.44959, 0.44485, 0.209, 0.47255, 0.4613, 0.46302, 0.10878, 0.09473, 0
0.43857, 0.42951, 0.48539, 0.48117, 0.44602, 0.44004, 0.05632, 0.02633, 0
0.44932, 0.42791, 0.57538, 0.47635, 0.45553, 0.44696, 0.14808, 0.15877, 1
0.45753, 0.44637, 0.26081, 0.47011, 0.46956, 0.46528, 0.03778, 0.08908, 1
0.44573, 0.43285, 0.20441, 0.48238, 0.44861, 0.4355, 0.09377, 0.11233, 1
0.4466, 0.4468, 0.16951, 0.47961, 0.44982, 0.45609, 0.12867, 0.13437, 0
0.45022, 0.43757, 0.10354, 0.4742, 0.46326, 0.4542, 0.02077, 0.02138, 0
0.45442, 0.44299, 0.24623, 0.4742, 0.45919, 0.45379, 0.02425, 0.01909, 1
0.4524, 0.44367, 0.25663, 0.47615, 0.45705, 0.45037, 0.01212, 0.01684, 1
0.47736, 0.4581, 0.26974, 0.47627, 0.47294, 0.45939, 0.17981, 0.14428, 1
0.44892, 0.44118, 0.26164, 0.4812, 0.44795, 0.43605, 0.03386, 0.04444, 1
0.45682, 0.44793, 0.30348, 0.4799, 0.45625, 0.45174, 0.03759, 0.01729, 1
0.45351, 0.44502, 0.24205, 0.4725, 0.46522, 0.45885, 0.05415, 0.1312, 0
0.44512, 0.4389, 0.30746, 0.48483, 0.44519, 0.43684, 0.01338, 0.04015, 0
0.46953, 0.45511, 0.35284, 0.46829, 0.47312, 0.46408, 0.08707, 0.0626, 1
0.43704, 0.43159, 0.32573, 0.48701, 0.44222, 0.44082, 0.06003, 0.04227, 0
0.45634, 0.44942, 0.32413, 0.46921, 0.46257, 0.46105, 0.06365, 0.08579, 1
0.44914, 0.43935, 0.30863, 0.47445, 0.45739, 0.45454, 0.02106, 0.06496, 0
0.43948, 0.43913, 0.28302, 0.48432, 0.43537, 0.41952, 0.01145, 0.02122, 0
0.44838, 0.4366, 0.25267, 0.47489, 0.45962, 0.44801, 0.02342, 0.022, 0
0.44768, 0.44233, 0.17994, 0.47648, 0.4561, 0.45496, 0.0673, 0.04178, 0
0.45782, 0.44692, 0.19606, 0.47011, 0.46544, 0.46275, 0.02929, 0.04648, 1
0.45387, 0.44416, 0.24823, 0.47572, 0.45794, 0.45177, 0.01728, 0.03178, 1
0.44516, 0.43707, 0.26522, 0.48647, 0.44753, 0.44055, 0.02504, 0.0392, 0
0.44223, 0.43936, 0.2425, 0.4768, 0.45207, 0.4537, 0.10736, 0.07661, 0
0.45422, 0.44232, 0.32179, 0.47245, 0.45878, 0.45847, 0.02152, 0.02378, 1
0.45627, 0.45231, 0.14323, 0.47168, 0.46972, 0.46716, 0.13452, 0.23469, 0
0.46394, 0.45075, 0.18329, 0.47058, 0.48174, 0.47646, 0.06495, 0.00876, 1
0.45854, 0.44209, 0.19197, 0.47279, 0.4718, 0.46252, 0.0421, 0.05887, 1
0.45863, 0.44391, 0.18544, 0.47485, 0.46612, 0.45037, 0.07347, 0.07435, 1
0.43881, 0.43096, 0.21299, 0.48615, 0.44359, 0.43757, 0.04967, 0.08603, 0
0.44772, 0.44323, 0.22119, 0.47929, 0.45464, 0.45244, 0.0635, 0.07869, 0
0.44838, 0.44096, 0.25661, 0.47972, 0.4467, 0.45147, 0.01329, 0.00241, 0
0.45152, 0.44277, 0.21461, 0.47157, 0.46508, 0.46631, 0.07426, 0.10754, 0
0.73202, 0.71942, 0.22621, 0.32958, 0.74507, 0.73516, 0.0652, 0.06803, 1
0.45765, 0.44876, 0.24038, 0.47959, 0.45849, 0.44916, 0.04715, 0.06107, 1
0.44056, 0.43318, 0.22767, 0.48559, 0.43856, 0.43205, 0.05623, 0.05337, 0
0.43568, 0.4294, 0.2063, 0.48007, 0.44361, 0.44444, 0.07586, 0.06055, 0
0.46052, 0.4481, 0.22049, 0.47282, 0.46654, 0.45645, 0.04864, 0.1006, 1
0.4493, 0.4423, 0.21912, 0.48243, 0.45317, 0.44646, 0.01409, 0.00712, 0
0.44722, 0.43829, 0.20299, 0.4812, 0.45254, 0.44821, 0.01409, 0.02028, 0
0.1854, 0.19314, 0.26377, 0.53404, 0.18444, 0.17984, 0.16226, 0.18148, 0
0.45861, 0.44365, 0.24004, 0.47481, 0.46544, 0.45051, 0.07766, 0.07191, 1
0.43632, 0.43091, 0.24647, 0.48583, 0.43794, 0.42844, 0.04973, 0.10225, 0
0.4238, 0.42331, 0.21848, 0.48535, 0.41042, 0.37902, 0.14438, 0.13223, 0
0.45726, 0.44744, 0.21078, 0.48178, 0.44367, 0.44306, 0.10882, 0.08822, 1
0.44534, 0.43673, 0.28131, 0.48433, 0.44569, 0.44335, 0.02614, 0.01645, 0
0.44239, 0.4354, 0.42345, 0.47569, 0.452, 0.45401, 0.06574, 0.08836, 0
0.473, 0.45524, 0.41239, 0.46897, 0.48235, 0.47512, 0.08678, 0.13894, 0
0.44592, 0.43666, 0.4554, 0.48013, 0.44879, 0.44105, 0.02888, 0.02301, 0
0.43417, 0.42791, 0.47075, 0.48737, 0.44075, 0.43565, 0.06854, 0.09954, 0
0.44763, 0.44231, 0.47145, 0.47466, 0.45735, 0.45215, 0.06991, 0.03001, 0
0.40274, 0.40635, 0.1942, 0.48054, 0.42228, 0.42681, 0.25915, 0.28708, 1
0.47404, 0.47044, 0.2293, 0.47035, 0.50277, 0.49807, 0.27911, 0.28807, 0
0.45235, 0.44164, 0.28396, 0.47366, 0.47247, 0.45615, 0.04559, 0.03389, 1
0.45436, 0.44458, 0.1754, 0.47131, 0.4652, 0.46079, 0.03605, 0.04203, 0
0.45931, 0.44964, 0.30305, 0.4728, 0.46522, 0.4616, 0.04295, 0.041, 1
0.44627, 0.43754, 0.16985, 0.48452, 0.4439, 0.43172, 0.05982, 0.0106, 0
0.72295, 0.72114, 0.18698, 0.46139, 0.7095, 0.69087, 0.248, 0.26965, 0
0.43133, 0.3875, 0.14818, 0.48062, 0.42976, 0.41673, 0.54481, 0.58954, 1
0.41485, 0.41694, 0.09995, 0.47639, 0.43955, 0.4476, 0.25756, 0.26427, 0
0.45249, 0.43496, 0.09169, 0.47378, 0.476, 0.45876, 0.03676, 0.04135, 1
0.45194, 0.44418, 0.1379, 0.4767, 0.45802, 0.44828, 0.01977, 0.06442, 1
0.45089, 0.44211, 0.2032, 0.4774, 0.45593, 0.44744, 0.00589, 0.00983, 0
0.45154, 0.44372, 0.1975, 0.47461, 0.4584, 0.45471, 0.03141, 0.0314, 1
0.44571, 0.43637, 0.22186, 0.48369, 0.44966, 0.43926, 0.03697, 0.00847, 1
0.45203, 0.44164, 0.23054, 0.47398, 0.45831, 0.45161, 0.00789, 0.03563, 1
0.44237, 0.43416, 0.17275, 0.49034, 0.44684, 0.44062, 0.03437, 0.02723, 0
0.45057, 0.44345, 0.24473, 0.47236, 0.46068, 0.46039, 0.06897, 0.0482, 0
0.45554, 0.44619, 0.36066, 0.47128, 0.47204, 0.46622, 0.07255, 0.0168, 1
0.45459, 0.44028, 0.31916, 0.47196, 0.46107, 0.46109, 0.02687, 0.05021, 1
0.44891, 0.44073, 0.27047, 0.48027, 0.45431, 0.45092, 0.0153, 0.05229, 1
0.44864, 0.44141, 0.19588, 0.47873, 0.45345, 0.4464, 0.01329, 0.03193, 0
0.44741, 0.43983, 0.16967, 0.47952, 0.45342, 0.4479, 0.02363, 0.02846, 1
0.43813, 0.4306, 0.39767, 0.48752, 0.43744, 0.42834, 0.06634, 0.05623, 0
0.44813, 0.44372, 0.40109, 0.48288, 0.44895, 0.442, 0.02784, 0.02342, 0
0.45707, 0.44602, 0.41707, 0.4663, 0.46221, 0.45764, 0.02526, 0.02369, 1
0.45308, 0.4428, 0.43587, 0.48019, 0.4556, 0.44731, 0.03363, 0.06843, 1
0.44818, 0.43888, 0.44829, 0.48478, 0.4503, 0.44229, 0.02913, 0.05223, 1
0.45435, 0.44395, 0.4468, 0.47153, 0.46258, 0.45597, 0.0139, 0.00492, 0
0.45058, 0.44003, 0.42813, 0.47475, 0.45782, 0.44996, 0.01112, 0.00246, 1
0.46048, 0.45018, 0.26858, 0.46507, 0.46556, 0.46016, 0.04343, 0.03712, 0
0.44031, 0.43451, 0.20887, 0.48567, 0.44606, 0.44326, 0.04874, 0.0221, 1
0.45559, 0.44627, 0.19611, 0.47135, 0.47164, 0.46536, 0.07011, 0.0, 1
0.45351, 0.44095, 0.19843, 0.47354, 0.45713, 0.45344, 0.03656, 0.0319, 0
0.45422, 0.43865, 0.23787, 0.47481, 0.46129, 0.45958, 0.0422, 0.06436, 1
0.4602, 0.44901, 0.22994, 0.47431, 0.46502, 0.45735, 0.04239, 0.04129, 1
0.43735, 0.43161, 0.22181, 0.48384, 0.43216, 0.42827, 0.05754, 0.02987, 1
0.45335, 0.44507, 0.25313, 0.47194, 0.46166, 0.45897, 0.04433, 0.05193, 0
0.44781, 0.4405, 0.24509, 0.47752, 0.45514, 0.46988, 0.07065, 0.0824, 0
0.46118, 0.44736, 0.25681, 0.47126, 0.47084, 0.46479, 0.03266, 0.02996, 1
0.45018, 0.43936, 0.21226, 0.48401, 0.45018, 0.44264, 0.05409, 0.04696, 0
0.44863, 0.44141, 0.19427, 0.4829, 0.45025, 0.44125, 0.00582, 0.04261, 1
0.44662, 0.4405, 0.20271, 0.4736, 0.45641, 0.45521, 0.07437, 0.09149, 0
0.45081, 0.44073, 0.18325, 0.47216, 0.46278, 0.46075, 0.03821, 0.02121, 1
0.50151, 0.46873, 0.16172, 0.47897, 0.48058, 0.453, 0.44105, 0.54361, 0
0.45436, 0.44745, 0.21968, 0.47057, 0.46323, 0.45755, 0.06044, 0.09276, 0
0.44789, 0.43886, 0.15753, 0.47852, 0.45421, 0.45052, 0.01362, 0.01309, 0
0.44805, 0.44049, 0.14951, 0.47443, 0.4556, 0.45178, 0.03314, 0.03235, 0
0.4673, 0.45742, 0.13455, 0.46918, 0.47136, 0.46893, 0.07988, 0.09277, 0
0.55833, 0.54244, 0.26511, 0.47065, 0.57407, 0.56637, 0.49386, 0.61944, 0
0.44065, 0.4326, 0.26237, 0.47993, 0.45224, 0.44476, 0.04847, 0.05617, 0
0.42878, 0.42496, 0.22846, 0.48714, 0.43606, 0.43408, 0.09751, 0.14532, 1
0.45195, 0.43889, 0.17065, 0.48279, 0.45261, 0.44384, 0.08126, 0.08139, 1
0.4498, 0.4421, 0.22758, 0.48139, 0.45274, 0.44719, 0.00883, 0.01464, 1
0.5178, 0.50163, 0.2301, 0.46468, 0.52315, 0.51724, 0.29171, 0.13724, 0
0.45497, 0.44302, 0.25565, 0.47569, 0.46366, 0.45052, 0.032, 0.04013, 1
0.48338, 0.47289, 0.2104, 0.46751, 0.50051, 0.49981, 0.18703, 0.21951, 0
0.45364, 0.4492, 0.15557, 0.48192, 0.45359, 0.43579, 0.03913, 0.03395, 1
0.40088, 0.40685, 0.12754, 0.47999, 0.421, 0.42846, 0.28934, 0.29397, 1
0.38457, 0.39292, 0.12864, 0.48478, 0.39736, 0.38494, 0.28184, 0.24955, 1
0.457, 0.44668, 0.10733, 0.47947, 0.4546, 0.43635, 0.0703, 0.08557, 0
0.46339, 0.46718, 0.115, 0.47367, 0.47288, 0.46878, 0.22482, 0.19024, 0
0.45333, 0.43888, 0.11986, 0.47554, 0.46277, 0.45972, 0.01601, 0.04582, 1
0.45318, 0.44394, 0.11629, 0.47098, 0.45757, 0.45455, 0.01383, 0.00847, 0
0.44753, 0.43843, 0.1187, 0.47882, 0.45282, 0.44885, 0.01382, 0.00424, 0
0.39891, 0.41022, 0.17766, 0.47975, 0.4214, 0.43105, 0.34983, 0.34485, 1
0.45678, 0.44464, 0.21747, 0.48128, 0.45452, 0.44451, 0.08826, 0.10401, 1
0.50616, 0.49129, 0.23207, 0.46829, 0.50668, 0.50411, 0.2424, 0.20829, 1
0.43779, 0.43111, 0.24837, 0.48174, 0.43539, 0.44302, 0.04921, 0.02128, 0
0.45303, 0.44508, 0.26641, 0.48111, 0.45489, 0.44871, 0.01965, 0.02641, 0
0.44465, 0.43661, 0.27183, 0.48511, 0.44795, 0.44275, 0.02209, 0.0088, 0
0.4489, 0.4421, 0.26903, 0.47929, 0.45379, 0.45176, 0.03094, 0.04035, 1
0.4549, 0.44462, 0.26059, 0.47495, 0.45936, 0.45537, 0.01755, 0.03598, 1
0.45519, 0.44439, 0.13694, 0.47743, 0.45891, 0.45468, 0.0218, 0.03197, 1
0.44584, 0.43705, 0.24703, 0.48433, 0.45126, 0.44453, 0.02032, 0.02336, 0
0.46659, 0.45313, 0.25757, 0.47293, 0.46849, 0.45915, 0.08426, 0.09491, 1
0.46004, 0.44395, 0.26022, 0.4714, 0.48599, 0.49579, 0.09346, 0.07805, 0
0.4591, 0.44372, 0.26186, 0.47223, 0.48279, 0.48002, 0.04975, 0.05396, 1
0.45457, 0.44532, 0.17391, 0.47571, 0.45852, 0.45079, 0.02137, 0.03607, 1
0.46811, 0.45474, 0.15984, 0.47001, 0.47677, 0.47474, 0.00966, 0.00883, 0
0.45168, 0.43889, 0.14847, 0.4746, 0.45972, 0.45302, 0.02907, 0.03656, 0
0.44515, 0.43567, 0.12494, 0.48485, 0.44923, 0.44022, 0.0378, 0.02448, 0
0.46626, 0.4616, 0.12141, 0.47824, 0.46418, 0.45566, 0.10074, 0.08828, 1
0.44467, 0.43822, 0.24086, 0.48555, 0.4476, 0.44166, 0.0172, 0.02396, 0
0.44537, 0.4345, 0.41898, 0.4769, 0.45382, 0.45694, 0.03231, 0.00426, 1
0.44792, 0.44532, 0.3629, 0.48169, 0.44503, 0.44286, 0.02518, 0.0149, 0
0.44726, 0.44256, 0.32307, 0.47759, 0.45235, 0.45734, 0.06948, 0.05779, 1
0.49634, 0.47923, 0.21022, 0.46497, 0.50131, 0.49258, 0.18888, 0.20312, 0
0.45131, 0.44003, 0.19743, 0.47445, 0.46263, 0.45652, 0.02564, 0.01919, 0
0.45153, 0.44164, 0.19285, 0.47448, 0.46289, 0.46365, 0.0309, 0.0302, 0
0.44881, 0.4398, 0.1896, 0.47505, 0.46066, 0.45443, 0.03911, 0.03214, 1
0.45631, 0.44557, 0.17514, 0.47279, 0.46661, 0.45974, 0.02509, 0.01369, 1
0.41833, 0.40978, 0.29373, 0.48617, 0.42277, 0.42376, 0.15196, 0.18571, 1
0.42745, 0.42045, 0.29725, 0.47964, 0.43776, 0.43739, 0.1143, 0.17168, 1
0.4715, 0.46243, 0.28843, 0.47016, 0.47998, 0.48028, 0.11475, 0.17159, 0
0.44732, 0.44118, 0.16708, 0.48045, 0.45318, 0.44899, 0.03813, 0.03861, 1
0.45826, 0.44803, 0.10464, 0.46656, 0.46355, 0.45715, 0.03326, 0.06696, 1
0.44682, 0.44005, 0.15024, 0.48189, 0.43415, 0.41592, 0.0816, 0.08536, 1
0.4655, 0.45387, 0.18298, 0.47037, 0.4665, 0.46726, 0.06226, 0.05297, 0
0.45933, 0.44936, 0.20136, 0.47304, 0.47778, 0.487, 0.12058, 0.10831, 1
0.4503, 0.44483, 0.17842, 0.48243, 0.45052, 0.4454, 0.02098, 0.03375, 0
0.43327, 0.42683, 0.1914, 0.48046, 0.44209, 0.44306, 0.08628, 0.04985, 1
0.45974, 0.44753, 0.32658, 0.47957, 0.45935, 0.45065, 0.07135, 0.04399, 0
0.44274, 0.43485, 0.22118, 0.48498, 0.4483, 0.44256, 0.0315, 0.0087, 1
0.46206, 0.45003, 0.18424, 0.47013, 0.47063, 0.46508, 0.04306, 0.02747, 0
0.44714, 0.43529, 0.18476, 0.47678, 0.4545, 0.44474, 0.04156, 0.0238, 1
0.43789, 0.43026, 0.30824, 0.47553, 0.45382, 0.44638, 0.07494, 0.12646, 0
0.44457, 0.45185, 0.41081, 0.48337, 0.42646, 0.39866, 0.05423, 0.05206, 1
0.4505, 0.44118, 0.4175, 0.47236, 0.45906, 0.45437, 0.01899, 0.03149, 0
0.45031, 0.4432, 0.39348, 0.47911, 0.45461, 0.44833, 0.01635, 0.02821, 0
0.45148, 0.4441, 0.34793, 0.47378, 0.45914, 0.45799, 0.04539, 0.03477, 1
0.44434, 0.43692, 0.21428, 0.47555, 0.45368, 0.45323, 0.05465, 0.0443, 1
0.43577, 0.43126, 0.25231, 0.4742, 0.45905, 0.45885, 0.16178, 0.13144, 1
0.45294, 0.44343, 0.18178, 0.482, 0.45472, 0.44792, 0.02841, 0.04786, 0
0.44965, 0.44636, 0.17533, 0.4736, 0.45979, 0.45746, 0.11005, 0.05641, 1
0.45405, 0.44793, 0.19701, 0.47779, 0.45789, 0.45705, 0.05561, 0.0, 0
0.44864, 0.44096, 0.22209, 0.4811, 0.45199, 0.44533, 0.00574, 0.00958, 1
0.45819, 0.44951, 0.21106, 0.47071, 0.46639, 0.46496, 0.05632, 0.05938, 0
0.46428, 0.4502, 0.21186, 0.47476, 0.46677, 0.4557, 0.08697, 0.09731, 0
0.46093, 0.45765, 0.20999, 0.47092, 0.4702, 0.46705, 0.13362, 0.12497, 1
0.46346, 0.44952, 0.2172, 0.47657, 0.46521, 0.45638, 0.08378, 0.09034, 0
0.45465, 0.44186, 0.1732, 0.47286, 0.46185, 0.45857, 0.02472, 0.02368, 1
0.49564, 0.4788, 0.18669, 0.47194, 0.49241, 0.47727, 0.21089, 0.15355, 0
0.39917, 0.39319, 0.18777, 0.48993, 0.40397, 0.40077, 0.23234, 0.18908, 1
0.43077, 0.41696, 0.18985, 0.48436, 0.42757, 0.42251, 0.18428, 0.13656, 0
0.45136, 0.44208, 0.17475, 0.47714, 0.45542, 0.4501, 0.00573, 0.0, 1
0.4559, 0.44746, 0.15782, 0.48027, 0.45676, 0.44929, 0.03382, 0.03827, 0
0.49597, 0.47227, 0.21979, 0.47045, 0.49514, 0.47987, 0.23204, 0.20486, 0
0.46121, 0.44752, 0.26909, 0.47252, 0.47952, 0.47341, 0.03595, 0.06155, 1
0.45695, 0.46947, 0.27659, 0.47458, 0.47008, 0.46628, 0.33722, 0.37248, 0
0.44895, 0.43893, 0.20996, 0.47427, 0.45463, 0.45147, 0.01087, 0.02202, 1
0.42102, 0.41795, 0.20659, 0.4778, 0.43931, 0.44436, 0.18043, 0.10108, 1
0.46297, 0.44299, 0.2115, 0.4716, 0.47729, 0.47108, 0.05367, 0.0548, 1
0.44575, 0.43802, 0.26795, 0.48449, 0.45101, 0.44339, 0.01526, 0.01104, 1
0.4264, 0.42901, 0.45122, 0.48522, 0.4148, 0.39873, 0.05946, 0.09285, 0
0.44887, 0.44096, 0.32778, 0.47481, 0.45335, 0.45077, 0.0204, 0.01783, 1
0.53134, 0.51166, 0.1964, 0.46448, 0.53879, 0.53146, 0.3404, 0.35944, 0
0.43415, 0.43473, 0.23677, 0.48371, 0.44114, 0.43823, 0.11413, 0.09877, 1
0.43063, 0.42467, 0.18168, 0.48422, 0.43825, 0.4263, 0.08003, 0.09288, 1
0.45214, 0.44453, 0.15708, 0.47823, 0.45495, 0.44726, 0.01865, 0.0063, 0
0.44647, 0.43784, 0.13519, 0.48739, 0.45024, 0.44524, 0.01709, 0.01447, 1
0.4426, 0.42824, 0.11498, 0.48585, 0.44179, 0.42834, 0.14133, 0.17197, 1
0.44887, 0.44275, 0.11547, 0.48368, 0.44682, 0.43564, 0.03258, 0.06002, 0
0.53499, 0.52693, 0.14123, 0.41031, 0.54239, 0.5382, 0.04881, 0.04647, 1
0.44393, 0.43009, 0.15665, 0.48548, 0.44357, 0.43558, 0.11353, 0.11855, 0
0.44407, 0.43919, 0.16699, 0.48455, 0.445, 0.43733, 0.01337, 0.01251, 0
0.44892, 0.44074, 0.20177, 0.47734, 0.45502, 0.44889, 0.00774, 0.02371, 1
0.45143, 0.44029, 0.15363, 0.47399, 0.45836, 0.45145, 0.01548, 0.00628, 0
0.45967, 0.44632, 0.18905, 0.47073, 0.47614, 0.4723, 0.04327, 0.03308, 0
0.4684, 0.45323, 0.16784, 0.47949, 0.46576, 0.44807, 0.14285, 0.10804, 0
0.44044, 0.43188, 0.226, 0.48271, 0.43841, 0.44124, 0.05011, 0.00945, 1
0.43426, 0.42657, 0.28068, 0.48926, 0.43447, 0.43185, 0.07206, 0.0, 0
0.4487, 0.44808, 0.29449, 0.47521, 0.46066, 0.45765, 0.1433, 0.12935, 1
0.46285, 0.44986, 0.29368, 0.46991, 0.47305, 0.4702, 0.0429, 0.03029, 0
0.45586, 0.44496, 0.28656, 0.47456, 0.46221, 0.45172, 0.02741, 0.02174, 0
