@relation /home/othavioaset_perfeito_keel
@attribute EMA_3 real [-0.01, 1.01]
@attribute SMA_3 real [-0.01, 1.01]
@attribute ADXR real [-0.01, 1.01]
@attribute Bollinger_Norm real [-0.01, 1.01]
@attribute EMA_5 real [-0.01, 1.01]
@attribute SMA_5 real [-0.01, 1.01]
@attribute std_close3 real [-0.01, 1.01]
@attribute std_open3 real [-0.01, 1.01]
@attribute trend {0, 1}
@inputs EMA_3, SMA_3, ADXR, Bollinger_Norm, EMA_5, SMA_5, std_close3, std_open3
@outputs trend
@data
0.448, 0.43827, 0.36807, 0.48535, 0.45042, 0.44266, 0.03755, 0.03271, 0
0.44113, 0.43663, 0.36743, 0.4845, 0.42467, 0.40871, 0.11289, 0.04856, 1
0.42987, 0.42901, 0.40918, 0.48459, 0.43414, 0.43798, 0.11155, 0.16907, 0
0.45178, 0.4416, 0.42714, 0.48043, 0.45379, 0.44974, 0.02079, 0.01008, 0
0.43299, 0.43305, 0.32074, 0.48469, 0.42527, 0.41549, 0.03983, 0.05869, 0
0.45305, 0.44446, 0.25198, 0.47081, 0.46236, 0.45707, 0.03773, 0.04169, 1
0.43871, 0.44383, 0.23889, 0.484, 0.42364, 0.40791, 0.01289, 0.01424, 0
0.43452, 0.43467, 0.24072, 0.48315, 0.42622, 0.42273, 0.04632, 0.07036, 1
0.4457, 0.43143, 0.30996, 0.48248, 0.441, 0.43965, 0.12783, 0.05632, 1
0.4527, 0.44423, 0.3216, 0.48165, 0.44667, 0.43473, 0.0645, 0.0498, 0
0.43091, 0.41804, 0.35695, 0.48587, 0.4354, 0.42956, 0.13071, 0.16373, 0
0.45744, 0.44709, 0.32975, 0.47525, 0.46301, 0.44851, 0.03609, 0.04327, 1
0.43756, 0.43225, 0.21611, 0.48278, 0.44191, 0.44224, 0.05486, 0.06937, 0
0.45387, 0.44409, 0.38351, 0.47262, 0.46339, 0.46154, 0.03737, 0.03638, 1
0.42898, 0.43229, 0.33788, 0.48485, 0.43469, 0.43118, 0.13334, 0.15366, 1
0.46002, 0.45445, 0.31575, 0.47465, 0.46789, 0.46971, 0.11055, 0.04757, 1
0.43727, 0.43623, 0.11608, 0.48404, 0.43343, 0.43048, 0.04483, 0.05689, 0
0.42587, 0.42878, 0.13875, 0.47618, 0.44529, 0.45262, 0.23586, 0.13625, 1
0.44283, 0.43788, 0.14548, 0.4808, 0.44928, 0.4471, 0.04768, 0.11659, 0
0.44767, 0.44139, 0.16914, 0.47248, 0.46098, 0.46329, 0.09523, 0.06518, 0
0.433, 0.43456, 0.23275, 0.48363, 0.44094, 0.43895, 0.12859, 0.20458, 1
0.44669, 0.44739, 0.27007, 0.48204, 0.43814, 0.43255, 0.05404, 0.04592, 0
0.47859, 0.47364, 0.32641, 0.46912, 0.50468, 0.51265, 0.2895, 0.38007, 1
0.47143, 0.46594, 0.34231, 0.47735, 0.46976, 0.45641, 0.11958, 0.14326, 1
0.45919, 0.442, 0.42049, 0.47251, 0.4685, 0.46482, 0.0615, 0.07994, 0
0.44414, 0.43894, 0.41588, 0.47916, 0.45154, 0.44888, 0.06394, 0.05273, 1
0.45286, 0.44485, 0.32222, 0.47717, 0.45782, 0.44851, 0.01896, 0.0239, 1
0.45162, 0.4424, 0.2165, 0.48313, 0.45219, 0.44506, 0.03117, 0.13019, 1
0.46273, 0.46059, 0.21144, 0.47187, 0.47874, 0.47041, 0.18726, 0.19168, 1
0.4695, 0.45554, 0.29331, 0.46934, 0.47509, 0.46279, 0.08427, 0.10036, 1
0.34062, 0.36716, 0.34232, 0.48086, 0.37744, 0.40023, 0.64659, 0.74392, 1
0.45458, 0.44345, 0.28573, 0.47751, 0.45799, 0.45624, 0.02496, 0.02123, 1
0.43327, 0.42984, 0.27811, 0.48448, 0.44084, 0.44062, 0.09212, 0.10075, 1
0.45392, 0.44139, 0.19594, 0.47406, 0.46085, 0.45237, 0.0363, 0.06308, 1
0.46337, 0.45133, 0.16645, 0.4712, 0.46957, 0.46253, 0.05136, 0.08112, 1
0.4561, 0.44984, 0.14024, 0.48253, 0.44812, 0.43649, 0.06918, 0.06863, 0
0.45431, 0.44839, 0.12908, 0.48122, 0.45036, 0.45024, 0.03483, 0.04757, 0
0.44485, 0.44221, 0.13111, 0.47603, 0.45149, 0.45673, 0.1052, 0.17365, 1
0.50179, 0.47646, 0.14614, 0.4712, 0.49551, 0.48462, 0.26137, 0.223, 0
0.45031, 0.44057, 0.25493, 0.48307, 0.44848, 0.44515, 0.03945, 0.03273, 1
0.45583, 0.44425, 0.30123, 0.48216, 0.45166, 0.44429, 0.07831, 0.07713, 1
0.44327, 0.43748, 0.44315, 0.48207, 0.44965, 0.44588, 0.03872, 0.05958, 0
0.45641, 0.44406, 0.42481, 0.47214, 0.46103, 0.4546, 0.0403, 0.03805, 0
0.44633, 0.43825, 0.40884, 0.48432, 0.45886, 0.44579, 0.02537, 0.02203, 0
0.44771, 0.43908, 0.48056, 0.4738, 0.45807, 0.45227, 0.02986, 0.0485, 0
0.45761, 0.44643, 0.50149, 0.48162, 0.45592, 0.44591, 0.07294, 0.07656, 0
0.4757, 0.46346, 0.4954, 0.4663, 0.48126, 0.48042, 0.10774, 0.09275, 0
0.45085, 0.4374, 0.38485, 0.47635, 0.45855, 0.44387, 0.04591, 0.04818, 1
0.44796, 0.44244, 0.19184, 0.47884, 0.4549, 0.45126, 0.05651, 0.09478, 0
0.44399, 0.43782, 0.17081, 0.4764, 0.45444, 0.45635, 0.07554, 0.07753, 1
0.43415, 0.42551, 0.11478, 0.48589, 0.42422, 0.41489, 0.14233, 0.15711, 1
0.40769, 0.4151, 0.15959, 0.48242, 0.41956, 0.43443, 0.26084, 0.29399, 1
0.44017, 0.43386, 0.1329, 0.47884, 0.44776, 0.43781, 0.04402, 0.06917, 1
0.46295, 0.45271, 0.12327, 0.47362, 0.46775, 0.45887, 0.05628, 0.12964, 1
0.44691, 0.43638, 0.11363, 0.48473, 0.4447, 0.43403, 0.0853, 0.02845, 0
0.45196, 0.44684, 0.20767, 0.47749, 0.45841, 0.45569, 0.06388, 0.04099, 1
0.44799, 0.43658, 0.18477, 0.48319, 0.44852, 0.44111, 0.0734, 0.12619, 1
0.45811, 0.44809, 0.14649, 0.46859, 0.46546, 0.46431, 0.0424, 0.1645, 1
0.46193, 0.4462, 0.15124, 0.47202, 0.46539, 0.45987, 0.0773, 0.13076, 1
0.17549, 0.17968, 0.27283, 0.55519, 0.18301, 0.18868, 0.15302, 0.15404, 1
0.45288, 0.45355, 0.18664, 0.47284, 0.46799, 0.46941, 0.19003, 0.14607, 1
0.01556, 0.01144, 0.36189, 0.53016, 0.02934, 0.04945, 0.11998, 0.06532, 1
0.45375, 0.43929, 0.34456, 0.47477, 0.46498, 0.44871, 0.05183, 0.0522, 0
0.45346, 0.44666, 0.34815, 0.47501, 0.46453, 0.45573, 0.05906, 0.0944, 1
0.44336, 0.4355, 0.31852, 0.47733, 0.45388, 0.44985, 0.04326, 0.03992, 0
0.45338, 0.44703, 0.28455, 0.47782, 0.45339, 0.46391, 0.05951, 0.06593, 0
0.44632, 0.43214, 0.25916, 0.47675, 0.44683, 0.45509, 0.05772, 0.03242, 1
0.43961, 0.43275, 0.29215, 0.47625, 0.45028, 0.44999, 0.07265, 0.02115, 1
0.45576, 0.44324, 0.35875, 0.47954, 0.45828, 0.44624, 0.06618, 0.09453, 0
0.44643, 0.44242, 0.31232, 0.47884, 0.45331, 0.4571, 0.08965, 0.05965, 0
0.42725, 0.41741, 0.22542, 0.48955, 0.42944, 0.42043, 0.13189, 0.12648, 0
0.45136, 0.44345, 0.24105, 0.473, 0.46233, 0.45722, 0.05103, 0.02739, 0
0.45542, 0.44306, 0.47262, 0.47776, 0.45233, 0.44897, 0.06871, 0.05016, 1
0.44735, 0.4393, 0.49092, 0.48054, 0.45322, 0.44821, 0.01814, 0.01114, 1
0.46355, 0.45163, 0.44252, 0.47524, 0.46476, 0.45543, 0.07022, 0.11537, 1
0.44099, 0.43535, 0.43019, 0.48624, 0.4411, 0.43419, 0.02902, 0.08746, 1
0.4477, 0.43805, 0.38661, 0.47464, 0.45585, 0.45074, 0.01941, 0.01939, 1
0.44709, 0.44473, 0.33218, 0.47453, 0.45773, 0.4601, 0.12842, 0.08668, 0
0.4577, 0.44703, 0.31656, 0.47039, 0.46915, 0.47124, 0.05643, 0.05264, 0
0.45338, 0.44077, 0.30303, 0.47221, 0.46416, 0.46276, 0.00403, 0.05485, 0
0.47365, 0.45127, 0.34482, 0.47205, 0.4814, 0.46742, 0.13872, 0.15575, 0
0.48894, 0.46259, 0.35633, 0.47631, 0.4813, 0.45978, 0.28597, 0.31399, 1
0.45302, 0.44244, 0.37646, 0.47133, 0.45794, 0.45518, 0.00699, 0.00772, 0
0.44911, 0.43951, 0.38656, 0.47554, 0.45451, 0.45074, 0.00807, 0.04696, 1
0.4581, 0.45065, 0.35953, 0.4744, 0.46265, 0.4541, 0.04879, 0.0539, 1
0.46243, 0.44653, 0.29159, 0.47134, 0.46792, 0.46146, 0.07024, 0.07428, 0
0.44499, 0.43358, 0.28868, 0.48246, 0.45067, 0.44463, 0.0469, 0.0767, 0
0.44987, 0.44262, 0.28878, 0.47872, 0.45591, 0.45173, 0.0234, 0.05275, 1
0.47917, 0.4601, 0.28176, 0.4752, 0.47608, 0.46158, 0.17373, 0.19079, 0
0.45781, 0.44508, 0.22818, 0.48035, 0.45833, 0.44949, 0.06945, 0.07426, 0
0.43726, 0.43442, 0.19263, 0.48562, 0.44148, 0.4377, 0.06525, 0.09649, 0
0.45237, 0.44406, 0.19256, 0.47589, 0.45907, 0.44812, 0.0143, 0.04746, 0
0.45317, 0.4447, 0.47781, 0.47254, 0.46401, 0.45664, 0.04648, 0.01012, 1
0.46081, 0.45029, 0.27956, 0.46724, 0.46952, 0.46429, 0.04608, 0.02336, 0
0.4467, 0.4393, 0.14952, 0.48285, 0.45102, 0.44744, 0.01528, 0.02157, 1
0.45884, 0.44979, 0.16196, 0.46744, 0.46573, 0.46233, 0.04918, 0.02136, 0
0.45993, 0.44614, 0.37363, 0.47518, 0.46306, 0.45587, 0.06662, 0.09595, 0
0.45561, 0.44325, 0.40722, 0.47222, 0.46114, 0.45424, 0.03265, 0.05125, 1
0.45329, 0.44139, 0.40768, 0.478, 0.45646, 0.44748, 0.05007, 0.06035, 0
0.44643, 0.43767, 0.4104, 0.4858, 0.44927, 0.44035, 0.0281, 0.03257, 1
0.4428, 0.43974, 0.4106, 0.48175, 0.44866, 0.44736, 0.0745, 0.05933, 0
0.72651, 0.70946, 0.43143, 0.30098, 0.73527, 0.72455, 0.04963, 0.03493, 0
0.44421, 0.43705, 0.22144, 0.48013, 0.45133, 0.44498, 0.03406, 0.03982, 1
0.43313, 0.42487, 0.20373, 0.47771, 0.44445, 0.44323, 0.08527, 0.04868, 1
0.45039, 0.44324, 0.27191, 0.47998, 0.4521, 0.44974, 0.02293, 0.04966, 0
0.44904, 0.43747, 0.28973, 0.4804, 0.45243, 0.43898, 0.06462, 0.07294, 1
0.45153, 0.44265, 0.27937, 0.47369, 0.45883, 0.45456, 0.01732, 0.01833, 0
0.45774, 0.44347, 0.18516, 0.47426, 0.47158, 0.47886, 0.01221, 0.00665, 1
0.44276, 0.43495, 0.18329, 0.48763, 0.4465, 0.43966, 0.03185, 0.0133, 0
0.45538, 0.44951, 0.15695, 0.47111, 0.4676, 0.47244, 0.11837, 0.12673, 1
0.44632, 0.43767, 0.14948, 0.48438, 0.44458, 0.43985, 0.04, 0.04017, 1
0.45309, 0.44428, 0.14855, 0.48211, 0.45101, 0.44561, 0.03603, 0.04623, 1
0.44117, 0.43417, 0.18166, 0.47595, 0.45131, 0.44924, 0.06477, 0.03438, 0
0.43505, 0.42584, 0.2877, 0.48948, 0.43906, 0.43503, 0.0779, 0.05428, 1
0.45585, 0.44678, 0.35452, 0.4791, 0.45713, 0.45651, 0.02748, 0.0435, 1
0.4681, 0.46548, 0.36575, 0.46889, 0.48263, 0.48598, 0.21383, 0.28288, 0
0.51716, 0.48433, 0.52637, 0.4732, 0.50551, 0.48497, 0.38916, 0.46227, 1
0.43405, 0.4372, 0.53206, 0.48455, 0.41458, 0.39203, 0.07101, 0.0544, 1
0.45213, 0.44414, 0.37241, 0.48258, 0.45245, 0.44487, 0.02551, 0.00595, 0
0.44855, 0.43928, 0.28025, 0.4805, 0.45343, 0.44422, 0.01834, 0.03316, 0
0.44408, 0.4359, 0.16111, 0.48677, 0.44755, 0.43897, 0.03004, 0.0644, 0
0.45086, 0.44182, 0.14928, 0.47712, 0.45643, 0.4537, 0.00935, 0.01127, 1
0.46457, 0.45276, 0.22652, 0.46772, 0.46929, 0.47154, 0.05656, 0.08102, 0
0.45218, 0.45519, 0.22123, 0.47356, 0.47427, 0.46336, 0.2301, 0.21895, 0
0.46649, 0.45203, 0.21309, 0.47173, 0.48627, 0.48556, 0.06231, 0.06543, 1
0.47497, 0.46429, 0.18701, 0.47347, 0.47458, 0.47207, 0.11218, 0.07285, 0
0.43891, 0.43126, 0.24204, 0.48743, 0.43898, 0.43335, 0.05472, 0.07681, 0
0.46195, 0.45112, 0.30139, 0.47352, 0.46627, 0.46253, 0.04796, 0.0747, 0
0.42657, 0.42469, 0.30672, 0.47872, 0.4412, 0.43986, 0.14708, 0.11278, 1
0.45019, 0.44035, 0.39563, 0.48044, 0.45381, 0.44986, 0.01117, 0.01234, 0
0.45002, 0.4414, 0.30247, 0.4784, 0.45555, 0.4528, 0.01241, 0.05118, 0
0.79572, 0.77905, 0.30074, 0.40338, 0.7986, 0.78477, 0.03988, 0.05711, 1
0.45245, 0.43779, 0.2678, 0.47398, 0.46522, 0.45306, 0.03275, 0.03109, 1
0.44862, 0.43885, 0.28465, 0.47559, 0.45659, 0.44947, 0.0114, 0.02159, 1
0.45829, 0.44692, 0.3011, 0.47384, 0.46328, 0.45255, 0.04092, 0.01037, 1
0.44791, 0.43694, 0.34064, 0.48272, 0.45094, 0.44703, 0.04091, 0.05343, 0
0.44815, 0.44055, 0.33643, 0.48183, 0.45179, 0.44587, 0.00614, 0.05178, 0
0.40648, 0.4029, 0.17389, 0.48605, 0.41433, 0.40434, 0.18737, 0.32332, 1
0.45529, 0.44771, 0.20418, 0.47051, 0.46668, 0.46172, 0.06604, 0.05391, 0
0.44295, 0.43845, 0.36707, 0.48366, 0.44148, 0.43519, 0.01587, 0.04193, 1
0.45033, 0.43123, 0.35351, 0.47386, 0.46828, 0.46423, 0.06776, 0.07517, 1
0.46134, 0.44859, 0.33053, 0.48025, 0.46041, 0.45049, 0.08722, 0.13983, 0
0.41536, 0.42137, 0.23758, 0.48371, 0.42099, 0.42686, 0.19733, 0.21586, 1
0.43897, 0.43023, 0.27429, 0.48194, 0.4459, 0.44079, 0.05297, 0.05016, 0
0.45145, 0.44561, 0.27216, 0.47284, 0.45961, 0.45496, 0.06195, 0.05858, 1
0.4493, 0.4395, 0.19509, 0.4814, 0.45204, 0.44743, 0.02596, 0.04425, 1
0.44326, 0.43929, 0.20042, 0.48386, 0.44693, 0.4436, 0.04837, 0.05058, 1
0.45089, 0.44139, 0.18074, 0.47197, 0.45947, 0.45573, 0.01941, 0.04052, 1
0.44002, 0.4333, 0.42208, 0.4778, 0.44916, 0.44358, 0.05385, 0.00442, 0
0.44018, 0.42774, 0.14734, 0.48611, 0.43831, 0.43169, 0.11223, 0.09607, 1
0.43755, 0.43294, 0.2307, 0.48513, 0.43725, 0.43724, 0.04484, 0.06926, 0
0.4549, 0.45073, 0.24987, 0.47155, 0.47781, 0.47815, 0.1895, 0.18694, 1
0.46329, 0.45615, 0.32051, 0.4724, 0.47028, 0.46195, 0.0817, 0.16684, 1
0.44579, 0.43758, 0.30424, 0.47458, 0.4567, 0.45396, 0.04427, 0.00984, 1
0.4462, 0.43737, 0.2029, 0.47663, 0.45465, 0.44908, 0.02324, 0.02226, 0
0.44951, 0.44118, 0.25032, 0.48382, 0.44857, 0.44062, 0.03539, 0.06741, 1
0.46094, 0.44854, 0.55163, 0.47669, 0.46253, 0.45368, 0.06505, 0.01249, 0
0.44895, 0.4435, 0.59484, 0.48218, 0.45242, 0.44705, 0.03188, 0.05575, 1
0.4487, 0.4395, 0.61323, 0.48073, 0.45289, 0.45049, 0.00884, 0.01914, 0
0.4618, 0.44603, 0.6279, 0.47041, 0.47544, 0.47528, 0.02347, 0.05287, 1
0.44398, 0.43528, 0.61226, 0.47625, 0.45427, 0.44283, 0.03176, 0.04642, 0
0.45137, 0.44392, 0.60197, 0.47481, 0.46147, 0.45254, 0.04263, 0.0449, 0
0.44748, 0.43739, 0.57409, 0.47699, 0.45504, 0.44781, 0.01962, 0.03171, 1
0.45448, 0.44287, 0.56884, 0.4783, 0.45858, 0.44985, 0.03961, 0.06295, 1
0.45209, 0.44097, 0.56178, 0.4829, 0.45404, 0.44538, 0.05109, 0.06976, 0
0.4442, 0.43613, 0.40824, 0.48363, 0.44837, 0.44501, 0.02538, 0.02722, 0
0.4467, 0.44118, 0.34769, 0.4839, 0.44607, 0.43853, 0.0, 0.04273, 0
0.44578, 0.43786, 0.34106, 0.48514, 0.44894, 0.44293, 0.0175, 0.03281, 1
0.44846, 0.46401, 0.15469, 0.48167, 0.44109, 0.42785, 0.21731, 0.23189, 1
0.44491, 0.44015, 0.27656, 0.48448, 0.44295, 0.43582, 0.00528, 0.08878, 1
0.44593, 0.43932, 0.30528, 0.48061, 0.44955, 0.44911, 0.03073, 0.01167, 0
0.45964, 0.44801, 0.38019, 0.47718, 0.46146, 0.45262, 0.05715, 0.01447, 0
0.46317, 0.44948, 0.41716, 0.47486, 0.46447, 0.45526, 0.08006, 0.06854, 0
0.18222, 0.17089, 0.43241, 0.56286, 0.17494, 0.16969, 0.16824, 0.15445, 1
0.43824, 0.43594, 0.24203, 0.47997, 0.44816, 0.44541, 0.0996, 0.04315, 1
0.45566, 0.44455, 0.24985, 0.47109, 0.47113, 0.47545, 0.07211, 0.11817, 1
0.45407, 0.44139, 0.24316, 0.47674, 0.45351, 0.45643, 0.04359, 0.02565, 1
0.44898, 0.44202, 0.21668, 0.48363, 0.4482, 0.44242, 0.01118, 0.05628, 0
0.44487, 0.43806, 0.21282, 0.48422, 0.4463, 0.44305, 0.01739, 0.04037, 1
0.44573, 0.43993, 0.15376, 0.48011, 0.45028, 0.43647, 0.01207, 0.05408, 0
0.46344, 0.44835, 0.24964, 0.47258, 0.47661, 0.45905, 0.05461, 0.0162, 1
0.44836, 0.43992, 0.3486, 0.47511, 0.45629, 0.4496, 0.01861, 0.03141, 1
0.44823, 0.43845, 0.33722, 0.47965, 0.45475, 0.44883, 0.01421, 0.0214, 1
0.4523, 0.44517, 0.26797, 0.47722, 0.45638, 0.45647, 0.04159, 0.04147, 1
0.54846, 0.50916, 0.16779, 0.47413, 0.52698, 0.4996, 0.55006, 0.97467, 0
0.4359, 0.43266, 0.14234, 0.47679, 0.45359, 0.44456, 0.1178, 0.03941, 0
0.42708, 0.43163, 0.15429, 0.47945, 0.43743, 0.46504, 0.23704, 0.34879, 1
0.44669, 0.43501, 0.14993, 0.47417, 0.46008, 0.45501, 0.03384, 0.0435, 1
0.4567, 0.44651, 0.15075, 0.47357, 0.4683, 0.45566, 0.0346, 0.02792, 1
0.45602, 0.44417, 0.15513, 0.4765, 0.46229, 0.45217, 0.03841, 0.05013, 1
0.46342, 0.44883, 0.2132, 0.47315, 0.46591, 0.45603, 0.07997, 0.09112, 0
0.51554, 0.50059, 0.22498, 0.46626, 0.53704, 0.54387, 0.31873, 0.30921, 0
0.45806, 0.44311, 0.27959, 0.47212, 0.48119, 0.47477, 0.0457, 0.05745, 0
0.45054, 0.44097, 0.33996, 0.48333, 0.4551, 0.43987, 0.04113, 0.07026, 1
0.45011, 0.44097, 0.34948, 0.48369, 0.45256, 0.44052, 0.03754, 0.04349, 1
0.44514, 0.4352, 0.33522, 0.47556, 0.45327, 0.45024, 0.02975, 0.03993, 1
0.44641, 0.43755, 0.31988, 0.47527, 0.45532, 0.45011, 0.02911, 0.03619, 1
0.44618, 0.43733, 0.28501, 0.48129, 0.45274, 0.4479, 0.01991, 0.05572, 0
0.44344, 0.44054, 0.27615, 0.4843, 0.44185, 0.43433, 0.01635, 0.01182, 0
0.45158, 0.44161, 0.20997, 0.47218, 0.46567, 0.46334, 0.05015, 0.07248, 1
0.45029, 0.44225, 0.20782, 0.4767, 0.45725, 0.45024, 0.02034, 0.04546, 1
0.46371, 0.44945, 0.25925, 0.47189, 0.46802, 0.45846, 0.0708, 0.10191, 1
0.45312, 0.44521, 0.25412, 0.4777, 0.45747, 0.4564, 0.0301, 0.02746, 1
0.45157, 0.44161, 0.13599, 0.47975, 0.4562, 0.45075, 0.01081, 0.02389, 1
0.46281, 0.45072, 0.16343, 0.47302, 0.46784, 0.45589, 0.05919, 0.05094, 1
0.44038, 0.42853, 0.18143, 0.48615, 0.43917, 0.43541, 0.09872, 0.06637, 1
0.44996, 0.44287, 0.2178, 0.48161, 0.45088, 0.44666, 0.00887, 0.09067, 0
0.43128, 0.42681, 0.15988, 0.47738, 0.44432, 0.44908, 0.12371, 0.08919, 1
0.43937, 0.43063, 0.11226, 0.48368, 0.44165, 0.44141, 0.05201, 0.0671, 0
0.45187, 0.44456, 0.13418, 0.47667, 0.45661, 0.45228, 0.03261, 0.01576, 0
0.42971, 0.42613, 0.47116, 0.48385, 0.43837, 0.4385, 0.10479, 0.08106, 1
0.43708, 0.42547, 0.4622, 0.47976, 0.44519, 0.4428, 0.07753, 0.01606, 1
0.43842, 0.43279, 0.46437, 0.48751, 0.44015, 0.43081, 0.04084, 0.03086, 1
0.4542, 0.44613, 0.35946, 0.47962, 0.45657, 0.44541, 0.02553, 0.02866, 0
0.44805, 0.43925, 0.23261, 0.4798, 0.45297, 0.44632, 0.00952, 0.00827, 1
0.44648, 0.44161, 0.11494, 0.47303, 0.45802, 0.45859, 0.09719, 0.0525, 0
0.45242, 0.44569, 0.13654, 0.4807, 0.45273, 0.44699, 0.02182, 0.15497, 1
0.44761, 0.43475, 0.11968, 0.48261, 0.44827, 0.44269, 0.08148, 0.06752, 0
0.36774, 0.36739, 0.38789, 0.49051, 0.371, 0.36118, 0.35672, 0.36855, 1
0.45624, 0.44709, 0.31209, 0.47659, 0.45655, 0.45662, 0.0287, 0.03311, 0
0.44883, 0.43841, 0.53007, 0.48083, 0.4551, 0.4439, 0.03314, 0.02408, 0
0.44732, 0.43926, 0.4625, 0.48186, 0.45292, 0.44688, 0.01286, 0.05122, 0
0.45376, 0.44524, 0.206, 0.47357, 0.45981, 0.45257, 0.02153, 0.02089, 1
0.45731, 0.44375, 0.15085, 0.47311, 0.46133, 0.45568, 0.05151, 0.03417, 0
0.45924, 0.44823, 0.17221, 0.47618, 0.46146, 0.45218, 0.05063, 0.11064, 0
0.44936, 0.43924, 0.31088, 0.47907, 0.45441, 0.45011, 0.0188, 0.02201, 0
0.4412, 0.4362, 0.32825, 0.48179, 0.44834, 0.44276, 0.05445, 0.03353, 0
0.45672, 0.44748, 0.34042, 0.47022, 0.4687, 0.46904, 0.06711, 0.1102, 0
0.45392, 0.44568, 0.36102, 0.47788, 0.44995, 0.45128, 0.02179, 0.0309, 0
0.44325, 0.4354, 0.3626, 0.48137, 0.44333, 0.44816, 0.0293, 0.01046, 1
0.45083, 0.44248, 0.36882, 0.47299, 0.46458, 0.45767, 0.05075, 0.09754, 0
0.44876, 0.43622, 0.44457, 0.4738, 0.46165, 0.45455, 0.02454, 0.06572, 0
0.46023, 0.44852, 0.46873, 0.47085, 0.47005, 0.45979, 0.0356, 0.03844, 1
0.45263, 0.43946, 0.47605, 0.47682, 0.45936, 0.44998, 0.05116, 0.04524, 0
0.45788, 0.44769, 0.56578, 0.47782, 0.46198, 0.45471, 0.03627, 0.03181, 1
0.44811, 0.43728, 0.56194, 0.48429, 0.45124, 0.44485, 0.04409, 0.03861, 0
0.42425, 0.41691, 0.28125, 0.48649, 0.43171, 0.42685, 0.11721, 0.11674, 1
0.44737, 0.44097, 0.21439, 0.47463, 0.45842, 0.45524, 0.07446, 0.06486, 1
0.46623, 0.45249, 0.2003, 0.46963, 0.47395, 0.47014, 0.05751, 0.05312, 0
0.4463, 0.43988, 0.17638, 0.47742, 0.45337, 0.44537, 0.02972, 0.03611, 1
0.45728, 0.4477, 0.14366, 0.46903, 0.4646, 0.46183, 0.03827, 0.06222, 1
0.45781, 0.44379, 0.14774, 0.47348, 0.46224, 0.4559, 0.05591, 0.0482, 0
0.43788, 0.42968, 0.30332, 0.48066, 0.43928, 0.41998, 0.09284, 0.03472, 1
0.44057, 0.43706, 0.23996, 0.48321, 0.43361, 0.42338, 0.02821, 0.03596, 0
0.45768, 0.44683, 0.17466, 0.47976, 0.4563, 0.45339, 0.0483, 0.01517, 0
0.45423, 0.44509, 0.17242, 0.47147, 0.46057, 0.4551, 0.02379, 0.03456, 1
0.45395, 0.44227, 0.16835, 0.47411, 0.45887, 0.45352, 0.02771, 0.01288, 1
0.4616, 0.44599, 0.26779, 0.47235, 0.47997, 0.4721, 0.02433, 0.01681, 1
0.3382, 0.34536, 0.346, 0.49116, 0.33845, 0.33881, 0.4637, 0.40363, 1
0.46128, 0.43944, 0.34029, 0.47552, 0.46964, 0.4772, 0.05533, 0.05596, 0
0.37655, 0.39552, 0.35363, 0.48744, 0.38532, 0.38925, 0.35663, 0.44885, 1
0.53976, 0.52358, 0.36152, 0.47015, 0.53553, 0.52818, 0.39822, 0.47684, 1
0.45915, 0.43882, 0.3343, 0.47196, 0.48773, 0.48942, 0.03939, 0.08968, 1
0.45323, 0.44484, 0.2896, 0.47264, 0.46481, 0.46144, 0.04825, 0.03176, 1
0.45238, 0.44075, 0.29393, 0.47436, 0.45978, 0.45167, 0.02523, 0.03249, 1
0.44712, 0.43841, 0.39284, 0.48315, 0.44792, 0.44519, 0.01832, 0.02172, 0
0.44512, 0.43883, 0.39506, 0.48189, 0.44867, 0.44804, 0.03239, 0.01945, 0
0.44201, 0.43431, 0.35737, 0.47445, 0.46053, 0.45999, 0.09228, 0.08766, 1
0.45806, 0.44741, 0.34786, 0.4769, 0.4629, 0.45206, 0.04285, 0.04971, 0
0.44662, 0.43625, 0.33841, 0.48551, 0.45016, 0.44048, 0.04765, 0.03079, 1
0.51604, 0.49758, 0.32754, 0.47035, 0.51477, 0.51482, 0.2764, 0.32888, 0
0.42322, 0.4173, 0.25455, 0.48486, 0.43238, 0.43162, 0.12177, 0.10242, 1
0.44652, 0.43499, 0.14081, 0.48403, 0.4485, 0.4382, 0.06926, 0.05934, 0
0.45593, 0.44359, 0.21781, 0.482, 0.45355, 0.44374, 0.09035, 0.09615, 0
0.44807, 0.43966, 0.27194, 0.48172, 0.44615, 0.44296, 0.03187, 0.055, 0
0.44771, 0.43922, 0.29274, 0.47479, 0.45516, 0.45659, 0.03949, 0.03359, 1
0.4152, 0.41891, 0.29745, 0.48039, 0.43167, 0.43396, 0.22137, 0.24938, 1
0.43739, 0.42325, 0.28985, 0.48024, 0.44211, 0.42293, 0.13688, 0.09698, 0
0.44797, 0.43943, 0.263, 0.47735, 0.45415, 0.45183, 0.02015, 0.02459, 0
0.45238, 0.44053, 0.24415, 0.4732, 0.45989, 0.45356, 0.02041, 0.02441, 0
0.44631, 0.4379, 0.25124, 0.47728, 0.45409, 0.44705, 0.0204, 0.06126, 0
0.46477, 0.45042, 0.34044, 0.47001, 0.47495, 0.4665, 0.04973, 0.10469, 1
0.45653, 0.44052, 0.35092, 0.47587, 0.46159, 0.44904, 0.09371, 0.10095, 1
0.44268, 0.44923, 0.40533, 0.47491, 0.45788, 0.45986, 0.24487, 0.14111, 1
0.47024, 0.45099, 0.21785, 0.46965, 0.48039, 0.47704, 0.07647, 0.06696, 0
0.45552, 0.43791, 0.2139, 0.4726, 0.47277, 0.46903, 0.02032, 0.06173, 1
0.43128, 0.42493, 0.28066, 0.48783, 0.43001, 0.42843, 0.08012, 0.09148, 1
0.43186, 0.42769, 0.38975, 0.47767, 0.44576, 0.44128, 0.10923, 0.0537, 0
0.39537, 0.3897, 0.38808, 0.489, 0.40216, 0.39496, 0.25028, 0.28646, 0
0.45995, 0.44806, 0.39052, 0.47304, 0.47469, 0.47562, 0.07265, 0.05625, 0
0.4241, 0.42775, 0.26057, 0.48553, 0.40859, 0.39467, 0.07013, 0.09761, 0
0.42847, 0.40855, 0.25093, 0.4825, 0.42456, 0.42917, 0.23654, 0.16507, 0
0.45717, 0.44823, 0.26942, 0.47639, 0.45838, 0.44985, 0.03445, 0.04624, 1
0.45244, 0.44033, 0.27801, 0.479, 0.45319, 0.45399, 0.04659, 0.00789, 0
0.45792, 0.44654, 0.31933, 0.47144, 0.4701, 0.46309, 0.0325, 0.04754, 1
0.46071, 0.44547, 0.33314, 0.47292, 0.46812, 0.45647, 0.06429, 0.04156, 1
0.4573, 0.447, 0.2791, 0.47296, 0.46175, 0.45898, 0.02812, 0.02608, 1
0.45175, 0.43838, 0.18411, 0.47377, 0.46255, 0.46226, 0.01456, 0.08597, 0
0.45684, 0.44812, 0.237, 0.46921, 0.46377, 0.46061, 0.04425, 0.02572, 0
0.44694, 0.43685, 0.2587, 0.47612, 0.4547, 0.45221, 0.02212, 0.02432, 1
0.44251, 0.43577, 0.2899, 0.4777, 0.45135, 0.44748, 0.04916, 0.05033, 1
0.44288, 0.43859, 0.3433, 0.48238, 0.44669, 0.44355, 0.05216, 0.04042, 1
0.45305, 0.44075, 0.25184, 0.47546, 0.45945, 0.44932, 0.03989, 0.01833, 0
0.46281, 0.45142, 0.30929, 0.46999, 0.47458, 0.46595, 0.05206, 0.12908, 1
0.4566, 0.44859, 0.36921, 0.47876, 0.45875, 0.45565, 0.03858, 0.02011, 0
0.46345, 0.45251, 0.36935, 0.47354, 0.46645, 0.46225, 0.05657, 0.02854, 1
0.46591, 0.44706, 0.36483, 0.47743, 0.46211, 0.44997, 0.16074, 0.14842, 0
0.44919, 0.43944, 0.29311, 0.47826, 0.45423, 0.45683, 0.0111, 0.06756, 0
0.46527, 0.45338, 0.25597, 0.46868, 0.47145, 0.46607, 0.05895, 0.06619, 0
0.44594, 0.43988, 0.2153, 0.47653, 0.45433, 0.44931, 0.05492, 0.08917, 1
0.44105, 0.43335, 0.21066, 0.47673, 0.45188, 0.4505, 0.06057, 0.08472, 1
0.44456, 0.43756, 0.28386, 0.47634, 0.45351, 0.4492, 0.04455, 0.05138, 1
0.43351, 0.42035, 0.20736, 0.48429, 0.43832, 0.43568, 0.11729, 0.05002, 1
0.44826, 0.43799, 0.19368, 0.47834, 0.45316, 0.44521, 0.0198, 0.006, 0
0.45254, 0.4463, 0.17785, 0.47132, 0.46349, 0.46289, 0.08556, 0.05551, 0
0.43141, 0.42193, 0.22359, 0.48849, 0.43126, 0.41938, 0.12177, 0.02992, 1
0.43863, 0.43776, 0.18853, 0.48105, 0.44585, 0.44855, 0.10858, 0.12802, 1
0.43803, 0.43391, 0.14242, 0.48302, 0.44496, 0.44051, 0.06413, 0.13228, 0
0.46338, 0.45264, 0.26254, 0.46935, 0.47033, 0.46333, 0.05554, 0.07597, 1
0.45496, 0.42892, 0.286, 0.48256, 0.4432, 0.43056, 0.30597, 0.35082, 1
0.43905, 0.41242, 0.27799, 0.48162, 0.43452, 0.43593, 0.28694, 0.31769, 1
0.43168, 0.42768, 0.22063, 0.48922, 0.43463, 0.43491, 0.07708, 0.03366, 1
0.45853, 0.4444, 0.20107, 0.47233, 0.46197, 0.45947, 0.04746, 0.06876, 1
0.45172, 0.43968, 0.18634, 0.47218, 0.46241, 0.46039, 0.01154, 0.05925, 1
0.45761, 0.44269, 0.18347, 0.4769, 0.46027, 0.44685, 0.09181, 0.04289, 1
0.44623, 0.43947, 0.18221, 0.48462, 0.44654, 0.43646, 0.01974, 0.07661, 1
0.42873, 0.44097, 0.20232, 0.47314, 0.4705, 0.49248, 0.51052, 0.56371, 1
0.44472, 0.43641, 0.25496, 0.47604, 0.45887, 0.44472, 0.03427, 0.00612, 1
0.45039, 0.43836, 0.28702, 0.48306, 0.45483, 0.44406, 0.06134, 0.07888, 0
0.45408, 0.44596, 0.31312, 0.47179, 0.46073, 0.45418, 0.0317, 0.04397, 1
0.47175, 0.44508, 0.33257, 0.47692, 0.46922, 0.47478, 0.23606, 0.27644, 0
0.4597, 0.44788, 0.22022, 0.46885, 0.46337, 0.45927, 0.03794, 0.03546, 1
0.39001, 0.3634, 0.59262, 0.48612, 0.36966, 0.34421, 0.62689, 0.62285, 0
0.43116, 0.44836, 0.58009, 0.48324, 0.41486, 0.38447, 0.09478, 0.25397, 0
0.46033, 0.43564, 0.35044, 0.47362, 0.48791, 0.4792, 0.07954, 0.06333, 0
0.4598, 0.44987, 0.32684, 0.47864, 0.45454, 0.46565, 0.05604, 0.06668, 0
0.44173, 0.43251, 0.33582, 0.47946, 0.43901, 0.43215, 0.05598, 0.09656, 1
0.5214, 0.48641, 0.31668, 0.47049, 0.52078, 0.49862, 0.37096, 0.32408, 0
0.47148, 0.45245, 0.31176, 0.47328, 0.48792, 0.48811, 0.05508, 0.04123, 0
0.45916, 0.44819, 0.26432, 0.47545, 0.46359, 0.45642, 0.03906, 0.03923, 0
0.46187, 0.45182, 0.23666, 0.46654, 0.46843, 0.46222, 0.0524, 0.02615, 0
0.46276, 0.44832, 0.46582, 0.4719, 0.46676, 0.45692, 0.07207, 0.06722, 0
0.46614, 0.46088, 0.39722, 0.47059, 0.47293, 0.47332, 0.12513, 0.17572, 0
0.45899, 0.44985, 0.34188, 0.47128, 0.47009, 0.46665, 0.06298, 0.12252, 0
0.43892, 0.43363, 0.14551, 0.4846, 0.44038, 0.43952, 0.04332, 0.10587, 0
0.4543, 0.44335, 0.17761, 0.47134, 0.46092, 0.45469, 0.01506, 0.06496, 1
0.45283, 0.44248, 0.18963, 0.47994, 0.45647, 0.44788, 0.02959, 0.0468, 1
0.45291, 0.44205, 0.18922, 0.48204, 0.45457, 0.44552, 0.04715, 0.07996, 1
0.44821, 0.4414, 0.24154, 0.48341, 0.44804, 0.43884, 0.01629, 0.05881, 0
0.4495, 0.43967, 0.24885, 0.47912, 0.45442, 0.44775, 0.01163, 0.05804, 0
0.4533, 0.4388, 0.23883, 0.47382, 0.46262, 0.45705, 0.03967, 0.01384, 0
0.44376, 0.43458, 0.26525, 0.47453, 0.45641, 0.46121, 0.06682, 0.07878, 1
0.45295, 0.44033, 0.22736, 0.47293, 0.46432, 0.4576, 0.00412, 0.06254, 1
0.44952, 0.43884, 0.1822, 0.47716, 0.45675, 0.44623, 0.02262, 0.01804, 0
0.43999, 0.43479, 0.14703, 0.48171, 0.44955, 0.44546, 0.06797, 0.05529, 1
0.45217, 0.44182, 0.13139, 0.48209, 0.44955, 0.44753, 0.04802, 0.04819, 0
0.40728, 0.40763, 0.17159, 0.48548, 0.41876, 0.41549, 0.18998, 0.21127, 1
0.4772, 0.47274, 0.17673, 0.46792, 0.48744, 0.48254, 0.19242, 0.20028, 1
0.46346, 0.45097, 0.21285, 0.47215, 0.47088, 0.47358, 0.04843, 0.13377, 0
0.45378, 0.44927, 0.16836, 0.4745, 0.46149, 0.45359, 0.08117, 0.08367, 0
0.442, 0.43501, 0.1793, 0.48058, 0.44777, 0.44314, 0.03381, 0.03523, 1
0.44969, 0.43862, 0.15553, 0.47246, 0.46279, 0.46213, 0.03772, 0.09986, 1
0.43973, 0.43885, 0.16113, 0.48358, 0.43926, 0.43492, 0.0527, 0.23667, 0
0.46098, 0.44669, 0.18581, 0.47294, 0.46538, 0.4555, 0.06908, 0.06079, 0
0.45031, 0.4433, 0.2084, 0.47515, 0.45702, 0.45203, 0.03686, 0.03919, 1
0.44938, 0.44055, 0.16083, 0.48344, 0.45272, 0.4478, 0.00936, 0.0406, 0
0.4606, 0.45351, 0.15311, 0.47019, 0.47503, 0.48064, 0.13788, 0.14395, 0
0.45358, 0.44331, 0.16084, 0.47124, 0.46474, 0.45734, 0.02056, 0.03874, 1
0.46924, 0.4495, 0.26025, 0.47212, 0.47275, 0.46342, 0.12934, 0.13144, 1
0.46689, 0.45889, 0.27242, 0.46992, 0.47898, 0.48386, 0.1301, 0.18472, 0
0.45075, 0.43607, 0.27497, 0.47282, 0.46271, 0.46303, 0.02571, 0.14583, 1
0.47447, 0.45676, 0.26758, 0.47139, 0.47872, 0.46756, 0.12075, 0.13285, 1
0.49513, 0.48589, 0.27339, 0.47451, 0.4917, 0.47694, 0.21701, 0.19481, 0
0.45902, 0.45215, 0.26724, 0.48146, 0.45064, 0.44268, 0.08502, 0.07936, 0
0.44096, 0.43151, 0.23103, 0.47834, 0.4485, 0.44033, 0.04756, 0.03816, 1
0.44769, 0.43925, 0.21369, 0.48419, 0.45077, 0.44307, 0.01566, 0.01213, 0
0.44935, 0.4414, 0.21503, 0.48256, 0.45279, 0.44737, 0.00207, 0.05785, 0
0.41796, 0.42333, 0.22899, 0.47978, 0.4342, 0.43994, 0.23728, 0.16358, 1
0.47853, 0.47012, 0.23041, 0.4674, 0.49445, 0.49721, 0.19073, 0.15028, 1
0.46841, 0.46606, 0.25982, 0.47073, 0.48912, 0.48275, 0.23079, 0.32416, 0
0.43763, 0.42655, 0.37314, 0.48453, 0.43401, 0.43211, 0.11432, 0.02102, 1
0.47381, 0.45094, 0.33412, 0.47058, 0.49935, 0.50844, 0.05626, 0.13177, 1
0.47572, 0.45007, 0.32616, 0.47226, 0.49079, 0.48202, 0.13212, 0.13636, 1
0.45518, 0.4427, 0.2621, 0.47238, 0.46358, 0.46097, 0.00752, 0.05217, 0
0.4852, 0.46557, 0.23804, 0.47821, 0.47507, 0.45351, 0.24165, 0.23073, 0
0.45072, 0.44788, 0.20152, 0.47219, 0.46771, 0.4755, 0.17809, 0.1528, 0
0.47439, 0.45636, 0.15407, 0.47172, 0.48578, 0.46995, 0.10054, 0.18856, 1
0.45237, 0.43469, 0.15137, 0.47909, 0.45674, 0.43621, 0.14451, 0.05092, 1
0.45292, 0.44616, 0.12156, 0.47168, 0.46225, 0.46257, 0.07113, 0.07178, 1
0.4373, 0.43019, 0.15239, 0.48582, 0.43008, 0.41404, 0.10615, 0.0708, 1
0.43452, 0.42762, 0.14853, 0.48478, 0.42638, 0.42232, 0.09334, 0.04607, 1
0.44402, 0.43709, 0.17182, 0.47773, 0.45012, 0.44711, 0.03948, 0.00398, 0
0.49557, 0.47952, 0.18486, 0.4663, 0.51031, 0.50628, 0.18815, 0.22687, 0
0.44237, 0.42132, 0.18909, 0.47629, 0.45353, 0.44526, 0.15289, 0.19194, 1
0.45074, 0.44161, 0.15924, 0.48161, 0.45098, 0.44919, 0.01812, 0.01397, 0
0.45012, 0.43815, 0.16363, 0.48084, 0.45742, 0.44748, 0.04243, 0.04214, 0
0.44879, 0.43989, 0.33737, 0.47839, 0.45256, 0.44788, 0.00722, 0.02657, 1
0.45451, 0.44097, 0.31871, 0.47485, 0.46025, 0.4505, 0.05259, 0.02313, 1
0.4566, 0.44465, 0.28467, 0.47888, 0.4592, 0.45313, 0.04661, 0.01602, 0
0.40483, 0.38867, 0.30664, 0.488, 0.38929, 0.37145, 0.38351, 0.34232, 1
0.70399, 0.68738, 0.43174, 0.40036, 0.71774, 0.70788, 0.04051, 0.04144, 0
0.44959, 0.44055, 0.47271, 0.48232, 0.44843, 0.44241, 0.03024, 0.03417, 0
0.457, 0.44775, 0.43277, 0.46771, 0.4615, 0.46, 0.03548, 0.0274, 1
0.4566, 0.44309, 0.43604, 0.47474, 0.45905, 0.45447, 0.05565, 0.03055, 0
0.51178, 0.49981, 0.41302, 0.46916, 0.5212, 0.50799, 0.28451, 0.3286, 0
0.44444, 0.45501, 0.1685, 0.47781, 0.45442, 0.45501, 0.27319, 0.27122, 1
0.46833, 0.45482, 0.16205, 0.47284, 0.47826, 0.48278, 0.07482, 0.01774, 0
0.45202, 0.4431, 0.14426, 0.47442, 0.46231, 0.45398, 0.03508, 0.02167, 0
0.4602, 0.4478, 0.15117, 0.47285, 0.47168, 0.46226, 0.03236, 0.02904, 1
0.44617, 0.43905, 0.13912, 0.48506, 0.45139, 0.44443, 0.01483, 0.03981, 0
0.44031, 0.43097, 0.20437, 0.48755, 0.44234, 0.43708, 0.0608, 0.04203, 1
0.45002, 0.43884, 0.29363, 0.47655, 0.45589, 0.44933, 0.02902, 0.01042, 1
0.45079, 0.44289, 0.26626, 0.48104, 0.45553, 0.45024, 0.01349, 0.00454, 1
0.45704, 0.44674, 0.28691, 0.47055, 0.46538, 0.46059, 0.02885, 0.04105, 1
0.446, 0.43923, 0.36001, 0.4843, 0.44863, 0.44457, 0.01585, 0.06575, 0
0.44396, 0.43726, 0.33183, 0.47716, 0.45199, 0.44535, 0.04102, 0.00614, 1
0.45522, 0.44554, 0.29529, 0.47195, 0.46015, 0.45512, 0.02134, 0.0335, 0
0.44475, 0.43596, 0.29584, 0.48289, 0.45067, 0.44549, 0.02548, 0.03605, 0
0.44946, 0.43944, 0.21955, 0.48381, 0.45308, 0.44509, 0.02684, 0.05357, 1
0.45309, 0.4438, 0.19668, 0.4791, 0.45643, 0.45235, 0.01312, 0.03836, 1
0.44492, 0.43922, 0.16483, 0.47762, 0.45187, 0.44918, 0.05361, 0.05488, 0
0.44128, 0.42727, 0.1525, 0.48616, 0.43853, 0.42639, 0.14703, 0.18016, 0
0.45009, 0.44118, 0.17252, 0.48332, 0.44747, 0.43907, 0.0471, 0.08607, 1
0.45017, 0.44399, 0.32762, 0.48293, 0.44561, 0.44081, 0.02115, 0.01842, 0
0.45047, 0.4427, 0.39406, 0.48155, 0.44953, 0.44906, 0.00908, 0.0479, 1
0.43227, 0.42509, 0.50119, 0.48696, 0.42641, 0.41452, 0.11147, 0.03014, 0
0.44992, 0.44336, 0.42633, 0.47749, 0.45506, 0.46066, 0.05562, 0.11723, 1
0.43447, 0.43198, 0.47593, 0.48137, 0.44326, 0.44518, 0.10795, 0.06642, 1
0.44505, 0.43626, 0.32886, 0.48403, 0.45072, 0.44556, 0.02384, 0.01209, 0
0.44765, 0.44161, 0.26749, 0.48318, 0.45118, 0.44647, 0.02514, 0.01598, 1
0.44952, 0.43904, 0.19262, 0.47361, 0.45713, 0.454, 0.01094, 0.02575, 0
0.47536, 0.49372, 0.38764, 0.47278, 0.4998, 0.49325, 0.52888, 0.53427, 0
0.4564, 0.44376, 0.40557, 0.47077, 0.46848, 0.45609, 0.01899, 0.00606, 1
0.44197, 0.4356, 0.41684, 0.48084, 0.45233, 0.444, 0.04777, 0.05172, 1
0.44417, 0.43496, 0.37505, 0.47832, 0.45222, 0.4505, 0.03136, 0.03598, 0
0.45114, 0.44032, 0.32003, 0.47774, 0.4568, 0.45037, 0.02194, 0.12104, 1
0.46064, 0.44763, 0.30115, 0.47733, 0.46217, 0.45128, 0.07497, 0.09406, 1
0.4322, 0.42492, 0.26627, 0.48714, 0.427, 0.41548, 0.11115, 0.04056, 0
0.46908, 0.45921, 0.18952, 0.47275, 0.47372, 0.47781, 0.09278, 0.12582, 0
0.53208, 0.49542, 0.20267, 0.47491, 0.51054, 0.48245, 0.50798, 0.58177, 0
0.44808, 0.43879, 0.39586, 0.47616, 0.46358, 0.44813, 0.02632, 0.00837, 1
0.44514, 0.43727, 0.48271, 0.48203, 0.45345, 0.44615, 0.02624, 0.00837, 0
0.53607, 0.49784, 0.49853, 0.47437, 0.51878, 0.49144, 0.50327, 0.54251, 0
0.4205, 0.42677, 0.14517, 0.47829, 0.43612, 0.45337, 0.27331, 0.1024, 0
0.44926, 0.43144, 0.14791, 0.47491, 0.46469, 0.45168, 0.07885, 0.07795, 0
0.45023, 0.43988, 0.17608, 0.4738, 0.46603, 0.45892, 0.02971, 0.03027, 1
0.44453, 0.43859, 0.24357, 0.48375, 0.44909, 0.44357, 0.03145, 0.03681, 0
0.44085, 0.43449, 0.31168, 0.48466, 0.44673, 0.44056, 0.04212, 0.01659, 1
0.44936, 0.43924, 0.23862, 0.4814, 0.45382, 0.44919, 0.01875, 0.02594, 1
0.38571, 0.40357, 0.27766, 0.47816, 0.41867, 0.43766, 0.49358, 0.65813, 1
0.44791, 0.4397, 0.22323, 0.48017, 0.45111, 0.44496, 0.00739, 0.06853, 1
0.45983, 0.45031, 0.22691, 0.47718, 0.46193, 0.45667, 0.04577, 0.03514, 1
0.39441, 0.40418, 0.23329, 0.47812, 0.42349, 0.43258, 0.38204, 0.411, 0
0.44389, 0.43754, 0.36037, 0.48258, 0.4495, 0.44219, 0.02384, 0.01812, 0
0.44231, 0.43671, 0.42406, 0.48355, 0.43579, 0.43513, 0.03435, 0.10127, 0
0.46178, 0.44587, 0.49142, 0.47696, 0.45964, 0.45683, 0.09885, 0.02765, 1
0.43767, 0.43271, 0.58557, 0.48213, 0.44048, 0.44613, 0.05901, 0.0185, 0
0.45186, 0.44203, 0.19654, 0.47466, 0.45717, 0.45513, 0.00542, 0.01962, 1
0.06201, 0.06828, 0.34127, 0.56487, 0.06689, 0.07959, 0.10436, 0.09371, 0
0.45202, 0.43966, 0.41134, 0.4737, 0.46663, 0.45659, 0.00918, 0.01164, 0
0.49511, 0.46978, 0.41295, 0.47291, 0.49378, 0.46995, 0.26034, 0.36309, 1
0.43695, 0.43316, 0.17997, 0.48655, 0.44188, 0.43945, 0.06532, 0.02727, 0
0.44737, 0.44704, 0.18543, 0.4818, 0.4476, 0.44116, 0.06618, 0.07245, 0
0.44157, 0.43598, 0.15461, 0.48531, 0.44612, 0.44248, 0.03836, 0.05549, 0
0.4438, 0.43685, 0.12415, 0.48384, 0.44678, 0.4442, 0.02543, 0.00611, 0
0.45407, 0.44856, 0.13107, 0.47132, 0.46268, 0.4597, 0.08403, 0.08946, 0
0.45033, 0.43446, 0.15941, 0.48221, 0.44924, 0.43171, 0.14681, 0.11908, 1
0.45366, 0.44292, 0.2132, 0.47215, 0.4642, 0.45683, 0.01377, 0.09651, 1
0.46263, 0.45272, 0.20096, 0.47271, 0.47202, 0.47121, 0.07424, 0.20308, 1
0.45339, 0.45722, 0.32794, 0.47422, 0.4652, 0.45918, 0.19965, 0.14816, 0
0.45527, 0.44719, 0.36688, 0.47095, 0.47277, 0.47791, 0.11828, 0.08785, 0
0.43479, 0.43072, 0.33699, 0.48372, 0.43091, 0.4272, 0.06083, 0.01268, 0
0.4519, 0.44375, 0.21837, 0.47919, 0.45595, 0.45166, 0.01637, 0.03015, 1
0.46059, 0.45273, 0.21176, 0.47184, 0.46514, 0.46164, 0.0626, 0.03191, 1
0.44241, 0.43521, 0.20981, 0.48377, 0.44712, 0.44338, 0.03077, 0.04391, 0
0.50695, 0.49139, 0.18668, 0.46518, 0.51548, 0.5081, 0.2425, 0.23931, 1
0.45394, 0.44929, 0.20038, 0.47863, 0.45632, 0.46058, 0.06921, 0.06552, 1
0.43825, 0.43371, 0.19622, 0.47679, 0.44774, 0.44662, 0.088, 0.01384, 0
0.40836, 0.41281, 0.15871, 0.48305, 0.4236, 0.42787, 0.23485, 0.29475, 0
0.44438, 0.43756, 0.12615, 0.47541, 0.45253, 0.45282, 0.05795, 0.0515, 0
0.42865, 0.42606, 0.13746, 0.48715, 0.42785, 0.41873, 0.07302, 0.13862, 0
0.4454, 0.44012, 0.1456, 0.4773, 0.45443, 0.46033, 0.09117, 0.10344, 0
0.43304, 0.42901, 0.16638, 0.48042, 0.44184, 0.44493, 0.09666, 0.13778, 0
0.46567, 0.4461, 0.17241, 0.47568, 0.46591, 0.45399, 0.15374, 0.09462, 1
0.08205, 0.08824, 0.28965, 0.55576, 0.08974, 0.09348, 0.12546, 0.1085, 0
0.42568, 0.38587, 0.37326, 0.47914, 0.42533, 0.41878, 0.48834, 0.54326, 0
0.45431, 0.44672, 0.35767, 0.47902, 0.45263, 0.42714, 0.03904, 0.02752, 1
0.36725, 0.3852, 0.30918, 0.48164, 0.39509, 0.41553, 0.48891, 0.48128, 0
0.45274, 0.43731, 0.30429, 0.47401, 0.4772, 0.45558, 0.02592, 0.12621, 0
0.46049, 0.45153, 0.34397, 0.4683, 0.47099, 0.46918, 0.07098, 0.13543, 1
0.44549, 0.43644, 0.39097, 0.47611, 0.45463, 0.44684, 0.02704, 0.05265, 0
0.44078, 0.43237, 0.45087, 0.48517, 0.43129, 0.41218, 0.13452, 0.15707, 1
0.46702, 0.45515, 0.44459, 0.48207, 0.45054, 0.43109, 0.18348, 0.19461, 1
0.42805, 0.42126, 0.44786, 0.48528, 0.41365, 0.40622, 0.15376, 0.12189, 0
0.43623, 0.43925, 0.45081, 0.4833, 0.42848, 0.42971, 0.0634, 0.04554, 0
0.45212, 0.44337, 0.29734, 0.47348, 0.45911, 0.45461, 0.02111, 0.02827, 0
0.4472, 0.43856, 0.29245, 0.47651, 0.45517, 0.45183, 0.02533, 0.00808, 0
0.52307, 0.50322, 0.30145, 0.46478, 0.53233, 0.5249, 0.29981, 0.35857, 1
0.41681, 0.41027, 0.11701, 0.48521, 0.42564, 0.42042, 0.1496, 0.19436, 0
0.45134, 0.44382, 0.26559, 0.47174, 0.46122, 0.4549, 0.04237, 0.05323, 0
0.4543, 0.44052, 0.29113, 0.48003, 0.45712, 0.44731, 0.079, 0.07657, 1
0.43983, 0.44033, 0.47732, 0.48278, 0.43088, 0.4205, 0.01838, 0.02863, 0
0.45962, 0.44784, 0.49262, 0.46957, 0.46609, 0.46651, 0.03336, 0.01275, 1
0.44221, 0.43494, 0.45612, 0.47628, 0.45358, 0.44437, 0.05411, 0.05482, 0
0.45691, 0.44398, 0.4694, 0.46984, 0.46569, 0.45898, 0.02398, 0.02526, 1
0.46902, 0.43387, 0.47601, 0.47999, 0.4582, 0.43825, 0.41139, 0.46172, 1
0.72802, 0.71213, 0.44627, 0.4531, 0.71708, 0.68393, 0.22028, 0.2338, 1
0.36358, 0.38977, 0.3938, 0.4836, 0.3813, 0.40441, 0.51489, 0.54154, 0
0.52772, 0.49094, 0.16274, 0.47445, 0.51157, 0.48747, 0.4677, 0.51762, 1
0.43889, 0.43346, 0.12583, 0.48042, 0.43197, 0.40964, 0.07459, 0.01373, 0
0.45589, 0.43968, 0.12133, 0.48009, 0.45281, 0.4475, 0.12044, 0.08749, 1
0.44747, 0.43712, 0.22244, 0.48225, 0.44965, 0.44079, 0.0455, 0.05565, 1
0.45238, 0.44118, 0.23061, 0.47544, 0.45734, 0.44946, 0.02859, 0.02964, 1
0.45399, 0.44289, 0.23143, 0.47945, 0.45672, 0.44713, 0.04366, 0.05939, 1
0.44429, 0.43606, 0.23459, 0.48744, 0.44742, 0.43988, 0.02857, 0.03371, 0
0.45322, 0.44503, 0.23775, 0.48112, 0.45588, 0.44946, 0.0189, 0.0319, 1
0.44922, 0.43926, 0.2365, 0.47999, 0.45413, 0.45024, 0.01288, 0.02197, 0
0.46316, 0.4457, 0.25448, 0.47384, 0.47537, 0.46119, 0.07348, 0.08342, 1
0.46016, 0.44944, 0.38492, 0.47171, 0.49489, 0.49646, 0.17532, 0.06743, 0
0.43844, 0.44312, 0.71856, 0.48261, 0.41321, 0.40492, 0.0095, 0.00999, 1
0.45063, 0.44161, 0.80902, 0.48293, 0.45058, 0.44609, 0.018, 0.02858, 1
0.4508, 0.44054, 0.73728, 0.47255, 0.46439, 0.45999, 0.03779, 0.06228, 0
0.4547, 0.44519, 0.57557, 0.48257, 0.44497, 0.44143, 0.07131, 0.08011, 1
0.44822, 0.44097, 0.62663, 0.48156, 0.44987, 0.44807, 0.01235, 0.04635, 0
0.38639, 0.39743, 0.48659, 0.48192, 0.4085, 0.41786, 0.36021, 0.32031, 0
0.45495, 0.44097, 0.45973, 0.4804, 0.44799, 0.45062, 0.09728, 0.04136, 1
0.4515, 0.44097, 0.67345, 0.48163, 0.45089, 0.44922, 0.03693, 0.03034, 1
0.45743, 0.44812, 0.68796, 0.47741, 0.45886, 0.4547, 0.03462, 0.01955, 1
0.44863, 0.44034, 0.63963, 0.47579, 0.45498, 0.451, 0.01803, 0.00977, 0
0.45788, 0.44665, 0.61557, 0.46841, 0.46237, 0.45572, 0.03378, 0.00977, 1
0.44895, 0.43782, 0.58563, 0.48342, 0.45242, 0.44553, 0.04191, 0.00977, 1
0.45306, 0.44182, 0.32983, 0.47321, 0.46369, 0.45432, 0.00352, 0.02868, 1
0.4498, 0.44139, 0.25992, 0.47852, 0.45561, 0.45139, 0.01236, 0.01029, 0
0.44829, 0.44055, 0.15018, 0.48201, 0.45189, 0.44896, 0.00932, 0.0353, 0
0.44536, 0.43866, 0.20479, 0.47739, 0.45245, 0.44973, 0.04399, 0.01403, 0
0.45133, 0.44392, 0.21397, 0.47295, 0.45871, 0.45266, 0.036, 0.01921, 0
0.45776, 0.44794, 0.25053, 0.46896, 0.46764, 0.46342, 0.04552, 0.06712, 1
0.43538, 0.42605, 0.30073, 0.48551, 0.43855, 0.42922, 0.08432, 0.09929, 0
0.44518, 0.43802, 0.24064, 0.47382, 0.45645, 0.45445, 0.06348, 0.02334, 0
0.45221, 0.44414, 0.21301, 0.48086, 0.45698, 0.44985, 0.0159, 0.0238, 1
0.45098, 0.44034, 0.18386, 0.4751, 0.45637, 0.45113, 0.01468, 0.02924, 1
0.44856, 0.43844, 0.15744, 0.48486, 0.45127, 0.44321, 0.036, 0.03714, 1
0.45378, 0.44329, 0.16936, 0.48206, 0.45442, 0.44692, 0.04348, 0.03459, 1
0.45282, 0.44224, 0.25156, 0.4738, 0.45811, 0.45202, 0.01664, 0.02551, 1
0.449, 0.44118, 0.31044, 0.47821, 0.45659, 0.44934, 0.02118, 0.00812, 0
0.446, 0.44034, 0.36322, 0.47941, 0.4529, 0.44806, 0.04606, 0.03517, 0
0.45165, 0.43907, 0.40917, 0.47501, 0.45772, 0.44998, 0.04017, 0.02823, 1
0.44919, 0.44226, 0.35639, 0.47446, 0.45673, 0.45089, 0.03797, 0.01814, 0
0.45099, 0.44097, 0.30774, 0.47286, 0.45862, 0.45737, 0.0197, 0.08142, 0
0.44763, 0.44461, 0.28516, 0.48062, 0.45289, 0.44648, 0.06644, 0.09557, 0
0.44964, 0.44161, 0.27242, 0.47748, 0.45643, 0.45335, 0.03226, 0.09409, 0
0.45928, 0.44462, 0.26765, 0.47047, 0.46774, 0.46299, 0.03953, 0.05062, 1
0.44495, 0.43775, 0.24901, 0.48404, 0.44881, 0.44036, 0.01655, 0.04757, 0
0.45208, 0.44311, 0.20099, 0.48272, 0.45175, 0.44505, 0.03181, 0.02632, 1
0.44941, 0.44183, 0.23365, 0.48078, 0.45272, 0.45024, 0.01639, 0.02913, 0
0.44858, 0.43582, 0.27357, 0.4761, 0.45706, 0.44777, 0.04281, 0.00606, 0
0.44586, 0.44011, 0.33904, 0.47963, 0.45287, 0.44803, 0.04516, 0.03079, 0
0.44589, 0.43796, 0.3382, 0.48458, 0.44935, 0.44438, 0.01564, 0.03597, 0
0.00342, 0.00699, 0.19144, 0.59905, 0.00555, 0.01231, 0.04993, 0.02531, 0
0.44448, 0.43772, 0.16832, 0.482, 0.45063, 0.44355, 0.02739, 0.05102, 0
0.44164, 0.44226, 0.14803, 0.48411, 0.4232, 0.40281, 0.07745, 0.08417, 1
0.45151, 0.44269, 0.35095, 0.48253, 0.45305, 0.44503, 0.02103, 0.03598, 1
0.44503, 0.43468, 0.45017, 0.48317, 0.45079, 0.44656, 0.03459, 0.02313, 0
0.44506, 0.4364, 0.16596, 0.48731, 0.45093, 0.44339, 0.02335, 0.04228, 0
0.44937, 0.44227, 0.14358, 0.47832, 0.45583, 0.44971, 0.02775, 0.02781, 0
0.33365, 0.34243, 0.16184, 0.49121, 0.32908, 0.32428, 0.47664, 0.6488, 0
0.44447, 0.43969, 0.33711, 0.48422, 0.44838, 0.44234, 0.0347, 0.02197, 0
0.44969, 0.44247, 0.2755, 0.47479, 0.45537, 0.45076, 0.02925, 0.02538, 0
0.45182, 0.44118, 0.27693, 0.47647, 0.45655, 0.45166, 0.01787, 0.01644, 1
0.45491, 0.43862, 0.30744, 0.47377, 0.46106, 0.45749, 0.06546, 0.0474, 1
0.44381, 0.43606, 0.2282, 0.48843, 0.44789, 0.44235, 0.02496, 0.01042, 0
0.43573, 0.4338, 0.19821, 0.48189, 0.42373, 0.44333, 0.04059, 0.01949, 0
0.44504, 0.43822, 0.25055, 0.47303, 0.4569, 0.46063, 0.09314, 0.08024, 0
0.45977, 0.44374, 0.31206, 0.47112, 0.47393, 0.46815, 0.02463, 0.08923, 1
0.33921, 0.35011, 0.52216, 0.49102, 0.3452, 0.34394, 0.45338, 0.51863, 0
0.4498, 0.44204, 0.64622, 0.47224, 0.4621, 0.45906, 0.06097, 0.03378, 0
0.44116, 0.41811, 0.59835, 0.48385, 0.43478, 0.42136, 0.27373, 0.27823, 1
0.45986, 0.44675, 0.47612, 0.47397, 0.46342, 0.45452, 0.05686, 0.09098, 1
0.45014, 0.44482, 0.41532, 0.48165, 0.45279, 0.44713, 0.03509, 0.01185, 0
0.52762, 0.48238, 0.18956, 0.4702, 0.52556, 0.51109, 0.43217, 0.40726, 1
0.44863, 0.43627, 0.2087, 0.47755, 0.45543, 0.44532, 0.05053, 0.04344, 1
0.4578, 0.44909, 0.22238, 0.47087, 0.46271, 0.45568, 0.03918, 0.02686, 1
0.53032, 0.51971, 0.22752, 0.46642, 0.53503, 0.52851, 0.38568, 0.44039, 1
0.44514, 0.45403, 0.20853, 0.47474, 0.4639, 0.47061, 0.29298, 0.35591, 0
0.44986, 0.43947, 0.20809, 0.48348, 0.44956, 0.44168, 0.05781, 0.05393, 1
0.45455, 0.44632, 0.15771, 0.47207, 0.46759, 0.4714, 0.08601, 0.03774, 0
0.43308, 0.43052, 0.15146, 0.48587, 0.4315, 0.41623, 0.05258, 0.11277, 0
0.43921, 0.42271, 0.5609, 0.48545, 0.43466, 0.41849, 0.20403, 0.26249, 1
0.45699, 0.45096, 0.19381, 0.47132, 0.46263, 0.46051, 0.07628, 0.00803, 1
0.4322, 0.43422, 0.16002, 0.47481, 0.45195, 0.4563, 0.22442, 0.2643, 0
0.45334, 0.45418, 0.13505, 0.48227, 0.4414, 0.42686, 0.0691, 0.06611, 1
0.46775, 0.46397, 0.10271, 0.46855, 0.47973, 0.48259, 0.18643, 0.03502, 1
0.44671, 0.43316, 0.1032, 0.47345, 0.46082, 0.46509, 0.04733, 0.07562, 0
0.46409, 0.44903, 0.10507, 0.47093, 0.47424, 0.46833, 0.04201, 0.18572, 1
0.46915, 0.45391, 0.28367, 0.47379, 0.46991, 0.46593, 0.09894, 0.1289, 1
0.45571, 0.44486, 0.12749, 0.4803, 0.45856, 0.4505, 0.04187, 0.04795, 1
0.47128, 0.47195, 0.32997, 0.4711, 0.48991, 0.49779, 0.28747, 0.21854, 1
0.44559, 0.43657, 0.26419, 0.48002, 0.45344, 0.44585, 0.02233, 0.02607, 0
0.45017, 0.44162, 0.22358, 0.47371, 0.45615, 0.45077, 0.01122, 0.0, 0
0.45452, 0.44404, 0.16433, 0.46905, 0.46098, 0.4573, 0.01391, 0.02703, 1
0.446, 0.43903, 0.45312, 0.47481, 0.45695, 0.45624, 0.06202, 0.11354, 0
0.4622, 0.45086, 0.48993, 0.48056, 0.45824, 0.44854, 0.08419, 0.077, 1
0.44108, 0.43388, 0.18127, 0.47818, 0.4494, 0.44907, 0.05564, 0.0665, 0
0.45133, 0.44204, 0.14877, 0.47988, 0.45535, 0.45128, 0.00548, 0.01373, 1
0.46128, 0.4502, 0.12622, 0.47528, 0.46395, 0.45297, 0.05643, 0.04241, 1
0.44585, 0.43731, 0.14457, 0.47647, 0.45172, 0.44893, 0.02357, 0.06972, 0
0.44884, 0.43989, 0.13997, 0.47498, 0.45703, 0.45128, 0.01905, 0.052, 0
0.46954, 0.45456, 0.14996, 0.46704, 0.47653, 0.46932, 0.07576, 0.11072, 1
0.43716, 0.43408, 0.14818, 0.48094, 0.44383, 0.44776, 0.09455, 0.10914, 0
0.46062, 0.45218, 0.14653, 0.46897, 0.46832, 0.47048, 0.07702, 0.10305, 1
0.46165, 0.44808, 0.15, 0.47155, 0.46743, 0.45781, 0.05177, 0.06896, 1
0.43548, 0.42957, 0.15416, 0.48892, 0.43856, 0.42951, 0.05617, 0.04656, 0
0.47042, 0.4496, 0.15762, 0.47042, 0.47683, 0.47038, 0.11055, 0.04186, 1
0.4492, 0.44248, 0.14833, 0.4778, 0.45413, 0.44671, 0.02948, 0.04985, 0
0.44798, 0.44055, 0.37286, 0.482, 0.44904, 0.44611, 0.00356, 0.04654, 0
0.44628, 0.43629, 0.28242, 0.48373, 0.45013, 0.44237, 0.03563, 0.03272, 0
0.44323, 0.43375, 0.26152, 0.48653, 0.44329, 0.43646, 0.0599, 0.0177, 0
0.44711, 0.4414, 0.2488, 0.48376, 0.44846, 0.44251, 0.01248, 0.00817, 0
0.45688, 0.44671, 0.18856, 0.467, 0.46326, 0.45991, 0.02874, 0.02556, 1
0.41421, 0.40872, 0.33529, 0.48585, 0.42387, 0.41943, 0.15865, 0.27126, 0
0.41764, 0.40767, 0.27384, 0.48583, 0.42213, 0.41971, 0.16775, 0.1383, 0
0.44552, 0.43905, 0.21632, 0.48269, 0.44341, 0.43834, 0.03034, 0.01204, 1
0.44903, 0.43905, 0.19079, 0.48437, 0.45034, 0.44597, 0.0303, 0.01591, 1
0.4452, 0.43841, 0.25121, 0.47602, 0.45422, 0.44946, 0.0466, 0.05638, 0
0.45041, 0.43628, 0.23536, 0.48126, 0.45193, 0.44752, 0.08018, 0.14552, 1
0.44938, 0.44182, 0.21567, 0.4813, 0.45176, 0.4443, 0.00356, 0.01419, 1
0.45491, 0.45059, 0.19825, 0.47247, 0.46763, 0.46047, 0.10991, 0.08116, 0
0.44787, 0.43819, 0.24969, 0.48242, 0.4518, 0.44597, 0.02295, 0.02907, 0
0.44872, 0.44076, 0.25126, 0.48133, 0.44834, 0.45024, 0.00205, 0.00818, 0
0.45207, 0.44054, 0.38294, 0.47204, 0.46044, 0.45682, 0.00356, 0.00991, 0
0.45121, 0.44118, 0.38458, 0.47333, 0.45901, 0.45295, 0.00356, 0.01041, 0
0.45557, 0.44481, 0.37377, 0.47073, 0.46191, 0.4576, 0.01758, 0.03797, 1
0.44313, 0.43479, 0.37603, 0.47857, 0.45112, 0.44882, 0.03754, 0.04097, 0
0.44846, 0.43926, 0.38366, 0.47834, 0.45459, 0.44869, 0.00943, 0.02239, 0
0.44888, 0.43884, 0.34937, 0.48247, 0.45428, 0.44882, 0.01685, 0.01042, 0
0.44541, 0.43735, 0.3456, 0.48859, 0.45015, 0.44507, 0.01885, 0.0186, 0
0.45532, 0.44373, 0.42492, 0.472, 0.46306, 0.45756, 0.01624, 0.02392, 1
0.43539, 0.42891, 0.47771, 0.48767, 0.4411, 0.43729, 0.06181, 0.05125, 0
0.45015, 0.44161, 0.12488, 0.47337, 0.45737, 0.45255, 0.01782, 0.02935, 0
0.45762, 0.44778, 0.22552, 0.4717, 0.47498, 0.47024, 0.07636, 0.03344, 0
0.44744, 0.43692, 0.2531, 0.47301, 0.46494, 0.45966, 0.05391, 0.10863, 0
0.44916, 0.44033, 0.33748, 0.47257, 0.46749, 0.46291, 0.07505, 0.08912, 0
0.45445, 0.44311, 0.44043, 0.47825, 0.46022, 0.45153, 0.03179, 0.02766, 1
0.44917, 0.43801, 0.27552, 0.4793, 0.45045, 0.44742, 0.04016, 0.03051, 1
0.46023, 0.44394, 0.19872, 0.47636, 0.46473, 0.46051, 0.08082, 0.07078, 1
0.4462, 0.43907, 0.15385, 0.47993, 0.45026, 0.44498, 0.02043, 0.08575, 0
0.44932, 0.44457, 0.10459, 0.48273, 0.44985, 0.44345, 0.02405, 0.01255, 1
0.45171, 0.44457, 0.14126, 0.47104, 0.46038, 0.45755, 0.05555, 0.03916, 0
0.42338, 0.42005, 0.16966, 0.4899, 0.42918, 0.42629, 0.11045, 0.12939, 0
0.4551, 0.44309, 0.19466, 0.47711, 0.45888, 0.45011, 0.04522, 0.05483, 1
0.44621, 0.43695, 0.20641, 0.48609, 0.4496, 0.44177, 0.03212, 0.0148, 0
0.44817, 0.43991, 0.21921, 0.48322, 0.45228, 0.44754, 0.00708, 0.03256, 0
0.43469, 0.42893, 0.18144, 0.4877, 0.4401, 0.43718, 0.06714, 0.09245, 0
0.44394, 0.43568, 0.14453, 0.47919, 0.45191, 0.44985, 0.03879, 0.07618, 0
0.44899, 0.44055, 0.15283, 0.4772, 0.45424, 0.44832, 0.00933, 0.02593, 0
0.44288, 0.43549, 0.14699, 0.48311, 0.44974, 0.4464, 0.03813, 0.03534, 0
0.4602, 0.4566, 0.15327, 0.47054, 0.47165, 0.4743, 0.15493, 0.15355, 0
0.4614, 0.44562, 0.1537, 0.47299, 0.46721, 0.46073, 0.07206, 0.07093, 1
0.45106, 0.43676, 0.13421, 0.483, 0.44896, 0.44168, 0.10604, 0.08038, 1
0.44355, 0.43572, 0.16003, 0.48613, 0.44508, 0.44157, 0.02729, 0.02727, 0
0.44824, 0.44202, 0.17109, 0.4812, 0.45182, 0.44973, 0.0319, 0.03559, 0
0.44929, 0.44118, 0.17862, 0.47646, 0.45457, 0.45291, 0.02461, 0.04279, 0
0.4518, 0.44476, 0.18159, 0.47918, 0.45616, 0.45228, 0.0315, 0.03138, 1
0.43408, 0.43258, 0.15306, 0.48119, 0.44167, 0.4454, 0.11477, 0.11847, 0
0.45285, 0.44287, 0.2204, 0.47887, 0.4587, 0.44678, 0.02601, 0.03623, 1
0.44835, 0.43907, 0.23554, 0.48359, 0.45302, 0.44269, 0.02349, 0.00595, 1
0.45167, 0.43423, 0.29258, 0.48213, 0.45076, 0.4399, 0.14649, 0.07546, 1
0.46229, 0.45391, 0.22653, 0.47387, 0.47917, 0.45705, 0.07678, 0.10701, 1
0.45276, 0.44012, 0.32815, 0.4743, 0.46079, 0.45088, 0.03413, 0.02397, 1
0.47026, 0.46051, 0.24246, 0.47521, 0.47107, 0.46607, 0.09607, 0.14669, 1
0.45182, 0.43567, 0.23027, 0.48113, 0.44866, 0.43328, 0.14071, 0.18056, 1
0.43352, 0.42975, 0.21444, 0.48382, 0.43333, 0.42829, 0.05529, 0.05479, 0
0.45536, 0.44606, 0.15742, 0.47089, 0.46249, 0.46129, 0.04109, 0.07863, 1
0.44256, 0.43567, 0.16722, 0.48486, 0.44101, 0.43392, 0.03636, 0.00783, 0
0.45344, 0.44246, 0.20327, 0.47236, 0.46095, 0.45499, 0.00938, 0.01483, 1
0.40998, 0.39773, 0.18126, 0.48127, 0.42346, 0.42442, 0.21058, 0.24333, 0
0.44546, 0.44479, 0.17506, 0.48039, 0.44891, 0.44304, 0.06443, 0.16309, 0
0.43268, 0.42334, 0.16786, 0.47731, 0.44732, 0.45011, 0.10125, 0.11386, 0
0.4479, 0.43885, 0.14166, 0.47539, 0.45898, 0.44341, 0.01957, 0.01039, 0
0.45235, 0.44097, 0.13181, 0.48081, 0.45917, 0.45049, 0.02667, 0.02356, 1
0.44986, 0.43993, 0.4098, 0.47336, 0.45962, 0.45582, 0.01852, 0.03371, 0
0.45396, 0.4437, 0.43166, 0.47281, 0.4626, 0.4543, 0.014, 0.00591, 1
0.45092, 0.44244, 0.45628, 0.48341, 0.45039, 0.44162, 0.03545, 0.01021, 1
0.44913, 0.44369, 0.48965, 0.48186, 0.45019, 0.44707, 0.02726, 0.02479, 0
0.44212, 0.43534, 0.41355, 0.48837, 0.44812, 0.44277, 0.03515, 0.03799, 0
0.4315, 0.42948, 0.37488, 0.48004, 0.4429, 0.4434, 0.12212, 0.09554, 0
0.44923, 0.43993, 0.31449, 0.48187, 0.45133, 0.44669, 0.0218, 0.00589, 1
0.45773, 0.45188, 0.25363, 0.47103, 0.47507, 0.47058, 0.13156, 0.16676, 0
0.45977, 0.44538, 0.26799, 0.47178, 0.47132, 0.46321, 0.03462, 0.03517, 1
0.447, 0.44056, 0.55489, 0.48203, 0.44433, 0.44364, 0.00606, 0.0161, 0
0.45809, 0.44182, 0.41253, 0.47323, 0.47539, 0.46884, 0.0197, 0.02153, 1
0.47828, 0.45685, 0.39677, 0.47402, 0.4835, 0.45601, 0.17306, 0.2395, 1
0.38786, 0.38799, 0.26616, 0.49109, 0.39224, 0.38831, 0.25841, 0.29931, 0
0.46141, 0.45007, 0.18046, 0.4696, 0.47376, 0.46986, 0.05343, 0.10642, 1
0.44685, 0.41975, 0.15036, 0.48307, 0.42912, 0.42005, 0.35952, 0.39364, 1
0.44332, 0.43825, 0.20823, 0.48004, 0.44921, 0.45138, 0.06124, 0.05257, 0
0.44727, 0.43908, 0.23895, 0.47964, 0.45251, 0.4426, 0.01232, 0.04848, 0
0.45316, 0.44202, 0.23529, 0.4719, 0.4599, 0.45508, 0.01129, 0.04706, 1
0.45067, 0.44602, 0.20204, 0.47557, 0.45786, 0.44998, 0.06251, 0.09907, 0
0.43188, 0.42893, 0.35866, 0.48585, 0.43873, 0.43538, 0.08684, 0.10033, 0
0.44966, 0.44203, 0.29297, 0.47798, 0.45503, 0.45229, 0.02508, 0.02734, 0
0.44987, 0.4376, 0.23876, 0.48363, 0.44483, 0.43913, 0.09833, 0.05308, 1
0.43864, 0.43361, 0.27238, 0.4831, 0.44229, 0.44412, 0.05852, 0.12673, 0
0.45629, 0.43421, 0.29927, 0.47256, 0.47674, 0.48317, 0.03888, 0.01846, 0
0.48045, 0.46066, 0.24397, 0.47252, 0.48982, 0.46692, 0.13403, 0.12737, 1
0.44682, 0.43843, 0.23538, 0.47496, 0.45682, 0.45139, 0.03289, 0.0373, 0
0.44875, 0.43861, 0.26335, 0.47723, 0.45494, 0.44985, 0.01643, 0.01048, 0
0.44987, 0.4414, 0.28767, 0.48363, 0.45354, 0.44699, 0.00547, 0.00457, 1
0.45173, 0.44545, 0.3757, 0.4715, 0.46027, 0.46305, 0.08463, 0.05008, 0
0.48376, 0.46649, 0.39576, 0.47324, 0.48616, 0.4687, 0.16275, 0.27728, 1
0.44516, 0.43801, 0.39673, 0.47663, 0.45238, 0.4528, 0.0468, 0.06728, 0
0.437, 0.43334, 0.41137, 0.47448, 0.4533, 0.4564, 0.14156, 0.15599, 0
0.45318, 0.44522, 0.40525, 0.4746, 0.46227, 0.45127, 0.03589, 0.03592, 1
0.4751, 0.47508, 0.24711, 0.47563, 0.47458, 0.4695, 0.197, 0.20294, 1
0.45632, 0.44986, 0.21452, 0.47339, 0.46419, 0.46602, 0.08686, 0.11176, 0
0.46244, 0.44711, 0.20711, 0.47313, 0.46767, 0.46589, 0.05418, 0.0148, 1
0.45627, 0.44627, 0.21255, 0.47048, 0.46542, 0.46231, 0.03247, 0.03107, 1
0.43862, 0.43295, 0.18788, 0.48327, 0.44323, 0.44397, 0.05682, 0.08129, 0
0.45523, 0.44505, 0.38834, 0.47628, 0.45866, 0.45115, 0.0285, 0.03973, 1
0.44754, 0.4384, 0.41967, 0.47862, 0.45253, 0.4518, 0.01616, 0.01649, 0
0.46179, 0.44614, 0.4204, 0.47087, 0.47607, 0.47165, 0.02555, 0.06008, 1
0.45057, 0.43925, 0.37909, 0.47741, 0.45682, 0.45324, 0.01568, 0.03778, 0
0.44262, 0.43367, 0.25842, 0.48687, 0.44351, 0.43722, 0.04978, 0.02869, 0
0.44742, 0.43947, 0.24032, 0.48266, 0.45061, 0.44724, 0.01097, 0.00916, 0
0.43313, 0.43131, 0.21032, 0.48477, 0.43803, 0.43007, 0.07189, 0.02747, 0
0.44595, 0.43839, 0.13454, 0.4754, 0.4554, 0.45232, 0.04341, 0.05611, 0
0.43797, 0.43025, 0.12932, 0.48437, 0.44426, 0.44127, 0.0552, 0.0368, 0
0.46062, 0.45363, 0.12761, 0.4787, 0.46146, 0.45011, 0.06017, 0.033, 1
0.42642, 0.42493, 0.17136, 0.48544, 0.43101, 0.42743, 0.095, 0.02569, 0
0.44485, 0.43305, 0.17232, 0.4795, 0.44994, 0.44933, 0.04656, 0.0396, 0
0.45483, 0.4459, 0.17254, 0.47734, 0.45936, 0.45634, 0.02302, 0.03364, 1
0.4642, 0.45031, 0.24909, 0.46839, 0.47081, 0.46593, 0.05339, 0.09515, 1
0.45554, 0.44647, 0.23529, 0.47593, 0.45808, 0.44626, 0.02702, 0.05101, 1
0.46108, 0.45704, 0.19657, 0.47944, 0.45918, 0.44537, 0.07894, 0.04282, 1
0.45608, 0.44224, 0.14379, 0.47369, 0.47128, 0.45602, 0.01024, 0.01972, 1
0.4447, 0.43398, 0.30031, 0.48658, 0.44712, 0.44073, 0.05491, 0.05621, 0
0.45106, 0.44267, 0.2655, 0.48182, 0.45311, 0.44895, 0.00892, 0.02008, 1
0.46538, 0.46159, 0.28208, 0.47254, 0.48076, 0.49281, 0.21272, 0.26006, 0
0.45153, 0.44075, 0.25244, 0.47471, 0.46316, 0.45297, 0.00748, 0.00459, 0
0.44275, 0.43495, 0.27619, 0.48713, 0.4466, 0.43917, 0.03054, 0.04649, 0
0.45005, 0.44183, 0.22556, 0.47982, 0.45517, 0.44906, 0.00951, 0.01, 0
0.44796, 0.43689, 0.23025, 0.48493, 0.44931, 0.4419, 0.05773, 0.05204, 1
0.44609, 0.43818, 0.18269, 0.48435, 0.44788, 0.44412, 0.01619, 0.01393, 0
0.44906, 0.43925, 0.11116, 0.47714, 0.45542, 0.45037, 0.01296, 0.01653, 0
0.52953, 0.51388, 0.17209, 0.46505, 0.53671, 0.52858, 0.352, 0.39707, 1
0.45641, 0.44683, 0.42485, 0.48132, 0.45712, 0.44813, 0.0454, 0.04038, 1
0.44161, 0.42991, 0.44803, 0.48606, 0.43977, 0.4325, 0.09951, 0.11158, 0
0.46212, 0.44291, 0.46079, 0.47522, 0.47275, 0.47671, 0.07599, 0.01606, 1
0.44207, 0.43104, 0.31023, 0.4734, 0.46369, 0.47208, 0.1042, 0.10288, 0
0.17213, 0.1847, 0.19716, 0.51891, 0.18737, 0.20496, 0.28939, 0.34906, 0
0.48306, 0.47694, 0.18331, 0.46791, 0.50319, 0.50996, 0.26175, 0.34989, 1
0.44722, 0.43399, 0.19954, 0.48133, 0.45353, 0.44311, 0.0694, 0.04265, 0
0.45297, 0.4414, 0.19853, 0.47339, 0.4611, 0.45804, 0.00557, 0.01066, 1
0.76384, 0.75254, 0.31229, 0.45661, 0.7546, 0.75077, 0.02584, 0.06442, 1
0.43332, 0.43011, 0.29228, 0.48489, 0.42239, 0.40393, 0.08865, 0.12512, 0
0.45117, 0.44726, 0.29408, 0.48244, 0.44109, 0.43668, 0.04127, 0.13757, 1
0.58468, 0.55867, 0.24408, 0.46444, 0.59433, 0.58945, 0.56698, 0.53853, 1
0.43884, 0.39043, 0.24654, 0.48038, 0.43363, 0.4179, 0.6031, 0.58955, 1
0.46073, 0.449, 0.12835, 0.4685, 0.46654, 0.45984, 0.0404, 0.06589, 1
0.41564, 0.41681, 0.15348, 0.48696, 0.42273, 0.4251, 0.16156, 0.16115, 0
0.44076, 0.43606, 0.19106, 0.48371, 0.43787, 0.42927, 0.03516, 0.03665, 0
0.45041, 0.44503, 0.22324, 0.47822, 0.45506, 0.45814, 0.06354, 0.04332, 0
0.86734, 0.84317, 0.25341, 0.29259, 0.87429, 0.85136, 0.11077, 0.1238, 1
0.65163, 0.63086, 0.25922, 0.42596, 0.66658, 0.6603, 0.02929, 0.0464, 1
0.43994, 0.43079, 0.25966, 0.48196, 0.43078, 0.43003, 0.10029, 0.12199, 0
0.43036, 0.42419, 0.23433, 0.48815, 0.43682, 0.43492, 0.08588, 0.08714, 0
0.47691, 0.47379, 0.22964, 0.46816, 0.4914, 0.49387, 0.23173, 0.21743, 1
0.39533, 0.39333, 0.17269, 0.49104, 0.39574, 0.39171, 0.23117, 0.16933, 0
0.45065, 0.4414, 0.09364, 0.47539, 0.45649, 0.4513, 0.00211, 0.0, 0
0.24219, 0.23659, 0.34371, 0.53595, 0.24986, 0.2553, 0.10503, 0.00919, 0
0.44034, 0.43398, 0.3787, 0.47631, 0.45228, 0.45037, 0.06954, 0.03259, 0
0.44969, 0.43703, 0.39336, 0.47499, 0.45853, 0.45222, 0.03106, 0.05077, 0
0.44416, 0.42942, 0.37541, 0.48507, 0.43736, 0.42726, 0.16316, 0.15463, 1
0.44933, 0.43989, 0.41794, 0.47972, 0.45133, 0.44437, 0.02246, 0.02259, 1
0.46062, 0.4487, 0.47661, 0.47757, 0.46012, 0.45401, 0.05768, 0.13459, 1
0.44477, 0.44248, 0.45278, 0.47608, 0.45543, 0.45324, 0.10837, 0.04371, 0
0.43412, 0.42508, 0.32817, 0.48569, 0.42886, 0.4233, 0.11467, 0.10007, 0
0.72364, 0.70598, 0.2341, 0.38415, 0.72678, 0.71081, 0.08557, 0.12353, 1
0.43157, 0.43087, 0.22602, 0.48671, 0.43607, 0.43226, 0.0904, 0.1284, 0
0.44715, 0.43645, 0.18919, 0.48502, 0.44789, 0.43695, 0.06523, 0.0562, 1
0.44006, 0.43181, 0.27694, 0.4827, 0.44314, 0.4452, 0.04522, 0.04536, 0
0.45792, 0.4463, 0.31086, 0.47042, 0.46241, 0.45825, 0.02852, 0.03183, 1
0.49401, 0.48476, 0.31393, 0.46872, 0.4965, 0.4905, 0.21274, 0.21928, 1
0.41693, 0.42076, 0.32117, 0.48406, 0.42394, 0.42458, 0.156, 0.20376, 0
0.46444, 0.44973, 0.30246, 0.47313, 0.47305, 0.47043, 0.05015, 0.04048, 1
0.45095, 0.43218, 0.17704, 0.4729, 0.47619, 0.47337, 0.0485, 0.0869, 0
0.45899, 0.4532, 0.22783, 0.4787, 0.46274, 0.45752, 0.06469, 0.10894, 1
0.44268, 0.43369, 0.25129, 0.47874, 0.44804, 0.45115, 0.03655, 0.09883, 0
0.45024, 0.44183, 0.25177, 0.47403, 0.45952, 0.45712, 0.04489, 0.13989, 0
0.49605, 0.47186, 0.26105, 0.47273, 0.49133, 0.47312, 0.25674, 0.27112, 1
0.45537, 0.44161, 0.28308, 0.47181, 0.46229, 0.45698, 0.03582, 0.06338, 1
0.39879, 0.3934, 0.28567, 0.48971, 0.40171, 0.39077, 0.23593, 0.21854, 0
0.45521, 0.44336, 0.35918, 0.47366, 0.47423, 0.45801, 0.03437, 0.02614, 0
0.44167, 0.43358, 0.43705, 0.48507, 0.44316, 0.4376, 0.04569, 0.01446, 0
0.48326, 0.47504, 0.45636, 0.47764, 0.47578, 0.46562, 0.16658, 0.22589, 1
0.45587, 0.44466, 0.38738, 0.47255, 0.46715, 0.47209, 0.04, 0.04438, 0
0.44148, 0.44443, 0.37891, 0.48345, 0.43737, 0.42387, 0.05475, 0.06935, 0
0.45209, 0.44509, 0.2815, 0.47222, 0.4638, 0.46102, 0.07495, 0.06221, 0
0.84184, 0.82494, 0.41301, 0.3423, 0.84845, 0.82724, 0.08197, 0.09822, 1
0.45461, 0.44946, 0.43378, 0.48031, 0.45543, 0.44934, 0.04611, 0.04895, 1
0.44085, 0.4348, 0.22058, 0.4774, 0.45019, 0.44637, 0.05853, 0.0635, 0
0.41747, 0.41254, 0.21873, 0.4903, 0.42114, 0.41758, 0.13824, 0.16746, 0
0.45935, 0.45778, 0.22212, 0.47573, 0.46483, 0.46145, 0.13056, 0.16899, 1
0.44804, 0.43863, 0.23923, 0.47762, 0.45351, 0.44611, 0.01281, 0.06095, 0
0.44512, 0.43732, 0.1812, 0.48351, 0.44452, 0.44242, 0.0259, 0.02413, 0
0.45266, 0.4429, 0.24273, 0.47223, 0.45718, 0.45571, 0.00904, 0.03857, 1
0.46233, 0.45194, 0.28706, 0.46657, 0.46862, 0.46393, 0.05304, 0.03778, 1
0.454, 0.44356, 0.34132, 0.47242, 0.46459, 0.45691, 0.01705, 0.01217, 1
0.45482, 0.44291, 0.35706, 0.47161, 0.4629, 0.45403, 0.02319, 0.01659, 1
0.44023, 0.43666, 0.37074, 0.48215, 0.4434, 0.44254, 0.04363, 0.03982, 0
0.45455, 0.44722, 0.37269, 0.47719, 0.4584, 0.45128, 0.03851, 0.02067, 1
0.44607, 0.43903, 0.34727, 0.4739, 0.45525, 0.45298, 0.05504, 0.0265, 0
0.4489, 0.43946, 0.26985, 0.47966, 0.45389, 0.44841, 0.00832, 0.01216, 0
0.44946, 0.43968, 0.20276, 0.48435, 0.45125, 0.44463, 0.03145, 0.02483, 1
0.45135, 0.44097, 0.13726, 0.47751, 0.456, 0.44671, 0.02704, 0.01149, 1
0.45887, 0.44851, 0.13573, 0.47675, 0.46206, 0.45468, 0.04146, 0.06448, 1
0.45962, 0.4524, 0.16306, 0.46841, 0.46808, 0.46631, 0.08449, 0.0941, 1
0.46676, 0.45071, 0.25808, 0.47042, 0.48079, 0.4736, 0.04943, 0.03003, 1
0.44026, 0.42928, 0.28222, 0.47607, 0.45389, 0.44407, 0.05746, 0.05322, 0
0.45322, 0.44248, 0.24729, 0.47724, 0.4544, 0.4535, 0.02599, 0.02651, 1
0.45368, 0.44679, 0.32237, 0.47737, 0.45856, 0.4522, 0.037, 0.01195, 1
0.68643, 0.67071, 0.30358, 0.42316, 0.69735, 0.69249, 0.21808, 0.28159, 1
0.22553, 0.21978, 0.2505, 0.59023, 0.22282, 0.21952, 0.06921, 0.05944, 0
0.44602, 0.43925, 0.22049, 0.48439, 0.44689, 0.43666, 0.0157, 0.03191, 0
0.44266, 0.43541, 0.19509, 0.47521, 0.45546, 0.45762, 0.07504, 0.05177, 0
0.45779, 0.4444, 0.2252, 0.47168, 0.46905, 0.46308, 0.0164, 0.10302, 1
0.45417, 0.43755, 0.23023, 0.48213, 0.45099, 0.43225, 0.16692, 0.18932, 1
0.43882, 0.43244, 0.22478, 0.48563, 0.43497, 0.41974, 0.07531, 0.09986, 0
0.4399, 0.41518, 0.19706, 0.48267, 0.43601, 0.43099, 0.27602, 0.22634, 1
0.43894, 0.42689, 0.27334, 0.48282, 0.441, 0.42205, 0.11989, 0.1678, 0
0.15797, 0.15709, 0.33768, 0.75915, 0.16047, 0.16607, 0.04416, 0.03431, 0
0.45084, 0.44032, 0.35062, 0.4723, 0.45808, 0.45456, 0.00553, 0.03662, 0
0.4436, 0.44248, 0.2802, 0.4837, 0.43742, 0.42999, 0.01248, 0.02934, 0
0.4464, 0.43124, 0.16095, 0.48379, 0.4464, 0.43073, 0.1386, 0.09361, 1
0.4268, 0.42089, 0.18532, 0.48392, 0.43666, 0.43375, 0.10708, 0.11152, 0
0.4493, 0.44032, 0.18063, 0.47946, 0.45371, 0.44709, 0.01161, 0.01439, 1
0.4529, 0.44378, 0.18104, 0.47687, 0.45754, 0.45246, 0.01252, 0.01198, 1
0.45663, 0.44702, 0.17966, 0.46621, 0.46172, 0.45666, 0.02823, 0.02659, 1
0.43687, 0.43037, 0.1733, 0.4801, 0.44626, 0.44277, 0.06786, 0.08808, 0
0.45265, 0.4466, 0.1482, 0.47131, 0.46319, 0.45903, 0.07871, 0.08091, 0
0.44895, 0.44184, 0.39099, 0.48283, 0.45306, 0.44667, 0.01315, 0.02029, 0
0.45826, 0.44708, 0.23337, 0.4687, 0.4633, 0.4587, 0.03118, 0.01396, 1
0.44781, 0.44053, 0.11896, 0.48252, 0.45078, 0.44508, 0.00964, 0.01395, 0
0.44809, 0.43726, 0.1082, 0.47451, 0.45529, 0.45182, 0.0193, 0.04076, 0
0.45501, 0.44686, 0.09661, 0.46965, 0.46476, 0.46295, 0.05801, 0.04061, 0
0.4405, 0.43292, 0.28101, 0.47651, 0.45231, 0.44655, 0.05912, 0.0869, 0
0.44703, 0.43966, 0.40512, 0.47788, 0.45444, 0.44852, 0.02828, 0.00614, 0
0.45805, 0.44728, 0.40682, 0.46787, 0.46362, 0.4571, 0.0314, 0.00697, 1
0.4685, 0.45534, 0.40014, 0.473, 0.4699, 0.46001, 0.09099, 0.08016, 1
0.44612, 0.43753, 0.36718, 0.48306, 0.44734, 0.44347, 0.0239, 0.02061, 0
0.45979, 0.44871, 0.25721, 0.46538, 0.46462, 0.4591, 0.03842, 0.02583, 1
0.45559, 0.44075, 0.22552, 0.47297, 0.46957, 0.46512, 0.01455, 0.00796, 1
0.44439, 0.43645, 0.21836, 0.48072, 0.45302, 0.44437, 0.02701, 0.03381, 0
0.45183, 0.44075, 0.21173, 0.4782, 0.45652, 0.44815, 0.03247, 0.03587, 1
0.43508, 0.42849, 0.19461, 0.49016, 0.44031, 0.43577, 0.06253, 0.08296, 0
0.18836, 0.18558, 0.29368, 0.55905, 0.19051, 0.19132, 0.00749, 0.01506, 0
0.45785, 0.44507, 0.19139, 0.47443, 0.46103, 0.45403, 0.05383, 0.037, 1
0.45123, 0.44528, 0.19877, 0.47635, 0.4569, 0.45154, 0.04592, 0.03678, 0
0.50338, 0.47785, 0.19724, 0.4751, 0.49282, 0.47285, 0.31121, 0.35349, 1
0.45001, 0.44656, 0.21182, 0.47749, 0.45639, 0.46914, 0.10922, 0.05853, 0
0.45038, 0.44333, 0.2001, 0.47814, 0.45354, 0.44463, 0.01262, 0.0814, 1
0.45101, 0.44097, 0.22736, 0.47864, 0.45619, 0.45037, 0.00905, 0.01, 1
0.45779, 0.44981, 0.20245, 0.47006, 0.47137, 0.46919, 0.09277, 0.09108, 0
0.45015, 0.44097, 0.15211, 0.4817, 0.45342, 0.44241, 0.02702, 0.02707, 1
0.44818, 0.44053, 0.19049, 0.48077, 0.45318, 0.44905, 0.01672, 0.01396, 0
0.44886, 0.43879, 0.24169, 0.48174, 0.45212, 0.44839, 0.02007, 0.02242, 0
0.45161, 0.44249, 0.25251, 0.47959, 0.45483, 0.45156, 0.00964, 0.01065, 1
0.44294, 0.43595, 0.2799, 0.48233, 0.44847, 0.44469, 0.03589, 0.01294, 0
0.45553, 0.44271, 0.27611, 0.47239, 0.4651, 0.45871, 0.00919, 0.03047, 1
0.4526, 0.4414, 0.24986, 0.4798, 0.45691, 0.4505, 0.03107, 0.03083, 1
0.44468, 0.43922, 0.17095, 0.48297, 0.45013, 0.44587, 0.04305, 0.06091, 0
0.44915, 0.44118, 0.18907, 0.48192, 0.44935, 0.44019, 0.01823, 0.02066, 1
0.45249, 0.44314, 0.33471, 0.47431, 0.4602, 0.45339, 0.0158, 0.01444, 0
0.41801, 0.41936, 0.30743, 0.48564, 0.42401, 0.42496, 0.15244, 0.1666, 0
0.46256, 0.44726, 0.30153, 0.47168, 0.47325, 0.47653, 0.02953, 0.01619, 0
0.45945, 0.44617, 0.2602, 0.47381, 0.46669, 0.45629, 0.04204, 0.05168, 1
0.45015, 0.44183, 0.19217, 0.48209, 0.45434, 0.44682, 0.00362, 0.01516, 0
0.45757, 0.44747, 0.1699, 0.46544, 0.46349, 0.45931, 0.03084, 0.03946, 1
0.45828, 0.444, 0.15355, 0.47515, 0.46082, 0.45339, 0.07197, 0.08011, 1
0.22723, 0.22727, 0.18114, 0.61094, 0.23068, 0.23283, 0.05825, 0.04746, 1
0.45551, 0.44834, 0.17097, 0.47112, 0.46298, 0.45825, 0.05989, 0.02726, 1
0.44481, 0.43577, 0.15107, 0.47972, 0.45138, 0.44695, 0.02621, 0.01406, 1
0.4505, 0.44097, 0.17133, 0.4725, 0.459, 0.45535, 0.02354, 0.04236, 0
0.45898, 0.44761, 0.31096, 0.46887, 0.46523, 0.4588, 0.03281, 0.02384, 1
0.48217, 0.46023, 0.34942, 0.47231, 0.48012, 0.46696, 0.19001, 0.19395, 0
0.45059, 0.44271, 0.28844, 0.48307, 0.4564, 0.44602, 0.00756, 0.0303, 1
0.46997, 0.46388, 0.27103, 0.47605, 0.4701, 0.46204, 0.1132, 0.06256, 1
0.45549, 0.44247, 0.21205, 0.47561, 0.46014, 0.45853, 0.03277, 0.04555, 1
0.44853, 0.43862, 0.1198, 0.48345, 0.45229, 0.44687, 0.02476, 0.03954, 0
0.45861, 0.44439, 0.11817, 0.47915, 0.45849, 0.45037, 0.09238, 0.07836, 0
0.4579, 0.4794, 0.19462, 0.47918, 0.45838, 0.45166, 0.37195, 0.31211, 1
0.44201, 0.4452, 0.23713, 0.48202, 0.42097, 0.4153, 0.02297, 0.03176, 0
0.43811, 0.42759, 0.37983, 0.48686, 0.43607, 0.4277, 0.10757, 0.16388, 1
0.44326, 0.43991, 0.36749, 0.47863, 0.45096, 0.45565, 0.09619, 0.06089, 1
0.45161, 0.4414, 0.21948, 0.4773, 0.45793, 0.44971, 0.01627, 0.0023, 0
0.44347, 0.43562, 0.29372, 0.4813, 0.44124, 0.44959, 0.02684, 0.0079, 1
0.45354, 0.44268, 0.42805, 0.4739, 0.45868, 0.45166, 0.02098, 0.05234, 0
0.43582, 0.43069, 0.42688, 0.48235, 0.4447, 0.44102, 0.07512, 0.08355, 0
0.45328, 0.44783, 0.42861, 0.47082, 0.46412, 0.46206, 0.09351, 0.03384, 1
0.44993, 0.43446, 0.55704, 0.47656, 0.46673, 0.43605, 0.08108, 0.06255, 1
0.44912, 0.44053, 0.49632, 0.47405, 0.45878, 0.4576, 0.03458, 0.03806, 1
0.38475, 0.39091, 0.3597, 0.4903, 0.38586, 0.37753, 0.2507, 0.2048, 0
0.44647, 0.44292, 0.19163, 0.477, 0.45462, 0.44735, 0.06571, 0.06124, 1
0.44966, 0.43988, 0.19557, 0.47303, 0.45819, 0.45431, 0.0158, 0.01444, 1
0.55718, 0.54193, 0.23656, 0.38211, 0.56488, 0.55116, 0.05834, 0.07898, 0
0.43711, 0.43342, 0.21258, 0.47974, 0.4461, 0.44527, 0.09096, 0.07266, 1
0.44753, 0.43299, 0.1973, 0.47914, 0.45221, 0.44671, 0.07908, 0.07527, 0
0.45277, 0.44205, 0.18424, 0.47438, 0.46132, 0.45037, 0.00834, 0.01152, 1
0.45288, 0.44205, 0.18889, 0.47627, 0.45937, 0.44971, 0.02208, 0.01996, 1
0.45779, 0.44701, 0.18611, 0.47594, 0.46036, 0.45233, 0.04163, 0.04785, 1
0.45592, 0.47718, 0.21421, 0.47725, 0.46252, 0.46265, 0.41465, 0.49112, 1
0.45481, 0.44593, 0.16054, 0.47898, 0.45823, 0.44985, 0.02531, 0.02399, 1
0.44547, 0.43903, 0.27683, 0.47507, 0.46107, 0.45128, 0.07999, 0.09224, 1
0.45301, 0.44399, 0.32296, 0.48063, 0.45606, 0.45115, 0.01626, 0.04387, 0
0.44472, 0.43666, 0.32678, 0.48478, 0.44914, 0.44566, 0.02251, 0.05302, 1
0.45371, 0.44416, 0.39786, 0.48003, 0.45589, 0.45178, 0.02022, 0.01636, 0
0.44851, 0.43778, 0.39604, 0.47778, 0.45404, 0.44959, 0.0242, 0.01134, 1
0.45657, 0.44076, 0.40316, 0.47164, 0.46866, 0.46781, 0.01794, 0.02532, 1
0.4483, 0.43692, 0.36828, 0.48436, 0.45221, 0.44507, 0.04743, 0.03656, 1
0.44981, 0.44118, 0.31802, 0.47821, 0.45533, 0.4523, 0.01425, 0.03941, 1
0.45072, 0.4414, 0.25696, 0.48308, 0.45174, 0.4447, 0.02666, 0.05938, 1
0.44319, 0.43334, 0.25464, 0.4858, 0.44004, 0.43264, 0.08189, 0.11546, 1
0.44693, 0.44266, 0.30575, 0.4833, 0.44185, 0.4378, 0.0089, 0.0699, 1
0.4454, 0.43269, 0.25808, 0.47527, 0.46661, 0.47547, 0.07896, 0.08545, 0
0.45066, 0.43991, 0.24578, 0.47944, 0.45638, 0.44727, 0.0291, 0.01262, 0
0.43952, 0.43417, 0.27497, 0.48159, 0.44826, 0.44637, 0.06773, 0.03294, 1
0.45793, 0.44398, 0.42032, 0.4705, 0.46623, 0.46392, 0.02107, 0.02704, 0
0.44324, 0.43409, 0.43962, 0.47572, 0.45281, 0.45011, 0.03953, 0.02702, 1
0.45578, 0.44655, 0.26711, 0.4819, 0.45277, 0.44595, 0.0549, 0.08791, 1
0.43252, 0.43282, 0.22332, 0.48283, 0.44232, 0.44192, 0.12328, 0.12967, 1
0.45006, 0.44033, 0.19362, 0.48256, 0.45314, 0.44738, 0.02191, 0.03988, 1
0.44945, 0.43968, 0.20349, 0.48414, 0.45073, 0.44387, 0.0348, 0.01871, 0
0.4392, 0.43583, 0.21209, 0.48337, 0.4422, 0.43584, 0.05478, 0.01497, 1
0.46023, 0.44633, 0.23112, 0.47694, 0.46242, 0.45946, 0.05918, 0.03174, 0
0.46089, 0.451, 0.50244, 0.47043, 0.46621, 0.46372, 0.04824, 0.01677, 0
0.46026, 0.45035, 0.54891, 0.46792, 0.46735, 0.46386, 0.04784, 0.02684, 1
0.45355, 0.44315, 0.34198, 0.4764, 0.4581, 0.45103, 0.02218, 0.03473, 0
0.44997, 0.44184, 0.38178, 0.48283, 0.45453, 0.44865, 0.00631, 0.01525, 1
0.44763, 0.43727, 0.30249, 0.47408, 0.45664, 0.45261, 0.02181, 0.01063, 1
0.64848, 0.64088, 0.34746, 0.38225, 0.65586, 0.64279, 0.05573, 0.09227, 1
0.45216, 0.44701, 0.41294, 0.4788, 0.45771, 0.45037, 0.05313, 0.04147, 1
0.44338, 0.43645, 0.30792, 0.4856, 0.44269, 0.43733, 0.02699, 0.08322, 1
0.4505, 0.44355, 0.29733, 0.48204, 0.45098, 0.44789, 0.01263, 0.03692, 0
0.44084, 0.43495, 0.28226, 0.48321, 0.4451, 0.44528, 0.04829, 0.05123, 1
0.46322, 0.45583, 0.23406, 0.4682, 0.46908, 0.46525, 0.08284, 0.10384, 1
0.44558, 0.43796, 0.19456, 0.4805, 0.45224, 0.44945, 0.03115, 0.02983, 1
0.44892, 0.44054, 0.17014, 0.48574, 0.45332, 0.44776, 0.0036, 0.01505, 0
0.44845, 0.43989, 0.14627, 0.485, 0.45137, 0.44385, 0.01568, 0.01278, 1
0.45826, 0.44699, 0.19573, 0.471, 0.46183, 0.45545, 0.0389, 0.02039, 0
0.45314, 0.4438, 0.42495, 0.47779, 0.45632, 0.45275, 0.01458, 0.01628, 0
0.44873, 0.43922, 0.43146, 0.48226, 0.45219, 0.44733, 0.01589, 0.02218, 1
0.47345, 0.45125, 0.45779, 0.47043, 0.48039, 0.47185, 0.13012, 0.13955, 0
0.45235, 0.44731, 0.38817, 0.47638, 0.45947, 0.4505, 0.06231, 0.01761, 1
0.45108, 0.4414, 0.25604, 0.48335, 0.44806, 0.44006, 0.06018, 0.03721, 0
0.45834, 0.44949, 0.22772, 0.46954, 0.46785, 0.46573, 0.06213, 0.03495, 1
0.44561, 0.43747, 0.20442, 0.479, 0.45207, 0.45037, 0.02971, 0.01295, 0
0.45017, 0.44009, 0.17902, 0.47388, 0.45694, 0.45182, 0.00558, 0.01862, 1
0.45144, 0.44206, 0.18056, 0.47406, 0.45626, 0.4509, 0.00557, 0.0, 0
0.45243, 0.44424, 0.1658, 0.47859, 0.45605, 0.45143, 0.01644, 0.03023, 0
0.43995, 0.4353, 0.1962, 0.48541, 0.44621, 0.44192, 0.05679, 0.05552, 1
0.44679, 0.43988, 0.20354, 0.48019, 0.45273, 0.44944, 0.03339, 0.03971, 0
0.46327, 0.46566, 0.4505, 0.48001, 0.45879, 0.44972, 0.14209, 0.09046, 1
0.43925, 0.43475, 0.45235, 0.48184, 0.43927, 0.44543, 0.0399, 0.02743, 1
0.45609, 0.44421, 0.27042, 0.47962, 0.45848, 0.45535, 0.04576, 0.05055, 1
0.44221, 0.43408, 0.32474, 0.4906, 0.44614, 0.44059, 0.0347, 0.0226, 0
0.46097, 0.45025, 0.3127, 0.46454, 0.46765, 0.46149, 0.04375, 0.03018, 1
0.45525, 0.44446, 0.44345, 0.47505, 0.45991, 0.45394, 0.02554, 0.03887, 0
0.47687, 0.45929, 0.4484, 0.47647, 0.4725, 0.45857, 0.16849, 0.12447, 0
0.41111, 0.40704, 0.44282, 0.49122, 0.41297, 0.40701, 0.16502, 0.11705, 1
0.43003, 0.41511, 0.44757, 0.48593, 0.42478, 0.41719, 0.19495, 0.15439, 1
0.44285, 0.4299, 0.36645, 0.48609, 0.44268, 0.43563, 0.10272, 0.1101, 0
0.45422, 0.44053, 0.2551, 0.47204, 0.46326, 0.4613, 0.01665, 0.0202, 0
0.49355, 0.47826, 0.23644, 0.4644, 0.50192, 0.49477, 0.17905, 0.18495, 0
0.45048, 0.43551, 0.29849, 0.4771, 0.45454, 0.44825, 0.07797, 0.07777, 0
0.45172, 0.44315, 0.26772, 0.47955, 0.45521, 0.446, 0.01095, 0.02069, 0
0.45199, 0.44162, 0.23899, 0.48287, 0.45485, 0.44454, 0.04023, 0.03698, 1
0.45184, 0.44162, 0.21829, 0.48327, 0.45279, 0.44283, 0.0475, 0.05455, 0
0.84339, 0.82565, 0.40479, 0.2382, 0.85595, 0.84431, 0.06437, 0.06284, 0
0.45653, 0.44183, 0.47348, 0.47529, 0.46047, 0.45101, 0.07334, 0.08096, 0
0.46185, 0.45871, 0.46534, 0.4769, 0.46478, 0.46047, 0.10844, 0.09392, 0
0.44629, 0.43883, 0.4401, 0.48042, 0.45252, 0.44778, 0.02583, 0.01972, 1
0.45773, 0.44652, 0.33661, 0.48009, 0.45816, 0.45011, 0.05462, 0.04844, 0
0.45523, 0.44652, 0.21813, 0.47515, 0.46034, 0.45334, 0.03036, 0.02566, 0
0.44655, 0.43713, 0.19122, 0.47801, 0.45273, 0.45127, 0.02029, 0.02023, 0
0.45151, 0.44482, 0.16382, 0.47197, 0.4595, 0.45516, 0.05135, 0.04543, 1
0.45979, 0.45424, 0.15654, 0.46983, 0.46823, 0.46347, 0.0967, 0.15585, 0
0.44398, 0.4326, 0.22401, 0.4834, 0.44774, 0.4319, 0.08283, 0.0165, 1
0.45435, 0.44439, 0.26032, 0.46885, 0.4555, 0.4536, 0.01988, 0.04399, 0
0.44666, 0.43969, 0.35927, 0.4827, 0.45168, 0.44674, 0.02429, 0.03761, 1
0.44958, 0.44054, 0.33776, 0.47404, 0.45671, 0.45192, 0.01287, 0.02625, 1
0.45165, 0.4414, 0.41885, 0.47707, 0.45668, 0.44866, 0.01995, 0.03235, 1
0.44466, 0.43124, 0.27108, 0.48518, 0.44543, 0.43831, 0.09914, 0.12917, 0
0.45115, 0.44075, 0.16559, 0.47196, 0.45885, 0.45444, 0.00418, 0.01973, 0
0.45982, 0.4479, 0.16904, 0.46798, 0.46559, 0.46009, 0.03629, 0.0428, 1
0.44539, 0.44075, 0.20664, 0.47315, 0.46155, 0.46366, 0.12344, 0.15267, 0
0.44813, 0.44183, 0.25379, 0.48044, 0.44547, 0.42977, 0.01305, 0.03232, 0
0.46923, 0.45915, 0.25729, 0.47059, 0.47152, 0.46716, 0.08671, 0.09222, 0
0.46192, 0.45002, 0.24709, 0.47596, 0.46346, 0.45807, 0.05945, 0.05591, 0
0.44302, 0.43386, 0.23389, 0.47935, 0.45039, 0.44593, 0.03609, 0.05286, 1
0.44505, 0.43471, 0.19156, 0.48015, 0.45122, 0.44553, 0.03606, 0.02936, 1
0.4588, 0.44781, 0.29843, 0.4815, 0.45068, 0.43534, 0.10335, 0.10819, 1
0.44616, 0.4371, 0.34012, 0.47697, 0.45691, 0.44307, 0.0198, 0.01791, 1
0.45083, 0.44271, 0.22776, 0.48249, 0.45438, 0.44773, 0.00759, 0.01163, 0
0.44757, 0.43922, 0.23271, 0.48442, 0.4518, 0.4464, 0.00964, 0.01013, 0
0.43863, 0.42595, 0.25764, 0.48707, 0.43647, 0.42689, 0.13159, 0.13647, 1
0.45157, 0.43902, 0.38957, 0.47226, 0.46358, 0.47099, 0.0412, 0.11323, 0
0.41369, 0.39153, 0.38303, 0.47963, 0.42748, 0.42041, 0.28098, 0.38383, 1
0.44492, 0.4364, 0.37221, 0.47858, 0.45405, 0.45182, 0.02551, 0.0129, 0
0.45836, 0.44859, 0.38035, 0.4693, 0.47066, 0.46818, 0.05929, 0.05924, 0
0.4635, 0.43836, 0.36692, 0.48214, 0.44864, 0.42145, 0.34286, 0.35359, 0
0.46772, 0.45343, 0.31691, 0.47223, 0.49285, 0.5059, 0.11504, 0.13329, 1
0.45429, 0.44446, 0.2467, 0.47483, 0.45831, 0.45236, 0.02034, 0.01759, 0
0.45755, 0.44118, 0.26069, 0.47904, 0.45732, 0.44455, 0.12045, 0.16425, 0
0.45322, 0.44337, 0.42016, 0.47619, 0.45792, 0.45103, 0.01525, 0.01635, 0
0.45593, 0.44621, 0.34876, 0.47652, 0.45741, 0.45368, 0.02742, 0.01907, 1
0.43578, 0.43485, 0.37495, 0.48331, 0.44191, 0.44045, 0.10141, 0.0444, 1
0.46313, 0.45016, 0.3849, 0.47009, 0.47325, 0.46907, 0.04516, 0.04788, 0
0.45836, 0.44678, 0.48614, 0.47078, 0.46403, 0.45558, 0.03692, 0.04466, 0
0.44482, 0.43625, 0.41887, 0.48839, 0.44863, 0.44321, 0.02442, 0.01274, 1
0.44319, 0.43582, 0.37609, 0.48258, 0.44946, 0.44659, 0.03735, 0.04177, 1
0.44733, 0.43753, 0.21956, 0.47316, 0.45914, 0.45936, 0.04495, 0.08149, 0
0.4526, 0.44183, 0.16496, 0.47445, 0.46219, 0.45037, 0.01303, 0.00798, 1
0.4576, 0.44702, 0.17472, 0.47456, 0.46254, 0.45443, 0.03447, 0.03202, 1
0.45231, 0.4401, 0.15807, 0.48257, 0.45479, 0.44631, 0.0598, 0.01885, 1
0.43398, 0.43148, 0.18545, 0.48541, 0.43952, 0.43887, 0.08448, 0.11818, 1
0.44355, 0.43752, 0.1899, 0.48185, 0.45038, 0.44422, 0.03857, 0.02799, 0
0.4485, 0.43923, 0.22766, 0.48416, 0.44985, 0.44681, 0.01889, 0.01011, 0
0.45172, 0.44358, 0.21275, 0.47312, 0.4563, 0.4534, 0.0231, 0.03465, 0
0.40624, 0.41202, 0.22316, 0.47957, 0.42571, 0.43547, 0.28143, 0.31981, 1
0.44713, 0.44075, 0.21629, 0.47969, 0.45056, 0.43374, 0.00758, 0.00696, 1
0.44403, 0.43703, 0.19068, 0.47522, 0.45855, 0.45355, 0.07404, 0.09948, 0
0.43755, 0.43159, 0.19478, 0.48254, 0.43975, 0.44125, 0.0512, 0.04921, 1
0.44624, 0.43729, 0.26183, 0.47916, 0.45183, 0.4484, 0.01915, 0.01285, 0
0.45946, 0.44747, 0.24327, 0.46985, 0.46392, 0.45746, 0.0407, 0.03946, 0
0.44041, 0.42561, 0.2673, 0.47598, 0.45393, 0.44185, 0.08865, 0.02408, 0
0.4481, 0.43273, 0.28874, 0.47452, 0.46271, 0.45944, 0.04713, 0.11698, 1
0.45068, 0.43968, 0.36828, 0.47701, 0.45103, 0.44828, 0.0385, 0.02878, 1
0.45183, 0.44205, 0.36698, 0.48151, 0.45184, 0.44541, 0.03266, 0.0517, 1
0.45473, 0.44355, 0.37024, 0.48167, 0.45306, 0.44515, 0.06046, 0.06608, 0
0.45107, 0.44226, 0.36825, 0.47844, 0.4547, 0.45311, 0.00749, 0.04377, 1
0.4451, 0.43645, 0.38679, 0.4774, 0.45228, 0.44906, 0.02908, 0.01052, 1
0.44459, 0.43925, 0.19801, 0.48396, 0.43815, 0.43411, 0.02847, 0.08745, 0
0.4521, 0.44505, 0.20103, 0.47615, 0.45593, 0.45844, 0.04694, 0.03465, 0
0.44871, 0.43903, 0.24527, 0.47428, 0.45718, 0.45076, 0.01496, 0.01432, 0
0.46302, 0.45274, 0.33511, 0.46567, 0.46736, 0.46279, 0.05582, 0.05419, 1
0.44971, 0.44206, 0.21158, 0.48142, 0.45397, 0.44971, 0.01518, 0.01163, 1
0.45505, 0.44446, 0.2184, 0.47657, 0.45833, 0.45341, 0.02552, 0.01163, 0
0.46576, 0.44688, 0.29238, 0.48039, 0.45596, 0.45236, 0.19601, 0.14913, 0
0.45802, 0.44228, 0.33751, 0.47336, 0.47489, 0.47006, 0.01389, 0.0117, 1
0.43208, 0.42214, 0.32159, 0.48069, 0.43791, 0.42105, 0.10998, 0.13985, 1
0.44867, 0.44204, 0.32359, 0.47774, 0.45347, 0.45374, 0.0432, 0.03549, 0
0.45483, 0.44247, 0.32706, 0.47158, 0.4623, 0.45752, 0.01564, 0.00915, 0
0.45104, 0.43903, 0.31228, 0.48069, 0.45185, 0.4368, 0.087, 0.10348, 0
0.50651, 0.47167, 0.31819, 0.47422, 0.50023, 0.47814, 0.37849, 0.40402, 1
0.42347, 0.40553, 0.30416, 0.48615, 0.41075, 0.38398, 0.34724, 0.37904, 0
0.45548, 0.44577, 0.30736, 0.47005, 0.46566, 0.46412, 0.04423, 0.06886, 0
0.42218, 0.41031, 0.32769, 0.48823, 0.42108, 0.40728, 0.19357, 0.12212, 1
0.44186, 0.44011, 0.41654, 0.48091, 0.43071, 0.45623, 0.05238, 0.05122, 1
0.43321, 0.44788, 0.5248, 0.48125, 0.43933, 0.4319, 0.25319, 0.27693, 0
0.4508, 0.44034, 0.49681, 0.4834, 0.44772, 0.44383, 0.0532, 0.05511, 0
0.45507, 0.44245, 0.51236, 0.47146, 0.46226, 0.45768, 0.01873, 0.01173, 0
0.44794, 0.44224, 0.50105, 0.47326, 0.45901, 0.45473, 0.07634, 0.0745, 1
0.44301, 0.43927, 0.45084, 0.47391, 0.45759, 0.4559, 0.11575, 0.09438, 1
0.44199, 0.43779, 0.45849, 0.4834, 0.44463, 0.44086, 0.04228, 0.00598, 1
0.44157, 0.44288, 0.40454, 0.47313, 0.46164, 0.46866, 0.23475, 0.25216, 1
0.43943, 0.43033, 0.37445, 0.47567, 0.45414, 0.4434, 0.0588, 0.11625, 0
0.4403, 0.4382, 0.3649, 0.47491, 0.4588, 0.4505, 0.14325, 0.07817, 1
0.44235, 0.43948, 0.22606, 0.48088, 0.43197, 0.45719, 0.04342, 0.0497, 0
0.37848, 0.37627, 0.26552, 0.48762, 0.38873, 0.38994, 0.31567, 0.30431, 0
0.43954, 0.43371, 0.2789, 0.47559, 0.45687, 0.44635, 0.09465, 0.01865, 1
0.43559, 0.43476, 0.27455, 0.47438, 0.4575, 0.45647, 0.18883, 0.18772, 1
0.45501, 0.44545, 0.19667, 0.46964, 0.46289, 0.46084, 0.03238, 0.01267, 1
0.44545, 0.43692, 0.14193, 0.4857, 0.45077, 0.44623, 0.02089, 0.00991, 0
0.45155, 0.44975, 0.2766, 0.48332, 0.43701, 0.41675, 0.09214, 0.15324, 1
0.43974, 0.4399, 0.2864, 0.48113, 0.43833, 0.44518, 0.09315, 0.10919, 1
0.44088, 0.43437, 0.2585, 0.48704, 0.44474, 0.43682, 0.03307, 0.02304, 1
0.4515, 0.44502, 0.25281, 0.47982, 0.45607, 0.45114, 0.03398, 0.01202, 1
0.43698, 0.43181, 0.17524, 0.48268, 0.44503, 0.44197, 0.07, 0.10207, 1
0.45355, 0.44507, 0.35097, 0.4704, 0.46106, 0.45888, 0.0407, 0.03394, 0
0.4086, 0.41579, 0.32517, 0.48457, 0.41997, 0.42428, 0.23583, 0.27312, 1
0.42507, 0.42151, 0.23467, 0.47843, 0.44117, 0.44945, 0.14822, 0.18366, 1
0.46998, 0.46222, 0.24701, 0.47076, 0.48514, 0.47993, 0.14482, 0.18996, 0
0.45214, 0.44205, 0.26036, 0.47655, 0.45912, 0.44748, 0.01861, 0.04644, 1
0.43343, 0.4323, 0.25377, 0.48558, 0.44034, 0.43711, 0.0953, 0.0779, 0
0.45906, 0.44359, 0.31761, 0.47334, 0.47921, 0.46031, 0.01175, 0.02366, 1
0.45318, 0.44162, 0.46162, 0.47548, 0.45747, 0.45024, 0.0326, 0.07395, 0
0.42841, 0.43429, 0.39002, 0.48504, 0.42252, 0.40887, 0.0665, 0.09192, 1
0.46278, 0.45128, 0.21872, 0.47227, 0.46755, 0.45753, 0.05569, 0.03814, 0
0.45776, 0.45792, 0.10628, 0.47807, 0.46081, 0.4583, 0.13739, 0.13611, 0
0.43773, 0.43282, 0.11587, 0.48418, 0.44429, 0.43828, 0.06032, 0.04759, 1
0.44048, 0.43865, 0.31423, 0.47642, 0.45038, 0.45101, 0.12082, 0.11762, 1
0.44709, 0.43759, 0.37283, 0.48539, 0.44843, 0.43973, 0.04096, 0.0222, 0
0.44475, 0.43498, 0.34574, 0.48769, 0.44683, 0.44181, 0.04266, 0.05216, 0
0.44058, 0.4359, 0.25118, 0.47941, 0.44726, 0.45216, 0.08012, 0.061, 0
0.4525, 0.44415, 0.15613, 0.47351, 0.46101, 0.45345, 0.02861, 0.01173, 0
0.44238, 0.43843, 0.15034, 0.47648, 0.45282, 0.45024, 0.08777, 0.04291, 1
0.44716, 0.43419, 0.15268, 0.47646, 0.4549, 0.44587, 0.05293, 0.02382, 0
0.461, 0.45119, 0.42434, 0.46897, 0.46767, 0.46448, 0.05161, 0.08527, 0
0.44175, 0.43227, 0.32473, 0.4883, 0.44574, 0.43825, 0.0509, 0.13978, 0
0.44688, 0.43858, 0.21027, 0.48581, 0.44956, 0.44326, 0.01664, 0.00927, 0
0.42859, 0.42815, 0.18594, 0.48252, 0.43866, 0.43944, 0.13536, 0.07876, 1
0.44732, 0.43663, 0.16617, 0.4836, 0.44187, 0.42368, 0.11276, 0.1446, 0
0.45158, 0.44399, 0.24344, 0.48221, 0.44095, 0.43716, 0.05403, 0.06633, 1
0.44144, 0.43063, 0.33634, 0.48328, 0.44271, 0.43653, 0.06566, 0.06254, 1
0.46311, 0.45239, 0.3416, 0.47765, 0.46153, 0.45559, 0.07156, 0.08999, 0
0.46535, 0.45759, 0.36081, 0.46836, 0.47542, 0.4747, 0.11212, 0.06746, 1
0.43658, 0.41141, 0.38111, 0.47795, 0.44523, 0.44056, 0.23622, 0.26298, 0
0.44952, 0.43772, 0.34997, 0.47481, 0.46625, 0.46127, 0.02744, 0.03203, 0
0.46325, 0.44769, 0.19905, 0.47428, 0.46983, 0.47167, 0.05971, 0.05839, 1
0.4509, 0.44248, 0.14038, 0.48231, 0.45319, 0.44774, 0.01254, 0.02053, 0
0.44264, 0.43599, 0.14284, 0.48403, 0.4472, 0.44407, 0.03318, 0.012, 1
0.3808, 0.38005, 0.13743, 0.48762, 0.39227, 0.39342, 0.30328, 0.3747, 1
0.4539, 0.44504, 0.27239, 0.47027, 0.46311, 0.46076, 0.0436, 0.05376, 1
0.43786, 0.43327, 0.30507, 0.48342, 0.44315, 0.44311, 0.0644, 0.13835, 0
0.45512, 0.44784, 0.28966, 0.47255, 0.46684, 0.46025, 0.06735, 0.15988, 1
0.44512, 0.43261, 0.27973, 0.48213, 0.44893, 0.43907, 0.08273, 0.10997, 0
0.44574, 0.43968, 0.25526, 0.48128, 0.45146, 0.44569, 0.0348, 0.0324, 0
0.45651, 0.44805, 0.22037, 0.46835, 0.46418, 0.45947, 0.04627, 0.05554, 0
0.4458, 0.43582, 0.1223, 0.48036, 0.45091, 0.44491, 0.03252, 0.02809, 0
0.45069, 0.4444, 0.0981, 0.47257, 0.46096, 0.45896, 0.0752, 0.07053, 1
0.48847, 0.46589, 0.10693, 0.47115, 0.48773, 0.4768, 0.19937, 0.2662, 0
0.45486, 0.43927, 0.15346, 0.48086, 0.45115, 0.44135, 0.11938, 0.0497, 0
0.45183, 0.45076, 0.17696, 0.47394, 0.46383, 0.46455, 0.1649, 0.27003, 1
0.44386, 0.43733, 0.17794, 0.47619, 0.45431, 0.44777, 0.06015, 0.06149, 1
0.46039, 0.44504, 0.1793, 0.4724, 0.46564, 0.45737, 0.07047, 0.13895, 1
0.44472, 0.43128, 0.28624, 0.47842, 0.45291, 0.44711, 0.06206, 0.0872, 1
0.44989, 0.43925, 0.26921, 0.4807, 0.45338, 0.44593, 0.03892, 0.03213, 0
0.44178, 0.43385, 0.25834, 0.47638, 0.45235, 0.44684, 0.04801, 0.04139, 1
0.45152, 0.44032, 0.26721, 0.47273, 0.46082, 0.45495, 0.00417, 0.06358, 1
0.45245, 0.44377, 0.28604, 0.47345, 0.45898, 0.45325, 0.0191, 0.00399, 1
0.4507, 0.43989, 0.30547, 0.48248, 0.45412, 0.44684, 0.0366, 0.04754, 0
0.45249, 0.44248, 0.29669, 0.48051, 0.45494, 0.45115, 0.01907, 0.00919, 0
0.44121, 0.43472, 0.27215, 0.48629, 0.44605, 0.44162, 0.03602, 0.02431, 1
0.45268, 0.44398, 0.23419, 0.48208, 0.45314, 0.44593, 0.03019, 0.05216, 0
0.43183, 0.42418, 0.16881, 0.48986, 0.43571, 0.43002, 0.08302, 0.09804, 1
0.44534, 0.43472, 0.12948, 0.48177, 0.44908, 0.44371, 0.04496, 0.0743, 1
0.4529, 0.44205, 0.14436, 0.48134, 0.45465, 0.44684, 0.03981, 0.03474, 0
0.44269, 0.43537, 0.14645, 0.48678, 0.44598, 0.44176, 0.0281, 0.06002, 1
0.45622, 0.45323, 0.18712, 0.47817, 0.45861, 0.45415, 0.087, 0.01051, 1
0.45162, 0.44032, 0.25791, 0.47227, 0.46471, 0.46265, 0.02913, 0.0046, 1
0.45211, 0.44206, 0.31414, 0.47161, 0.46232, 0.45859, 0.02235, 0.03033, 1
0.45055, 0.44271, 0.28824, 0.4752, 0.45738, 0.45275, 0.02835, 0.03026, 1
0.45299, 0.44206, 0.27282, 0.47755, 0.4585, 0.45262, 0.01875, 0.07037, 1
0.46812, 0.44928, 0.22364, 0.47066, 0.47947, 0.47663, 0.06299, 0.0465, 0
0.45207, 0.43922, 0.17058, 0.48145, 0.45471, 0.44242, 0.07191, 0.04038, 1
0.44994, 0.44075, 0.16056, 0.4836, 0.44908, 0.43912, 0.04751, 0.09324, 1
0.48912, 0.47663, 0.16335, 0.46888, 0.49029, 0.48604, 0.17141, 0.19741, 0
0.45327, 0.44489, 0.16366, 0.48155, 0.45234, 0.44865, 0.02424, 0.0, 0
0.41034, 0.41419, 0.15445, 0.48331, 0.42237, 0.43058, 0.22083, 0.22284, 1
0.44648, 0.43638, 0.11651, 0.48534, 0.45146, 0.4452, 0.03191, 0.03303, 1
0.4507, 0.44206, 0.10058, 0.47899, 0.45591, 0.45169, 0.00844, 0.01991, 1
0.54563, 0.50145, 0.17303, 0.47564, 0.52093, 0.48703, 0.61679, 0.73933, 0
0.30273, 0.31442, 0.16731, 0.4914, 0.30238, 0.29503, 0.61215, 0.74618, 1
0.44949, 0.43682, 0.15469, 0.48472, 0.45216, 0.4394, 0.07942, 0.07825, 0
0.45147, 0.45003, 0.16702, 0.48071, 0.43778, 0.46057, 0.05708, 0.06838, 0
0.37333, 0.39475, 0.23287, 0.47856, 0.39828, 0.43034, 0.53149, 0.61022, 0
0.46173, 0.44206, 0.23164, 0.47297, 0.48876, 0.48446, 0.00842, 0.01903, 0
0.52622, 0.48916, 0.25081, 0.4741, 0.52047, 0.4809, 0.4505, 0.50345, 0
0.44916, 0.44162, 0.37396, 0.47629, 0.45175, 0.44945, 0.01819, 0.03809, 0
0.45508, 0.44445, 0.28534, 0.48106, 0.45627, 0.44734, 0.04812, 0.10332, 1
0.56751, 0.53343, 0.40458, 0.46885, 0.55625, 0.53561, 0.52528, 0.61486, 1
0.44038, 0.43351, 0.445, 0.48509, 0.439, 0.44121, 0.03705, 0.04506, 1
0.45091, 0.44206, 0.38133, 0.47313, 0.45793, 0.45422, 0.01881, 0.0162, 0
0.47254, 0.45653, 0.27532, 0.47914, 0.46682, 0.45701, 0.15448, 0.18674, 0
0.43153, 0.42173, 0.26641, 0.48611, 0.42642, 0.41686, 0.13751, 0.10588, 1
0.45722, 0.44774, 0.19496, 0.47366, 0.46158, 0.45408, 0.03248, 0.05993, 0
0.44163, 0.43244, 0.14376, 0.47677, 0.45173, 0.44984, 0.05136, 0.05717, 1
0.45809, 0.44907, 0.14083, 0.46996, 0.46755, 0.46443, 0.05279, 0.01995, 1
0.45275, 0.44251, 0.24421, 0.47606, 0.46413, 0.44715, 0.01282, 0.0354, 1
0.42976, 0.43042, 0.29548, 0.48421, 0.4299, 0.43784, 0.11019, 0.09328, 1
0.46227, 0.44895, 0.36775, 0.47158, 0.46641, 0.46331, 0.04959, 0.06577, 0
0.4813, 0.48526, 0.37918, 0.47269, 0.48871, 0.48782, 0.29832, 0.30327, 0
0.44694, 0.44273, 0.34313, 0.47917, 0.45122, 0.46319, 0.08691, 0.09247, 0
0.45134, 0.44449, 0.26644, 0.47952, 0.45535, 0.44194, 0.01845, 0.02118, 0
0.4499, 0.44383, 0.24455, 0.47798, 0.45474, 0.4501, 0.03558, 0.03004, 0
0.46721, 0.45809, 0.25441, 0.46838, 0.475, 0.47259, 0.09547, 0.03768, 0
0.44933, 0.43504, 0.24542, 0.47603, 0.45639, 0.45582, 0.05006, 0.0102, 0
0.4514, 0.44096, 0.23816, 0.47454, 0.45918, 0.45449, 0.00212, 0.02638, 1
0.45062, 0.43855, 0.19279, 0.48397, 0.44863, 0.43935, 0.08518, 0.06281, 0
0.44341, 0.43286, 0.18157, 0.47924, 0.44889, 0.44718, 0.04164, 0.013, 0
0.44171, 0.43548, 0.16183, 0.47582, 0.45187, 0.44944, 0.07146, 0.0738, 0
0.44929, 0.44424, 0.16015, 0.47935, 0.44734, 0.45341, 0.03267, 0.04185, 0
0.44933, 0.44097, 0.18128, 0.47555, 0.45515, 0.45248, 0.02008, 0.07486, 1
0.47132, 0.46151, 0.18616, 0.46797, 0.48227, 0.48296, 0.12125, 0.07477, 0
0.45022, 0.45079, 0.15645, 0.47928, 0.45542, 0.45354, 0.13241, 0.12722, 1
0.4475, 0.43703, 0.1551, 0.48165, 0.45176, 0.44534, 0.03392, 0.04863, 0
0.40268, 0.41087, 0.21722, 0.47861, 0.42628, 0.44033, 0.33769, 0.33676, 1
0.45036, 0.43279, 0.22522, 0.48369, 0.44564, 0.4339, 0.17831, 0.16939, 0
0.42831, 0.42683, 0.2162, 0.48751, 0.42758, 0.41987, 0.07121, 0.09895, 1
0.45839, 0.45585, 0.18339, 0.47095, 0.48343, 0.48808, 0.23737, 0.22285, 0
0.46816, 0.45588, 0.1644, 0.46899, 0.47435, 0.4717, 0.07103, 0.02479, 0
0.44786, 0.43852, 0.15612, 0.48267, 0.44954, 0.44687, 0.02572, 0.04269, 0
0.45869, 0.44251, 0.43872, 0.47842, 0.4614, 0.45478, 0.0961, 0.08589, 1
0.46024, 0.44096, 0.42005, 0.47346, 0.47094, 0.46163, 0.0906, 0.0628, 0
0.45696, 0.44339, 0.20733, 0.47724, 0.45865, 0.44756, 0.07458, 0.05665, 0
0.43627, 0.43104, 0.17758, 0.47881, 0.44634, 0.45077, 0.09161, 0.11088, 0
0.4511, 0.44627, 0.17212, 0.47167, 0.46477, 0.4659, 0.12252, 0.11107, 1
0.43396, 0.42996, 0.17725, 0.4851, 0.43148, 0.4297, 0.05444, 0.04346, 1
0.44533, 0.43854, 0.24516, 0.48553, 0.44794, 0.44397, 0.01686, 0.02238, 0
0.45639, 0.43744, 0.25773, 0.47914, 0.45607, 0.44757, 0.14643, 0.18942, 1
0.24064, 0.24239, 0.2524, 0.5294, 0.23535, 0.23199, 0.06915, 0.12104, 0
0.45097, 0.44387, 0.24317, 0.4722, 0.46636, 0.4756, 0.12041, 0.09532, 1
0.44769, 0.43672, 0.212, 0.48262, 0.44857, 0.43805, 0.0706, 0.0251, 0
0.47056, 0.44994, 0.25861, 0.47047, 0.48811, 0.49091, 0.04424, 0.05983, 1
0.46113, 0.44163, 0.25467, 0.47335, 0.47232, 0.46301, 0.08999, 0.0623, 0
0.43772, 0.43269, 0.2436, 0.47839, 0.44806, 0.44265, 0.08527, 0.13001, 0
0.46061, 0.44836, 0.23242, 0.47156, 0.4737, 0.47211, 0.04834, 0.02519, 1
0.45566, 0.44298, 0.21641, 0.4744, 0.46272, 0.45092, 0.0421, 0.06207, 0
0.4484, 0.44208, 0.21786, 0.47939, 0.45591, 0.44901, 0.0377, 0.0861, 0
0.44108, 0.43558, 0.21831, 0.47607, 0.45303, 0.45309, 0.085, 0.06858, 0
0.45376, 0.44655, 0.21016, 0.47904, 0.45115, 0.43845, 0.04546, 0.06211, 1
0.4512, 0.44342, 0.22102, 0.48207, 0.44892, 0.44536, 0.02827, 0.02076, 0
0.44563, 0.43784, 0.22895, 0.48248, 0.44484, 0.44144, 0.0233, 0.04363, 1
0.45301, 0.44498, 0.24622, 0.47882, 0.45543, 0.452, 0.02055, 0.02574, 0
0.44835, 0.43806, 0.20001, 0.48366, 0.45066, 0.44307, 0.04722, 0.036, 0
0.45701, 0.44893, 0.25081, 0.46896, 0.46449, 0.46379, 0.0595, 0.07588, 1
0.4521, 0.44361, 0.13118, 0.48294, 0.4503, 0.44274, 0.04048, 0.02715, 0
0.45965, 0.44163, 0.13331, 0.47294, 0.46639, 0.46552, 0.06659, 0.07196, 0
0.46676, 0.44952, 0.19702, 0.47298, 0.47397, 0.46048, 0.0904, 0.09165, 1
0.44987, 0.44073, 0.16282, 0.47828, 0.45308, 0.45391, 0.00217, 0.00633, 1
0.44897, 0.43894, 0.13911, 0.47871, 0.45425, 0.4486, 0.01562, 0.00415, 1
0.44584, 0.43895, 0.14448, 0.48366, 0.44054, 0.43603, 0.03884, 0.07437, 1
0.44943, 0.44854, 0.19329, 0.47973, 0.45072, 0.45375, 0.09791, 0.03214, 0
0.39202, 0.40352, 0.19346, 0.47959, 0.41499, 0.43295, 0.38964, 0.38382, 1
0.46217, 0.44888, 0.22556, 0.47805, 0.4556, 0.45383, 0.094, 0.0211, 0
0.48617, 0.46927, 0.29678, 0.46576, 0.49463, 0.48806, 0.13875, 0.10593, 0
0.47034, 0.45432, 0.34797, 0.47151, 0.47273, 0.46225, 0.10505, 0.11361, 0
0.44985, 0.43941, 0.29573, 0.47982, 0.45173, 0.44957, 0.02731, 0.02875, 1
0.45316, 0.44318, 0.29231, 0.47762, 0.45437, 0.44836, 0.02941, 0.03309, 0
0.45105, 0.44251, 0.27558, 0.48273, 0.45268, 0.44742, 0.01283, 0.03332, 1
0.44797, 0.43963, 0.25612, 0.48451, 0.4504, 0.44635, 0.00932, 0.00236, 0
0.45826, 0.44916, 0.23576, 0.46687, 0.46398, 0.46139, 0.04447, 0.05151, 1
0.42518, 0.43656, 0.24254, 0.48448, 0.40278, 0.38117, 0.02575, 0.03664, 1
0.44327, 0.43567, 0.25265, 0.48336, 0.44893, 0.44369, 0.02816, 0.03998, 0
0.4769, 0.45973, 0.25822, 0.47085, 0.47767, 0.46844, 0.13124, 0.12182, 0
0.55883, 0.53793, 0.25611, 0.46479, 0.57037, 0.56683, 0.46919, 0.46719, 0
0.44357, 0.43586, 0.20075, 0.48361, 0.45263, 0.44392, 0.02801, 0.02049, 1
0.47208, 0.45916, 0.18631, 0.47578, 0.47099, 0.45885, 0.11298, 0.1137, 0
0.44027, 0.4291, 0.18775, 0.48265, 0.44524, 0.43945, 0.06617, 0.08537, 1
0.44161, 0.43262, 0.15302, 0.48902, 0.44453, 0.43706, 0.04968, 0.04806, 1
0.45134, 0.43876, 0.13344, 0.47316, 0.45905, 0.45704, 0.02025, 0.03258, 0
0.4505, 0.44096, 0.14071, 0.47431, 0.45786, 0.45184, 0.00562, 0.02111, 0
0.45932, 0.4403, 0.12613, 0.47304, 0.46857, 0.46625, 0.07741, 0.10128, 1
0.4465, 0.43767, 0.12549, 0.47904, 0.4507, 0.43598, 0.03083, 0.08064, 1
0.43782, 0.43149, 0.14106, 0.47463, 0.45496, 0.45999, 0.11328, 0.1129, 0
0.39931, 0.38888, 0.1889, 0.4892, 0.39376, 0.37392, 0.31002, 0.38752, 1
0.44161, 0.43437, 0.18418, 0.47683, 0.44937, 0.43998, 0.04292, 0.01831, 1
0.45324, 0.44887, 0.22586, 0.47878, 0.45566, 0.44997, 0.05349, 0.03449, 0
0.46017, 0.4458, 0.20923, 0.47706, 0.46104, 0.45197, 0.08554, 0.08998, 1
0.42239, 0.41955, 0.21851, 0.4901, 0.42727, 0.42282, 0.11124, 0.10411, 1
0.45609, 0.44075, 0.18693, 0.47303, 0.46537, 0.46538, 0.02938, 0.0365, 1
0.44757, 0.43812, 0.17746, 0.47711, 0.4538, 0.44267, 0.01843, 0.01635, 0
0.44728, 0.44009, 0.17256, 0.47851, 0.45414, 0.44705, 0.02438, 0.02653, 0
0.45089, 0.44272, 0.15146, 0.4813, 0.45546, 0.44984, 0.00922, 0.00405, 1
0.43231, 0.42785, 0.20949, 0.48663, 0.43255, 0.42891, 0.06498, 0.08707, 1
0.45979, 0.44823, 0.24728, 0.47372, 0.47466, 0.4561, 0.03703, 0.02472, 1
0.43937, 0.43547, 0.26785, 0.48525, 0.44806, 0.43932, 0.06162, 0.06213, 0
0.45845, 0.44779, 0.35506, 0.48202, 0.45436, 0.44169, 0.09048, 0.1123, 0
0.45286, 0.44688, 0.35583, 0.47127, 0.45978, 0.46709, 0.08856, 0.04091, 0
0.40366, 0.39699, 0.32581, 0.48354, 0.41493, 0.409, 0.21331, 0.1943, 0
0.4976, 0.48493, 0.26966, 0.45499, 0.50137, 0.49153, 0.0586, 0.075, 0
0.45248, 0.4436, 0.25481, 0.47218, 0.46173, 0.45317, 0.02026, 0.02311, 0
0.45105, 0.4425, 0.22799, 0.47211, 0.46009, 0.45477, 0.02654, 0.02645, 0
0.45423, 0.44844, 0.20195, 0.4815, 0.45437, 0.44637, 0.03544, 0.01831, 0
0.46583, 0.44847, 0.28713, 0.47436, 0.47731, 0.46455, 0.07031, 0.05799, 0
0.46013, 0.44869, 0.32062, 0.47015, 0.46756, 0.46188, 0.03697, 0.03262, 0
0.41984, 0.40082, 0.34802, 0.48668, 0.40304, 0.38416, 0.3707, 0.33918, 0
0.39923, 0.39468, 0.2961, 0.48928, 0.40415, 0.39428, 0.22546, 0.21343, 0
0.4602, 0.44692, 0.22902, 0.47319, 0.47041, 0.46094, 0.03137, 0.00848, 0
0.45709, 0.44781, 0.24278, 0.46933, 0.46623, 0.45947, 0.04109, 0.03531, 1
0.46592, 0.44913, 0.24173, 0.47358, 0.46907, 0.4596, 0.1033, 0.12042, 0
0.46105, 0.44626, 0.22134, 0.47083, 0.46637, 0.4608, 0.05882, 0.06224, 1
0.44438, 0.4381, 0.21275, 0.48254, 0.44894, 0.44022, 0.02095, 0.05655, 1
0.45528, 0.44229, 0.23092, 0.48131, 0.45578, 0.4489, 0.07202, 0.07764, 0
0.46918, 0.45793, 0.25066, 0.47553, 0.4683, 0.45919, 0.09212, 0.03548, 0
0.4449, 0.44361, 0.25996, 0.47964, 0.45087, 0.45037, 0.09825, 0.11229, 1
0.44664, 0.43986, 0.27066, 0.48386, 0.44858, 0.4417, 0.00736, 0.00846, 1
0.46175, 0.4577, 0.22163, 0.47051, 0.47165, 0.47359, 0.14685, 0.17396, 1
0.46301, 0.45046, 0.18956, 0.47085, 0.47905, 0.47887, 0.07408, 0.08143, 0
0.45498, 0.44008, 0.19342, 0.47271, 0.46889, 0.46776, 0.01065, 0.01026, 0
0.45229, 0.44473, 0.16259, 0.47846, 0.45557, 0.44621, 0.01749, 0.01888, 1
0.44888, 0.44052, 0.14013, 0.47702, 0.45451, 0.44702, 0.00979, 0.0, 1
0.44485, 0.43676, 0.11324, 0.48708, 0.44718, 0.44045, 0.02596, 0.02484, 1
0.44252, 0.43521, 0.10917, 0.48573, 0.44666, 0.44367, 0.03158, 0.03705, 0
0.44813, 0.44229, 0.10665, 0.47715, 0.45466, 0.45359, 0.05389, 0.0401, 0
0.4487, 0.43785, 0.19351, 0.4742, 0.46053, 0.45279, 0.02066, 0.01787, 1
0.45046, 0.43896, 0.33779, 0.48256, 0.45129, 0.44418, 0.06773, 0.01709, 0
0.43081, 0.42392, 0.33123, 0.48776, 0.42595, 0.4171, 0.10442, 0.06338, 0
0.44841, 0.43743, 0.1954, 0.47765, 0.45324, 0.4497, 0.02724, 0.03472, 0
0.44578, 0.43853, 0.19318, 0.47698, 0.45288, 0.44836, 0.03564, 0.02593, 1
0.44792, 0.43792, 0.44748, 0.47931, 0.45421, 0.44734, 0.01819, 0.0116, 0
0.44823, 0.4401, 0.47461, 0.47597, 0.4556, 0.45063, 0.02423, 0.05647, 0
0.45634, 0.44663, 0.50745, 0.46877, 0.46543, 0.46173, 0.03791, 0.03126, 0
0.44832, 0.43792, 0.52424, 0.47364, 0.45758, 0.45341, 0.01821, 0.02447, 1
0.44836, 0.43988, 0.5479, 0.47574, 0.45618, 0.45644, 0.02981, 0.02816, 0
0.45403, 0.44336, 0.53014, 0.47258, 0.46184, 0.45671, 0.01113, 0.00697, 1
0.44785, 0.43748, 0.44144, 0.48502, 0.45304, 0.4468, 0.02685, 0.01626, 1
0.44755, 0.43792, 0.39508, 0.48576, 0.45085, 0.44351, 0.02843, 0.03649, 0
0.45401, 0.4438, 0.29678, 0.47964, 0.45665, 0.44892, 0.03174, 0.03218, 0
0.45578, 0.44641, 0.26704, 0.47973, 0.45774, 0.45129, 0.0311, 0.0452, 1
0.44851, 0.44031, 0.22571, 0.4837, 0.44969, 0.44536, 0.01168, 0.0175, 0
0.43306, 0.43053, 0.20924, 0.48369, 0.44032, 0.44141, 0.09969, 0.11243, 0
0.44472, 0.43922, 0.24861, 0.48208, 0.44968, 0.44455, 0.0359, 0.12487, 0
0.45774, 0.44316, 0.26743, 0.47139, 0.48079, 0.4844, 0.07576, 0.10409, 0
0.44494, 0.43086, 0.30953, 0.47506, 0.4617, 0.44957, 0.05247, 0.01873, 1
0.52326, 0.49041, 0.30206, 0.47355, 0.51516, 0.48313, 0.4161, 0.44314, 0
0.40915, 0.39083, 0.29095, 0.48729, 0.39612, 0.36688, 0.40671, 0.42542, 1
0.4235, 0.42202, 0.26804, 0.48419, 0.4132, 0.40497, 0.09593, 0.12324, 1
0.44705, 0.43748, 0.24942, 0.48372, 0.45006, 0.44338, 0.02964, 0.02024, 0
0.45029, 0.44227, 0.32882, 0.47382, 0.45658, 0.45181, 0.02061, 0.01444, 1
0.45407, 0.4453, 0.32316, 0.46906, 0.45957, 0.45392, 0.02185, 0.01008, 0
0.44748, 0.43945, 0.2581, 0.48638, 0.45222, 0.44669, 0.01106, 0.01155, 1
0.44632, 0.43598, 0.18198, 0.4766, 0.45365, 0.45234, 0.02536, 0.01601, 0
0.46493, 0.45204, 0.20475, 0.46632, 0.47111, 0.46458, 0.05673, 0.07511, 0
0.4473, 0.43446, 0.22042, 0.48012, 0.45191, 0.44472, 0.06487, 0.08691, 0
0.44095, 0.42489, 0.25583, 0.47665, 0.45219, 0.45142, 0.09077, 0.06034, 0
0.44998, 0.44314, 0.28778, 0.47556, 0.45798, 0.45366, 0.04641, 0.05452, 0
0.43256, 0.43032, 0.29395, 0.4853, 0.44005, 0.43694, 0.09555, 0.10191, 1
0.44401, 0.43793, 0.18246, 0.47463, 0.45405, 0.45313, 0.06899, 0.03267, 1
0.45064, 0.4414, 0.17835, 0.47307, 0.45996, 0.45406, 0.02002, 0.02319, 1
0.44297, 0.432, 0.34266, 0.48254, 0.44868, 0.44427, 0.05119, 0.02297, 1
0.45405, 0.446, 0.34641, 0.47433, 0.45914, 0.45209, 0.0257, 0.02567, 1
0.44942, 0.44075, 0.34207, 0.48088, 0.45415, 0.44944, 0.00211, 0.01852, 0
0.45062, 0.44337, 0.35783, 0.47192, 0.45884, 0.45647, 0.04874, 0.04324, 0
0.45883, 0.44732, 0.38126, 0.46886, 0.46685, 0.46219, 0.02961, 0.02142, 1
0.44677, 0.44118, 0.40964, 0.48294, 0.45045, 0.44507, 0.02926, 0.02566, 1
0.46434, 0.4506, 0.22439, 0.47419, 0.46622, 0.45661, 0.08156, 0.0839, 0
0.44512, 0.44097, 0.17078, 0.48322, 0.44182, 0.43476, 0.01281, 0.06916, 1
0.45511, 0.44599, 0.18158, 0.48156, 0.45069, 0.44005, 0.05609, 0.09699, 1
0.45454, 0.44424, 0.21528, 0.4748, 0.45887, 0.46082, 0.01836, 0.09675, 1
0.45102, 0.44837, 0.28244, 0.4805, 0.45254, 0.44443, 0.06625, 0.0448, 1
0.45135, 0.44162, 0.29182, 0.4796, 0.45375, 0.45327, 0.00758, 0.02129, 1
0.46302, 0.45126, 0.28556, 0.47329, 0.48709, 0.49139, 0.14739, 0.12769, 1
0.4582, 0.44819, 0.28125, 0.48052, 0.4619, 0.44931, 0.04981, 0.08719, 0
0.45198, 0.44162, 0.24904, 0.47773, 0.45691, 0.4513, 0.01479, 0.00467, 0
0.45628, 0.44417, 0.46368, 0.47247, 0.46414, 0.45438, 0.02885, 0.04391, 0
0.45206, 0.44332, 0.43745, 0.47564, 0.45874, 0.45283, 0.01762, 0.00228, 1
0.40107, 0.39904, 0.38042, 0.49116, 0.40595, 0.4016, 0.2045, 0.21367, 1
0.44877, 0.43542, 0.27957, 0.47861, 0.45183, 0.4395, 0.07825, 0.01984, 1
0.44761, 0.44054, 0.22948, 0.48307, 0.44999, 0.44584, 0.00618, 0.0224, 1
0.45127, 0.44268, 0.20777, 0.48074, 0.45404, 0.45037, 0.00742, 0.01717, 1
0.45717, 0.44076, 0.13855, 0.47316, 0.46241, 0.45761, 0.07141, 0.12839, 1
0.44792, 0.44225, 0.11337, 0.47733, 0.45524, 0.45179, 0.05554, 0.04865, 0
0.46526, 0.45491, 0.12009, 0.4691, 0.48204, 0.4809, 0.10573, 0.14407, 0
0.45607, 0.4478, 0.19161, 0.4821, 0.45108, 0.44041, 0.06076, 0.0603, 0
0.4461, 0.44161, 0.17663, 0.47438, 0.458, 0.45218, 0.08938, 0.07707, 0
0.45208, 0.44161, 0.16398, 0.47188, 0.46499, 0.46295, 0.03585, 0.04265, 1
0.46669, 0.4538, 0.27578, 0.4716, 0.46974, 0.45894, 0.07935, 0.04174, 1
0.44295, 0.43663, 0.28337, 0.47607, 0.45162, 0.44866, 0.05363, 0.02666, 0
0.4344, 0.43097, 0.25304, 0.47526, 0.45163, 0.45103, 0.13804, 0.0303, 1
0.44858, 0.44075, 0.30804, 0.48198, 0.44224, 0.44173, 0.03979, 0.05986, 0
0.45003, 0.43945, 0.34958, 0.4749, 0.45837, 0.44945, 0.01106, 0.01059, 0
0.45822, 0.45084, 0.28069, 0.47735, 0.46038, 0.45531, 0.04929, 0.05057, 0
0.44884, 0.43802, 0.45995, 0.48348, 0.45066, 0.44461, 0.04339, 0.02953, 0
0.44116, 0.43569, 0.45423, 0.48472, 0.44568, 0.44345, 0.04137, 0.02953, 0
0.4493, 0.44075, 0.47063, 0.48363, 0.45107, 0.44348, 0.02162, 0.03962, 1
0.44916, 0.44075, 0.46452, 0.48303, 0.45098, 0.44556, 0.01449, 0.02096, 0
0.45084, 0.44376, 0.43547, 0.4716, 0.45954, 0.4583, 0.05874, 0.0401, 1
0.44991, 0.44118, 0.36182, 0.47361, 0.45832, 0.45206, 0.02154, 0.03685, 1
0.44633, 0.44075, 0.38392, 0.47493, 0.45595, 0.45206, 0.06467, 0.08623, 1
0.45188, 0.44226, 0.40088, 0.47699, 0.45736, 0.45557, 0.01036, 0.02976, 1
0.44811, 0.4414, 0.41419, 0.48241, 0.45051, 0.4455, 0.0124, 0.04396, 1
0.44683, 0.43886, 0.55736, 0.48428, 0.44877, 0.44244, 0.01425, 0.01558, 1
0.44582, 0.43738, 0.1055, 0.47716, 0.4523, 0.44972, 0.02547, 0.01032, 0
0.45442, 0.4433, 0.07799, 0.47113, 0.46412, 0.4623, 0.01745, 0.01806, 1
0.45248, 0.44161, 0.11248, 0.48053, 0.45572, 0.44524, 0.04248, 0.03197, 0
0.45239, 0.44118, 0.3358, 0.48197, 0.45437, 0.44829, 0.043, 0.04462, 1
0.44739, 0.43968, 0.37158, 0.48385, 0.45048, 0.44647, 0.00901, 0.00228, 1
0.44858, 0.43839, 0.348, 0.48103, 0.45292, 0.44491, 0.03008, 0.03454, 1
0.45268, 0.44392, 0.45935, 0.47868, 0.45672, 0.45228, 0.01333, 0.02059, 0
0.41212, 0.41378, 0.4755, 0.47904, 0.43097, 0.43695, 0.22881, 0.24724, 0
0.44787, 0.43717, 0.47124, 0.47727, 0.45586, 0.43653, 0.04186, 0.04063, 1
0.44739, 0.43612, 0.41937, 0.48258, 0.44608, 0.44232, 0.06144, 0.10938, 1
0.45111, 0.44413, 0.3392, 0.47996, 0.45221, 0.44947, 0.01773, 0.02806, 1
0.42954, 0.42832, 0.20427, 0.47766, 0.44326, 0.44014, 0.14285, 0.16985, 1
0.45835, 0.44563, 0.20638, 0.47034, 0.46585, 0.45588, 0.03985, 0.0401, 1
0.43941, 0.42727, 0.27899, 0.48416, 0.4395, 0.4372, 0.10259, 0.12882, 1
0.43855, 0.43128, 0.29928, 0.48444, 0.43933, 0.43312, 0.04936, 0.06856, 0
0.44225, 0.43506, 0.20164, 0.47537, 0.4534, 0.45164, 0.06219, 0.04814, 0
0.45208, 0.44333, 0.2971, 0.47065, 0.45869, 0.45388, 0.02073, 0.02477, 1
0.45682, 0.44484, 0.28976, 0.47074, 0.46142, 0.45557, 0.03524, 0.0587, 0
0.4566, 0.44527, 0.28035, 0.46926, 0.46132, 0.45479, 0.03055, 0.05969, 0
0.44843, 0.43861, 0.23424, 0.48443, 0.45166, 0.44399, 0.02803, 0.0659, 1
0.44609, 0.43947, 0.37468, 0.47387, 0.45802, 0.45737, 0.07918, 0.04497, 0
0.45619, 0.44397, 0.40373, 0.47108, 0.46798, 0.46362, 0.01839, 0.05153, 0
0.47562, 0.45427, 0.41012, 0.47418, 0.47597, 0.46012, 0.17827, 0.18462, 0
0.45292, 0.44354, 0.4246, 0.48186, 0.45108, 0.44375, 0.04266, 0.05592, 0
0.45379, 0.44054, 0.39531, 0.47201, 0.46153, 0.46192, 0.00947, 0.01498, 1
0.45495, 0.4444, 0.26306, 0.47586, 0.45934, 0.45439, 0.02506, 0.01582, 0
0.44433, 0.43733, 0.17941, 0.48743, 0.4492, 0.44479, 0.0258, 0.02201, 1
0.44757, 0.43845, 0.58366, 0.48501, 0.4534, 0.44552, 0.01586, 0.01187, 0
0.45046, 0.4416, 0.61697, 0.47845, 0.45638, 0.45113, 0.00732, 0.00897, 0
0.46863, 0.45234, 0.3441, 0.47704, 0.46695, 0.45585, 0.12954, 0.1463, 1
0.45733, 0.4416, 0.25289, 0.47344, 0.46391, 0.45419, 0.0704, 0.04798, 1
0.45199, 0.44707, 0.19077, 0.47857, 0.45769, 0.45546, 0.06618, 0.07615, 1
0.4465, 0.43888, 0.24826, 0.47748, 0.45277, 0.44731, 0.02228, 0.01832, 1
0.44911, 0.43888, 0.29639, 0.48081, 0.45335, 0.44947, 0.0193, 0.02049, 0
0.45135, 0.44246, 0.47614, 0.47136, 0.46085, 0.45903, 0.03972, 0.04544, 0
0.4485, 0.43905, 0.41625, 0.48398, 0.4535, 0.44622, 0.01762, 0.00993, 0
0.44811, 0.44033, 0.41355, 0.48522, 0.45349, 0.44752, 0.01148, 0.00821, 0
0.45021, 0.44182, 0.41058, 0.47847, 0.45593, 0.45101, 0.01288, 0.00395, 0
0.4173, 0.41091, 0.47041, 0.49118, 0.42041, 0.41523, 0.14762, 0.17296, 0
0.45151, 0.45272, 0.46831, 0.4766, 0.45848, 0.45516, 0.14672, 0.17339, 0
0.45589, 0.44396, 0.45539, 0.47407, 0.46334, 0.46449, 0.01445, 0.01387, 1
0.44942, 0.44097, 0.1555, 0.48186, 0.45261, 0.44894, 0.00206, 0.00788, 0
0.44693, 0.43926, 0.15195, 0.48205, 0.45157, 0.44739, 0.01853, 0.00788, 1
0.45089, 0.44118, 0.21609, 0.4832, 0.44922, 0.44107, 0.0562, 0.05825, 0
0.45597, 0.44833, 0.2296, 0.4797, 0.45678, 0.45304, 0.03466, 0.02465, 0
0.43884, 0.43299, 0.25908, 0.48006, 0.44707, 0.44616, 0.07014, 0.07962, 1
0.43779, 0.42669, 0.25983, 0.48239, 0.4441, 0.43955, 0.07471, 0.05757, 0
0.45216, 0.4416, 0.29211, 0.47625, 0.45777, 0.45342, 0.0142, 0.01569, 1
0.7023, 0.6872, 0.21994, 0.29726, 0.71455, 0.70309, 0.02379, 0.00993, 0
0.45308, 0.44247, 0.17472, 0.47276, 0.46249, 0.45659, 0.00946, 0.01206, 0
0.14141, 0.16163, 0.18681, 0.50492, 0.16838, 0.18793, 0.43688, 0.41188, 0
0.45216, 0.44311, 0.216, 0.48362, 0.44156, 0.42346, 0.1312, 0.11113, 0
0.44555, 0.43209, 0.17959, 0.48489, 0.4405, 0.42038, 0.16669, 0.15824, 1
0.44486, 0.43613, 0.23352, 0.48645, 0.44532, 0.44144, 0.03225, 0.05848, 1
0.44448, 0.42964, 0.27942, 0.48355, 0.44505, 0.44039, 0.10833, 0.185, 0
0.44609, 0.43883, 0.3844, 0.48503, 0.44807, 0.4404, 0.01254, 0.01808, 0
0.4389, 0.43114, 0.52966, 0.48671, 0.44454, 0.43988, 0.04875, 0.05129, 1
0.45448, 0.4399, 0.50059, 0.48096, 0.45565, 0.44596, 0.09312, 0.06419, 0
0.43571, 0.43051, 0.18505, 0.48779, 0.43779, 0.43225, 0.05201, 0.00821, 1
0.45045, 0.44225, 0.13355, 0.47599, 0.45519, 0.45011, 0.01352, 0.0172, 1
0.37953, 0.37654, 0.22814, 0.48888, 0.38698, 0.38794, 0.31258, 0.36631, 1
0.45066, 0.44224, 0.19998, 0.48219, 0.45342, 0.44664, 0.00738, 0.02445, 1
0.46288, 0.45399, 0.31333, 0.46775, 0.47595, 0.4699, 0.08661, 0.09772, 0
0.45521, 0.4463, 0.34223, 0.47401, 0.46019, 0.45282, 0.02572, 0.02975, 1
0.45565, 0.44396, 0.31583, 0.48056, 0.45684, 0.44882, 0.05684, 0.13239, 0
0.45364, 0.44289, 0.31311, 0.4783, 0.45639, 0.44714, 0.03311, 0.03278, 1
0.4518, 0.44331, 0.28314, 0.47256, 0.45968, 0.45927, 0.04049, 0.07857, 0
0.44289, 0.43586, 0.27036, 0.4748, 0.45407, 0.45514, 0.07072, 0.07693, 1
0.44613, 0.4386, 0.34699, 0.48145, 0.4531, 0.44854, 0.02813, 0.01608, 1
0.45177, 0.43967, 0.38934, 0.47321, 0.46737, 0.46269, 0.02119, 0.01998, 1
0.11362, 0.11134, 0.26781, 0.93596, 0.1137, 0.11682, 0.02484, 0.02781, 0
0.45326, 0.44487, 0.1121, 0.47328, 0.4631, 0.453, 0.02951, 0.07238, 1
0.4569, 0.44508, 0.11152, 0.4754, 0.46225, 0.45378, 0.04082, 0.04545, 0
0.47219, 0.45289, 0.143, 0.47551, 0.47094, 0.45891, 0.16234, 0.16585, 0
0.45448, 0.44438, 0.27352, 0.47111, 0.46061, 0.45825, 0.01781, 0.01942, 1
0.46387, 0.44864, 0.26236, 0.47271, 0.46555, 0.45811, 0.08786, 0.06713, 0
0.45847, 0.45183, 0.23555, 0.47604, 0.46151, 0.45372, 0.05566, 0.03655, 0
0.44682, 0.46351, 0.26994, 0.478, 0.45583, 0.45745, 0.35609, 0.40222, 1
0.46721, 0.45353, 0.15345, 0.4727, 0.47123, 0.46275, 0.07545, 0.03654, 1
0.46485, 0.45053, 0.12437, 0.48051, 0.45945, 0.44998, 0.12553, 0.15191, 0
0.47724, 0.46176, 0.14444, 0.47389, 0.47344, 0.46489, 0.13914, 0.12141, 1
0.43187, 0.43357, 0.1264, 0.4855, 0.43375, 0.43062, 0.09573, 0.13757, 0
0.46458, 0.44545, 0.08584, 0.47132, 0.49104, 0.49817, 0.05727, 0.06998, 0
0.0796, 0.06425, 0.32438, 0.55096, 0.06591, 0.0594, 0.27516, 0.31199, 0
0.52876, 0.51902, 0.30938, 0.47083, 0.52401, 0.51445, 0.37563, 0.37259, 1
0.41655, 0.43429, 0.25274, 0.47787, 0.43858, 0.44802, 0.40477, 0.40383, 0
0.44644, 0.43794, 0.21403, 0.4786, 0.45535, 0.44067, 0.01575, 0.00399, 0
0.44603, 0.43816, 0.21871, 0.47489, 0.45572, 0.45233, 0.039, 0.03852, 0
0.45849, 0.44789, 0.22076, 0.46749, 0.46644, 0.4606, 0.03283, 0.03714, 1
0.4532, 0.44421, 0.22692, 0.47262, 0.46069, 0.4547, 0.02618, 0.02202, 1
0.44745, 0.43837, 0.23184, 0.47532, 0.45581, 0.45325, 0.0241, 0.02399, 0
0.45597, 0.44443, 0.21218, 0.47332, 0.46102, 0.45247, 0.0345, 0.03121, 1
0.41538, 0.41098, 0.19612, 0.49066, 0.42045, 0.41375, 0.14596, 0.15991, 0
0.4489, 0.43837, 0.18858, 0.47404, 0.45838, 0.45391, 0.01464, 0.01617, 0
0.4505, 0.4414, 0.47919, 0.47296, 0.4626, 0.45758, 0.03733, 0.05946, 0
0.445, 0.43332, 0.50408, 0.48075, 0.45113, 0.44148, 0.05839, 0.01586, 0
0.48058, 0.47616, 0.48103, 0.47751, 0.47522, 0.47606, 0.17144, 0.13842, 1
0.44877, 0.43752, 0.37494, 0.47313, 0.46082, 0.46106, 0.02931, 0.02867, 0
0.45386, 0.44398, 0.37262, 0.4723, 0.46532, 0.4595, 0.03345, 0.04178, 0
0.45153, 0.44054, 0.31873, 0.48157, 0.4544, 0.44919, 0.0343, 0.03235, 1
0.45345, 0.44527, 0.28637, 0.47542, 0.45784, 0.45258, 0.0234, 0.02554, 1
0.38679, 0.40085, 0.28247, 0.48466, 0.40241, 0.40863, 0.34378, 0.32802, 0
0.44042, 0.43191, 0.28632, 0.48698, 0.44456, 0.43364, 0.05422, 0.05977, 0
0.44703, 0.43774, 0.21947, 0.47681, 0.45114, 0.4488, 0.01699, 0.0369, 0
0.45323, 0.44097, 0.18186, 0.47976, 0.45573, 0.4475, 0.05574, 0.04655, 1
0.45435, 0.44484, 0.17106, 0.47257, 0.45887, 0.45389, 0.01775, 0.03427, 1
0.44941, 0.4414, 0.18762, 0.47325, 0.45562, 0.45232, 0.02339, 0.0196, 0
0.44888, 0.44054, 0.179, 0.47313, 0.45625, 0.45271, 0.02715, 0.02188, 0
0.4499, 0.44118, 0.20526, 0.47398, 0.4558, 0.45115, 0.01079, 0.0226, 0
0.46348, 0.46068, 0.22824, 0.47394, 0.46973, 0.46899, 0.15562, 0.16136, 1
0.44459, 0.43441, 0.17045, 0.48121, 0.45022, 0.44716, 0.03564, 0.03635, 0
0.44788, 0.43907, 0.1851, 0.48109, 0.45159, 0.44998, 0.01022, 0.04565, 0
0.45331, 0.44437, 0.17038, 0.48079, 0.45616, 0.44908, 0.01979, 0.03815, 1
0.44484, 0.43842, 0.19847, 0.48423, 0.44935, 0.4456, 0.02979, 0.04423, 0
0.45975, 0.44565, 0.22902, 0.47615, 0.46154, 0.45178, 0.07941, 0.06088, 1
0.4534, 0.44692, 0.25899, 0.47834, 0.45775, 0.45449, 0.04646, 0.01379, 1
0.40638, 0.41249, 0.28985, 0.47966, 0.42584, 0.43542, 0.28, 0.31521, 0
0.46717, 0.44912, 0.27523, 0.47235, 0.48894, 0.47323, 0.03931, 0.03777, 1
0.44466, 0.43498, 0.28448, 0.48538, 0.44472, 0.43157, 0.0726, 0.02848, 1
0.44465, 0.4414, 0.28997, 0.48008, 0.45151, 0.45127, 0.08409, 0.03362, 0
0.4878, 0.45464, 0.22939, 0.47697, 0.47563, 0.45619, 0.37514, 0.39848, 1
0.45217, 0.44161, 0.18985, 0.47248, 0.4589, 0.45321, 0.00412, 0.05765, 1
0.4447, 0.43692, 0.18463, 0.47736, 0.45289, 0.4483, 0.03516, 0.06709, 0
0.43116, 0.43311, 0.35124, 0.48463, 0.43081, 0.42796, 0.07792, 0.07023, 0
0.44254, 0.43395, 0.42061, 0.47868, 0.45005, 0.44585, 0.0377, 0.04159, 0
0.44855, 0.43991, 0.44525, 0.47316, 0.45853, 0.45527, 0.03965, 0.05408, 0
0.43746, 0.43331, 0.37013, 0.48747, 0.44097, 0.43696, 0.05083, 0.07086, 0
0.43146, 0.43309, 0.35452, 0.47922, 0.44359, 0.44675, 0.17181, 0.20132, 0
0.3992, 0.4048, 0.30184, 0.48421, 0.41469, 0.42083, 0.2628, 0.18257, 0
0.526, 0.50717, 0.2899, 0.46588, 0.528, 0.51979, 0.32218, 0.27383, 1
0.43973, 0.40981, 0.27613, 0.48274, 0.43377, 0.42021, 0.36723, 0.3265, 1
0.81493, 0.78818, 0.25011, 0.41076, 0.8207, 0.78995, 0.16922, 0.16033, 1
0.45022, 0.44076, 0.2655, 0.47237, 0.45994, 0.46019, 0.03572, 0.03939, 0
0.44862, 0.43076, 0.24828, 0.47619, 0.45704, 0.44221, 0.12662, 0.06522, 1
0.44843, 0.44162, 0.34025, 0.48283, 0.44487, 0.44343, 0.01103, 0.06022, 1
0.45501, 0.4481, 0.35536, 0.47158, 0.46267, 0.46045, 0.0606, 0.08644, 1
0.45383, 0.44378, 0.37173, 0.47565, 0.45914, 0.45102, 0.01655, 0.02222, 1
0.72588, 0.70618, 0.35724, 0.37375, 0.73653, 0.72153, 0.04918, 0.0231, 1
0.46622, 0.46176, 0.258, 0.4723, 0.47577, 0.47438, 0.14058, 0.17316, 1
0.45329, 0.44378, 0.29659, 0.47266, 0.4587, 0.45299, 0.0125, 0.01828, 1
0.45081, 0.44421, 0.29372, 0.47629, 0.45664, 0.4522, 0.03893, 0.04092, 0
0.45079, 0.44291, 0.28108, 0.47189, 0.45997, 0.45875, 0.04769, 0.04204, 0
0.46188, 0.45612, 0.27797, 0.47048, 0.4801, 0.47463, 0.14727, 0.12191, 0
0.45403, 0.44075, 0.24306, 0.47649, 0.46077, 0.44486, 0.06149, 0.07066, 1
0.4492, 0.43924, 0.24174, 0.4804, 0.45339, 0.43989, 0.0426, 0.02996, 1
0.44761, 0.43991, 0.27268, 0.48278, 0.44729, 0.44317, 0.01228, 0.00986, 0
0.43534, 0.42929, 0.207, 0.48037, 0.44528, 0.4402, 0.07366, 0.07364, 0
0.45198, 0.45032, 0.19868, 0.47613, 0.45948, 0.45513, 0.10721, 0.11566, 0
0.44771, 0.43884, 0.21288, 0.47413, 0.45761, 0.45385, 0.03562, 0.05561, 0
0.47153, 0.45396, 0.20861, 0.47014, 0.4758, 0.46508, 0.11124, 0.14197, 1
0.47822, 0.4676, 0.20812, 0.47262, 0.47943, 0.46624, 0.1306, 0.05623, 1
0.45915, 0.44267, 0.19125, 0.47343, 0.46725, 0.46648, 0.05557, 0.05642, 1
0.44929, 0.43991, 0.18778, 0.47696, 0.45508, 0.44985, 0.00615, 0.00227, 0
0.45007, 0.44416, 0.17109, 0.47687, 0.45595, 0.45397, 0.05516, 0.02298, 0
0.45151, 0.44269, 0.29177, 0.47358, 0.45679, 0.45207, 0.01158, 0.01435, 1
0.44562, 0.43363, 0.20553, 0.47848, 0.45183, 0.44788, 0.0454, 0.02046, 0
0.44876, 0.43881, 0.19995, 0.47476, 0.4569, 0.45351, 0.0146, 0.01612, 0
0.45017, 0.44076, 0.1914, 0.47294, 0.45644, 0.45268, 0.00739, 0.01358, 0
0.45594, 0.44543, 0.21126, 0.46737, 0.46093, 0.45551, 0.0231, 0.0321, 1
0.45504, 0.44161, 0.21687, 0.48068, 0.45509, 0.44856, 0.07472, 0.07859, 1
0.42377, 0.42355, 0.2338, 0.48805, 0.42917, 0.42667, 0.11919, 0.0712, 0
0.48492, 0.4704, 0.21638, 0.46685, 0.49138, 0.48346, 0.14129, 0.04439, 1
0.41759, 0.40864, 0.21671, 0.48087, 0.4298, 0.43142, 0.15826, 0.14001, 0
0.48518, 0.47384, 0.19861, 0.46516, 0.4922, 0.48905, 0.16199, 0.19095, 1
0.44829, 0.43991, 0.20693, 0.48319, 0.44754, 0.44122, 0.02562, 0.03338, 1
0.4544, 0.44501, 0.21422, 0.4799, 0.45505, 0.45127, 0.02562, 0.03172, 1
0.45138, 0.44055, 0.19793, 0.47742, 0.45669, 0.44701, 0.03039, 0.05505, 1
0.45077, 0.44054, 0.45066, 0.4834, 0.45109, 0.44369, 0.04523, 0.01842, 1
0.44961, 0.4401, 0.44132, 0.48168, 0.45356, 0.44618, 0.01367, 0.00609, 1
0.46, 0.44638, 0.09885, 0.47299, 0.46532, 0.45601, 0.05648, 0.05997, 1
0.45428, 0.44443, 0.13779, 0.47539, 0.45932, 0.45378, 0.01808, 0.00832, 1
0.4526, 0.44725, 0.16183, 0.47407, 0.45992, 0.45326, 0.06169, 0.05599, 0
0.4008, 0.38952, 0.23516, 0.52873, 0.40452, 0.40071, 0.04372, 0.03623, 0
0.46107, 0.45116, 0.24246, 0.47243, 0.46441, 0.45589, 0.05028, 0.04608, 1
0.44942, 0.44075, 0.24779, 0.48262, 0.44906, 0.44631, 0.02179, 0.0061, 1
0.49887, 0.48261, 0.24551, 0.46523, 0.50151, 0.49651, 0.20286, 0.16536, 1
0.45112, 0.4427, 0.22922, 0.47607, 0.45776, 0.44945, 0.01164, 0.00833, 1
0.45353, 0.44335, 0.2271, 0.47745, 0.45852, 0.45234, 0.01787, 0.01286, 1
0.45305, 0.4414, 0.22774, 0.4774, 0.45702, 0.44984, 0.03805, 0.04774, 1
0.46657, 0.44941, 0.19865, 0.48, 0.46143, 0.44761, 0.16066, 0.19127, 1
0.44582, 0.43297, 0.20467, 0.48487, 0.43697, 0.42235, 0.16027, 0.17484, 1
0.44267, 0.43903, 0.30882, 0.48431, 0.4447, 0.44331, 0.05154, 0.023, 0
0.45652, 0.45005, 0.32288, 0.47027, 0.46774, 0.46884, 0.10159, 0.08185, 0
0.4629, 0.45637, 0.31416, 0.47008, 0.48303, 0.4835, 0.16578, 0.16059, 0
0.43333, 0.42406, 0.32775, 0.47648, 0.44938, 0.44327, 0.08818, 0.06702, 0
0.45316, 0.43793, 0.3635, 0.47597, 0.46077, 0.44866, 0.07251, 0.15564, 1
0.44986, 0.44162, 0.33493, 0.47988, 0.44986, 0.45207, 0.00751, 0.02007, 0
0.44737, 0.43946, 0.31128, 0.48511, 0.4482, 0.44266, 0.01365, 0.00608, 0
0.44753, 0.44032, 0.30146, 0.48352, 0.44996, 0.44658, 0.01159, 0.00608, 0
0.45061, 0.44269, 0.29593, 0.48069, 0.45345, 0.45011, 0.00907, 0.02003, 1
0.44581, 0.43752, 0.28956, 0.48587, 0.44713, 0.4415, 0.02396, 0.03473, 0
0.44388, 0.43458, 0.36449, 0.48602, 0.44236, 0.43256, 0.06682, 0.03569, 1
0.44655, 0.43671, 0.41728, 0.47512, 0.45696, 0.44739, 0.02495, 0.06181, 0
0.45079, 0.44246, 0.4029, 0.47241, 0.45686, 0.4523, 0.01886, 0.0164, 0
0.45002, 0.44118, 0.31728, 0.47283, 0.45788, 0.45528, 0.02497, 0.03366, 0
0.4395, 0.4327, 0.25172, 0.4842, 0.43474, 0.42375, 0.05907, 0.02489, 0
0.4446, 0.44097, 0.25776, 0.48215, 0.44319, 0.44278, 0.03018, 0.04509, 0
0.44578, 0.43459, 0.24655, 0.47361, 0.45687, 0.45681, 0.03932, 0.0775, 0
0.47692, 0.47621, 0.20596, 0.46906, 0.49229, 0.48764, 0.25104, 0.29223, 1
0.45441, 0.4414, 0.44277, 0.47669, 0.46011, 0.45116, 0.04915, 0.03604, 1
0.46736, 0.46927, 0.44066, 0.47455, 0.47392, 0.47372, 0.21683, 0.20107, 1
0.48446, 0.47248, 0.41976, 0.47483, 0.4807, 0.47, 0.15938, 0.14784, 1
0.47704, 0.45726, 0.12804, 0.4703, 0.48122, 0.47051, 0.13672, 0.11439, 1
0.448, 0.43118, 0.11914, 0.47477, 0.46171, 0.45999, 0.05457, 0.07029, 0
0.45116, 0.44227, 0.12457, 0.47033, 0.45688, 0.45353, 0.01375, 0.01839, 0
0.46407, 0.45227, 0.11839, 0.46532, 0.46959, 0.46381, 0.055, 0.02283, 1
0.48567, 0.46489, 0.19788, 0.47551, 0.47998, 0.46381, 0.21635, 0.21461, 1
0.45784, 0.46293, 0.19431, 0.47595, 0.46509, 0.46342, 0.21942, 0.20443, 0
0.43852, 0.42815, 0.18593, 0.4802, 0.44269, 0.43247, 0.07449, 0.06521, 0
0.45018, 0.44249, 0.1845, 0.47793, 0.45479, 0.44576, 0.00962, 0.01897, 1
0.44797, 0.43771, 0.18294, 0.48563, 0.44948, 0.44287, 0.0433, 0.04818, 1
0.45438, 0.44332, 0.50488, 0.4703, 0.4607, 0.4571, 0.01092, 0.0079, 1
0.4433, 0.43883, 0.50777, 0.47444, 0.45514, 0.45322, 0.09542, 0.03289, 0
0.45167, 0.44033, 0.54769, 0.47362, 0.46163, 0.45296, 0.00547, 0.04947, 0
0.46408, 0.45526, 0.56239, 0.47889, 0.46051, 0.46136, 0.07025, 0.11866, 1
0.44461, 0.43777, 0.16537, 0.48347, 0.44806, 0.4421, 0.01963, 0.05925, 0
0.45095, 0.44076, 0.10074, 0.47866, 0.45527, 0.45088, 0.01444, 0.04342, 1
0.44459, 0.43712, 0.10258, 0.4861, 0.44991, 0.44506, 0.02534, 0.0319, 0
0.45109, 0.44461, 0.11568, 0.47194, 0.46005, 0.45607, 0.05956, 0.06904, 0
0.43504, 0.43242, 0.2489, 0.48708, 0.44022, 0.43586, 0.07256, 0.06562, 0
0.4562, 0.4476, 0.22396, 0.47643, 0.46048, 0.45724, 0.03413, 0.03195, 1
0.45444, 0.44723, 0.2711, 0.47515, 0.46355, 0.45521, 0.05227, 0.06489, 1
0.44471, 0.44162, 0.32288, 0.47999, 0.44914, 0.44593, 0.06851, 0.07724, 0
0.45579, 0.44601, 0.45029, 0.46944, 0.46332, 0.45822, 0.02755, 0.02234, 1
0.452, 0.44162, 0.44447, 0.47276, 0.45788, 0.45516, 0.00424, 0.0368, 1
0.45762, 0.44558, 0.44823, 0.46813, 0.46451, 0.4593, 0.02581, 0.0248, 1
0.17033, 0.16784, 0.27578, 0.57838, 0.17588, 0.18349, 0.03962, 0.0785, 0
0.45161, 0.44183, 0.18572, 0.47557, 0.46299, 0.44301, 0.00362, 0.03699, 1
0.44832, 0.4401, 0.166, 0.47769, 0.45555, 0.44774, 0.02062, 0.03205, 0
0.42383, 0.41758, 0.18261, 0.48551, 0.43178, 0.43213, 0.11898, 0.17405, 0
0.46517, 0.45162, 0.18693, 0.47463, 0.46799, 0.45709, 0.08255, 0.08954, 1
0.42807, 0.42187, 0.19396, 0.49098, 0.43424, 0.42801, 0.09366, 0.09728, 0
0.45081, 0.43966, 0.18552, 0.48143, 0.45247, 0.44655, 0.05315, 0.01289, 1
0.4384, 0.4278, 0.22718, 0.48443, 0.42804, 0.4242, 0.13549, 0.1534, 1
0.44835, 0.44377, 0.24258, 0.48266, 0.43944, 0.43624, 0.03146, 0.02403, 1
0.44868, 0.44183, 0.29947, 0.47507, 0.45439, 0.44984, 0.03444, 0.02876, 0
0.45209, 0.44183, 0.31929, 0.47246, 0.45814, 0.45443, 0.00361, 0.01799, 1
0.47906, 0.47298, 0.34591, 0.46809, 0.50029, 0.50229, 0.24, 0.25349, 1
0.45065, 0.44295, 0.3898, 0.47745, 0.45764, 0.45077, 0.02372, 0.04256, 0
0.4429, 0.43324, 0.3834, 0.48087, 0.44944, 0.44328, 0.03991, 0.04164, 0
0.44089, 0.44052, 0.32329, 0.48347, 0.43812, 0.43531, 0.04605, 0.01305, 0
0.4472, 0.43788, 0.24765, 0.4753, 0.45642, 0.44903, 0.01842, 0.01175, 0
0.43448, 0.43062, 0.27032, 0.48847, 0.43936, 0.43289, 0.0608, 0.04244, 0
0.45174, 0.44184, 0.36497, 0.47281, 0.46051, 0.45382, 0.01321, 0.03055, 0
0.45864, 0.45098, 0.26299, 0.47904, 0.45996, 0.45186, 0.04785, 0.09266, 1
0.44691, 0.43874, 0.23987, 0.47855, 0.45299, 0.4466, 0.01503, 0.02511, 0
0.7925, 0.763, 0.45918, 0.43808, 0.78203, 0.75248, 0.28528, 0.16858, 1
0.42868, 0.42032, 0.46191, 0.48613, 0.41277, 0.39544, 0.19824, 0.13447, 0
0.50393, 0.49206, 0.4337, 0.47466, 0.49832, 0.4992, 0.24556, 0.18672, 1
0.4579, 0.44818, 0.24961, 0.47542, 0.46809, 0.45766, 0.03682, 0.03986, 1
0.45747, 0.44863, 0.27176, 0.47001, 0.46823, 0.46577, 0.05964, 0.09102, 1
0.46498, 0.45324, 0.22427, 0.47325, 0.46867, 0.45781, 0.06781, 0.05127, 1
0.44528, 0.43943, 0.22216, 0.48422, 0.44601, 0.43844, 0.0092, 0.04198, 0
0.44935, 0.439, 0.21723, 0.48256, 0.45239, 0.44798, 0.02434, 0.03154, 1
0.17156, 0.17001, 0.22654, 0.62554, 0.1697, 0.17457, 0.01728, 0.01016, 0
0.72743, 0.71507, 0.21718, 0.28137, 0.7394, 0.73007, 0.05927, 0.07604, 1
0.44253, 0.43318, 0.21224, 0.4806, 0.44888, 0.44296, 0.03862, 0.02509, 0
0.45293, 0.44541, 0.22073, 0.47391, 0.45964, 0.45617, 0.03762, 0.01711, 1
0.44606, 0.43829, 0.24825, 0.47504, 0.45491, 0.45186, 0.04148, 0.05343, 0
0.42856, 0.42725, 0.31845, 0.48543, 0.42171, 0.41673, 0.06726, 0.07086, 0
0.44088, 0.435, 0.34639, 0.4838, 0.43875, 0.43712, 0.03074, 0.00706, 0
0.45708, 0.45097, 0.19082, 0.47113, 0.46437, 0.45886, 0.07309, 0.06754, 1
0.45639, 0.44185, 0.17715, 0.47392, 0.46706, 0.46146, 0.01345, 0.00238, 1
0.45016, 0.44007, 0.17713, 0.47541, 0.45863, 0.45105, 0.0057, 0.01716, 0
0.45265, 0.44386, 0.16995, 0.47042, 0.45933, 0.45686, 0.02584, 0.02805, 0
0.45013, 0.44029, 0.17379, 0.47293, 0.45712, 0.45281, 0.00861, 0.00714, 0
0.42287, 0.42586, 0.20192, 0.48651, 0.41713, 0.40543, 0.07776, 0.09371, 0
0.43922, 0.42853, 0.21978, 0.4832, 0.43421, 0.43692, 0.09467, 0.09141, 0
0.4442, 0.4403, 0.26851, 0.4824, 0.44677, 0.44594, 0.05577, 0.0, 0
0.47039, 0.45229, 0.30201, 0.4691, 0.4755, 0.46909, 0.09465, 0.03813, 1
0.44475, 0.43164, 0.30177, 0.4784, 0.45159, 0.44916, 0.06033, 0.02022, 0
0.45005, 0.44185, 0.29614, 0.48175, 0.45405, 0.44916, 0.00371, 0.02257, 1
0.44998, 0.44229, 0.18287, 0.47276, 0.45772, 0.45549, 0.03936, 0.04732, 0
0.41662, 0.41689, 0.30112, 0.48038, 0.43203, 0.43392, 0.18896, 0.22399, 0
0.4557, 0.44536, 0.28312, 0.47864, 0.4584, 0.45064, 0.03411, 0.04753, 1
0.45053, 0.44316, 0.25805, 0.4783, 0.45524, 0.4517, 0.02568, 0.05133, 0
0.44503, 0.43987, 0.22584, 0.48326, 0.44309, 0.44085, 0.01264, 0.05367, 0
0.44196, 0.43769, 0.22551, 0.47675, 0.45019, 0.45262, 0.08923, 0.06068, 0
0.44119, 0.43965, 0.25184, 0.47984, 0.45005, 0.44825, 0.11162, 0.12836, 0
0.45095, 0.43878, 0.15451, 0.47582, 0.45761, 0.45501, 0.02321, 0.02748, 0
0.44686, 0.43943, 0.21515, 0.48473, 0.44936, 0.44319, 0.00847, 0.00811, 0
0.44883, 0.43899, 0.17485, 0.48318, 0.45355, 0.44824, 0.01527, 0.01767, 0
0.45127, 0.44228, 0.1641, 0.47885, 0.45579, 0.45077, 0.0056, 0.01535, 1
0.45932, 0.44449, 0.23636, 0.47075, 0.47114, 0.46918, 0.01839, 0.03877, 1
0.43891, 0.43107, 0.25428, 0.47903, 0.44727, 0.43652, 0.04934, 0.05108, 0
0.44513, 0.43372, 0.25158, 0.48351, 0.44467, 0.43441, 0.08504, 0.04903, 1
0.4545, 0.44206, 0.26494, 0.47272, 0.46253, 0.4553, 0.01887, 0.04492, 1
0.44491, 0.43789, 0.1956, 0.47613, 0.45328, 0.44984, 0.04514, 0.05369, 0
0.45433, 0.44342, 0.47774, 0.47018, 0.45975, 0.4547, 0.01841, 0.0, 1
0.44994, 0.43962, 0.4784, 0.47973, 0.45462, 0.44794, 0.02187, 0.01904, 1
0.44781, 0.43851, 0.50261, 0.48346, 0.45095, 0.44659, 0.01972, 0.01426, 0
0.44873, 0.44096, 0.49292, 0.48191, 0.4527, 0.44862, 0.00938, 0.01189, 0
0.45062, 0.4423, 0.29411, 0.47529, 0.45637, 0.45253, 0.01762, 0.01037, 0
0.44818, 0.43873, 0.24161, 0.48077, 0.4534, 0.44835, 0.01309, 0.01324, 0
0.44827, 0.43918, 0.23444, 0.48599, 0.45343, 0.44848, 0.00986, 0.03145, 0
0.45886, 0.45438, 0.23321, 0.46994, 0.47285, 0.47165, 0.14048, 0.11089, 0
0.4507, 0.44431, 0.22964, 0.47657, 0.45818, 0.4497, 0.0403, 0.03437, 0
0.42862, 0.42201, 0.2143, 0.48957, 0.43082, 0.42673, 0.09371, 0.0, 0
0.44979, 0.44297, 0.27139, 0.4756, 0.45514, 0.45118, 0.03106, 0.0109, 0
0.45297, 0.44386, 0.22337, 0.47879, 0.45685, 0.45484, 0.01293, 0.00952, 1
0.4535, 0.44297, 0.18996, 0.47081, 0.45877, 0.45294, 0.01413, 0.0, 1
0.44805, 0.44074, 0.15841, 0.47622, 0.45486, 0.4501, 0.02993, 0.0, 0
0.45004, 0.44543, 0.18853, 0.48266, 0.44696, 0.44184, 0.02058, 0.00631, 1
0.46813, 0.46792, 0.18985, 0.47065, 0.48448, 0.48182, 0.22626, 0.26707, 1
0.44765, 0.43984, 0.13047, 0.47435, 0.45693, 0.45242, 0.03812, 0.03455, 0
0.45924, 0.44905, 0.13231, 0.47713, 0.46167, 0.4516, 0.04958, 0.04626, 1
0.51991, 0.48611, 0.15325, 0.47514, 0.5035, 0.48182, 0.43033, 0.47423, 1
0.43761, 0.43028, 0.16366, 0.48728, 0.4363, 0.43864, 0.0529, 0.02027, 0
0.45281, 0.4354, 0.18773, 0.47964, 0.45311, 0.44565, 0.12588, 0.16376, 1
0.45806, 0.44541, 0.20536, 0.48134, 0.45367, 0.44107, 0.11152, 0.05468, 1
0.45488, 0.4454, 0.25001, 0.48223, 0.44798, 0.44163, 0.07154, 0.03717, 1
0.45516, 0.44074, 0.27704, 0.48221, 0.44912, 0.44353, 0.11478, 0.12884, 1
0.44667, 0.43718, 0.27719, 0.47741, 0.45546, 0.41988, 0.02441, 0.02878, 0
0.44896, 0.44296, 0.24684, 0.48158, 0.45185, 0.44943, 0.02742, 0.02736, 0
0.44968, 0.44052, 0.25227, 0.47543, 0.45529, 0.44983, 0.00372, 0.03085, 0
0.44698, 0.43942, 0.26247, 0.48362, 0.44361, 0.43557, 0.04133, 0.02449, 1
0.44773, 0.4403, 0.28984, 0.48143, 0.44998, 0.44957, 0.01531, 0.03454, 0
0.45106, 0.4425, 0.29682, 0.4765, 0.45456, 0.4533, 0.01274, 0.01219, 0
0.45173, 0.44207, 0.28916, 0.4804, 0.45797, 0.44675, 0.01896, 0.017, 1
0.45505, 0.44428, 0.30722, 0.47701, 0.45842, 0.45265, 0.02986, 0.02548, 1
0.45518, 0.4456, 0.314, 0.47012, 0.46146, 0.45894, 0.02595, 0.0216, 1
0.48511, 0.47104, 0.20924, 0.47354, 0.48263, 0.469, 0.16638, 0.23404, 1
0.45736, 0.44535, 0.36527, 0.47242, 0.46019, 0.45515, 0.03706, 0.07199, 1
0.45325, 0.44469, 0.49647, 0.47353, 0.45951, 0.45449, 0.02241, 0.01072, 1
0.45579, 0.44513, 0.34701, 0.46993, 0.4612, 0.45608, 0.0204, 0.0146, 1
0.19372, 0.18255, 0.20306, 0.49444, 0.21472, 0.21573, 0.01824, 0.02097, 0
0.45343, 0.44163, 0.20046, 0.47349, 0.4592, 0.45186, 0.02615, 0.01322, 1
0.43694, 0.42828, 0.17798, 0.48804, 0.43873, 0.42921, 0.07448, 0.06778, 0
0.46606, 0.45165, 0.15186, 0.46954, 0.47098, 0.46238, 0.07123, 0.14625, 1
0.45465, 0.44319, 0.16984, 0.47374, 0.45927, 0.4532, 0.02951, 0.04524, 1
0.44973, 0.43807, 0.27475, 0.48399, 0.45134, 0.44216, 0.06491, 0.03292, 1
0.43861, 0.43033, 0.46806, 0.48056, 0.44703, 0.44338, 0.0557, 0.08605, 0
0.44942, 0.43938, 0.21313, 0.48369, 0.45064, 0.44393, 0.03879, 0.05287, 1
0.45019, 0.4448, 0.15405, 0.47384, 0.45745, 0.45736, 0.07388, 0.06972, 0
0.46248, 0.44797, 0.18061, 0.47208, 0.46631, 0.45668, 0.07212, 0.09304, 1
0.44669, 0.43486, 0.19145, 0.48255, 0.4486, 0.43778, 0.0745, 0.09755, 1
0.45278, 0.44254, 0.2167, 0.4718, 0.45913, 0.45352, 0.00654, 0.02169, 1
0.47648, 0.46042, 0.23494, 0.46691, 0.48045, 0.47328, 0.11189, 0.10586, 1
0.46101, 0.45137, 0.27295, 0.47717, 0.4639, 0.45092, 0.05498, 0.04847, 1
0.70649, 0.6922, 0.26439, 0.38546, 0.72177, 0.71683, 0.08397, 0.07591, 1
0.45087, 0.44367, 0.18938, 0.4789, 0.45435, 0.45503, 0.03075, 0.02444, 0
0.45526, 0.44638, 0.19594, 0.47057, 0.463, 0.45599, 0.03259, 0.03743, 1
0.44405, 0.43738, 0.23326, 0.47616, 0.45317, 0.45173, 0.05727, 0.04896, 0
0.45786, 0.44813, 0.24472, 0.46811, 0.46652, 0.46354, 0.04372, 0.04462, 1
0.45919, 0.44767, 0.25282, 0.4776, 0.46103, 0.44956, 0.05944, 0.07919, 1
0.45115, 0.43939, 0.19146, 0.47626, 0.45625, 0.45051, 0.03114, 0.0537, 1
0.44745, 0.43783, 0.12404, 0.48447, 0.452, 0.44617, 0.02082, 0.02624, 0
0.46012, 0.44588, 0.14759, 0.47814, 0.45992, 0.45132, 0.09073, 0.0815, 1
0.43538, 0.43227, 0.21499, 0.48335, 0.44173, 0.44052, 0.0828, 0.12486, 0
0.47393, 0.46918, 0.20704, 0.46875, 0.49383, 0.49856, 0.2324, 0.18922, 1
0.45315, 0.44387, 0.27584, 0.47059, 0.46245, 0.45635, 0.02596, 0.04348, 0
0.44982, 0.44187, 0.51558, 0.48199, 0.45438, 0.44721, 0.00658, 0.02155, 0
0.44725, 0.44027, 0.52643, 0.4802, 0.45301, 0.44776, 0.02323, 0.03207, 0
0.44862, 0.4405, 0.46916, 0.48303, 0.45103, 0.44445, 0.00658, 0.01513, 0
0.45125, 0.44369, 0.17624, 0.47154, 0.46005, 0.45645, 0.0454, 0.03526, 0
0.44466, 0.43801, 0.17035, 0.4766, 0.45234, 0.45065, 0.04796, 0.04904, 0
0.4528, 0.43959, 0.1384, 0.47421, 0.4677, 0.46155, 0.02229, 0.04547, 0
0.44945, 0.44005, 0.12824, 0.4807, 0.45451, 0.4501, 0.00581, 0.02734, 0
0.45536, 0.44634, 0.42833, 0.47313, 0.4627, 0.45322, 0.02657, 0.05017, 1
0.41887, 0.41658, 0.45065, 0.48175, 0.43129, 0.43357, 0.16078, 0.19998, 0
0.46061, 0.44746, 0.22709, 0.47766, 0.46115, 0.45458, 0.07054, 0.09809, 1
0.44875, 0.43962, 0.24153, 0.48205, 0.45089, 0.4478, 0.01512, 0.02067, 0
0.49338, 0.46703, 0.31194, 0.46936, 0.49792, 0.48252, 0.21161, 0.20865, 1
0.46099, 0.44388, 0.31244, 0.47308, 0.47407, 0.47027, 0.02287, 0.0582, 1
0.45603, 0.44612, 0.27476, 0.48132, 0.45507, 0.44738, 0.0509, 0.0509, 1
0.49741, 0.4803, 0.1978, 0.46726, 0.49853, 0.49261, 0.19699, 0.26732, 1
0.44436, 0.43917, 0.14584, 0.48334, 0.43947, 0.42651, 0.04775, 0.03101, 1
0.44893, 0.43647, 0.10335, 0.474, 0.46102, 0.4599, 0.02283, 0.04783, 0
0.44839, 0.43692, 0.11914, 0.48471, 0.44739, 0.43692, 0.08319, 0.01494, 1
0.45935, 0.4537, 0.36788, 0.47264, 0.46538, 0.46044, 0.08182, 0.09277, 1
0.44611, 0.43754, 0.36407, 0.47303, 0.46021, 0.46294, 0.07447, 0.08592, 0
0.45313, 0.44438, 0.35692, 0.47162, 0.46836, 0.46724, 0.0778, 0.07828, 0
0.45445, 0.44459, 0.27379, 0.48044, 0.45598, 0.44982, 0.02968, 0.02531, 1
0.46051, 0.44938, 0.28364, 0.47998, 0.45903, 0.45065, 0.06948, 0.06886, 1
0.42888, 0.42775, 0.08466, 0.4833, 0.43687, 0.44044, 0.12316, 0.13944, 0
0.44957, 0.44915, 0.0868, 0.47881, 0.45389, 0.44679, 0.10797, 0.09237, 0
0.46274, 0.44619, 0.10542, 0.47867, 0.46132, 0.45658, 0.11669, 0.12474, 1
0.45174, 0.44321, 0.37355, 0.47176, 0.46153, 0.45624, 0.0371, 0.01248, 0
0.44249, 0.42859, 0.33261, 0.48258, 0.44436, 0.4362, 0.11189, 0.11275, 0
0.45103, 0.44186, 0.12158, 0.47349, 0.45761, 0.45146, 0.00995, 0.0209, 0
0.44429, 0.43758, 0.13081, 0.47652, 0.45339, 0.45024, 0.05188, 0.08806, 0
0.42521, 0.41302, 0.19162, 0.47801, 0.44071, 0.44068, 0.13603, 0.17041, 0
0.45469, 0.44322, 0.28371, 0.47383, 0.4627, 0.45202, 0.02646, 0.04706, 1
0.43715, 0.43374, 0.29899, 0.4818, 0.44449, 0.44654, 0.08873, 0.11793, 0
0.42476, 0.42298, 0.35249, 0.48663, 0.41984, 0.41345, 0.08789, 0.07337, 0
0.42854, 0.43533, 0.35514, 0.4818, 0.43496, 0.44287, 0.20147, 0.24681, 0
0.48415, 0.47031, 0.34966, 0.47132, 0.48754, 0.49128, 0.14065, 0.18989, 1
0.44774, 0.43938, 0.21481, 0.48419, 0.45148, 0.44655, 0.0087, 0.0592, 0
0.44563, 0.43735, 0.16667, 0.48451, 0.44886, 0.44409, 0.02074, 0.01201, 0
0.45055, 0.44073, 0.25323, 0.47263, 0.45941, 0.4544, 0.01547, 0.0, 0
0.45916, 0.44484, 0.25837, 0.47966, 0.45903, 0.44677, 0.101, 0.08684, 1
0.43925, 0.43251, 0.26823, 0.4851, 0.44073, 0.4375, 0.04188, 0.02323, 0
0.45046, 0.44164, 0.2973, 0.47685, 0.45488, 0.45162, 0.00441, 0.00878, 0
0.45321, 0.44301, 0.3121, 0.47694, 0.45698, 0.45107, 0.01764, 0.02081, 1
0.46242, 0.44874, 0.29552, 0.46806, 0.46937, 0.46355, 0.04638, 0.05591, 1
0.45483, 0.45034, 0.2756, 0.47259, 0.46672, 0.46897, 0.1266, 0.12868, 0
0.45673, 0.44279, 0.3198, 0.47194, 0.4741, 0.46944, 0.02981, 0.02759, 0
0.45383, 0.44118, 0.35439, 0.47472, 0.46255, 0.45107, 0.03841, 0.02593, 1
0.4454, 0.43545, 0.29541, 0.48208, 0.44915, 0.43855, 0.04578, 0.0731, 0
0.46691, 0.45358, 0.30924, 0.47906, 0.46487, 0.45177, 0.10983, 0.08907, 1
0.45405, 0.44531, 0.32659, 0.48068, 0.45532, 0.45093, 0.02298, 0.01486, 1
0.44481, 0.43638, 0.30861, 0.48376, 0.44752, 0.44469, 0.0239, 0.01269, 0
0.43759, 0.43454, 0.20751, 0.48163, 0.44562, 0.44302, 0.08831, 0.08789, 0
0.46963, 0.45423, 0.5922, 0.47279, 0.47157, 0.4606, 0.10399, 0.12441, 1
0.42567, 0.42749, 0.59299, 0.48663, 0.43235, 0.42847, 0.12574, 0.10277, 0
0.4609, 0.44928, 0.15869, 0.47509, 0.46503, 0.4719, 0.04065, 0.11212, 1
0.44814, 0.43893, 0.1837, 0.48402, 0.45381, 0.44832, 0.01152, 0.04792, 0
0.43975, 0.43217, 0.21617, 0.49044, 0.44521, 0.44013, 0.04416, 0.03846, 0
0.43814, 0.43691, 0.31472, 0.47874, 0.44686, 0.44956, 0.12018, 0.08948, 0
0.44248, 0.42835, 0.26625, 0.4857, 0.43889, 0.42486, 0.15409, 0.1464, 1
0.46421, 0.45723, 0.26273, 0.47162, 0.47875, 0.48776, 0.1549, 0.22053, 0
0.44151, 0.43546, 0.18887, 0.48546, 0.44748, 0.44177, 0.03986, 0.00646, 0
0.44824, 0.44027, 0.24691, 0.48319, 0.45308, 0.44732, 0.00885, 0.01526, 0
0.44691, 0.43843, 0.24586, 0.48163, 0.45231, 0.44913, 0.01755, 0.01222, 0
0.48976, 0.4788, 0.23383, 0.47132, 0.48937, 0.4804, 0.18188, 0.19849, 1
0.45964, 0.44988, 0.22567, 0.46892, 0.46987, 0.46966, 0.06508, 0.09941, 1
0.44144, 0.44684, 0.34018, 0.48008, 0.43566, 0.41283, 0.02786, 0.05103, 1
0.44975, 0.443, 0.30388, 0.47399, 0.45766, 0.45339, 0.05, 0.05649, 0
0.44705, 0.44005, 0.23077, 0.47728, 0.4541, 0.44969, 0.03636, 0.07946, 0
0.43947, 0.43324, 0.22892, 0.48657, 0.4405, 0.43166, 0.04058, 0.0944, 0
0.43224, 0.43413, 0.25129, 0.47655, 0.44904, 0.45796, 0.2138, 0.30256, 0
0.42791, 0.42262, 0.25596, 0.48415, 0.40857, 0.38701, 0.16938, 0.19195, 0
0.44641, 0.43824, 0.21542, 0.47276, 0.46259, 0.46329, 0.08647, 0.08316, 0
0.45298, 0.44252, 0.20826, 0.47356, 0.45767, 0.45361, 0.0129, 0.01322, 1
0.44477, 0.43829, 0.25057, 0.48634, 0.44903, 0.44254, 0.01912, 0.04875, 0
0.42359, 0.42558, 0.24887, 0.48071, 0.43727, 0.43983, 0.18382, 0.19688, 0
0.43783, 0.43761, 0.24359, 0.48046, 0.44517, 0.44251, 0.11345, 0.24374, 0
0.43376, 0.43447, 0.24635, 0.47641, 0.45046, 0.45919, 0.20102, 0.27226, 0
0.46434, 0.45425, 0.25885, 0.47071, 0.49423, 0.50348, 0.19855, 0.0624, 0
0.45236, 0.4423, 0.19625, 0.48137, 0.44902, 0.4497, 0.03951, 0.04359, 1
0.51486, 0.49719, 0.38447, 0.47013, 0.51482, 0.51073, 0.27403, 0.27415, 1
0.44517, 0.43714, 0.26448, 0.4752, 0.45241, 0.45037, 0.03581, 0.04356, 1
0.46181, 0.44816, 0.31588, 0.47225, 0.46457, 0.47002, 0.04163, 0.0401, 1
0.47596, 0.44618, 0.28627, 0.47112, 0.50639, 0.51476, 0.03315, 0.04675, 1
0.44659, 0.4378, 0.24908, 0.4792, 0.45154, 0.46883, 0.02355, 0.00962, 0
0.45502, 0.44141, 0.14802, 0.47693, 0.46129, 0.44529, 0.06633, 0.05475, 0
0.45171, 0.44005, 0.26484, 0.47451, 0.45858, 0.45161, 0.02525, 0.02661, 1
0.45411, 0.44415, 0.28474, 0.47655, 0.45541, 0.45425, 0.01721, 0.0247, 0
0.45341, 0.44164, 0.1925, 0.48236, 0.45197, 0.44139, 0.08396, 0.11606, 1
0.41609, 0.42021, 0.1803, 0.4856, 0.4243, 0.42634, 0.17978, 0.20662, 1
0.1683, 0.17192, 0.18394, 0.54358, 0.17486, 0.18803, 0.17728, 0.19559, 0
0.35956, 0.38066, 0.15739, 0.48188, 0.38978, 0.40567, 0.52895, 0.56654, 1
0.42019, 0.42295, 0.1063, 0.48175, 0.43006, 0.43642, 0.17933, 0.19464, 1
0.46105, 0.4481, 0.10642, 0.47137, 0.49659, 0.50428, 0.18408, 0.11826, 1
0.44431, 0.42585, 0.25927, 0.48214, 0.43694, 0.43706, 0.18566, 0.155, 1
0.43882, 0.43501, 0.26816, 0.48249, 0.43671, 0.43042, 0.03647, 0.01996, 0
0.4589, 0.44874, 0.26713, 0.47615, 0.46261, 0.46454, 0.03887, 0.0539, 1
0.46217, 0.45586, 0.24994, 0.46872, 0.47207, 0.47123, 0.11015, 0.13242, 0
0.45171, 0.44141, 0.24531, 0.47387, 0.45999, 0.45538, 0.00221, 0.06082, 0
0.4461, 0.43797, 0.21893, 0.47591, 0.45515, 0.44718, 0.03098, 0.02552, 1
0.45587, 0.4421, 0.21919, 0.47511, 0.4607, 0.45218, 0.06154, 0.04726, 0
0.44975, 0.43869, 0.37696, 0.47819, 0.45604, 0.44831, 0.02744, 0.05871, 0
0.45475, 0.44753, 0.28888, 0.47002, 0.46158, 0.45711, 0.04875, 0.05578, 0
0.44688, 0.43892, 0.28954, 0.47311, 0.46201, 0.46576, 0.08784, 0.10393, 0
0.45768, 0.44708, 0.30485, 0.471, 0.47259, 0.47045, 0.06363, 0.00242, 0
0.44878, 0.43778, 0.31952, 0.47318, 0.46382, 0.4589, 0.03961, 0.0064, 0
0.45022, 0.44458, 0.35077, 0.48169, 0.44668, 0.44585, 0.01648, 0.06159, 0
0.44887, 0.44096, 0.27522, 0.48258, 0.45337, 0.44804, 0.00952, 0.00639, 0
0.44625, 0.43462, 0.21069, 0.48031, 0.45067, 0.44434, 0.0508, 0.06479, 0
0.45719, 0.44556, 0.40336, 0.47472, 0.4616, 0.45247, 0.04227, 0.0259, 0
0.45029, 0.44441, 0.1923, 0.4787, 0.45433, 0.4646, 0.06722, 0.08514, 1
0.43582, 0.43497, 0.18943, 0.47695, 0.4484, 0.45052, 0.14729, 0.17154, 1
0.44274, 0.43003, 0.24186, 0.48535, 0.44096, 0.43133, 0.10768, 0.03373, 1
0.4589, 0.4437, 0.30112, 0.47268, 0.47064, 0.45718, 0.04571, 0.0248, 0
0.45424, 0.44623, 0.29078, 0.47378, 0.46341, 0.45246, 0.03347, 0.03841, 1
0.45757, 0.44462, 0.28749, 0.47647, 0.46315, 0.45329, 0.05067, 0.07194, 1
0.45305, 0.44324, 0.25963, 0.47243, 0.46531, 0.46464, 0.05628, 0.04393, 1
0.43766, 0.43298, 0.205, 0.48833, 0.44105, 0.43739, 0.04997, 0.08671, 0
0.43593, 0.43594, 0.20538, 0.47874, 0.44656, 0.44899, 0.14526, 0.08484, 1
0.45547, 0.44894, 0.18748, 0.47147, 0.46071, 0.45854, 0.05914, 0.04151, 0
0.44095, 0.43138, 0.15659, 0.48402, 0.44642, 0.43642, 0.05528, 0.01216, 1
0.00183, 0.00189, 0.22827, 0.73718, 0.00358, 0.01054, 0.00786, 0.02734, 1
0.44518, 0.43771, 0.19776, 0.48045, 0.44996, 0.45024, 0.02708, 0.04195, 0
0.45261, 0.4435, 0.20926, 0.4713, 0.46066, 0.45866, 0.03294, 0.04809, 0
0.45199, 0.44095, 0.22039, 0.47251, 0.46041, 0.45628, 0.00224, 0.00247, 0
0.46207, 0.44885, 0.16609, 0.46772, 0.46729, 0.46065, 0.05222, 0.09863, 1
0.46728, 0.45443, 0.13412, 0.46872, 0.47799, 0.47389, 0.06739, 0.07445, 0
0.42931, 0.41948, 0.13364, 0.48634, 0.41941, 0.40629, 0.17402, 0.2629, 0
0.35615, 0.32394, 0.27078, 0.47762, 0.39042, 0.43133, 0.57023, 0.67539, 1
0.45417, 0.44095, 0.25583, 0.47504, 0.47394, 0.45459, 0.00975, 0.03344, 0
0.45005, 0.44072, 0.25386, 0.47319, 0.46465, 0.45277, 0.02723, 0.02852, 1
0.45615, 0.44553, 0.3739, 0.47112, 0.4623, 0.45842, 0.02108, 0.04394, 1
0.45128, 0.43981, 0.35666, 0.48016, 0.45507, 0.44885, 0.03883, 0.04149, 1
0.45299, 0.4405, 0.26714, 0.47555, 0.46201, 0.45052, 0.02517, 0.04268, 1
0.45028, 0.43821, 0.19378, 0.4823, 0.45145, 0.44691, 0.0536, 0.02684, 0
0.45816, 0.44645, 0.24187, 0.47801, 0.45913, 0.45357, 0.05079, 0.01464, 0
0.39982, 0.40575, 0.23373, 0.48318, 0.4156, 0.42294, 0.26947, 0.1365, 1
0.4689, 0.45175, 0.25691, 0.47841, 0.46906, 0.45149, 0.1438, 0.1228, 1
0.39109, 0.39888, 0.26671, 0.48815, 0.39714, 0.39938, 0.25391, 0.2456, 1
0.44647, 0.43821, 0.26409, 0.48258, 0.43851, 0.41991, 0.08714, 0.03655, 0
0.43829, 0.43205, 0.29619, 0.48553, 0.44201, 0.43972, 0.04968, 0.0439, 0
0.43336, 0.41939, 0.19663, 0.47505, 0.45301, 0.45274, 0.10807, 0.15903, 1
0.44777, 0.43844, 0.14906, 0.48275, 0.44684, 0.43691, 0.0515, 0.01907, 0
0.45078, 0.4421, 0.12374, 0.47564, 0.45696, 0.45662, 0.02715, 0.06591, 1
0.4569, 0.44531, 0.13055, 0.4703, 0.46195, 0.45898, 0.0251, 0.06362, 0
0.44677, 0.44027, 0.11012, 0.48061, 0.44737, 0.44093, 0.02718, 0.08558, 1
0.45112, 0.44371, 0.11147, 0.4799, 0.45392, 0.45163, 0.01812, 0.00424, 0
0.4507, 0.44141, 0.12043, 0.47187, 0.457, 0.45246, 0.00965, 0.02646, 0
0.5365, 0.51411, 0.17684, 0.46443, 0.54445, 0.53891, 0.35328, 0.37069, 0
0.45619, 0.44765, 0.21165, 0.47059, 0.47061, 0.46619, 0.07615, 0.06637, 0
0.46553, 0.4488, 0.21952, 0.47325, 0.47045, 0.45625, 0.10147, 0.06662, 0
0.43599, 0.43058, 0.22618, 0.48472, 0.44197, 0.4371, 0.06182, 0.03571, 1
0.4499, 0.44233, 0.16299, 0.48272, 0.45202, 0.44704, 0.00585, 0.04166, 0
0.45565, 0.44624, 0.23703, 0.46879, 0.46295, 0.4604, 0.03355, 0.01122, 1
0.4481, 0.44004, 0.25423, 0.47568, 0.45526, 0.44912, 0.02183, 0.02362, 0
0.44678, 0.43774, 0.29024, 0.48005, 0.45315, 0.44926, 0.0176, 0.04654, 0
0.43462, 0.41941, 0.32128, 0.48643, 0.42894, 0.41314, 0.21019, 0.23909, 0
0.4474, 0.41753, 0.31281, 0.47968, 0.44763, 0.44731, 0.28666, 0.39151, 1
0.43985, 0.43223, 0.28145, 0.48012, 0.44688, 0.45052, 0.05907, 0.06814, 1
0.44589, 0.43958, 0.18739, 0.48081, 0.45136, 0.44704, 0.0335, 0.02756, 0
0.44615, 0.44118, 0.18311, 0.48002, 0.44729, 0.45024, 0.04579, 0.01992, 1
0.44802, 0.44118, 0.2163, 0.47396, 0.45531, 0.45204, 0.04582, 0.01948, 1
0.45679, 0.44395, 0.39652, 0.4715, 0.46594, 0.45583, 0.03363, 0.04675, 0
0.46094, 0.44303, 0.43037, 0.47383, 0.46881, 0.4705, 0.04333, 0.04691, 0
0.49072, 0.46908, 0.41823, 0.47382, 0.48674, 0.46589, 0.22417, 0.23726, 0
0.45581, 0.45593, 0.19643, 0.47364, 0.46657, 0.46182, 0.15581, 0.16478, 0
0.45762, 0.44461, 0.29496, 0.47537, 0.46198, 0.45231, 0.05778, 0.10065, 1
0.46973, 0.45487, 0.30127, 0.47955, 0.46452, 0.4519, 0.13874, 0.16692, 0
0.45116, 0.44073, 0.10025, 0.47377, 0.45655, 0.45162, 0.01165, 0.00877, 0
0.51824, 0.50076, 0.19037, 0.46485, 0.52251, 0.51597, 0.28812, 0.19154, 1
0.44068, 0.41292, 0.19767, 0.48114, 0.43855, 0.42612, 0.30952, 0.19048, 0
0.46498, 0.44595, 0.19149, 0.47339, 0.47279, 0.45836, 0.10693, 0.08601, 0
0.39163, 0.39048, 0.198, 0.49083, 0.39253, 0.38134, 0.24632, 0.2568, 0
0.46683, 0.45147, 0.18794, 0.47558, 0.47227, 0.47322, 0.05548, 0.06445, 0
0.46351, 0.45191, 0.17158, 0.47933, 0.46227, 0.45286, 0.08146, 0.06952, 0
0.46032, 0.45122, 0.1923, 0.47299, 0.46418, 0.46364, 0.05076, 0.04218, 0
0.52266, 0.51343, 0.28117, 0.43337, 0.53139, 0.52192, 0.07429, 0.05103, 1
0.45359, 0.44459, 0.31491, 0.47479, 0.45998, 0.45615, 0.01897, 0.02068, 1
0.48445, 0.47366, 0.31877, 0.46833, 0.48696, 0.48107, 0.15684, 0.14053, 1
0.4466, 0.43529, 0.18574, 0.47393, 0.45803, 0.45683, 0.03417, 0.01107, 1
0.44302, 0.43478, 0.39223, 0.47355, 0.46436, 0.4598, 0.09677, 0.08879, 1
0.53182, 0.4897, 0.41447, 0.47338, 0.52098, 0.48824, 0.50849, 0.48357, 0
0.44868, 0.4396, 0.40715, 0.47485, 0.4546, 0.45092, 0.01219, 0.03654, 0
0.45066, 0.44096, 0.41739, 0.47192, 0.45908, 0.45533, 0.01712, 0.03356, 0
0.43974, 0.43255, 0.3262, 0.48514, 0.44617, 0.44047, 0.04432, 0.01512, 1
0.42751, 0.4303, 0.26187, 0.48582, 0.43238, 0.42949, 0.12181, 0.13615, 1
0.45563, 0.44365, 0.33427, 0.47258, 0.46108, 0.455, 0.03057, 0.03716, 0
0.45231, 0.44141, 0.2568, 0.47339, 0.45757, 0.45228, 0.01691, 0.01266, 0
0.44926, 0.43984, 0.24722, 0.48101, 0.45431, 0.44861, 0.00992, 0.00862, 1
0.45055, 0.44118, 0.22589, 0.48356, 0.4535, 0.44711, 0.01874, 0.0494, 0
0.4601, 0.45084, 0.24383, 0.47533, 0.46345, 0.45677, 0.04661, 0.05389, 0
0.47124, 0.45532, 0.25344, 0.47074, 0.47289, 0.4656, 0.10001, 0.06846, 0
0.42879, 0.40236, 0.2304, 0.48458, 0.42237, 0.39774, 0.39437, 0.45589, 0
0.45191, 0.445, 0.24274, 0.47562, 0.45767, 0.4535, 0.04011, 0.01569, 0
0.44871, 0.44096, 0.18966, 0.47671, 0.45587, 0.45187, 0.02443, 0.01496, 1
0.4538, 0.43893, 0.17895, 0.47677, 0.45896, 0.45119, 0.07232, 0.05057, 1
0.44482, 0.43646, 0.17879, 0.48482, 0.44627, 0.43511, 0.03923, 0.05445, 1
0.44965, 0.44253, 0.18003, 0.48281, 0.45121, 0.44451, 0.00752, 0.0333, 0
0.44499, 0.43242, 0.18112, 0.48161, 0.44869, 0.44343, 0.06898, 0.07074, 0
0.44809, 0.43894, 0.14778, 0.47865, 0.45377, 0.44956, 0.01148, 0.01661, 1
0.45163, 0.44276, 0.14269, 0.47012, 0.45738, 0.45269, 0.01209, 0.00959, 0
0.44822, 0.43848, 0.1418, 0.47547, 0.45546, 0.44942, 0.01303, 0.00635, 1
0.45112, 0.44096, 0.14292, 0.48332, 0.45412, 0.44628, 0.03198, 0.03298, 0
0.45494, 0.44366, 0.16364, 0.47253, 0.46071, 0.45365, 0.0239, 0.05437, 1
0.45091, 0.44006, 0.16872, 0.47833, 0.45522, 0.44628, 0.03243, 0.06225, 1
0.43705, 0.434, 0.19158, 0.48583, 0.43913, 0.4354, 0.05392, 0.01915, 1
0.44409, 0.445, 0.22906, 0.48038, 0.44999, 0.4486, 0.12339, 0.03326, 1
0.44153, 0.43265, 0.2306, 0.47688, 0.45086, 0.45446, 0.0533, 0.01677, 1
0.44047, 0.43557, 0.21634, 0.48103, 0.4487, 0.44411, 0.06764, 0.06708, 1
0.45764, 0.44795, 0.21344, 0.4705, 0.46684, 0.45953, 0.03768, 0.03179, 0
0.42102, 0.41757, 0.20686, 0.48902, 0.42909, 0.42366, 0.12328, 0.12561, 1
0.45204, 0.44253, 0.20098, 0.47629, 0.45883, 0.45242, 0.00651, 0.04338, 1
0.44958, 0.43961, 0.17923, 0.47585, 0.45306, 0.44956, 0.01516, 0.0, 0
0.45242, 0.43916, 0.15871, 0.47238, 0.46456, 0.46563, 0.01952, 0.02722, 0
0.40691, 0.39813, 0.22682, 0.48997, 0.40998, 0.40009, 0.22088, 0.18952, 0
0.45262, 0.43259, 0.26176, 0.47279, 0.47494, 0.47586, 0.04146, 0.0241, 1
0.45761, 0.44637, 0.21549, 0.47134, 0.46148, 0.45461, 0.035, 0.02675, 0
0.47005, 0.46359, 0.19979, 0.46906, 0.48891, 0.49166, 0.18447, 0.15466, 1
0.44323, 0.44029, 0.46313, 0.4802, 0.44871, 0.43716, 0.06336, 0.03261, 0
0.44497, 0.43695, 0.46161, 0.47816, 0.45409, 0.45536, 0.04742, 0.05206, 1
0.54921, 0.5271, 0.42143, 0.47001, 0.54848, 0.55451, 0.41612, 0.44818, 0
0.45704, 0.44518, 0.22327, 0.46964, 0.46447, 0.45951, 0.02225, 0.01551, 0
0.46648, 0.47464, 0.20968, 0.4718, 0.48973, 0.49132, 0.36229, 0.36677, 1
0.44764, 0.44319, 0.23083, 0.47953, 0.45111, 0.44498, 0.03665, 0.05776, 0
0.45095, 0.44319, 0.20317, 0.47221, 0.46714, 0.46905, 0.10684, 0.09323, 0
0.48605, 0.45863, 0.17546, 0.47229, 0.48883, 0.48183, 0.19152, 0.21002, 0
0.452, 0.44319, 0.12761, 0.48153, 0.45473, 0.44929, 0.01344, 0.04517, 1
0.45321, 0.44474, 0.17484, 0.47152, 0.46288, 0.45765, 0.04434, 0.04841, 1
0.44811, 0.43918, 0.2089, 0.47978, 0.45382, 0.44889, 0.00983, 0.01882, 0
0.45025, 0.44185, 0.21401, 0.47812, 0.45622, 0.45132, 0.01341, 0.01941, 1
0.45644, 0.44341, 0.16421, 0.47103, 0.46307, 0.45685, 0.03518, 0.03585, 1
0.4476, 0.4374, 0.17458, 0.48413, 0.44883, 0.43743, 0.0569, 0.02262, 1
0.45504, 0.45475, 0.17646, 0.47651, 0.46133, 0.46197, 0.14404, 0.15838, 0
0.44945, 0.4365, 0.17137, 0.47898, 0.4549, 0.44037, 0.07261, 0.06294, 1
0.42592, 0.42033, 0.29766, 0.48391, 0.43416, 0.42644, 0.10308, 0.11473, 0
0.45009, 0.44074, 0.27464, 0.48244, 0.45445, 0.44781, 0.01135, 0.0484, 1
0.44858, 0.43941, 0.28082, 0.4844, 0.4479, 0.44042, 0.0417, 0.04714, 1
0.44236, 0.43719, 0.34393, 0.4808, 0.44769, 0.44177, 0.04178, 0.04123, 1
0.45431, 0.44274, 0.33103, 0.47553, 0.45933, 0.45589, 0.02174, 0.02559, 0
