@relation /home/othavioaset_perfeito_keel
@attribute EMA_3 real [-0.01, 1.01]
@attribute SMA_3 real [-0.01, 1.01]
@attribute ADXR real [-0.01, 1.01]
@attribute Bollinger_Norm real [-0.01, 1.01]
@attribute EMA_5 real [-0.01, 1.01]
@attribute SMA_5 real [-0.01, 1.01]
@attribute std_close3 real [-0.01, 1.01]
@attribute std_open3 real [-0.01, 1.01]
@attribute trend {0, 1}
@inputs EMA_3, SMA_3, ADXR, Bollinger_Norm, EMA_5, SMA_5, std_close3, std_open3
@outputs trend
@data
0.45574, 0.44348, 0.38769, 0.47084, 0.46344, 0.45693, 0.02213, 0.01388, 0
0.44373, 0.43764, 0.35834, 0.48615, 0.44778, 0.44191, 0.02566, 0.03418, 1
0.44037, 0.43369, 0.36155, 0.48132, 0.44787, 0.44733, 0.05527, 0.05825, 1
0.45491, 0.45069, 0.3935, 0.48141, 0.44439, 0.44636, 0.04638, 0.03667, 0
0.45152, 0.44863, 0.41304, 0.47256, 0.46122, 0.46602, 0.13948, 0.11854, 1
0.44843, 0.4416, 0.35585, 0.48061, 0.45389, 0.44798, 0.02768, 0.02962, 0
0.4482, 0.43891, 0.31963, 0.47402, 0.45848, 0.45337, 0.02501, 0.05251, 0
0.45631, 0.44594, 0.31593, 0.47102, 0.46785, 0.46941, 0.052, 0.06929, 1
0.42791, 0.43223, 0.32225, 0.48295, 0.42983, 0.43285, 0.14273, 0.15155, 0
0.46071, 0.44771, 0.31633, 0.47243, 0.47008, 0.4777, 0.04169, 0.07389, 0
0.42893, 0.41851, 0.2675, 0.48283, 0.43179, 0.40914, 0.15106, 0.20749, 0
0.45235, 0.4418, 0.26742, 0.47281, 0.4604, 0.45533, 0.00593, 0.00655, 0
0.44647, 0.43524, 0.22505, 0.4838, 0.45019, 0.44055, 0.05734, 0.05247, 1
0.4828, 0.46747, 0.26027, 0.47908, 0.46879, 0.47197, 0.18243, 0.14313, 0
0.4473, 0.43936, 0.38731, 0.47874, 0.45137, 0.44888, 0.02064, 0.01983, 0
0.45473, 0.44423, 0.37896, 0.47065, 0.46013, 0.45639, 0.0148, 0.03757, 0
0.45316, 0.44728, 0.36886, 0.4708, 0.46453, 0.46293, 0.09315, 0.06287, 0
0.45198, 0.44078, 0.35777, 0.4726, 0.46226, 0.458, 0.00708, 0.02665, 1
0.41878, 0.41458, 0.36097, 0.48575, 0.42787, 0.42169, 0.13416, 0.17812, 1
0.46645, 0.45872, 0.35395, 0.47024, 0.48051, 0.47903, 0.13804, 0.14609, 1
0.46246, 0.44383, 0.35059, 0.47224, 0.47259, 0.47222, 0.06097, 0.05975, 0
0.45419, 0.44403, 0.28009, 0.48308, 0.44881, 0.43608, 0.08934, 0.05693, 0
0.45178, 0.44843, 0.38873, 0.47999, 0.45494, 0.45174, 0.06401, 0.12804, 0
0.44343, 0.43622, 0.38315, 0.47991, 0.44953, 0.44673, 0.04208, 0.06733, 0
0.42793, 0.4244, 0.2782, 0.47796, 0.44096, 0.44283, 0.12769, 0.09279, 1
0.45037, 0.44056, 0.17279, 0.48142, 0.45199, 0.43894, 0.03994, 0.03908, 1
0.43787, 0.41658, 0.13647, 0.47838, 0.44558, 0.43833, 0.18885, 0.14004, 1
0.44548, 0.43643, 0.13304, 0.48005, 0.44972, 0.43433, 0.03211, 0.06065, 0
0.45979, 0.44556, 0.28667, 0.4732, 0.47413, 0.45769, 0.02851, 0.04623, 0
0.43396, 0.4257, 0.31784, 0.48819, 0.43061, 0.42434, 0.09187, 0.1435, 0
0.40736, 0.41387, 0.34429, 0.47755, 0.43076, 0.44296, 0.31277, 0.4032, 1
0.45563, 0.44243, 0.31324, 0.47523, 0.46685, 0.44469, 0.04213, 0.02768, 0
0.44884, 0.44493, 0.35575, 0.47229, 0.45943, 0.46094, 0.11265, 0.08016, 0
0.48638, 0.4626, 0.31418, 0.47567, 0.48027, 0.45918, 0.2532, 0.2429, 0
0.50799, 0.49529, 0.42921, 0.47223, 0.50347, 0.48748, 0.26782, 0.28321, 0
0.4534, 0.45014, 0.17915, 0.47445, 0.46046, 0.4606, 0.10774, 0.08194, 0
0.45187, 0.44118, 0.17168, 0.47295, 0.46028, 0.46147, 0.02383, 0.01086, 1
0.48099, 0.45817, 0.23157, 0.47109, 0.48812, 0.47467, 0.15514, 0.19871, 0
0.43412, 0.42467, 0.22687, 0.48328, 0.43909, 0.43652, 0.08057, 0.10822, 0
0.45132, 0.4471, 0.23124, 0.4737, 0.45855, 0.45593, 0.08192, 0.10902, 1
0.44314, 0.43382, 0.2092, 0.4736, 0.46027, 0.46276, 0.09257, 0.14734, 0
0.44907, 0.43973, 0.30867, 0.47736, 0.45419, 0.45112, 0.00722, 0.00585, 1
0.45309, 0.4416, 0.28241, 0.47905, 0.45501, 0.44824, 0.04488, 0.02537, 0
0.46241, 0.45461, 0.27459, 0.46829, 0.47019, 0.46939, 0.08628, 0.11012, 0
0.44209, 0.43581, 0.23424, 0.47544, 0.45335, 0.44873, 0.07054, 0.07367, 0
0.45686, 0.44367, 0.21179, 0.47057, 0.46643, 0.46102, 0.01829, 0.06793, 1
0.44111, 0.43623, 0.18996, 0.48595, 0.44605, 0.4406, 0.04199, 0.06058, 0
0.44397, 0.43436, 0.1645, 0.47747, 0.45118, 0.44447, 0.03404, 0.05345, 0
0.44893, 0.4418, 0.2286, 0.48311, 0.44641, 0.44341, 0.01234, 0.06003, 1
0.4519, 0.44221, 0.27355, 0.48293, 0.44975, 0.44453, 0.04303, 0.01309, 1
0.44587, 0.43649, 0.32877, 0.48502, 0.44169, 0.43501, 0.0671, 0.07571, 1
0.46015, 0.45004, 0.39297, 0.46786, 0.4688, 0.46758, 0.05379, 0.05893, 1
0.45485, 0.44262, 0.3649, 0.47594, 0.45869, 0.44924, 0.05033, 0.06841, 0
0.43936, 0.43212, 0.32249, 0.47563, 0.45363, 0.45598, 0.09348, 0.05485, 1
0.27728, 0.23446, 0.29541, 0.49044, 0.28441, 0.28186, 0.47944, 0.47932, 1
0.45021, 0.44392, 0.29237, 0.47467, 0.45939, 0.45762, 0.0663, 0.02053, 1
0.44533, 0.43363, 0.22046, 0.48233, 0.4481, 0.43752, 0.07293, 0.05128, 0
0.45027, 0.44641, 0.11973, 0.48297, 0.44073, 0.42908, 0.04169, 0.07081, 0
0.44651, 0.43009, 0.14015, 0.48368, 0.4476, 0.4373, 0.13849, 0.04895, 0
0.45825, 0.44223, 0.1166, 0.4808, 0.45822, 0.44833, 0.11379, 0.16314, 1
0.439, 0.43492, 0.11581, 0.48591, 0.43918, 0.43074, 0.032, 0.02843, 0
0.44531, 0.4416, 0.10961, 0.48155, 0.44895, 0.44758, 0.05943, 0.08623, 1
0.45586, 0.44641, 0.10254, 0.47704, 0.46004, 0.4605, 0.02804, 0.08323, 0
0.43339, 0.42696, 0.21031, 0.48324, 0.44104, 0.43984, 0.07553, 0.10056, 1
0.46866, 0.45523, 0.19682, 0.47085, 0.47283, 0.46256, 0.08265, 0.05641, 0
0.74746, 0.72911, 0.27432, 0.42855, 0.74726, 0.72938, 0.10409, 0.12164, 0
0.42607, 0.42719, 0.27473, 0.484, 0.43161, 0.43389, 0.13509, 0.15163, 0
0.45526, 0.44596, 0.22875, 0.4716, 0.46543, 0.46344, 0.0402, 0.03722, 1
0.45663, 0.44367, 0.22587, 0.47277, 0.46427, 0.4559, 0.03024, 0.01171, 1
0.29413, 0.28727, 0.17884, 0.515, 0.30322, 0.3063, 0.16019, 0.14201, 0
0.46837, 0.45209, 0.18925, 0.47074, 0.47997, 0.47299, 0.05447, 0.05586, 0
0.47818, 0.46494, 0.28379, 0.4764, 0.47705, 0.46425, 0.13539, 0.09108, 1
0.4403, 0.43158, 0.34194, 0.47823, 0.44567, 0.44201, 0.04688, 0.05841, 1
0.45325, 0.44701, 0.36605, 0.4781, 0.45542, 0.45478, 0.04474, 0.04698, 0
0.44792, 0.43851, 0.27873, 0.47631, 0.45157, 0.44575, 0.01301, 0.02091, 0
0.43724, 0.42597, 0.30943, 0.48034, 0.44505, 0.43914, 0.07728, 0.11153, 0
0.45047, 0.4383, 0.35466, 0.4751, 0.4592, 0.45124, 0.02785, 0.03077, 1
0.45484, 0.44407, 0.35868, 0.47516, 0.46096, 0.44924, 0.02785, 0.0044, 1
0.45443, 0.44283, 0.30273, 0.47173, 0.4633, 0.46235, 0.01304, 0.01098, 1
0.43799, 0.43295, 0.22311, 0.48065, 0.4472, 0.44799, 0.07951, 0.07476, 1
0.46, 0.4515, 0.22504, 0.46898, 0.46926, 0.46761, 0.07178, 0.06598, 1
0.46562, 0.44799, 0.21443, 0.47088, 0.4696, 0.46186, 0.09706, 0.06156, 1
0.43848, 0.43811, 0.22049, 0.48446, 0.42478, 0.40878, 0.05181, 0.03635, 1
0.52018, 0.50426, 0.21344, 0.46494, 0.53214, 0.53331, 0.31285, 0.31726, 0
0.43959, 0.43446, 0.43321, 0.48573, 0.44393, 0.43445, 0.03867, 0.03604, 1
0.50761, 0.48196, 0.44292, 0.47587, 0.49499, 0.4747, 0.3289, 0.34338, 0
0.42104, 0.40359, 0.44852, 0.48672, 0.40521, 0.38822, 0.33892, 0.32291, 0
0.43319, 0.4293, 0.48759, 0.4884, 0.43312, 0.42926, 0.06049, 0.01541, 0
0.44588, 0.44077, 0.39063, 0.4819, 0.44871, 0.44658, 0.04184, 0.06372, 0
0.4519, 0.44098, 0.37004, 0.48281, 0.45332, 0.44632, 0.04704, 0.04257, 1
0.44608, 0.43531, 0.36239, 0.47749, 0.45644, 0.45189, 0.03026, 0.04146, 1
0.4527, 0.4462, 0.3333, 0.48019, 0.45079, 0.4586, 0.03202, 0.05908, 1
0.45924, 0.44892, 0.38007, 0.46887, 0.46628, 0.46455, 0.04051, 0.01769, 1
0.45318, 0.44014, 0.3552, 0.47391, 0.45855, 0.45201, 0.04049, 0.0198, 0
0.46947, 0.46848, 0.32179, 0.46945, 0.49177, 0.49846, 0.27875, 0.33785, 1
0.81923, 0.80166, 0.36037, 0.28825, 0.8308, 0.81205, 0.06504, 0.07185, 1
0.43397, 0.4266, 0.28616, 0.48052, 0.44176, 0.43442, 0.07141, 0.07579, 1
0.45875, 0.44816, 0.2698, 0.48007, 0.45686, 0.45061, 0.05317, 0.08693, 0
0.446, 0.44262, 0.17713, 0.47609, 0.45467, 0.45571, 0.10139, 0.05799, 1
0.442, 0.43499, 0.34801, 0.48046, 0.45086, 0.4451, 0.04568, 0.0492, 1
0.44588, 0.43416, 0.38302, 0.4829, 0.45128, 0.4446, 0.0509, 0.12444, 0
0.27672, 0.26327, 0.41129, 0.49931, 0.26698, 0.24299, 0.39349, 0.37776, 0
0.7102, 0.69026, 0.49722, 0.37685, 0.72389, 0.7142, 0.02923, 0.1762, 0
0.1945, 0.18958, 0.49442, 0.61341, 0.1983, 0.19819, 0.03022, 0.03446, 1
0.44233, 0.43768, 0.42909, 0.47883, 0.44693, 0.45273, 0.07261, 0.13537, 0
0.45406, 0.44573, 0.3007, 0.47286, 0.46285, 0.45613, 0.03808, 0.04119, 0
0.45373, 0.44706, 0.52853, 0.47114, 0.46632, 0.46983, 0.10567, 0.077, 0
0.45437, 0.44412, 0.42653, 0.4794, 0.4581, 0.45176, 0.02837, 0.07798, 1
0.4559, 0.44349, 0.39267, 0.48076, 0.45657, 0.44655, 0.06932, 0.05468, 0
0.44089, 0.43426, 0.16164, 0.48033, 0.44827, 0.44668, 0.05236, 0.04654, 1
0.45263, 0.44349, 0.16344, 0.47268, 0.45924, 0.45393, 0.01418, 0.05569, 1
0.45122, 0.4449, 0.42558, 0.47674, 0.45733, 0.45562, 0.04834, 0.07099, 0
0.44793, 0.43932, 0.41777, 0.47525, 0.45564, 0.45337, 0.03069, 0.02914, 1
0.4397, 0.4319, 0.4087, 0.48715, 0.44172, 0.43649, 0.0474, 0.06738, 0
0.45079, 0.44412, 0.3961, 0.48177, 0.45247, 0.4421, 0.01417, 0.06887, 1
0.4514, 0.44014, 0.23706, 0.47588, 0.4561, 0.45227, 0.01991, 0.03875, 1
0.45241, 0.44345, 0.27663, 0.47571, 0.45734, 0.45573, 0.01898, 0.07394, 0
0.45226, 0.44696, 0.3098, 0.47219, 0.4613, 0.45836, 0.08081, 0.03977, 1
0.43675, 0.42882, 0.3079, 0.4907, 0.44094, 0.43335, 0.06171, 0.04186, 0
0.45169, 0.44034, 0.31444, 0.47215, 0.45984, 0.45533, 0.00536, 0.03078, 1
0.446, 0.43846, 0.27329, 0.48624, 0.44957, 0.44235, 0.01328, 0.06601, 1
0.44314, 0.43437, 0.34809, 0.48554, 0.44856, 0.44386, 0.03328, 0.01747, 0
0.45264, 0.44286, 0.1865, 0.47222, 0.458, 0.45278, 0.00883, 0.01343, 1
0.45404, 0.44118, 0.18588, 0.4749, 0.46535, 0.44935, 0.01391, 0.008, 1
0.45809, 0.44555, 0.18374, 0.46984, 0.46561, 0.4597, 0.02848, 0.03107, 0
0.44335, 0.43411, 0.17989, 0.47943, 0.45142, 0.44683, 0.0343, 0.03222, 1
0.44749, 0.43973, 0.20961, 0.47901, 0.45372, 0.45112, 0.02701, 0.02984, 1
0.45576, 0.44639, 0.19222, 0.46984, 0.46104, 0.45503, 0.02564, 0.02832, 1
0.45656, 0.44347, 0.185, 0.47758, 0.45919, 0.45238, 0.05842, 0.03923, 1
0.44637, 0.43765, 0.13001, 0.47612, 0.45308, 0.45276, 0.02829, 0.03353, 0
0.44989, 0.4391, 0.12607, 0.4827, 0.45362, 0.44431, 0.03953, 0.09441, 1
0.44335, 0.43516, 0.12752, 0.48596, 0.44285, 0.43577, 0.0466, 0.03782, 0
0.41505, 0.39678, 0.15381, 0.48673, 0.39656, 0.37001, 0.40192, 0.38781, 0
0.46471, 0.45112, 0.17458, 0.477, 0.46369, 0.4683, 0.06344, 0.1325, 1
0.45274, 0.43724, 0.23856, 0.47662, 0.46241, 0.43601, 0.09395, 0.0465, 0
0.44268, 0.43724, 0.2743, 0.48295, 0.4486, 0.44521, 0.04109, 0.06751, 1
0.44417, 0.43741, 0.59279, 0.47951, 0.44407, 0.45125, 0.03642, 0.05078, 0
0.44983, 0.44286, 0.58991, 0.47268, 0.45354, 0.45876, 0.04976, 0.05918, 0
0.38541, 0.39795, 0.56649, 0.47875, 0.41257, 0.42887, 0.41726, 0.48895, 1
0.45042, 0.43992, 0.44344, 0.48243, 0.45544, 0.44512, 0.03236, 0.017, 0
0.44605, 0.43781, 0.3561, 0.48468, 0.4471, 0.44091, 0.02399, 0.0098, 0
0.45838, 0.44584, 0.20423, 0.47475, 0.46651, 0.45485, 0.02858, 0.03134, 0
0.43818, 0.42938, 0.31405, 0.48744, 0.44541, 0.43951, 0.05706, 0.04051, 1
0.44248, 0.42807, 0.18525, 0.48447, 0.44179, 0.43806, 0.11453, 0.08702, 0
0.45757, 0.44838, 0.20315, 0.47657, 0.46072, 0.45588, 0.03491, 0.1173, 1
0.45798, 0.44647, 0.23065, 0.481, 0.45642, 0.44678, 0.07017, 0.043, 0
0.43514, 0.42663, 0.28648, 0.48956, 0.43693, 0.42927, 0.0794, 0.09878, 0
0.45595, 0.45013, 0.40151, 0.47037, 0.46403, 0.45957, 0.07749, 0.07117, 1
0.45858, 0.44472, 0.38242, 0.47167, 0.46421, 0.45793, 0.04349, 0.04144, 0
0.45329, 0.44285, 0.32284, 0.48147, 0.45606, 0.44582, 0.04258, 0.06933, 0
0.44036, 0.43421, 0.18918, 0.48425, 0.43924, 0.43449, 0.03584, 0.03129, 1
0.44544, 0.4318, 0.34902, 0.47647, 0.456, 0.45327, 0.04613, 0.05985, 0
0.4798, 0.4884, 0.38355, 0.471, 0.50003, 0.49835, 0.39679, 0.41472, 1
0.42686, 0.41063, 0.39949, 0.48158, 0.42893, 0.42215, 0.2213, 0.07775, 0
0.55878, 0.53881, 0.41042, 0.46757, 0.55654, 0.54868, 0.47282, 0.50149, 0
0.44744, 0.44327, 0.34132, 0.47606, 0.46302, 0.46979, 0.1465, 0.12587, 1
0.47963, 0.4612, 0.31835, 0.46919, 0.48935, 0.48498, 0.1039, 0.1469, 0
0.42251, 0.40453, 0.18933, 0.48031, 0.43085, 0.42095, 0.21285, 0.17459, 1
0.45894, 0.45006, 0.30847, 0.47109, 0.47324, 0.4665, 0.07089, 0.05843, 1
0.44584, 0.43591, 0.35896, 0.47711, 0.4554, 0.44691, 0.02601, 0.02952, 0
0.47468, 0.4566, 0.37804, 0.47482, 0.4747, 0.4606, 0.14879, 0.17154, 1
0.44396, 0.4395, 0.37477, 0.48458, 0.44006, 0.42753, 0.0293, 0.00594, 0
0.44959, 0.44076, 0.33907, 0.48388, 0.45298, 0.44383, 0.02132, 0.03631, 1
0.45447, 0.44329, 0.23936, 0.47634, 0.45549, 0.44819, 0.05389, 0.0532, 1
0.45451, 0.44392, 0.26655, 0.47814, 0.45677, 0.45317, 0.02643, 0.01572, 0
0.45692, 0.44351, 0.2374, 0.4725, 0.4638, 0.45779, 0.03535, 0.0327, 1
0.44719, 0.43907, 0.20278, 0.48036, 0.45332, 0.45062, 0.02348, 0.02975, 1
0.43488, 0.42939, 0.19031, 0.4883, 0.43869, 0.43543, 0.0607, 0.01619, 1
0.45343, 0.44076, 0.19096, 0.47788, 0.45656, 0.45254, 0.04233, 0.0427, 1
0.44501, 0.43697, 0.19584, 0.47768, 0.45159, 0.44871, 0.02931, 0.00449, 0
0.41854, 0.40203, 0.24281, 0.48728, 0.4064, 0.39048, 0.31978, 0.29489, 0
0.44895, 0.44243, 0.33838, 0.4794, 0.44932, 0.45112, 0.02165, 0.0364, 1
0.44982, 0.43973, 0.51434, 0.47886, 0.45365, 0.45099, 0.014, 0.00797, 0
0.45498, 0.44575, 0.52702, 0.46911, 0.46323, 0.4608, 0.03819, 0.04096, 0
0.4581, 0.44699, 0.47191, 0.46884, 0.46681, 0.46495, 0.03297, 0.02825, 1
0.43959, 0.43083, 0.17084, 0.48575, 0.43811, 0.43066, 0.07204, 0.06009, 1
0.43728, 0.43685, 0.24223, 0.47987, 0.44439, 0.44886, 0.12763, 0.06273, 0
0.46507, 0.44928, 0.25315, 0.47081, 0.48529, 0.48171, 0.05345, 0.05189, 0
0.43031, 0.42604, 0.31443, 0.48839, 0.43912, 0.42899, 0.08166, 0.12714, 1
0.44697, 0.43891, 0.32253, 0.4838, 0.44375, 0.43555, 0.04801, 0.08896, 1
0.09119, 0.09079, 0.42952, 0.69775, 0.09474, 0.1013, 0.02601, 0.01669, 1
0.45086, 0.44097, 0.44091, 0.48349, 0.45173, 0.44473, 0.03713, 0.03033, 0
0.44336, 0.42788, 0.44745, 0.48193, 0.44376, 0.43552, 0.14399, 0.1177, 0
0.4329, 0.4321, 0.42838, 0.48337, 0.43713, 0.42579, 0.07289, 0.01254, 0
0.43801, 0.42892, 0.36906, 0.47887, 0.44706, 0.4469, 0.06177, 0.0456, 0
0.45546, 0.44415, 0.25221, 0.48076, 0.45677, 0.446, 0.05847, 0.05595, 1
0.43875, 0.43149, 0.31301, 0.48464, 0.4334, 0.43045, 0.06544, 0.05348, 0
0.4497, 0.43971, 0.40003, 0.48115, 0.45093, 0.44781, 0.02397, 0.0081, 1
0.44755, 0.4395, 0.53147, 0.48217, 0.44825, 0.44794, 0.00884, 0.01569, 0
0.45344, 0.44414, 0.57577, 0.47354, 0.45979, 0.45203, 0.01425, 0.03091, 1
0.44119, 0.43466, 0.55482, 0.48797, 0.44467, 0.43798, 0.03195, 0.01402, 1
0.45366, 0.44308, 0.42822, 0.47091, 0.45898, 0.45356, 0.01536, 0.01189, 1
0.45047, 0.44034, 0.34459, 0.47281, 0.45776, 0.45483, 0.00814, 0.04494, 1
0.44789, 0.43993, 0.2434, 0.47907, 0.45298, 0.43812, 0.01206, 0.04425, 1
0.46276, 0.45016, 0.14953, 0.46996, 0.47198, 0.4644, 0.04418, 0.02708, 1
0.45162, 0.44056, 0.1687, 0.48023, 0.44686, 0.45878, 0.05728, 0.0255, 0
0.46486, 0.45072, 0.24126, 0.47838, 0.46246, 0.45237, 0.10423, 0.02889, 1
0.44909, 0.4418, 0.31589, 0.47281, 0.45497, 0.45425, 0.03989, 0.01923, 1
0.45511, 0.4445, 0.34614, 0.47183, 0.46021, 0.4535, 0.02114, 0.02818, 0
0.69305, 0.68173, 0.41719, 0.36236, 0.69859, 0.68437, 0.01622, 0.04032, 0
0.51975, 0.51615, 0.26574, 0.47536, 0.50986, 0.48765, 0.36198, 0.46954, 0
0.44445, 0.44348, 0.19077, 0.47301, 0.45977, 0.46528, 0.17642, 0.15019, 1
0.43958, 0.4343, 0.14297, 0.48174, 0.44775, 0.44758, 0.0664, 0.0462, 0
0.44876, 0.4395, 0.28645, 0.48419, 0.45356, 0.43863, 0.03953, 0.05444, 1
0.44754, 0.43761, 0.33159, 0.48455, 0.44779, 0.44171, 0.04716, 0.04274, 1
0.45598, 0.44497, 0.34907, 0.4706, 0.46451, 0.45955, 0.01959, 0.02645, 0
0.45155, 0.44266, 0.33561, 0.47402, 0.45762, 0.45138, 0.00885, 0.04828, 0
0.46278, 0.45171, 0.35485, 0.4651, 0.46848, 0.46262, 0.0513, 0.04042, 0
0.44656, 0.43909, 0.30129, 0.48295, 0.44491, 0.44006, 0.02025, 0.01397, 0
0.442, 0.43699, 0.28364, 0.48247, 0.44407, 0.44629, 0.0405, 0.02934, 0
0.45197, 0.4416, 0.24958, 0.47147, 0.45674, 0.45584, 0.00203, 0.01567, 0
0.4347, 0.43047, 0.23832, 0.47791, 0.44497, 0.44629, 0.10034, 0.0112, 0
0.45129, 0.44076, 0.22734, 0.47236, 0.46557, 0.46326, 0.0423, 0.06239, 1
0.45521, 0.44266, 0.20863, 0.47553, 0.46318, 0.45087, 0.02733, 0.03351, 1
0.44425, 0.43656, 0.19863, 0.48667, 0.44839, 0.44094, 0.02259, 0.01835, 1
0.45343, 0.44518, 0.19624, 0.48031, 0.45709, 0.45113, 0.01936, 0.01693, 1
0.39717, 0.37497, 0.17011, 0.48734, 0.37165, 0.34664, 0.54823, 0.86482, 0
0.46631, 0.43714, 0.12338, 0.47201, 0.48889, 0.49272, 0.07904, 0.07214, 1
0.51957, 0.48089, 0.17458, 0.47505, 0.50593, 0.47171, 0.48545, 0.60775, 0
0.45254, 0.44054, 0.1508, 0.4752, 0.46204, 0.45192, 0.01632, 0.05876, 1
0.45914, 0.44924, 0.18004, 0.4803, 0.45489, 0.45255, 0.05507, 0.07278, 0
0.45568, 0.44522, 0.20037, 0.47053, 0.46271, 0.46349, 0.03297, 0.01377, 1
0.44695, 0.43755, 0.34878, 0.48469, 0.44727, 0.44157, 0.04138, 0.04798, 1
0.45054, 0.4446, 0.34975, 0.47334, 0.4585, 0.45904, 0.07333, 0.07115, 1
0.45833, 0.44632, 0.34132, 0.46895, 0.4655, 0.4641, 0.02476, 0.08527, 0
0.45173, 0.44311, 0.25604, 0.47986, 0.45357, 0.45464, 0.00944, 0.02769, 0
0.49012, 0.46668, 0.203, 0.47042, 0.49168, 0.47477, 0.20703, 0.1639, 0
0.44778, 0.44118, 0.25623, 0.48355, 0.44856, 0.44075, 0.00354, 0.02745, 0
0.46757, 0.46218, 0.21851, 0.46961, 0.47592, 0.47183, 0.12895, 0.11687, 1
0.4515, 0.44372, 0.14445, 0.47717, 0.45656, 0.44998, 0.01873, 0.01704, 1
0.44417, 0.44118, 0.16625, 0.48226, 0.4464, 0.44525, 0.05649, 0.08091, 1
0.4486, 0.44329, 0.19256, 0.48243, 0.44855, 0.44231, 0.01468, 0.13887, 1
0.4444, 0.43549, 0.21395, 0.48434, 0.4443, 0.44168, 0.04064, 0.03995, 1
0.44032, 0.43738, 0.14109, 0.48251, 0.4457, 0.44537, 0.07293, 0.08868, 1
0.4556, 0.44605, 0.14889, 0.46926, 0.46455, 0.46101, 0.03545, 0.03054, 1
0.4553, 0.44161, 0.12584, 0.48247, 0.45209, 0.43718, 0.1201, 0.05017, 0
0.42981, 0.4262, 0.11964, 0.48804, 0.42997, 0.42159, 0.07231, 0.06186, 1
0.45004, 0.44456, 0.11375, 0.478, 0.4546, 0.45536, 0.05206, 0.05626, 1
0.46253, 0.44921, 0.1283, 0.47253, 0.46456, 0.45869, 0.06008, 0.07529, 0
0.44605, 0.43443, 0.13434, 0.48259, 0.44749, 0.44231, 0.06517, 0.06215, 0
0.46846, 0.45936, 0.15571, 0.46894, 0.4727, 0.46535, 0.08835, 0.06488, 0
0.44918, 0.43903, 0.47579, 0.47456, 0.45815, 0.45167, 0.01777, 0.04255, 0
0.45602, 0.44614, 0.11111, 0.47034, 0.46815, 0.46656, 0.05745, 0.0265, 1
0.45494, 0.44204, 0.10871, 0.47954, 0.45637, 0.44202, 0.08286, 0.07297, 0
0.41695, 0.4204, 0.16052, 0.48471, 0.42608, 0.42881, 0.18229, 0.16682, 1
0.45655, 0.45537, 0.16828, 0.47275, 0.46758, 0.46651, 0.15269, 0.05846, 1
0.43639, 0.42851, 0.14763, 0.47756, 0.44775, 0.44815, 0.07183, 0.11728, 0
0.45565, 0.44635, 0.13343, 0.47032, 0.46498, 0.46067, 0.03808, 0.05167, 1
0.4346, 0.42981, 0.11407, 0.4876, 0.43552, 0.42722, 0.05492, 0.06292, 1
0.46466, 0.45085, 0.11293, 0.47169, 0.46676, 0.46117, 0.06729, 0.09051, 1
0.43958, 0.43458, 0.36054, 0.48172, 0.44691, 0.44017, 0.05473, 0.01817, 0
0.45535, 0.44631, 0.36794, 0.47073, 0.46742, 0.4677, 0.06549, 0.09091, 0
0.45285, 0.44118, 0.38259, 0.47187, 0.46456, 0.46266, 0.01784, 0.08721, 1
0.43897, 0.43129, 0.31832, 0.48729, 0.43309, 0.4339, 0.06039, 0.08836, 0
0.43927, 0.42818, 0.43415, 0.47465, 0.46172, 0.45411, 0.07697, 0.00227, 0
0.45584, 0.44503, 0.51207, 0.47513, 0.46422, 0.45024, 0.02833, 0.03154, 1
0.44565, 0.43862, 0.54607, 0.48568, 0.45212, 0.44468, 0.01887, 0.02623, 1
0.44846, 0.44054, 0.5373, 0.47404, 0.45541, 0.45153, 0.02693, 0.02194, 1
0.4532, 0.44439, 0.40283, 0.47005, 0.46086, 0.45761, 0.03091, 0.03354, 0
0.44916, 0.43819, 0.19681, 0.4752, 0.45785, 0.45321, 0.01487, 0.04783, 0
0.45941, 0.44802, 0.20129, 0.46999, 0.46639, 0.45827, 0.03471, 0.03766, 0
0.42268, 0.43304, 0.36177, 0.48444, 0.40367, 0.40102, 0.06656, 0.1207, 1
0.44732, 0.44075, 0.40971, 0.47272, 0.46431, 0.46186, 0.09729, 0.08732, 1
0.43821, 0.43121, 0.53846, 0.47465, 0.46008, 0.45825, 0.10901, 0.05224, 1
0.44542, 0.43836, 0.56703, 0.48555, 0.45169, 0.4434, 0.01861, 0.03033, 1
0.71304, 0.69947, 0.5824, 0.30313, 0.72202, 0.70837, 0.0599, 0.07482, 0
0.45277, 0.44314, 0.55322, 0.48106, 0.45557, 0.44708, 0.02538, 0.03944, 0
0.44462, 0.43837, 0.51256, 0.48455, 0.44936, 0.44564, 0.03039, 0.01618, 0
0.44587, 0.43836, 0.2966, 0.47487, 0.45525, 0.45353, 0.04736, 0.03948, 1
0.45021, 0.44204, 0.30828, 0.47317, 0.46341, 0.46227, 0.07861, 0.04115, 0
0.44633, 0.43791, 0.27409, 0.48026, 0.45294, 0.44891, 0.02032, 0.02134, 0
0.43058, 0.44053, 0.28864, 0.48426, 0.41307, 0.39494, 0.02735, 0.0326, 0
0.44473, 0.43706, 0.25537, 0.48204, 0.44453, 0.43866, 0.03371, 0.01977, 0
0.4502, 0.44314, 0.26663, 0.47177, 0.46707, 0.47162, 0.11869, 0.11878, 0
0.48792, 0.47554, 0.16335, 0.46582, 0.49022, 0.48555, 0.16583, 0.19821, 0
0.45808, 0.44683, 0.18092, 0.47607, 0.46307, 0.46023, 0.02818, 0.07629, 0
0.45025, 0.44118, 0.15663, 0.48224, 0.45368, 0.4459, 0.0145, 0.05555, 0
0.45808, 0.43944, 0.24197, 0.47215, 0.48163, 0.47937, 0.02012, 0.03287, 1
0.44305, 0.43377, 0.34272, 0.48603, 0.44426, 0.432, 0.06841, 0.10018, 0
0.45078, 0.43791, 0.32675, 0.47637, 0.45902, 0.47085, 0.02029, 0.0513, 1
0.44489, 0.43689, 0.29123, 0.47856, 0.45673, 0.45193, 0.0446, 0.07722, 0
0.45264, 0.43774, 0.34941, 0.47445, 0.45929, 0.45245, 0.05988, 0.02864, 1
0.45017, 0.44032, 0.36096, 0.47778, 0.45534, 0.44698, 0.02196, 0.04374, 1
0.44361, 0.42323, 0.38887, 0.48459, 0.424, 0.3996, 0.34331, 0.28979, 0
0.46437, 0.45338, 0.39153, 0.47846, 0.46221, 0.47306, 0.0591, 0.12245, 1
0.44665, 0.43603, 0.35395, 0.47872, 0.45488, 0.44282, 0.03291, 0.02814, 1
0.46596, 0.45256, 0.32304, 0.47927, 0.46376, 0.45193, 0.1098, 0.20156, 0
0.42951, 0.42255, 0.31162, 0.48873, 0.42981, 0.4222, 0.09615, 0.17135, 0
0.43428, 0.42028, 0.30117, 0.48215, 0.4356, 0.43744, 0.13227, 0.13718, 0
0.44635, 0.43862, 0.27584, 0.4867, 0.45062, 0.44506, 0.01427, 0.03352, 0
0.46407, 0.45834, 0.24206, 0.47012, 0.48473, 0.48988, 0.18455, 0.20264, 1
0.45207, 0.4384, 0.24995, 0.48346, 0.45176, 0.43934, 0.10993, 0.09764, 0
0.45338, 0.44546, 0.19709, 0.47847, 0.45547, 0.44388, 0.02096, 0.01141, 0
0.45398, 0.44708, 0.24868, 0.48041, 0.45167, 0.43938, 0.0312, 0.05667, 1
0.43915, 0.43464, 0.28218, 0.48689, 0.44132, 0.43953, 0.04824, 0.07548, 0
0.45297, 0.43614, 0.29429, 0.47241, 0.47047, 0.47242, 0.02494, 0.03674, 1
0.44992, 0.44031, 0.25843, 0.47314, 0.45671, 0.45223, 0.00845, 0.05277, 0
0.45085, 0.44382, 0.2843, 0.47164, 0.46293, 0.46115, 0.07449, 0.07913, 0
0.46391, 0.4812, 0.36497, 0.47917, 0.46116, 0.46362, 0.3581, 0.34738, 1
0.44099, 0.43988, 0.35053, 0.48115, 0.44298, 0.42932, 0.04759, 0.03114, 1
0.44256, 0.43857, 0.22155, 0.48508, 0.44283, 0.4352, 0.01926, 0.06696, 1
0.44486, 0.43618, 0.20549, 0.4846, 0.44272, 0.43693, 0.05144, 0.06967, 1
0.4528, 0.449, 0.30794, 0.47948, 0.45405, 0.45287, 0.0662, 0.03409, 1
0.45657, 0.44444, 0.33416, 0.47778, 0.45724, 0.45458, 0.0412, 0.04557, 0
0.44962, 0.44488, 0.37368, 0.47251, 0.46022, 0.46143, 0.105, 0.04437, 0
0.83677, 0.82329, 0.39775, 0.31612, 0.85259, 0.84061, 0.11331, 0.19848, 1
0.44844, 0.45792, 0.39206, 0.47551, 0.46217, 0.457, 0.27398, 0.31133, 0
0.45383, 0.44032, 0.38403, 0.47425, 0.46784, 0.47367, 0.01495, 0.04242, 0
0.4552, 0.4414, 0.32367, 0.47762, 0.45984, 0.44724, 0.07368, 0.06065, 0
0.46614, 0.45636, 0.29457, 0.46867, 0.4698, 0.46449, 0.07378, 0.07925, 0
0.39593, 0.40766, 0.30697, 0.48171, 0.41415, 0.42837, 0.34536, 0.47429, 1
0.47973, 0.47814, 0.31222, 0.4691, 0.50282, 0.51781, 0.33208, 0.46289, 0
0.45135, 0.4414, 0.32305, 0.47539, 0.46652, 0.46658, 0.03427, 0.02788, 1
0.45556, 0.44183, 0.31316, 0.47595, 0.46263, 0.45037, 0.05956, 0.037, 1
0.44842, 0.43882, 0.263, 0.48469, 0.44961, 0.44319, 0.03603, 0.02983, 0
0.44508, 0.43839, 0.2641, 0.48615, 0.44776, 0.44215, 0.01622, 0.01396, 0
0.40844, 0.41385, 0.27494, 0.48062, 0.42537, 0.43067, 0.25142, 0.29395, 0
0.46384, 0.46367, 0.27445, 0.4701, 0.48635, 0.49322, 0.27864, 0.27851, 1
0.41722, 0.40362, 0.27728, 0.48603, 0.4064, 0.38051, 0.29683, 0.27816, 1
0.42867, 0.40507, 0.23031, 0.47895, 0.43355, 0.43395, 0.24521, 0.26668, 0
0.44529, 0.44053, 0.14505, 0.48003, 0.4432, 0.4488, 0.03449, 0.02796, 1
0.45708, 0.44812, 0.30872, 0.46763, 0.46535, 0.46009, 0.04429, 0.02119, 1
0.47521, 0.4598, 0.3475, 0.47553, 0.47348, 0.46926, 0.12249, 0.04837, 0
0.43123, 0.42067, 0.35071, 0.48666, 0.4313, 0.42681, 0.11943, 0.05082, 1
0.45003, 0.43989, 0.4047, 0.48339, 0.45211, 0.44408, 0.03667, 0.02566, 1
0.41873, 0.42131, 0.40988, 0.48274, 0.43114, 0.43439, 0.18873, 0.21871, 1
0.44837, 0.43902, 0.23596, 0.482, 0.45362, 0.44341, 0.0209, 0.01286, 1
0.46166, 0.4451, 0.25558, 0.47221, 0.47326, 0.46341, 0.04751, 0.09864, 0
0.43565, 0.42794, 0.26793, 0.47684, 0.44881, 0.44024, 0.07263, 0.12173, 0
0.44472, 0.44227, 0.31095, 0.48325, 0.44812, 0.43733, 0.04572, 0.04618, 0
0.43484, 0.43292, 0.31843, 0.48135, 0.44424, 0.44431, 0.11271, 0.02582, 1
0.44848, 0.43704, 0.37465, 0.47597, 0.45681, 0.44522, 0.03387, 0.05035, 1
0.46092, 0.45486, 0.12001, 0.48027, 0.45757, 0.45418, 0.06603, 0.03726, 0
0.45489, 0.44162, 0.12004, 0.47226, 0.46623, 0.46197, 0.0042, 0.02285, 1
0.82881, 0.8161, 0.14966, 0.44513, 0.82318, 0.80642, 0.0338, 0.01392, 0
0.44417, 0.43672, 0.15871, 0.48156, 0.43699, 0.44817, 0.0343, 0.02358, 0
0.45168, 0.44033, 0.30595, 0.47263, 0.45927, 0.45399, 0.01146, 0.0164, 0
0.44964, 0.44374, 0.27495, 0.47954, 0.45175, 0.45901, 0.03766, 0.01773, 1
0.44895, 0.43927, 0.24148, 0.48407, 0.44996, 0.44276, 0.03501, 0.01712, 0
0.45824, 0.44545, 0.16117, 0.47159, 0.4672, 0.45864, 0.02723, 0.0335, 1
0.496, 0.48583, 0.14636, 0.46846, 0.49969, 0.49231, 0.21711, 0.29614, 0
0.46051, 0.44868, 0.18351, 0.47096, 0.47382, 0.46309, 0.03831, 0.12227, 1
0.45991, 0.44761, 0.21554, 0.4804, 0.45792, 0.45037, 0.07474, 0.15347, 0
0.43222, 0.42343, 0.19551, 0.48453, 0.43416, 0.42276, 0.10013, 0.0711, 1
0.44212, 0.43712, 0.08893, 0.47655, 0.44981, 0.45179, 0.08271, 0.12864, 0
0.40206, 0.40267, 0.27312, 0.4906, 0.4062, 0.39991, 0.19208, 0.25705, 1
0.4457, 0.43815, 0.29641, 0.48549, 0.44964, 0.43933, 0.01824, 0.07885, 0
0.41424, 0.41074, 0.31625, 0.48078, 0.41634, 0.39671, 0.14747, 0.19602, 1
0.45786, 0.45785, 0.29562, 0.4765, 0.46174, 0.45116, 0.13081, 0.18636, 1
0.47837, 0.45698, 0.28882, 0.47846, 0.47383, 0.46506, 0.1847, 0.1628, 0
0.43647, 0.42306, 0.28081, 0.4846, 0.43021, 0.4237, 0.17178, 0.14956, 0
0.53867, 0.49902, 0.26058, 0.47189, 0.52802, 0.49986, 0.48785, 0.51595, 1
0.41663, 0.39076, 0.26637, 0.48603, 0.39651, 0.36467, 0.51489, 0.52647, 1
0.54186, 0.52921, 0.44916, 0.44497, 0.54349, 0.53785, 0.04129, 0.06258, 0
0.4551, 0.44544, 0.49236, 0.48087, 0.45452, 0.44778, 0.04111, 0.07747, 1
0.46106, 0.46827, 0.61648, 0.47233, 0.48397, 0.48474, 0.33162, 0.31565, 0
0.44172, 0.44182, 0.56624, 0.48163, 0.43081, 0.42157, 0.02315, 0.10559, 1
0.45517, 0.44524, 0.32385, 0.47123, 0.46524, 0.45425, 0.01966, 0.05591, 1
0.45319, 0.44584, 0.34663, 0.47744, 0.45154, 0.44895, 0.02275, 0.10499, 1
0.45056, 0.44097, 0.42729, 0.48067, 0.45033, 0.45088, 0.01943, 0.02925, 0
0.44559, 0.43802, 0.42558, 0.4829, 0.44766, 0.4464, 0.01764, 0.08716, 0
0.44655, 0.43184, 0.30666, 0.47587, 0.46207, 0.46993, 0.04564, 0.04373, 1
0.44383, 0.43397, 0.2821, 0.48678, 0.44953, 0.43917, 0.04493, 0.05779, 0
0.45173, 0.44437, 0.23541, 0.47744, 0.45688, 0.45127, 0.02485, 0.02745, 0
0.45006, 0.43906, 0.2273, 0.47572, 0.45575, 0.44985, 0.02364, 0.05658, 0
0.44251, 0.43729, 0.45494, 0.48076, 0.44991, 0.44709, 0.0608, 0.07187, 0
0.46441, 0.45242, 0.15252, 0.46702, 0.46958, 0.4687, 0.05423, 0.03998, 0
0.45214, 0.43642, 0.23804, 0.47355, 0.46407, 0.45785, 0.0399, 0.08126, 1
0.45112, 0.43686, 0.24214, 0.48115, 0.4524, 0.43503, 0.1105, 0.05425, 1
0.45064, 0.44529, 0.23821, 0.47719, 0.45705, 0.45824, 0.06979, 0.03025, 1
0.46143, 0.45006, 0.24767, 0.47059, 0.46792, 0.46704, 0.04468, 0.116, 1
0.4262, 0.43018, 0.2498, 0.48235, 0.43534, 0.43925, 0.17938, 0.17716, 0
0.45872, 0.44681, 0.24584, 0.47615, 0.46308, 0.4505, 0.05118, 0.08882, 0
0.45581, 0.44267, 0.41021, 0.47431, 0.46072, 0.45166, 0.04857, 0.07216, 1
0.44862, 0.44076, 0.38725, 0.48146, 0.45236, 0.44315, 0.00411, 0.03857, 0
0.47375, 0.4546, 0.37873, 0.47436, 0.47234, 0.45991, 0.15476, 0.11519, 0
0.44459, 0.43991, 0.10519, 0.48358, 0.4413, 0.43813, 0.0071, 0.02161, 1
0.44591, 0.43842, 0.21093, 0.47983, 0.45361, 0.45037, 0.03307, 0.03121, 1
0.44938, 0.43629, 0.21425, 0.47424, 0.45623, 0.45269, 0.03834, 0.10077, 1
0.45542, 0.44394, 0.18377, 0.47716, 0.46011, 0.45435, 0.02658, 0.03418, 0
0.45521, 0.44436, 0.22238, 0.47151, 0.46092, 0.45563, 0.01771, 0.02155, 0
0.45002, 0.44203, 0.20746, 0.48154, 0.45183, 0.4496, 0.00541, 0.03256, 0
0.45238, 0.44351, 0.19189, 0.47443, 0.45584, 0.45255, 0.01138, 0.04533, 1
0.44386, 0.43547, 0.18211, 0.49006, 0.44706, 0.44216, 0.02896, 0.04824, 1
0.44775, 0.43632, 0.18068, 0.48498, 0.44779, 0.44062, 0.06617, 0.04225, 1
0.46253, 0.44756, 0.13468, 0.47088, 0.4723, 0.47356, 0.0339, 0.07157, 0
0.44501, 0.43375, 0.13151, 0.47538, 0.45476, 0.44792, 0.03627, 0.02612, 0
0.44226, 0.42951, 0.14697, 0.48639, 0.44421, 0.43416, 0.10357, 0.07447, 1
0.45028, 0.44118, 0.15424, 0.4724, 0.46271, 0.45604, 0.03559, 0.04741, 0
0.44339, 0.43991, 0.22018, 0.4757, 0.45542, 0.45398, 0.10703, 0.03822, 1
0.45131, 0.44377, 0.24593, 0.47187, 0.46422, 0.46748, 0.08736, 0.0304, 1
0.4575, 0.4481, 0.25836, 0.47072, 0.47071, 0.46451, 0.06056, 0.0302, 0
0.44589, 0.4356, 0.25932, 0.4835, 0.44495, 0.44516, 0.0478, 0.02786, 0
0.45229, 0.44054, 0.20837, 0.47956, 0.45678, 0.44867, 0.03789, 0.03755, 1
0.46123, 0.44872, 0.2072, 0.46981, 0.4659, 0.45911, 0.0499, 0.04378, 0
0.45116, 0.44313, 0.29953, 0.4829, 0.45291, 0.445, 0.01877, 0.02803, 1
0.47835, 0.45954, 0.32394, 0.47739, 0.47129, 0.45848, 0.18976, 0.28558, 0
0.71342, 0.68589, 0.39769, 0.45136, 0.7088, 0.7004, 0.19451, 0.22611, 0
0.4438, 0.43535, 0.25614, 0.47496, 0.45392, 0.45089, 0.04437, 0.04228, 0
0.45638, 0.44854, 0.11863, 0.47372, 0.46199, 0.4606, 0.05069, 0.07395, 1
0.45767, 0.44508, 0.12921, 0.47547, 0.45987, 0.45273, 0.0574, 0.03603, 0
0.45216, 0.44205, 0.16398, 0.47392, 0.45499, 0.45493, 0.0055, 0.03214, 0
0.44619, 0.44054, 0.1745, 0.47391, 0.45549, 0.45441, 0.07389, 0.04484, 0
0.43881, 0.43362, 0.25799, 0.48619, 0.43823, 0.43126, 0.03688, 0.11649, 0
0.41574, 0.41787, 0.37064, 0.48438, 0.42713, 0.4293, 0.18303, 0.17202, 1
0.45649, 0.44985, 0.36631, 0.47815, 0.46199, 0.45102, 0.04712, 0.05382, 0
0.44077, 0.43296, 0.37273, 0.48352, 0.44811, 0.44315, 0.04363, 0.03884, 0
0.44877, 0.43945, 0.37159, 0.48429, 0.45213, 0.44617, 0.01993, 0.02947, 0
0.45497, 0.44487, 0.35763, 0.47015, 0.46203, 0.45943, 0.02184, 0.08303, 0
0.45633, 0.44791, 0.34676, 0.46984, 0.46599, 0.46194, 0.05575, 0.0529, 0
0.43616, 0.42992, 0.29429, 0.48894, 0.44174, 0.43816, 0.05855, 0.06216, 1
0.42129, 0.42739, 0.39768, 0.48047, 0.43322, 0.43081, 0.17461, 0.31357, 0
0.45245, 0.45204, 0.37801, 0.47549, 0.46915, 0.46365, 0.19402, 0.31451, 1
0.45299, 0.44523, 0.18512, 0.4724, 0.45842, 0.45282, 0.02768, 0.00991, 0
0.44266, 0.43224, 0.19264, 0.4866, 0.44681, 0.44017, 0.05377, 0.04786, 0
0.45252, 0.44587, 0.21078, 0.48081, 0.45469, 0.44804, 0.025, 0.02836, 1
0.40326, 0.40103, 0.30525, 0.48574, 0.41428, 0.41342, 0.20458, 0.20733, 1
0.44027, 0.43457, 0.27843, 0.47862, 0.44876, 0.44365, 0.05479, 0.05346, 1
0.45321, 0.4438, 0.32758, 0.47442, 0.46082, 0.45143, 0.01314, 0.04133, 1
0.45345, 0.44227, 0.35703, 0.4794, 0.45859, 0.44878, 0.03501, 0.02828, 0
0.44941, 0.4438, 0.3797, 0.48162, 0.45309, 0.44826, 0.03174, 0.00929, 1
0.44827, 0.43879, 0.35918, 0.482, 0.45186, 0.44879, 0.0172, 0.01674, 1
0.44767, 0.43988, 0.36515, 0.48473, 0.4486, 0.44193, 0.01585, 0.02443, 0
0.44048, 0.43618, 0.36269, 0.48104, 0.44752, 0.44813, 0.07491, 0.04708, 0
0.45109, 0.43988, 0.31728, 0.47494, 0.45778, 0.45275, 0.01587, 0.04083, 1
0.45473, 0.4438, 0.30721, 0.4749, 0.45951, 0.45222, 0.02844, 0.04187, 0
0.44317, 0.43509, 0.29929, 0.48468, 0.44888, 0.44192, 0.02964, 0.03071, 1
0.44671, 0.43748, 0.2953, 0.48252, 0.45263, 0.44813, 0.01796, 0.02424, 1
0.44547, 0.43683, 0.16174, 0.47894, 0.45259, 0.44707, 0.02369, 0.06843, 1
0.4657, 0.45466, 0.11116, 0.47559, 0.46543, 0.45709, 0.07633, 0.09987, 0
0.43701, 0.42751, 0.10549, 0.48848, 0.43841, 0.43327, 0.07618, 0.06614, 1
0.44762, 0.43902, 0.20906, 0.48389, 0.4445, 0.43935, 0.04467, 0.08217, 1
0.50476, 0.4741, 0.41017, 0.46896, 0.53075, 0.53848, 0.1601, 0.14692, 0
0.45941, 0.45317, 0.4415, 0.47359, 0.48247, 0.46873, 0.1484, 0.18301, 1
0.45826, 0.44424, 0.55026, 0.47962, 0.45876, 0.44786, 0.08878, 0.1097, 1
0.45964, 0.44741, 0.48182, 0.46754, 0.47346, 0.45856, 0.03134, 0.01211, 0
0.45191, 0.4429, 0.43084, 0.47942, 0.45535, 0.44972, 0.01094, 0.03802, 1
0.44364, 0.4354, 0.27979, 0.48633, 0.44568, 0.43921, 0.03414, 0.06584, 0
0.4527, 0.44439, 0.14346, 0.48029, 0.45398, 0.45374, 0.01559, 0.02765, 0
0.45455, 0.44395, 0.2886, 0.48258, 0.44906, 0.44198, 0.0777, 0.11014, 1
0.45473, 0.44677, 0.41877, 0.47048, 0.46455, 0.45805, 0.04781, 0.01502, 1
0.46405, 0.44676, 0.28472, 0.48079, 0.45815, 0.4427, 0.17066, 0.06354, 0
0.17529, 0.17067, 0.18699, 0.69541, 0.17433, 0.1737, 0.04114, 0.02611, 1
0.45207, 0.44291, 0.19565, 0.48114, 0.45421, 0.44553, 0.02658, 0.0595, 0
0.42322, 0.42481, 0.37778, 0.48371, 0.40422, 0.3634, 0.1675, 0.18168, 0
0.45258, 0.44399, 0.29595, 0.4797, 0.4497, 0.46201, 0.01366, 0.07265, 1
0.45194, 0.43688, 0.21126, 0.48343, 0.44006, 0.42651, 0.18097, 0.19323, 1
0.46622, 0.46127, 0.14355, 0.47002, 0.48745, 0.50182, 0.23901, 0.30164, 0
0.45762, 0.44075, 0.13887, 0.47167, 0.4795, 0.48691, 0.05423, 0.24641, 0
0.46859, 0.46182, 0.15749, 0.46956, 0.48887, 0.4809, 0.16575, 0.2209, 0
0.44684, 0.43406, 0.31638, 0.48006, 0.45143, 0.44435, 0.0626, 0.01055, 1
0.44906, 0.44205, 0.26471, 0.47993, 0.45442, 0.45011, 0.02561, 0.01967, 1
0.48052, 0.46672, 0.23809, 0.46511, 0.488, 0.4857, 0.12326, 0.1082, 1
0.45217, 0.44799, 0.23601, 0.47339, 0.46256, 0.45732, 0.0914, 0.12689, 0
0.46176, 0.43776, 0.25509, 0.47188, 0.49126, 0.49514, 0.01971, 0.0531, 0
0.43674, 0.4309, 0.2874, 0.47453, 0.46509, 0.45011, 0.14829, 0.12532, 0
0.47818, 0.46374, 0.30522, 0.47154, 0.49944, 0.48565, 0.11521, 0.10801, 1
0.44297, 0.43197, 0.33237, 0.48179, 0.44987, 0.43129, 0.08276, 0.15776, 0
0.48342, 0.46266, 0.59553, 0.47626, 0.4761, 0.46841, 0.1981, 0.19465, 1
0.45927, 0.44373, 0.55198, 0.47233, 0.46352, 0.45847, 0.06854, 0.00905, 1
0.44654, 0.4367, 0.40145, 0.47467, 0.46215, 0.45502, 0.03726, 0.04797, 0
0.51722, 0.50012, 0.3064, 0.47218, 0.52117, 0.5337, 0.28581, 0.33354, 1
0.44814, 0.4431, 0.25013, 0.47787, 0.45003, 0.43491, 0.02819, 0.0589, 0
0.456, 0.44437, 0.17819, 0.47237, 0.4597, 0.4541, 0.03387, 0.02572, 1
0.45135, 0.44522, 0.14906, 0.47659, 0.45774, 0.455, 0.05175, 0.0434, 0
0.45325, 0.44249, 0.38813, 0.47696, 0.45931, 0.4509, 0.02268, 0.10771, 1
0.4558, 0.44379, 0.38104, 0.47754, 0.45871, 0.44629, 0.0559, 0.06088, 1
0.41913, 0.42055, 0.41122, 0.48129, 0.42796, 0.43839, 0.18058, 0.24205, 0
0.44349, 0.43185, 0.17007, 0.48375, 0.44726, 0.44432, 0.05897, 0.03636, 0
0.44725, 0.4414, 0.18604, 0.47843, 0.45271, 0.44918, 0.03812, 0.02955, 0
0.44944, 0.44705, 0.18395, 0.4753, 0.45709, 0.4534, 0.10027, 0.10305, 0
0.43928, 0.43315, 0.16454, 0.47877, 0.44759, 0.44234, 0.05697, 0.02018, 0
0.46384, 0.45358, 0.16425, 0.46589, 0.46988, 0.46354, 0.06004, 0.01391, 1
0.42372, 0.41947, 0.17211, 0.48167, 0.43639, 0.43694, 0.13399, 0.20181, 0
0.42642, 0.41648, 0.18238, 0.48723, 0.4244, 0.409, 0.1542, 0.21102, 0
0.43764, 0.43424, 0.17519, 0.47914, 0.44573, 0.44669, 0.09328, 0.01224, 0
0.45734, 0.44118, 0.16079, 0.47345, 0.46161, 0.45629, 0.07623, 0.08844, 1
0.44816, 0.43728, 0.12322, 0.48376, 0.45001, 0.4434, 0.05074, 0.0622, 1
0.45194, 0.43945, 0.13031, 0.47806, 0.45476, 0.44919, 0.05138, 0.03666, 1
0.44051, 0.43967, 0.16595, 0.48263, 0.4455, 0.4413, 0.0891, 0.05898, 0
0.45255, 0.44379, 0.18369, 0.47322, 0.46399, 0.46827, 0.06657, 0.09863, 0
0.4509, 0.44075, 0.20264, 0.47286, 0.46304, 0.45841, 0.03278, 0.0282, 0
0.40733, 0.3941, 0.32695, 0.48384, 0.41552, 0.41202, 0.23977, 0.20317, 0
0.45029, 0.44247, 0.24558, 0.47761, 0.45314, 0.44713, 0.00619, 0.05162, 1
0.45196, 0.44225, 0.2343, 0.47955, 0.45437, 0.44648, 0.02032, 0.00684, 1
0.45284, 0.43948, 0.20537, 0.47868, 0.45592, 0.45127, 0.05419, 0.02087, 1
0.4505, 0.44353, 0.1213, 0.48206, 0.45051, 0.44804, 0.01145, 0.06148, 1
0.44956, 0.44268, 0.12337, 0.476, 0.45438, 0.45424, 0.0381, 0.05148, 0
0.45538, 0.43926, 0.13962, 0.47245, 0.4665, 0.46074, 0.04215, 0.10674, 1
0.47853, 0.46259, 0.14709, 0.46902, 0.48242, 0.46983, 0.12567, 0.12123, 1
0.4234, 0.4145, 0.14614, 0.48911, 0.43011, 0.42268, 0.13153, 0.11756, 0
0.39465, 0.36777, 0.30202, 0.48458, 0.37372, 0.36439, 0.53215, 0.59427, 0
0.44997, 0.4414, 0.32695, 0.47419, 0.45179, 0.45797, 0.02715, 0.01284, 0
0.466, 0.44876, 0.31916, 0.47229, 0.46839, 0.45929, 0.10606, 0.13402, 1
0.44127, 0.44331, 0.36407, 0.47899, 0.44091, 0.4247, 0.03703, 0.03567, 0
0.45294, 0.44485, 0.41359, 0.47084, 0.46535, 0.46227, 0.06558, 0.04091, 0
0.47339, 0.45708, 0.22303, 0.47511, 0.47254, 0.4587, 0.13813, 0.13741, 1
0.24166, 0.23724, 0.21518, 0.67634, 0.24303, 0.24468, 0.05324, 0.04377, 0
0.43988, 0.42765, 0.2231, 0.48669, 0.43862, 0.42934, 0.11219, 0.07588, 0
0.46002, 0.44818, 0.27937, 0.46878, 0.46802, 0.46376, 0.03398, 0.03666, 1
0.45247, 0.44359, 0.29211, 0.47049, 0.46051, 0.4562, 0.02646, 0.02829, 0
0.47119, 0.47428, 0.27499, 0.46978, 0.49671, 0.5023, 0.35159, 0.40677, 0
0.45639, 0.43833, 0.24564, 0.47194, 0.48229, 0.48744, 0.06202, 0.07269, 0
0.45275, 0.44489, 0.16314, 0.48234, 0.44969, 0.43993, 0.03896, 0.06859, 1
0.54174, 0.52145, 0.13828, 0.46615, 0.54418, 0.54048, 0.38845, 0.30396, 1
0.45959, 0.45896, 0.13381, 0.4711, 0.49308, 0.5065, 0.34296, 0.19959, 0
0.44845, 0.44183, 0.48919, 0.47199, 0.45498, 0.46116, 0.07004, 0.04288, 0
0.48371, 0.45753, 0.49269, 0.47301, 0.48267, 0.46887, 0.22963, 0.23192, 1
0.45749, 0.44118, 0.46129, 0.47414, 0.46882, 0.46928, 0.01439, 0.00827, 1
0.51046, 0.49069, 0.5003, 0.46505, 0.51522, 0.50762, 0.24621, 0.29067, 1
0.45803, 0.44075, 0.28975, 0.47414, 0.47607, 0.45351, 0.0326, 0.0144, 1
0.44754, 0.43686, 0.2672, 0.47593, 0.46291, 0.44775, 0.02208, 0.01887, 0
0.44948, 0.43816, 0.22029, 0.48019, 0.45811, 0.44657, 0.03239, 0.03688, 1
0.36154, 0.39297, 0.1451, 0.48711, 0.36142, 0.35765, 0.40484, 0.39267, 0
0.45024, 0.4414, 0.14229, 0.47549, 0.45726, 0.44985, 0.00901, 0.02249, 0
0.47647, 0.45852, 0.16136, 0.47695, 0.47212, 0.45919, 0.16736, 0.13304, 1
0.44585, 0.43905, 0.23817, 0.48186, 0.45078, 0.44622, 0.02378, 0.03309, 0
0.44941, 0.44097, 0.22114, 0.47426, 0.45555, 0.45076, 0.01611, 0.00395, 0
0.44874, 0.43988, 0.47999, 0.47472, 0.46574, 0.45142, 0.0405, 0.05435, 0
0.44988, 0.4414, 0.50542, 0.47278, 0.46572, 0.45696, 0.04913, 0.03035, 0
0.45558, 0.44293, 0.55534, 0.47178, 0.46555, 0.45578, 0.02683, 0.0543, 1
0.44352, 0.43669, 0.8083, 0.48578, 0.44641, 0.44389, 0.02698, 0.05312, 0
0.45028, 0.4399, 0.78895, 0.4791, 0.45405, 0.45076, 0.01558, 0.09027, 1
0.44282, 0.43487, 0.57502, 0.48506, 0.43558, 0.43341, 0.05789, 0.08885, 0
0.45616, 0.44653, 0.49082, 0.4801, 0.46138, 0.45192, 0.03244, 0.04746, 1
0.44406, 0.44627, 0.42654, 0.4817, 0.43581, 0.446, 0.08841, 0.08444, 0
0.46022, 0.44966, 0.43832, 0.47898, 0.45381, 0.45999, 0.04974, 0.06148, 1
0.44946, 0.43928, 0.53261, 0.48277, 0.44785, 0.44563, 0.03822, 0.04943, 1
0.45532, 0.44583, 0.59279, 0.47909, 0.45561, 0.45113, 0.02856, 0.04138, 1
0.42895, 0.41761, 0.62833, 0.48716, 0.41907, 0.40713, 0.19209, 0.24211, 0
0.44808, 0.4374, 0.69393, 0.48402, 0.44965, 0.44565, 0.03959, 0.05089, 1
0.4561, 0.44539, 0.56716, 0.4804, 0.45716, 0.44807, 0.04996, 0.02339, 1
0.45264, 0.44161, 0.29315, 0.47776, 0.45877, 0.44871, 0.02824, 0.01123, 1
0.45076, 0.44245, 0.26894, 0.48208, 0.45592, 0.44883, 0.00704, 0.01996, 1
0.32097, 0.35714, 0.2715, 0.47999, 0.36883, 0.40084, 0.82028, 0.9882, 0
0.44389, 0.43507, 0.21643, 0.47879, 0.45079, 0.44551, 0.02996, 0.03712, 0
0.45683, 0.44791, 0.28916, 0.47937, 0.45681, 0.45177, 0.03693, 0.02139, 1
0.46694, 0.45024, 0.31935, 0.47211, 0.46944, 0.45917, 0.103, 0.01188, 1
0.44912, 0.44076, 0.24225, 0.47637, 0.45683, 0.45713, 0.03173, 0.03695, 0
0.45275, 0.44414, 0.25912, 0.47531, 0.45932, 0.45088, 0.01589, 0.02504, 1
0.45328, 0.44139, 0.22759, 0.47643, 0.45836, 0.44576, 0.04057, 0.02594, 1
0.45259, 0.44308, 0.32844, 0.47153, 0.45951, 0.45356, 0.01059, 0.0137, 1
0.44426, 0.43549, 0.35102, 0.48875, 0.4493, 0.44269, 0.02888, 0.03943, 0
0.45067, 0.44118, 0.37607, 0.48228, 0.45428, 0.44512, 0.02119, 0.02148, 1
0.4501, 0.4414, 0.362, 0.47303, 0.45832, 0.45413, 0.0269, 0.03414, 0
0.44219, 0.42939, 0.36468, 0.48427, 0.44519, 0.43335, 0.09867, 0.0873, 0
0.468, 0.45533, 0.3586, 0.47913, 0.46445, 0.44907, 0.12138, 0.21755, 1
0.43649, 0.4305, 0.30632, 0.48734, 0.44087, 0.43832, 0.05731, 0.03559, 0
0.43442, 0.42494, 0.28802, 0.48654, 0.4376, 0.429, 0.08932, 0.11932, 0
0.45193, 0.44397, 0.24102, 0.48111, 0.45571, 0.45024, 0.01449, 0.02252, 1
0.45469, 0.44569, 0.22298, 0.47219, 0.45975, 0.45609, 0.02351, 0.02991, 1
0.45513, 0.45084, 0.24268, 0.47057, 0.46852, 0.46922, 0.13223, 0.12806, 0
0.44807, 0.43989, 0.37501, 0.47323, 0.4582, 0.45727, 0.04711, 0.05388, 0
0.44614, 0.4399, 0.31627, 0.48201, 0.45162, 0.44842, 0.03643, 0.0143, 0
0.44945, 0.44118, 0.28451, 0.4793, 0.45425, 0.44802, 0.00359, 0.03326, 0
0.45244, 0.43751, 0.16511, 0.47645, 0.46007, 0.46388, 0.05196, 0.04683, 1
0.45137, 0.44162, 0.1632, 0.47428, 0.45821, 0.4547, 0.00754, 0.0538, 0
0.46065, 0.44726, 0.44731, 0.47075, 0.47087, 0.45734, 0.04666, 0.03935, 1
0.45117, 0.44075, 0.4611, 0.47756, 0.45579, 0.44866, 0.02547, 0.05209, 1
0.44906, 0.43815, 0.45813, 0.47823, 0.45446, 0.44853, 0.02624, 0.03008, 0
0.44835, 0.4414, 0.46343, 0.47417, 0.45653, 0.45234, 0.04538, 0.02504, 0
0.44017, 0.42947, 0.37315, 0.48449, 0.44301, 0.43249, 0.07598, 0.08694, 0
0.44792, 0.44292, 0.34264, 0.48034, 0.4519, 0.44642, 0.03371, 0.03409, 0
0.45062, 0.43988, 0.26639, 0.47333, 0.45977, 0.45774, 0.01584, 0.0815, 0
0.45415, 0.44249, 0.17394, 0.47141, 0.46305, 0.45973, 0.0063, 0.0382, 1
0.46195, 0.45141, 0.15221, 0.47448, 0.46589, 0.46289, 0.04964, 0.05999, 1
0.45716, 0.44418, 0.31499, 0.4725, 0.46327, 0.45581, 0.04192, 0.07248, 1
0.4533, 0.44332, 0.27961, 0.47114, 0.45875, 0.45451, 0.01032, 0.02539, 1
0.44977, 0.44033, 0.28499, 0.48053, 0.45419, 0.44778, 0.01148, 0.07907, 1
0.4592, 0.4493, 0.19751, 0.469, 0.4634, 0.45865, 0.03931, 0.03187, 1
0.46005, 0.44631, 0.17863, 0.47233, 0.46385, 0.45697, 0.05897, 0.0477, 1
0.44471, 0.43436, 0.17855, 0.48471, 0.44797, 0.44003, 0.05122, 0.01266, 0
0.44713, 0.43862, 0.17958, 0.48405, 0.45037, 0.44442, 0.01426, 0.05685, 0
0.44238, 0.44076, 0.21271, 0.47972, 0.43891, 0.45305, 0.08479, 0.0472, 0
0.41302, 0.37996, 0.52484, 0.48489, 0.39511, 0.38269, 0.54269, 0.59254, 0
0.44967, 0.4382, 0.41037, 0.47638, 0.45913, 0.44443, 0.02876, 0.05018, 0
0.44272, 0.44372, 0.36272, 0.48195, 0.43498, 0.44358, 0.06128, 0.09324, 0
0.45233, 0.44245, 0.35289, 0.47766, 0.45083, 0.45651, 0.0154, 0.03131, 1
0.4424, 0.44245, 0.35277, 0.48146, 0.44696, 0.44627, 0.10594, 0.16579, 0
0.48218, 0.48333, 0.36792, 0.46968, 0.51939, 0.54273, 0.46332, 0.44045, 0
0.45797, 0.44632, 0.66184, 0.47036, 0.46859, 0.46244, 0.02703, 0.02093, 1
0.44429, 0.43733, 0.64685, 0.47667, 0.45305, 0.44881, 0.04683, 0.05234, 0
0.50313, 0.4925, 0.6102, 0.47098, 0.50198, 0.48784, 0.24816, 0.25791, 1
0.45411, 0.44054, 0.45584, 0.482, 0.45409, 0.44298, 0.09123, 0.04369, 1
0.44881, 0.44204, 0.27148, 0.4826, 0.4522, 0.44493, 0.01149, 0.05532, 0
0.45657, 0.45059, 0.21659, 0.47418, 0.46183, 0.45995, 0.07297, 0.01044, 1
0.45214, 0.44033, 0.20383, 0.4746, 0.45749, 0.45645, 0.01487, 0.02854, 1
0.47836, 0.47874, 0.18887, 0.46882, 0.50004, 0.50799, 0.32892, 0.32506, 1
0.45527, 0.44544, 0.21491, 0.47629, 0.45434, 0.45591, 0.02718, 0.05792, 1
0.45374, 0.44375, 0.21161, 0.47495, 0.45991, 0.45958, 0.01894, 0.02416, 1
0.44297, 0.43519, 0.16165, 0.47605, 0.45394, 0.46242, 0.08046, 0.06959, 0
0.48372, 0.46154, 0.16166, 0.46981, 0.48718, 0.47543, 0.16354, 0.26013, 1
0.43982, 0.43336, 0.45427, 0.48754, 0.44225, 0.43259, 0.0393, 0.02442, 0
0.41745, 0.42009, 0.40313, 0.48044, 0.43259, 0.43969, 0.20994, 0.20045, 0
0.50931, 0.48549, 0.15086, 0.46571, 0.51667, 0.50897, 0.23174, 0.25915, 1
0.41642, 0.39356, 0.13402, 0.48567, 0.40668, 0.3828, 0.39273, 0.4476, 0
0.48355, 0.46398, 0.10184, 0.46985, 0.48862, 0.48037, 0.14614, 0.1524, 1
0.45025, 0.43597, 0.11202, 0.47588, 0.45942, 0.45695, 0.0503, 0.04417, 0
0.45599, 0.44662, 0.12191, 0.47442, 0.46409, 0.45458, 0.02913, 0.04039, 1
0.44468, 0.43095, 0.15019, 0.47486, 0.45863, 0.44997, 0.04942, 0.0534, 0
0.46148, 0.44729, 0.15138, 0.47348, 0.47086, 0.45856, 0.04408, 0.05641, 1
0.45223, 0.43879, 0.15033, 0.47707, 0.45803, 0.4472, 0.06475, 0.04082, 1
0.46151, 0.44765, 0.28963, 0.48085, 0.45815, 0.44579, 0.12301, 0.1551, 1
0.5113, 0.49522, 0.30643, 0.46472, 0.52134, 0.52281, 0.26436, 0.26384, 1
0.44999, 0.44464, 0.14868, 0.47431, 0.45859, 0.45351, 0.06712, 0.03621, 0
0.45031, 0.43859, 0.13408, 0.48241, 0.4525, 0.44461, 0.05205, 0.03769, 1
0.45736, 0.44962, 0.1225, 0.46953, 0.46869, 0.46898, 0.08775, 0.0289, 0
0.44208, 0.43406, 0.12932, 0.48761, 0.44586, 0.43898, 0.03556, 0.03619, 0
0.4386, 0.43329, 0.2824, 0.48776, 0.44241, 0.43668, 0.04398, 0.03507, 0
0.49975, 0.48644, 0.37149, 0.46535, 0.50888, 0.50628, 0.22208, 0.22778, 1
0.44874, 0.44294, 0.29521, 0.47522, 0.4605, 0.44585, 0.05934, 0.07793, 0
0.45427, 0.44426, 0.28341, 0.47511, 0.46477, 0.45543, 0.02361, 0.03279, 1
0.455, 0.44294, 0.27481, 0.47626, 0.46305, 0.45663, 0.02361, 0.02811, 1
0.45144, 0.44118, 0.2317, 0.47581, 0.45749, 0.4517, 0.01102, 0.01021, 1
0.45194, 0.44228, 0.22886, 0.47043, 0.45753, 0.45197, 0.00561, 0.00703, 1
0.44946, 0.44009, 0.22888, 0.47917, 0.45502, 0.44984, 0.00561, 0.01425, 0
0.44883, 0.4429, 0.44696, 0.47591, 0.45643, 0.45037, 0.04392, 0.02817, 0
0.50487, 0.49121, 0.411, 0.46541, 0.51006, 0.50891, 0.24238, 0.22359, 1
0.44583, 0.43882, 0.33492, 0.48118, 0.44643, 0.4319, 0.01696, 0.00793, 0
0.451, 0.44226, 0.13336, 0.48066, 0.45378, 0.44529, 0.0204, 0.01049, 1
0.44968, 0.44204, 0.15238, 0.48105, 0.45361, 0.44959, 0.01153, 0.00458, 0
0.45516, 0.44097, 0.12635, 0.4732, 0.46097, 0.45466, 0.05208, 0.02641, 1
0.44386, 0.43882, 0.13819, 0.4845, 0.44358, 0.43682, 0.01261, 0.02209, 0
0.45071, 0.44118, 0.40043, 0.47635, 0.45736, 0.4514, 0.0, 0.01643, 0
0.45166, 0.44225, 0.22399, 0.48013, 0.45435, 0.45217, 0.01026, 0.01963, 1
0.46881, 0.44526, 0.28656, 0.4731, 0.48366, 0.46858, 0.13241, 0.19222, 1
0.46186, 0.44268, 0.29014, 0.47723, 0.46555, 0.43453, 0.17741, 0.13337, 1
0.48801, 0.47503, 0.29668, 0.47235, 0.48813, 0.47412, 0.16887, 0.13573, 1
0.48082, 0.4774, 0.17475, 0.46802, 0.50008, 0.50205, 0.27013, 0.19657, 1
0.45504, 0.43433, 0.17809, 0.47268, 0.47205, 0.47203, 0.0514, 0.05577, 0
0.44222, 0.43284, 0.17724, 0.48635, 0.44652, 0.43352, 0.06013, 0.07024, 0
0.46123, 0.44995, 0.25563, 0.46484, 0.46797, 0.46177, 0.04263, 0.06353, 1
0.45228, 0.44609, 0.26727, 0.48033, 0.45548, 0.44726, 0.03077, 0.05125, 1
0.45115, 0.44012, 0.16752, 0.48167, 0.45447, 0.44623, 0.03777, 0.02839, 1
0.46519, 0.45423, 0.23613, 0.47068, 0.46902, 0.46307, 0.06417, 0.07199, 1
0.45459, 0.44353, 0.25249, 0.47629, 0.45862, 0.45438, 0.02584, 0.03356, 1
0.43908, 0.42861, 0.27316, 0.48739, 0.43759, 0.4284, 0.09774, 0.0841, 0
0.44368, 0.43157, 0.26085, 0.47981, 0.44808, 0.43522, 0.08073, 0.06026, 0
0.44105, 0.43328, 0.20417, 0.48739, 0.44464, 0.43794, 0.0385, 0.02409, 0
0.45087, 0.44097, 0.19314, 0.47199, 0.46177, 0.46022, 0.03757, 0.04951, 0
0.47337, 0.4551, 0.18955, 0.4747, 0.47223, 0.45802, 0.15327, 0.15766, 1
0.44515, 0.4414, 0.21796, 0.4827, 0.4399, 0.43953, 0.00544, 0.00227, 0
0.45462, 0.4446, 0.35794, 0.47161, 0.46033, 0.4545, 0.01685, 0.0142, 1
0.45227, 0.44204, 0.34801, 0.47982, 0.45613, 0.44907, 0.02178, 0.00394, 1
0.4562, 0.44796, 0.4777, 0.46699, 0.46174, 0.45794, 0.04105, 0.05764, 1
0.44998, 0.44541, 0.38895, 0.48091, 0.45247, 0.44844, 0.04392, 0.04504, 0
0.45552, 0.44436, 0.29703, 0.47204, 0.46102, 0.45537, 0.0221, 0.04497, 1
0.4427, 0.4378, 0.25226, 0.48227, 0.44989, 0.44613, 0.05889, 0.06793, 0
0.4514, 0.44245, 0.14888, 0.47043, 0.45716, 0.45203, 0.00936, 0.0, 1
0.44362, 0.43653, 0.12744, 0.48015, 0.45095, 0.44729, 0.03897, 0.03183, 0
0.45196, 0.4431, 0.18415, 0.47244, 0.4681, 0.46582, 0.06988, 0.10679, 0
0.4502, 0.44204, 0.28131, 0.47249, 0.468, 0.46251, 0.07849, 0.12373, 0
0.44614, 0.43883, 0.36517, 0.47283, 0.46616, 0.46228, 0.10242, 0.09428, 0
0.46138, 0.44332, 0.40136, 0.47364, 0.47782, 0.47787, 0.01257, 0.04974, 1
0.45751, 0.44225, 0.41192, 0.4747, 0.47082, 0.4754, 0.02034, 0.01989, 1
0.44965, 0.4384, 0.42334, 0.47597, 0.46103, 0.44661, 0.01446, 0.01207, 0
0.54194, 0.50244, 0.42843, 0.47284, 0.53233, 0.53085, 0.46156, 0.39367, 1
0.44648, 0.42574, 0.38283, 0.48199, 0.43584, 0.43113, 0.21996, 0.19316, 1
0.45774, 0.44626, 0.29204, 0.47786, 0.45883, 0.46024, 0.03243, 0.03279, 1
0.44631, 0.43822, 0.24154, 0.48474, 0.4487, 0.44332, 0.01472, 0.06562, 0
0.44747, 0.44118, 0.20289, 0.47631, 0.4545, 0.44947, 0.04598, 0.04948, 0
0.43698, 0.41769, 0.20168, 0.48004, 0.44265, 0.43485, 0.17719, 0.13151, 0
0.46166, 0.45327, 0.19942, 0.47337, 0.47035, 0.46039, 0.07326, 0.07083, 1
0.4931, 0.47877, 0.20632, 0.46759, 0.49589, 0.48357, 0.18517, 0.18466, 1
0.42127, 0.40839, 0.20971, 0.48611, 0.42644, 0.42126, 0.17555, 0.20662, 0
0.46985, 0.45115, 0.18144, 0.47584, 0.46823, 0.45769, 0.16506, 0.15471, 1
0.45093, 0.44182, 0.09753, 0.47164, 0.45796, 0.45613, 0.02319, 0.02562, 0
0.45528, 0.4433, 0.112, 0.47856, 0.45831, 0.44934, 0.05055, 0.05202, 1
0.4484, 0.44415, 0.1568, 0.47465, 0.45646, 0.45332, 0.07917, 0.06212, 0
0.44758, 0.43568, 0.16152, 0.47913, 0.45291, 0.44857, 0.04424, 0.04069, 0
0.46136, 0.44774, 0.17082, 0.47768, 0.46153, 0.45024, 0.08567, 0.10797, 1
0.44984, 0.43991, 0.17077, 0.47431, 0.45735, 0.45165, 0.00708, 0.00904, 0
0.45452, 0.44351, 0.21148, 0.47153, 0.46143, 0.45576, 0.01243, 0.02987, 1
0.45291, 0.44329, 0.14761, 0.47436, 0.45772, 0.45241, 0.01077, 0.03462, 1
0.44776, 0.44203, 0.15819, 0.47852, 0.4536, 0.44474, 0.032, 0.03717, 0
0.43249, 0.42686, 0.15636, 0.48985, 0.43538, 0.42751, 0.06913, 0.0581, 0
0.45152, 0.44097, 0.14688, 0.48187, 0.45109, 0.44718, 0.04398, 0.03035, 1
0.44204, 0.43718, 0.16663, 0.47418, 0.45497, 0.45509, 0.10217, 0.09369, 0
0.44223, 0.42751, 0.17766, 0.48276, 0.441, 0.42129, 0.16664, 0.21826, 1
0.45251, 0.44497, 0.16339, 0.47257, 0.45892, 0.45559, 0.03963, 0.02209, 0
0.49882, 0.48168, 0.17888, 0.46488, 0.50388, 0.49855, 0.19856, 0.27854, 1
0.46634, 0.45866, 0.1287, 0.47052, 0.47599, 0.46695, 0.10044, 0.08528, 1
0.45786, 0.44266, 0.13602, 0.47162, 0.47462, 0.47083, 0.0174, 0.02506, 0
0.44912, 0.43844, 0.25954, 0.47628, 0.45526, 0.45164, 0.01591, 0.03956, 0
0.47061, 0.45173, 0.28101, 0.47815, 0.46584, 0.45062, 0.17674, 0.20559, 1
0.44891, 0.4395, 0.28013, 0.4794, 0.45302, 0.45343, 0.01334, 0.15282, 0
0.45157, 0.44245, 0.28669, 0.4772, 0.45669, 0.45944, 0.01536, 0.13255, 0
0.45258, 0.44224, 0.29115, 0.47537, 0.45761, 0.45279, 0.00734, 0.11787, 1
0.40689, 0.42116, 0.20147, 0.48074, 0.41914, 0.43069, 0.33323, 0.40421, 0
0.44666, 0.44161, 0.18895, 0.47966, 0.44684, 0.43159, 0.01424, 0.00594, 0
0.44839, 0.44076, 0.19504, 0.47788, 0.45307, 0.45036, 0.02121, 0.03306, 0
0.44606, 0.43676, 0.19173, 0.48132, 0.45168, 0.44654, 0.0214, 0.00389, 0
0.4498, 0.43694, 0.24171, 0.47625, 0.46311, 0.44304, 0.03215, 0.05485, 0
0.44323, 0.43673, 0.25456, 0.47904, 0.4566, 0.44947, 0.05244, 0.02832, 0
0.45014, 0.44799, 0.36886, 0.47612, 0.4578, 0.45371, 0.10139, 0.16939, 0
0.45023, 0.44076, 0.35645, 0.48041, 0.45505, 0.44985, 0.0041, 0.03709, 0
0.44997, 0.44076, 0.30887, 0.48393, 0.45302, 0.4465, 0.01787, 0.02298, 1
0.47803, 0.46094, 0.29306, 0.475, 0.47507, 0.46453, 0.15244, 0.14517, 1
0.45784, 0.44479, 0.16769, 0.47049, 0.46212, 0.4586, 0.03793, 0.0181, 1
0.447, 0.44203, 0.17163, 0.47454, 0.45564, 0.45165, 0.07107, 0.05293, 0
0.44056, 0.44055, 0.19305, 0.47475, 0.45569, 0.45962, 0.1812, 0.18519, 0
0.45128, 0.44118, 0.2221, 0.4818, 0.45281, 0.44677, 0.03188, 0.03774, 1
0.4504, 0.44203, 0.19731, 0.47648, 0.45557, 0.45319, 0.01818, 0.0376, 0
0.45207, 0.44076, 0.16538, 0.47673, 0.45866, 0.46351, 0.0074, 0.00988, 1
0.44939, 0.44246, 0.15399, 0.48329, 0.45231, 0.44547, 0.0094, 0.01038, 1
0.44627, 0.43736, 0.12496, 0.48668, 0.44998, 0.44123, 0.02818, 0.05658, 0
0.45445, 0.44224, 0.1679, 0.47548, 0.45766, 0.45037, 0.04459, 0.13032, 1
0.46212, 0.45328, 0.1622, 0.46882, 0.46704, 0.46091, 0.0605, 0.12917, 1
0.44238, 0.43864, 0.17416, 0.48267, 0.4476, 0.44202, 0.05797, 0.04327, 0
0.44765, 0.43533, 0.44229, 0.48506, 0.44817, 0.4401, 0.07863, 0.1148, 1
0.47757, 0.46506, 0.35199, 0.46479, 0.48475, 0.47892, 0.11542, 0.10678, 1
0.4498, 0.43199, 0.349, 0.47871, 0.45344, 0.44606, 0.12353, 0.11923, 1
0.44654, 0.43889, 0.33499, 0.4817, 0.44934, 0.4396, 0.02218, 0.00803, 0
0.44909, 0.4416, 0.32575, 0.48093, 0.45182, 0.44074, 0.00403, 0.02357, 1
0.43229, 0.42611, 0.24573, 0.47603, 0.44855, 0.44732, 0.1111, 0.14767, 0
0.4563, 0.44265, 0.26028, 0.47177, 0.47204, 0.46715, 0.02056, 0.03738, 0
0.44603, 0.43531, 0.27902, 0.4766, 0.456, 0.44375, 0.03162, 0.02157, 0
0.43989, 0.4351, 0.31246, 0.47813, 0.45164, 0.4496, 0.08423, 0.05959, 0
0.44477, 0.4374, 0.40048, 0.47774, 0.45364, 0.44437, 0.03066, 0.03483, 0
0.45143, 0.44371, 0.42071, 0.47365, 0.46038, 0.45406, 0.03724, 0.00389, 0
0.4491, 0.4376, 0.61005, 0.47469, 0.45731, 0.45113, 0.02346, 0.15957, 0
0.47514, 0.45693, 0.59326, 0.47962, 0.46448, 0.4594, 0.18964, 0.17278, 1
0.44529, 0.43637, 0.51897, 0.48434, 0.44982, 0.4463, 0.02331, 0.02707, 0
0.45518, 0.44265, 0.52564, 0.47953, 0.45664, 0.44909, 0.06167, 0.02851, 1
0.45236, 0.44014, 0.40716, 0.47314, 0.46103, 0.45405, 0.01657, 0.01025, 1
0.45151, 0.43992, 0.41215, 0.48112, 0.45439, 0.44857, 0.04283, 0.03498, 1
0.45807, 0.44689, 0.36954, 0.4675, 0.46447, 0.46023, 0.02761, 0.06063, 1
0.48765, 0.46296, 0.38542, 0.47512, 0.48103, 0.46535, 0.25417, 0.28703, 1
0.45441, 0.44813, 0.4152, 0.47985, 0.45353, 0.45955, 0.04268, 0.02366, 1
0.44342, 0.43443, 0.3019, 0.48665, 0.44801, 0.44064, 0.03551, 0.04842, 0
0.44073, 0.43132, 0.17317, 0.48304, 0.4401, 0.44261, 0.05276, 0.04473, 0
0.43603, 0.42631, 0.20514, 0.4882, 0.43498, 0.43018, 0.09215, 0.04137, 0
0.44571, 0.43888, 0.24022, 0.47504, 0.45469, 0.44986, 0.04866, 0.04624, 0
0.44233, 0.43636, 0.23112, 0.48217, 0.44868, 0.44757, 0.04964, 0.03823, 0
0.45095, 0.43908, 0.24322, 0.47598, 0.45601, 0.44973, 0.03653, 0.02714, 1
0.45448, 0.44393, 0.27661, 0.47828, 0.45847, 0.45152, 0.02655, 0.02933, 1
0.46382, 0.44965, 0.2874, 0.47236, 0.46562, 0.45806, 0.07863, 0.08929, 1
0.4459, 0.43845, 0.24505, 0.48441, 0.44139, 0.43519, 0.04591, 0.04636, 1
0.45373, 0.43866, 0.32602, 0.47908, 0.45425, 0.44628, 0.09923, 0.08749, 1
0.45047, 0.4414, 0.19027, 0.47187, 0.45739, 0.45561, 0.01945, 0.04654, 0
0.43316, 0.42619, 0.212, 0.48647, 0.44041, 0.43514, 0.07406, 0.09279, 0
0.44564, 0.44372, 0.21089, 0.47472, 0.45685, 0.45447, 0.1208, 0.11467, 0
0.45079, 0.43864, 0.20291, 0.47324, 0.46123, 0.45947, 0.01225, 0.01194, 0
0.44592, 0.43864, 0.25934, 0.48151, 0.45258, 0.44575, 0.02153, 0.01194, 0
0.44087, 0.42898, 0.30362, 0.48597, 0.44372, 0.43973, 0.07847, 0.07345, 0
0.45144, 0.44354, 0.32032, 0.47981, 0.45469, 0.45063, 0.01446, 0.01207, 1
0.45587, 0.44397, 0.25238, 0.47144, 0.46552, 0.4609, 0.01358, 0.02206, 1
0.45054, 0.44183, 0.27076, 0.4757, 0.45646, 0.4492, 0.00621, 0.00396, 0
0.44786, 0.43947, 0.2925, 0.48703, 0.45277, 0.44816, 0.01095, 0.02031, 0
0.44921, 0.44204, 0.2991, 0.47254, 0.45748, 0.45492, 0.04679, 0.03765, 0
0.43844, 0.43561, 0.27933, 0.48471, 0.44397, 0.43764, 0.06329, 0.05706, 0
0.44001, 0.43713, 0.37255, 0.48047, 0.44503, 0.44688, 0.08602, 0.05002, 0
0.4681, 0.45229, 0.37625, 0.46789, 0.47312, 0.47069, 0.07091, 0.05011, 1
0.46076, 0.44676, 0.38238, 0.47391, 0.47381, 0.45414, 0.03679, 0.03093, 1
0.47593, 0.4682, 0.36059, 0.47307, 0.48102, 0.47557, 0.14102, 0.21185, 1
0.45774, 0.4577, 0.35595, 0.47191, 0.47071, 0.4683, 0.19453, 0.21782, 0
0.45357, 0.44333, 0.20703, 0.47803, 0.45679, 0.45167, 0.02387, 0.03369, 1
0.45254, 0.43503, 0.40493, 0.47404, 0.4623, 0.45474, 0.07852, 0.08763, 1
0.45046, 0.44033, 0.39193, 0.4763, 0.4589, 0.45332, 0.00542, 0.02959, 0
0.44988, 0.44161, 0.39926, 0.47255, 0.45907, 0.45371, 0.03201, 0.04301, 0
0.4358, 0.43101, 0.29389, 0.48592, 0.43718, 0.43277, 0.05021, 0.02776, 0
0.45263, 0.43463, 0.24011, 0.48016, 0.4506, 0.45024, 0.12257, 0.18235, 1
0.48347, 0.45875, 0.17912, 0.4774, 0.47479, 0.45614, 0.26012, 0.11943, 1
0.49368, 0.4938, 0.17142, 0.47163, 0.49865, 0.49369, 0.30178, 0.09961, 1
0.42665, 0.42556, 0.16962, 0.48237, 0.437, 0.43859, 0.13578, 0.21483, 0
0.45329, 0.44569, 0.41818, 0.47799, 0.45674, 0.4557, 0.03187, 0.00997, 1
0.45375, 0.43968, 0.42049, 0.47392, 0.4645, 0.45363, 0.03849, 0.02755, 1
0.45072, 0.44032, 0.42397, 0.47616, 0.45903, 0.44541, 0.01847, 0.00689, 1
0.45657, 0.45259, 0.32351, 0.47606, 0.4608, 0.45493, 0.08094, 0.08211, 1
0.45716, 0.44311, 0.17092, 0.47217, 0.46317, 0.46376, 0.02847, 0.01211, 1
0.44354, 0.43454, 0.14781, 0.47655, 0.45102, 0.44842, 0.03445, 0.0363, 0
0.43448, 0.42703, 0.13473, 0.48927, 0.43926, 0.43153, 0.06913, 0.01428, 0
0.44797, 0.44161, 0.12682, 0.47888, 0.4528, 0.44816, 0.02519, 0.01274, 0
0.44489, 0.43797, 0.13755, 0.4855, 0.44524, 0.43921, 0.01789, 0.00823, 0
0.44822, 0.4397, 0.27054, 0.48299, 0.45096, 0.44394, 0.01139, 0.04536, 0
0.44967, 0.44415, 0.25848, 0.47266, 0.45784, 0.45705, 0.07234, 0.10039, 0
0.43532, 0.42769, 0.17371, 0.48595, 0.43455, 0.42928, 0.07097, 0.01574, 0
0.45622, 0.44437, 0.30042, 0.46903, 0.46228, 0.45769, 0.02215, 0.02835, 1
0.44721, 0.4397, 0.2795, 0.48447, 0.44895, 0.44253, 0.00891, 0.03328, 0
0.50991, 0.47968, 0.30114, 0.47333, 0.50178, 0.47539, 0.35608, 0.38557, 1
0.4419, 0.43904, 0.28735, 0.48217, 0.43853, 0.43494, 0.0338, 0.01988, 0
0.45654, 0.44032, 0.27647, 0.47174, 0.47256, 0.47889, 0.02548, 0.03375, 0
0.45444, 0.44183, 0.26274, 0.47273, 0.46955, 0.4673, 0.02713, 0.04201, 0
0.44757, 0.43946, 0.22798, 0.48065, 0.45502, 0.44893, 0.01979, 0.02187, 0
0.43851, 0.42893, 0.21409, 0.48114, 0.44497, 0.43878, 0.06129, 0.06024, 0
0.43976, 0.43367, 0.10871, 0.47895, 0.44807, 0.44685, 0.06345, 0.07796, 0
0.46817, 0.45624, 0.11274, 0.46482, 0.47335, 0.46744, 0.07344, 0.08142, 1
0.43087, 0.42272, 0.10904, 0.48238, 0.43969, 0.43709, 0.0909, 0.09008, 0
0.46042, 0.45409, 0.11203, 0.46941, 0.46909, 0.46484, 0.08983, 0.08372, 1
0.44332, 0.43646, 0.10073, 0.48492, 0.44811, 0.44412, 0.03137, 0.01393, 0
0.45707, 0.44785, 0.09812, 0.47428, 0.46129, 0.45805, 0.0326, 0.01394, 1
0.44722, 0.43882, 0.10773, 0.48178, 0.45018, 0.4423, 0.0228, 0.01997, 0
0.44676, 0.44011, 0.0998, 0.47983, 0.45253, 0.44998, 0.03451, 0.03813, 0
0.45457, 0.44527, 0.1027, 0.46985, 0.46342, 0.46171, 0.03944, 0.03379, 0
0.49194, 0.47193, 0.20934, 0.46771, 0.4999, 0.48894, 0.16898, 0.18015, 1
0.44567, 0.44012, 0.20798, 0.48176, 0.44621, 0.44739, 0.0308, 0.03286, 0
0.45845, 0.44225, 0.18201, 0.47682, 0.45992, 0.44855, 0.1056, 0.12094, 1
0.4724, 0.45447, 0.13127, 0.47277, 0.47363, 0.46088, 0.1313, 0.15585, 1
0.45277, 0.44269, 0.41555, 0.47898, 0.4588, 0.45167, 0.01774, 0.03691, 1
0.60583, 0.5884, 0.37861, 0.4205, 0.60795, 0.59294, 0.10279, 0.07664, 1
0.46496, 0.45651, 0.33217, 0.46999, 0.48294, 0.48869, 0.15416, 0.10027, 0
0.46622, 0.45646, 0.20081, 0.47129, 0.475, 0.46068, 0.07406, 0.05712, 1
0.46306, 0.44947, 0.23081, 0.47304, 0.46615, 0.45513, 0.07378, 0.03913, 1
0.45511, 0.44293, 0.2565, 0.48072, 0.4564, 0.44892, 0.05528, 0.08826, 1
0.44943, 0.44293, 0.2967, 0.47202, 0.46666, 0.47235, 0.13177, 0.03961, 0
0.45026, 0.43815, 0.25846, 0.47722, 0.45291, 0.44695, 0.04939, 0.03563, 1
0.45097, 0.44162, 0.25677, 0.47952, 0.45286, 0.44406, 0.02548, 0.00834, 1
0.44032, 0.43924, 0.23939, 0.48149, 0.43251, 0.40195, 0.02202, 0.03945, 1
0.44534, 0.4414, 0.21773, 0.4802, 0.44639, 0.45299, 0.05614, 0.0231, 0
0.44984, 0.44248, 0.19165, 0.47455, 0.45415, 0.45904, 0.04394, 0.04617, 0
0.54936, 0.53471, 0.10726, 0.46509, 0.57068, 0.5717, 0.4811, 0.45407, 1
0.44497, 0.43584, 0.22888, 0.47715, 0.45199, 0.44635, 0.02636, 0.02991, 0
0.18191, 0.14247, 0.2592, 0.49872, 0.17468, 0.14454, 0.51445, 0.5176, 0
0.46147, 0.44921, 0.26272, 0.48084, 0.45083, 0.45694, 0.11375, 0.04091, 1
0.44383, 0.43815, 0.20551, 0.48438, 0.44685, 0.44355, 0.02925, 0.06475, 0
0.44819, 0.43769, 0.27106, 0.48101, 0.45259, 0.44548, 0.03059, 0.0, 0
0.44823, 0.43878, 0.25743, 0.48497, 0.45178, 0.44654, 0.02008, 0.02218, 0
0.47387, 0.46301, 0.2327, 0.46963, 0.47616, 0.46836, 0.10634, 0.10248, 1
0.4488, 0.44162, 0.17933, 0.48321, 0.45217, 0.44521, 0.00422, 0.01015, 0
0.45778, 0.44097, 0.15611, 0.47728, 0.45938, 0.46003, 0.10035, 0.02684, 1
0.4534, 0.44293, 0.10637, 0.48216, 0.45457, 0.44601, 0.04455, 0.04806, 1
0.45127, 0.44293, 0.41729, 0.47222, 0.46185, 0.45832, 0.04468, 0.05675, 0
0.47419, 0.46041, 0.37581, 0.47716, 0.47013, 0.45924, 0.13016, 0.1147, 1
0.44458, 0.43944, 0.37746, 0.48437, 0.4382, 0.42952, 0.04091, 0.04532, 1
0.44529, 0.43835, 0.36716, 0.47566, 0.45473, 0.44878, 0.04413, 0.02906, 0
0.45477, 0.45561, 0.39189, 0.47872, 0.45699, 0.4535, 0.12398, 0.16995, 1
0.45355, 0.44183, 0.3998, 0.47884, 0.45604, 0.45246, 0.0236, 0.05066, 1
0.45228, 0.4414, 0.40774, 0.47876, 0.45429, 0.45506, 0.0306, 0.0497, 1
0.44697, 0.44893, 0.44654, 0.47334, 0.46247, 0.46809, 0.21894, 0.04018, 0
0.46386, 0.45197, 0.3881, 0.46886, 0.47567, 0.47036, 0.05635, 0.03614, 1
0.44849, 0.43558, 0.39919, 0.47533, 0.45885, 0.4535, 0.03461, 0.04987, 0
0.45525, 0.43924, 0.41603, 0.4764, 0.45935, 0.45285, 0.08884, 0.0449, 1
0.43855, 0.43192, 0.40216, 0.48337, 0.44394, 0.43534, 0.04505, 0.07965, 0
0.45135, 0.43429, 0.37043, 0.48318, 0.44751, 0.43653, 0.16537, 0.19965, 1
0.43069, 0.42806, 0.35398, 0.48737, 0.43005, 0.42051, 0.06355, 0.07706, 0
0.44673, 0.43882, 0.28666, 0.47321, 0.4585, 0.45689, 0.06048, 0.07036, 0
0.44192, 0.43387, 0.27691, 0.48786, 0.44649, 0.4385, 0.03693, 0.02983, 0
0.45541, 0.44312, 0.19934, 0.47281, 0.46154, 0.45428, 0.0252, 0.0517, 1
0.439, 0.43345, 0.14722, 0.48565, 0.44246, 0.43852, 0.04143, 0.04073, 0
0.45371, 0.44268, 0.28369, 0.47444, 0.45905, 0.45179, 0.02427, 0.02309, 1
0.44627, 0.42437, 0.31668, 0.48189, 0.44466, 0.43669, 0.20695, 0.21287, 1
0.44272, 0.43693, 0.22443, 0.48514, 0.44186, 0.43346, 0.02718, 0.0927, 0
0.43175, 0.4316, 0.13788, 0.47923, 0.44316, 0.44108, 0.13786, 0.13397, 0
0.47925, 0.47659, 0.16348, 0.46963, 0.50563, 0.50434, 0.29635, 0.33236, 1
0.4262, 0.41066, 0.258, 0.48716, 0.41867, 0.40121, 0.25546, 0.27582, 0
0.47585, 0.45615, 0.28384, 0.47527, 0.47314, 0.45814, 0.17959, 0.23001, 1
0.41772, 0.41035, 0.28979, 0.48354, 0.42828, 0.42606, 0.15013, 0.1783, 0
0.45394, 0.44486, 0.25333, 0.47265, 0.46217, 0.45587, 0.03239, 0.03481, 1
0.47068, 0.46391, 0.3058, 0.46795, 0.48471, 0.48631, 0.16616, 0.18886, 1
0.4617, 0.45184, 0.44024, 0.47115, 0.46613, 0.46316, 0.05224, 0.04017, 1
0.45374, 0.45681, 0.42648, 0.47606, 0.46104, 0.46852, 0.19641, 0.26378, 0
0.44458, 0.44032, 0.36741, 0.48167, 0.44408, 0.44013, 0.03284, 0.02539, 0
0.45665, 0.44357, 0.2995, 0.47699, 0.45867, 0.45181, 0.06082, 0.03842, 1
0.45758, 0.45267, 0.27999, 0.4704, 0.46599, 0.46311, 0.10161, 0.11273, 1
0.45595, 0.44227, 0.28041, 0.47302, 0.46287, 0.45497, 0.04564, 0.05301, 1
0.43771, 0.4327, 0.48372, 0.48428, 0.4432, 0.44176, 0.06162, 0.05486, 0
0.47726, 0.46415, 0.46742, 0.46578, 0.48508, 0.48104, 0.11088, 0.10613, 1
0.44492, 0.43396, 0.43874, 0.48139, 0.45071, 0.44354, 0.0473, 0.05226, 0
0.44382, 0.43417, 0.32059, 0.48678, 0.44897, 0.44367, 0.03605, 0.03865, 0
0.44238, 0.43459, 0.24474, 0.47817, 0.45097, 0.44882, 0.04903, 0.01486, 0
0.4458, 0.43735, 0.1886, 0.4845, 0.45125, 0.4465, 0.01882, 0.00393, 0
0.44847, 0.43991, 0.20325, 0.4746, 0.45618, 0.4532, 0.02912, 0.02358, 0
0.45549, 0.44331, 0.13836, 0.47088, 0.46364, 0.45978, 0.01087, 0.01201, 1
0.44483, 0.42798, 0.12613, 0.48316, 0.44493, 0.43229, 0.14956, 0.13965, 1
0.46422, 0.45354, 0.12687, 0.47736, 0.46346, 0.4594, 0.06945, 0.07322, 1
0.40887, 0.41251, 0.10969, 0.48302, 0.42113, 0.43119, 0.22647, 0.30232, 0
0.44126, 0.43452, 0.265, 0.47782, 0.44901, 0.44802, 0.05525, 0.04391, 0
0.44842, 0.44097, 0.35885, 0.47756, 0.45514, 0.45337, 0.03423, 0.07294, 0
0.45781, 0.44744, 0.33278, 0.4692, 0.46632, 0.46305, 0.03612, 0.01736, 1
0.45321, 0.44312, 0.20516, 0.48126, 0.45552, 0.44932, 0.02858, 0.02822, 1
0.45194, 0.44636, 0.20049, 0.47283, 0.45988, 0.45886, 0.07626, 0.09411, 0
0.44489, 0.43731, 0.13681, 0.48604, 0.45022, 0.44253, 0.02006, 0.01002, 0
0.4404, 0.43387, 0.1405, 0.4878, 0.44259, 0.43654, 0.0355, 0.02418, 0
0.6712, 0.64373, 0.27227, 0.42718, 0.67973, 0.66923, 0.1695, 0.25323, 1
0.44879, 0.44118, 0.22827, 0.48288, 0.45085, 0.44856, 0.00712, 0.0099, 0
0.44644, 0.44161, 0.25278, 0.47816, 0.45268, 0.45166, 0.06765, 0.09665, 0
0.42515, 0.42369, 0.27945, 0.47754, 0.4423, 0.44364, 0.16573, 0.24678, 0
0.44693, 0.44268, 0.26629, 0.48205, 0.44871, 0.43563, 0.01147, 0.04262, 1
0.45247, 0.44566, 0.26018, 0.47694, 0.45659, 0.45515, 0.04017, 0.01491, 1
0.43624, 0.42758, 0.22739, 0.48578, 0.42761, 0.41444, 0.13434, 0.06484, 1
0.45455, 0.44588, 0.16197, 0.48057, 0.4575, 0.45127, 0.02376, 0.01863, 1
0.44482, 0.43884, 0.17818, 0.48297, 0.44996, 0.44713, 0.03911, 0.0082, 0
0.45742, 0.44759, 0.17707, 0.46909, 0.462, 0.45851, 0.0311, 0.03987, 1
0.44536, 0.43564, 0.17793, 0.48074, 0.45096, 0.44804, 0.027, 0.03985, 0
0.42612, 0.40674, 0.23368, 0.48659, 0.41466, 0.39418, 0.32939, 0.32259, 0
0.45442, 0.4414, 0.42715, 0.47642, 0.4603, 0.44892, 0.05261, 0.04696, 1
0.45511, 0.44681, 0.35504, 0.48058, 0.45452, 0.45181, 0.02924, 0.01802, 1
0.44022, 0.43515, 0.25806, 0.48229, 0.44081, 0.44606, 0.04358, 0.01824, 0
0.44562, 0.43902, 0.21805, 0.4736, 0.46125, 0.45732, 0.08743, 0.06195, 0
0.43543, 0.43276, 0.15354, 0.48631, 0.43775, 0.4289, 0.04693, 0.03619, 0
0.45508, 0.44205, 0.13819, 0.48067, 0.45501, 0.45142, 0.06875, 0.07983, 1
0.44378, 0.43558, 0.15011, 0.48605, 0.44414, 0.43926, 0.03463, 0.05522, 0
0.44245, 0.43643, 0.16097, 0.48154, 0.44942, 0.44578, 0.04589, 0.04305, 0
0.20436, 0.19997, 0.15024, 0.58574, 0.2067, 0.20886, 0.00415, 0.02328, 0
0.44857, 0.44335, 0.19716, 0.47197, 0.45713, 0.46915, 0.11639, 0.11011, 0
0.47039, 0.45574, 0.17434, 0.46918, 0.48092, 0.47302, 0.07085, 0.05681, 1
0.45352, 0.44683, 0.18762, 0.47297, 0.46385, 0.45537, 0.05769, 0.04227, 0
0.44955, 0.44204, 0.37318, 0.48268, 0.45184, 0.44841, 0.00829, 0.02814, 0
0.48345, 0.47475, 0.20258, 0.46858, 0.48728, 0.48127, 0.1652, 0.21232, 1
0.45752, 0.44547, 0.23897, 0.47265, 0.46386, 0.45583, 0.03538, 0.12408, 1
0.45528, 0.44937, 0.18945, 0.47221, 0.46126, 0.4565, 0.06404, 0.06778, 1
0.45134, 0.4414, 0.19681, 0.48238, 0.45381, 0.44554, 0.0342, 0.03443, 1
0.44642, 0.43688, 0.17708, 0.48246, 0.45105, 0.44463, 0.02528, 0.01837, 0
0.47727, 0.45013, 0.35548, 0.47973, 0.46456, 0.44759, 0.30387, 0.30545, 1
0.52192, 0.49717, 0.36016, 0.47046, 0.51867, 0.51638, 0.29741, 0.29166, 1
0.43575, 0.43381, 0.39178, 0.48292, 0.43004, 0.43407, 0.0417, 0.02841, 0
0.43724, 0.42988, 0.38311, 0.47451, 0.45142, 0.45669, 0.1091, 0.00464, 0
0.43797, 0.43237, 0.2109, 0.4848, 0.44382, 0.44242, 0.05683, 0.04507, 0
0.45436, 0.44721, 0.22954, 0.4752, 0.45938, 0.45415, 0.0362, 0.06068, 1
0.46003, 0.44507, 0.18645, 0.47086, 0.47079, 0.46644, 0.02862, 0.01736, 1
0.45061, 0.43989, 0.16374, 0.47838, 0.45541, 0.44227, 0.0401, 0.06952, 1
0.45289, 0.44248, 0.17321, 0.47901, 0.4562, 0.45141, 0.02248, 0.02648, 1
0.44706, 0.43791, 0.17144, 0.48405, 0.45063, 0.44111, 0.02849, 0.01415, 0
0.45535, 0.44686, 0.29248, 0.46976, 0.46102, 0.45751, 0.03504, 0.02417, 1
0.45198, 0.44337, 0.26434, 0.4737, 0.4615, 0.45395, 0.03108, 0.03618, 0
0.42113, 0.4148, 0.17032, 0.48994, 0.42598, 0.42354, 0.12733, 0.11873, 0
0.76503, 0.7572, 0.16234, 0.45032, 0.75969, 0.7463, 0.05867, 0.02682, 1
0.44586, 0.43857, 0.19312, 0.48254, 0.44822, 0.44561, 0.01457, 0.00403, 0
0.45307, 0.44227, 0.18275, 0.47914, 0.45543, 0.45116, 0.02783, 0.06479, 1
0.44384, 0.43534, 0.16947, 0.4821, 0.44823, 0.44184, 0.02873, 0.01973, 0
0.45369, 0.4453, 0.16859, 0.48117, 0.45526, 0.44906, 0.02355, 0.05031, 0
0.48218, 0.46244, 0.33272, 0.47406, 0.47924, 0.46457, 0.18664, 0.20238, 0
0.44792, 0.43967, 0.17105, 0.48278, 0.4527, 0.4484, 0.00912, 0.004, 0
0.44865, 0.4375, 0.16176, 0.48406, 0.44935, 0.43987, 0.06581, 0.04327, 0
0.44406, 0.43989, 0.14048, 0.48284, 0.44472, 0.44002, 0.03313, 0.02223, 1
0.45012, 0.4427, 0.13684, 0.47897, 0.45347, 0.44906, 0.01783, 0.0122, 0
0.41843, 0.41045, 0.19798, 0.49075, 0.42165, 0.41647, 0.15256, 0.17094, 1
0.46097, 0.45851, 0.21507, 0.47562, 0.46469, 0.45892, 0.11361, 0.13671, 0
0.43577, 0.43264, 0.36768, 0.48666, 0.43967, 0.43367, 0.06208, 0.06124, 1
0.49083, 0.47799, 0.29774, 0.46489, 0.49611, 0.48966, 0.17776, 0.19638, 0
0.44921, 0.44033, 0.2187, 0.47431, 0.45588, 0.45127, 0.01147, 0.03188, 0
0.45881, 0.44662, 0.30544, 0.47983, 0.46106, 0.4509, 0.06211, 0.04228, 1
0.44583, 0.43945, 0.3556, 0.48044, 0.45136, 0.45089, 0.04079, 0.00802, 1
0.45238, 0.44053, 0.38767, 0.47396, 0.45674, 0.45208, 0.03101, 0.05415, 1
0.45638, 0.44269, 0.46955, 0.47616, 0.46206, 0.44907, 0.06672, 0.07188, 1
0.44841, 0.43669, 0.40856, 0.4798, 0.45191, 0.44569, 0.04341, 0.08678, 0
0.68166, 0.65794, 0.31395, 0.41795, 0.68099, 0.66252, 0.17051, 0.12912, 0
0.45522, 0.44268, 0.20254, 0.47627, 0.45748, 0.45011, 0.05586, 0.03358, 0
0.44944, 0.44118, 0.11101, 0.48204, 0.45335, 0.44842, 0.0, 0.03215, 0
0.44547, 0.42879, 0.0859, 0.48249, 0.44725, 0.43962, 0.13217, 0.19912, 0
0.44173, 0.44033, 0.10234, 0.4771, 0.45219, 0.4492, 0.12522, 0.18602, 1
0.45268, 0.43733, 0.1028, 0.47854, 0.45528, 0.44285, 0.09832, 0.06387, 1
0.4525, 0.44183, 0.103, 0.48239, 0.45201, 0.44078, 0.06975, 0.00228, 0
0.43376, 0.43008, 0.1129, 0.4854, 0.43887, 0.43315, 0.06861, 0.05208, 1
0.4337, 0.43542, 0.14489, 0.48052, 0.44305, 0.44286, 0.14728, 0.11504, 0
0.45588, 0.4429, 0.15281, 0.47165, 0.46857, 0.47165, 0.02639, 0.04374, 1
0.45364, 0.4452, 0.29385, 0.47062, 0.45465, 0.45754, 0.02745, 0.01407, 1
0.40224, 0.40741, 0.33729, 0.48351, 0.41654, 0.42158, 0.25073, 0.45239, 1
0.46981, 0.48228, 0.36313, 0.47108, 0.50596, 0.52831, 0.57123, 0.64418, 1
0.4496, 0.44055, 0.35308, 0.48054, 0.45365, 0.44791, 0.00942, 0.01773, 0
0.4467, 0.43905, 0.35864, 0.48117, 0.45183, 0.44727, 0.01756, 0.0104, 0
0.46028, 0.4463, 0.37212, 0.47137, 0.46395, 0.45708, 0.0621, 0.05013, 0
0.46452, 0.45392, 0.253, 0.47288, 0.47949, 0.48857, 0.12292, 0.13498, 1
0.4526, 0.4429, 0.40369, 0.47133, 0.4595, 0.45673, 0.01654, 0.05234, 1
0.45213, 0.44161, 0.41722, 0.47244, 0.45861, 0.45309, 0.00414, 0.04569, 1
0.44795, 0.43883, 0.46271, 0.48363, 0.45113, 0.44673, 0.01692, 0.03814, 1
0.46395, 0.45082, 0.46127, 0.47748, 0.46305, 0.45465, 0.08689, 0.1525, 0
0.43181, 0.42109, 0.51696, 0.47306, 0.47854, 0.50393, 0.30654, 0.27782, 1
0.45255, 0.4427, 0.42143, 0.48302, 0.4516, 0.44302, 0.05298, 0.05687, 0
0.45206, 0.45029, 0.42114, 0.47349, 0.46225, 0.46509, 0.14459, 0.09158, 0
0.45032, 0.44183, 0.25689, 0.47387, 0.45644, 0.45168, 0.01658, 0.0323, 0
0.449, 0.44032, 0.24635, 0.47464, 0.4559, 0.4505, 0.01857, 0.02115, 0
0.43138, 0.42928, 0.22945, 0.47791, 0.44496, 0.44643, 0.13744, 0.10625, 1
0.43251, 0.42587, 0.23348, 0.48839, 0.44114, 0.43481, 0.07651, 0.08977, 1
0.44787, 0.44054, 0.24083, 0.48254, 0.45098, 0.44684, 0.00953, 0.00608, 1
0.45473, 0.44054, 0.18352, 0.47223, 0.46659, 0.46504, 0.00626, 0.01152, 0
0.45029, 0.44032, 0.19519, 0.48448, 0.45538, 0.44657, 0.02207, 0.01152, 0
0.44464, 0.43881, 0.21552, 0.48214, 0.45159, 0.4475, 0.04645, 0.05263, 1
0.44664, 0.4414, 0.32205, 0.48392, 0.44, 0.43283, 0.03048, 0.10113, 0
0.40273, 0.41139, 0.32104, 0.4848, 0.41219, 0.42153, 0.26009, 0.34715, 0
0.44723, 0.43817, 0.29734, 0.47471, 0.4615, 0.44802, 0.03886, 0.03698, 0
0.4491, 0.44075, 0.29655, 0.48423, 0.45224, 0.44226, 0.01814, 0.00797, 0
0.45714, 0.44587, 0.40032, 0.468, 0.46294, 0.45888, 0.02369, 0.01263, 0
0.45509, 0.44225, 0.40274, 0.47338, 0.46449, 0.45747, 0.02373, 0.01639, 1
0.45043, 0.43969, 0.3995, 0.47593, 0.45794, 0.4452, 0.02088, 0.01716, 0
0.44493, 0.43714, 0.34125, 0.48611, 0.44849, 0.44185, 0.01961, 0.01041, 0
0.44628, 0.43629, 0.30061, 0.48541, 0.45018, 0.44417, 0.03307, 0.02762, 1
0.45358, 0.44352, 0.24333, 0.47395, 0.46363, 0.45514, 0.01681, 0.02234, 1
0.4549, 0.4431, 0.2447, 0.47514, 0.46247, 0.45604, 0.02489, 0.02164, 1
0.46488, 0.45417, 0.28218, 0.46543, 0.47147, 0.46714, 0.0633, 0.02762, 1
0.44628, 0.43778, 0.1922, 0.48333, 0.45142, 0.44727, 0.01679, 0.02998, 0
0.26509, 0.26236, 0.43058, 0.5475, 0.26498, 0.26107, 0.12361, 0.12042, 1
0.45676, 0.45452, 0.44808, 0.47748, 0.46031, 0.45441, 0.09918, 0.10577, 0
0.45425, 0.44548, 0.44078, 0.48025, 0.45593, 0.45154, 0.02193, 0.01788, 0
0.4762, 0.46033, 0.43624, 0.47077, 0.47853, 0.46497, 0.12283, 0.12991, 0
0.44499, 0.43862, 0.23423, 0.48148, 0.44678, 0.4492, 0.03119, 0.0377, 0
0.4452, 0.42985, 0.2356, 0.48436, 0.44421, 0.43598, 0.1349, 0.03539, 0
0.4644, 0.46254, 0.24056, 0.47024, 0.48602, 0.48748, 0.23838, 0.26982, 1
0.46139, 0.4438, 0.26746, 0.47149, 0.48084, 0.47851, 0.01929, 0.01845, 0
0.45818, 0.44642, 0.41925, 0.47818, 0.46181, 0.44786, 0.06024, 0.06059, 0
0.44858, 0.43661, 0.51975, 0.47885, 0.45334, 0.44865, 0.04106, 0.00615, 0
0.44746, 0.43922, 0.5522, 0.47742, 0.45373, 0.44773, 0.01314, 0.0372, 0
0.44986, 0.43944, 0.32549, 0.4738, 0.457, 0.45222, 0.00918, 0.01014, 1
0.45073, 0.44097, 0.32675, 0.47527, 0.45669, 0.44971, 0.00557, 0.03581, 1
0.44947, 0.44118, 0.32015, 0.47948, 0.45026, 0.453, 0.00726, 0.04508, 1
0.44966, 0.43771, 0.28425, 0.47681, 0.45432, 0.45011, 0.03354, 0.03116, 0
0.45223, 0.43879, 0.14227, 0.4763, 0.46083, 0.45696, 0.02963, 0.00614, 0
0.44931, 0.44336, 0.13881, 0.47306, 0.46156, 0.45644, 0.0808, 0.05632, 1
0.4469, 0.43661, 0.1408, 0.47428, 0.45811, 0.45394, 0.02751, 0.03351, 0
0.44748, 0.43792, 0.15387, 0.47594, 0.45298, 0.44918, 0.01586, 0.03573, 0
0.46023, 0.44853, 0.41275, 0.47183, 0.46897, 0.45757, 0.03705, 0.0083, 1
0.45096, 0.44161, 0.31499, 0.48335, 0.4487, 0.44098, 0.05041, 0.07669, 0
0.45418, 0.44334, 0.2052, 0.47055, 0.46177, 0.45611, 0.0104, 0.02869, 0
0.45324, 0.44334, 0.17776, 0.4754, 0.45766, 0.45206, 0.01499, 0.00828, 1
0.44885, 0.44097, 0.18439, 0.47466, 0.45662, 0.45532, 0.03777, 0.03236, 1
0.20159, 0.19987, 0.36617, 0.65936, 0.20144, 0.20102, 0.04756, 0.01835, 1
0.4479, 0.43922, 0.42126, 0.48204, 0.4513, 0.44654, 0.00964, 0.0229, 1
0.45114, 0.43987, 0.27745, 0.48332, 0.44944, 0.44256, 0.06961, 0.03025, 1
0.44734, 0.44555, 0.23912, 0.48048, 0.44931, 0.44072, 0.04856, 0.01525, 0
0.42017, 0.42107, 0.43475, 0.48335, 0.43019, 0.43376, 0.16416, 0.16602, 1
0.4117, 0.40562, 0.38787, 0.47979, 0.42782, 0.43388, 0.19193, 0.25771, 1
0.45321, 0.44118, 0.23859, 0.47844, 0.45629, 0.45024, 0.0466, 0.01993, 0
0.43153, 0.42632, 0.206, 0.47455, 0.45612, 0.46368, 0.16897, 0.21388, 0
0.46181, 0.45479, 0.20478, 0.47156, 0.48735, 0.48191, 0.17692, 0.23081, 0
0.45786, 0.44421, 0.25977, 0.48043, 0.45636, 0.44749, 0.09502, 0.06383, 0
0.43864, 0.42526, 0.38856, 0.48449, 0.43573, 0.43106, 0.14143, 0.13104, 0
0.45218, 0.44162, 0.29269, 0.47237, 0.46095, 0.45586, 0.0075, 0.00608, 0
0.44979, 0.43813, 0.41798, 0.48175, 0.45612, 0.4464, 0.03934, 0.01396, 0
0.45893, 0.449, 0.29083, 0.46991, 0.4626, 0.45747, 0.03789, 0.01978, 0
0.46368, 0.44973, 0.26548, 0.47296, 0.48129, 0.46538, 0.04162, 0.0081, 0
0.4537, 0.44031, 0.30386, 0.47203, 0.46953, 0.46168, 0.00847, 0.13999, 1
0.45232, 0.4436, 0.34183, 0.48032, 0.45683, 0.44984, 0.01178, 0.04291, 1
0.44586, 0.43333, 0.41345, 0.48273, 0.44334, 0.43079, 0.10899, 0.10474, 1
0.45872, 0.45233, 0.2502, 0.46916, 0.46866, 0.4668, 0.09826, 0.08855, 0
0.45012, 0.43777, 0.433, 0.47444, 0.45653, 0.45373, 0.02705, 0.03356, 1
0.46076, 0.44996, 0.4789, 0.46812, 0.4683, 0.46256, 0.04267, 0.03952, 1
0.44527, 0.43414, 0.46563, 0.48051, 0.44947, 0.44648, 0.03926, 0.034, 0
0.45383, 0.44353, 0.46268, 0.47589, 0.45881, 0.4527, 0.01254, 0.01494, 0
0.44683, 0.43755, 0.16147, 0.47536, 0.45467, 0.45075, 0.02152, 0.0277, 0
0.44151, 0.43413, 0.16281, 0.48303, 0.4485, 0.44324, 0.03929, 0.02506, 0
0.46115, 0.44739, 0.16438, 0.47176, 0.46513, 0.45788, 0.06298, 0.11034, 0
0.47353, 0.45835, 0.2238, 0.47967, 0.46817, 0.44946, 0.16566, 0.17884, 1
0.44896, 0.44311, 0.22838, 0.48184, 0.44396, 0.44661, 0.00945, 0.01366, 0
0.4467, 0.43926, 0.23313, 0.48125, 0.44469, 0.44855, 0.00944, 0.02977, 0
0.44528, 0.43905, 0.37737, 0.48438, 0.44765, 0.44197, 0.01758, 0.07846, 0
0.45777, 0.44887, 0.36923, 0.47148, 0.46473, 0.46434, 0.05148, 0.01807, 0
0.46209, 0.45094, 0.43615, 0.46668, 0.46957, 0.46705, 0.04874, 0.05435, 1
0.44327, 0.4362, 0.43703, 0.48722, 0.44786, 0.44302, 0.02717, 0.05204, 1
0.45425, 0.44443, 0.353, 0.47282, 0.45865, 0.45378, 0.01659, 0.02203, 1
0.44609, 0.4388, 0.31635, 0.48621, 0.44945, 0.44342, 0.0127, 0.01006, 0
0.46958, 0.45591, 0.28422, 0.47072, 0.47179, 0.46599, 0.08526, 0.11416, 1
0.44394, 0.43859, 0.24607, 0.48225, 0.44839, 0.44355, 0.04169, 0.04489, 1
0.45277, 0.45071, 0.16723, 0.47702, 0.45875, 0.45299, 0.09826, 0.07043, 1
0.45012, 0.4401, 0.16064, 0.47727, 0.45619, 0.45535, 0.00553, 0.04199, 0
0.45241, 0.43945, 0.16402, 0.47934, 0.45591, 0.44932, 0.05853, 0.11436, 0
0.45562, 0.44598, 0.23447, 0.4715, 0.47676, 0.47729, 0.10808, 0.0, 1
0.45603, 0.44594, 0.2563, 0.4787, 0.45693, 0.45142, 0.03419, 0.03172, 0
0.43296, 0.42843, 0.25711, 0.48848, 0.43771, 0.43544, 0.07423, 0.08673, 1
0.46654, 0.46141, 0.16712, 0.47989, 0.46092, 0.45167, 0.09761, 0.10621, 0
0.44799, 0.43732, 0.17344, 0.4835, 0.44224, 0.43476, 0.08108, 0.02697, 1
0.40906, 0.42129, 0.3436, 0.47527, 0.44089, 0.46022, 0.43101, 0.46989, 1
0.45453, 0.44054, 0.3328, 0.47562, 0.46702, 0.45584, 0.03789, 0.02605, 0
0.41746, 0.41069, 0.37814, 0.48971, 0.42299, 0.41653, 0.14822, 0.15115, 1
0.44885, 0.44009, 0.224, 0.47666, 0.45517, 0.44812, 0.00759, 0.00839, 1
0.44762, 0.44031, 0.24507, 0.48048, 0.45326, 0.45037, 0.02587, 0.02067, 1
0.43383, 0.4122, 0.31749, 0.48529, 0.41068, 0.38981, 0.3944, 0.40356, 1
0.4393, 0.44248, 0.37869, 0.4788, 0.44399, 0.46177, 0.19171, 0.10043, 0
0.45865, 0.44687, 0.31798, 0.47246, 0.47293, 0.45673, 0.02769, 0.01299, 1
0.44447, 0.4342, 0.23139, 0.48625, 0.44518, 0.43741, 0.06119, 0.07629, 0
0.44747, 0.44075, 0.22517, 0.47351, 0.4565, 0.45328, 0.05484, 0.04315, 1
0.45126, 0.4425, 0.20952, 0.47726, 0.45711, 0.45434, 0.00967, 0.0168, 0
0.4548, 0.44248, 0.2038, 0.47985, 0.45471, 0.44123, 0.08309, 0.12254, 0
0.43, 0.42677, 0.25084, 0.48641, 0.43542, 0.43563, 0.08917, 0.04149, 1
0.45083, 0.4414, 0.32432, 0.47499, 0.46099, 0.45064, 0.01286, 0.02076, 1
0.46001, 0.44732, 0.32475, 0.47292, 0.46622, 0.45449, 0.04999, 0.06846, 0
0.44068, 0.43267, 0.3628, 0.48743, 0.44091, 0.43503, 0.04934, 0.06294, 0
0.44835, 0.44687, 0.38809, 0.47339, 0.45994, 0.45991, 0.138, 0.14505, 1
0.45043, 0.439, 0.36058, 0.47828, 0.45476, 0.44348, 0.0451, 0.0508, 1
0.42764, 0.41349, 0.39794, 0.48704, 0.42006, 0.40457, 0.231, 0.25412, 0
0.45223, 0.44312, 0.50416, 0.4726, 0.4594, 0.45844, 0.03194, 0.0179, 0
0.45029, 0.44054, 0.51227, 0.4727, 0.45832, 0.4574, 0.02001, 0.05027, 0
0.44768, 0.43946, 0.50652, 0.4736, 0.45715, 0.45376, 0.0404, 0.03462, 1
0.13294, 0.1352, 0.46903, 0.65533, 0.13395, 0.13775, 0.05963, 0.07403, 1
0.44744, 0.43816, 0.18127, 0.48449, 0.44768, 0.44161, 0.03889, 0.06694, 0
0.45172, 0.4401, 0.187, 0.47265, 0.45976, 0.45992, 0.00752, 0.00921, 1
0.44829, 0.44075, 0.20926, 0.47569, 0.45487, 0.4488, 0.02532, 0.04915, 0
0.45498, 0.4414, 0.19689, 0.47167, 0.46366, 0.459, 0.02348, 0.03019, 1
0.45783, 0.44709, 0.235, 0.47023, 0.46706, 0.46642, 0.03958, 0.05872, 1
0.44553, 0.43748, 0.22409, 0.48201, 0.44177, 0.44601, 0.03262, 0.01983, 1
0.44587, 0.43922, 0.21468, 0.48085, 0.45168, 0.44918, 0.03584, 0.08009, 0
0.44293, 0.43269, 0.17709, 0.47811, 0.45038, 0.44615, 0.04134, 0.06472, 0
0.44376, 0.4442, 0.2946, 0.4825, 0.43298, 0.42376, 0.02603, 0.01792, 0
0.45747, 0.44722, 0.32018, 0.46902, 0.46041, 0.46395, 0.0325, 0.04843, 0
0.47839, 0.45831, 0.27845, 0.46961, 0.49405, 0.48898, 0.08951, 0.09872, 0
0.44096, 0.43208, 0.31167, 0.47735, 0.45178, 0.43999, 0.04527, 0.02277, 0
0.46215, 0.44378, 0.33235, 0.48013, 0.4597, 0.44551, 0.16713, 0.17613, 1
0.41617, 0.40268, 0.35866, 0.48639, 0.40308, 0.39757, 0.27008, 0.32659, 1
0.44047, 0.4358, 0.36607, 0.48216, 0.4365, 0.43549, 0.03267, 0.05429, 0
0.44849, 0.44032, 0.37387, 0.48163, 0.45129, 0.44919, 0.00831, 0.02481, 1
0.4522, 0.44205, 0.31437, 0.47802, 0.45673, 0.44985, 0.01847, 0.0023, 1
0.44517, 0.43688, 0.22354, 0.48449, 0.44019, 0.43107, 0.0714, 0.05896, 1
0.44549, 0.4399, 0.1897, 0.48325, 0.44192, 0.44022, 0.00621, 0.03849, 0
0.44602, 0.44031, 0.36364, 0.48342, 0.44602, 0.4422, 0.00839, 0.04122, 0
0.44384, 0.43836, 0.34491, 0.48259, 0.44714, 0.44602, 0.04054, 0.09056, 0
0.67802, 0.64502, 0.32295, 0.43863, 0.68484, 0.66942, 0.28624, 0.33995, 0
0.22535, 0.21821, 0.31408, 0.54633, 0.23132, 0.23627, 0.02993, 0.07576, 0
0.45285, 0.44424, 0.22808, 0.46895, 0.45936, 0.45394, 0.02075, 0.00233, 1
0.43929, 0.4318, 0.16185, 0.48274, 0.44697, 0.44018, 0.04817, 0.00931, 0
0.45709, 0.44272, 0.25891, 0.47308, 0.47713, 0.46357, 0.01814, 0.0355, 1
0.45313, 0.44448, 0.29989, 0.47723, 0.46167, 0.44864, 0.01602, 0.02448, 0
0.38604, 0.39887, 0.33542, 0.48207, 0.40473, 0.42076, 0.37722, 0.31629, 1
0.46027, 0.45171, 0.30773, 0.47596, 0.46565, 0.46366, 0.054, 0.0324, 0
0.45446, 0.44527, 0.298, 0.47962, 0.45571, 0.45545, 0.02043, 0.01394, 0
0.43678, 0.42781, 0.33261, 0.47616, 0.45148, 0.44135, 0.0693, 0.07018, 0
0.44189, 0.4401, 0.33757, 0.47462, 0.46022, 0.45207, 0.14636, 0.11316, 1
0.46557, 0.44533, 0.26221, 0.47188, 0.47898, 0.46174, 0.10227, 0.0671, 1
0.44857, 0.43508, 0.25785, 0.47969, 0.4564, 0.43915, 0.08879, 0.07433, 0
0.45602, 0.44764, 0.42817, 0.47851, 0.44948, 0.46302, 0.03197, 0.05125, 0
0.4467, 0.43256, 0.47776, 0.4747, 0.45702, 0.45194, 0.05065, 0.12952, 0
0.4362, 0.42778, 0.50615, 0.47543, 0.45366, 0.45142, 0.09177, 0.07539, 1
0.51084, 0.47849, 0.53408, 0.47291, 0.5046, 0.48296, 0.35687, 0.333, 0
0.45374, 0.44898, 0.51891, 0.47623, 0.46496, 0.46901, 0.13567, 0.16032, 1
0.44945, 0.44013, 0.50564, 0.48127, 0.44371, 0.44446, 0.04454, 0.03341, 1
0.46693, 0.45437, 0.46877, 0.46802, 0.47878, 0.47357, 0.06711, 0.05642, 1
0.43524, 0.42866, 0.48604, 0.48171, 0.4436, 0.43454, 0.06251, 0.08637, 1
0.45878, 0.4516, 0.49613, 0.47342, 0.46589, 0.45565, 0.06054, 0.02831, 1
0.42763, 0.42782, 0.41264, 0.47961, 0.43889, 0.4415, 0.15095, 0.12217, 0
0.48355, 0.49899, 0.32625, 0.47064, 0.5333, 0.57097, 0.75904, 0.77584, 1
0.4366, 0.42864, 0.23925, 0.47707, 0.44092, 0.44418, 0.06615, 0.03117, 0
0.4728, 0.45401, 0.26793, 0.47116, 0.49027, 0.49169, 0.06676, 0.12916, 0
0.45172, 0.43478, 0.26895, 0.47448, 0.46689, 0.47121, 0.04209, 0.10737, 0
0.44198, 0.43606, 0.22183, 0.4788, 0.45023, 0.44597, 0.05254, 0.08988, 1
0.45922, 0.44525, 0.29537, 0.47276, 0.46275, 0.45543, 0.0555, 0.09983, 1
0.44768, 0.43948, 0.36101, 0.48359, 0.44191, 0.43813, 0.0504, 0.08235, 1
0.45013, 0.44203, 0.27829, 0.47849, 0.45404, 0.44263, 0.0148, 0.04157, 1
0.44605, 0.43651, 0.29439, 0.48404, 0.44645, 0.43942, 0.05138, 0.04231, 0
0.44722, 0.44055, 0.29521, 0.48296, 0.44836, 0.44238, 0.00355, 0.03742, 0
0.44509, 0.43821, 0.27745, 0.47499, 0.45339, 0.4514, 0.04838, 0.04629, 0
0.45643, 0.4463, 0.24912, 0.47414, 0.46482, 0.45786, 0.0247, 0.02021, 1
0.45676, 0.44972, 0.17104, 0.46909, 0.46558, 0.46342, 0.07329, 0.11048, 0
0.45478, 0.44356, 0.32294, 0.47595, 0.45721, 0.4522, 0.03275, 0.0083, 0
0.49197, 0.46822, 0.34693, 0.47392, 0.48694, 0.4737, 0.24237, 0.20297, 0
0.44501, 0.44011, 0.34201, 0.48132, 0.44659, 0.44423, 0.04177, 0.03613, 1
0.45629, 0.44679, 0.32833, 0.47835, 0.45853, 0.46357, 0.0273, 0.0069, 1
0.45333, 0.44443, 0.24743, 0.4711, 0.46742, 0.46491, 0.06868, 0.02113, 1
0.46025, 0.44486, 0.23275, 0.47448, 0.46942, 0.46623, 0.02665, 0.02568, 0
0.45127, 0.4388, 0.26786, 0.47516, 0.4606, 0.45011, 0.03291, 0.07414, 1
0.4438, 0.43425, 0.24673, 0.48648, 0.44561, 0.43619, 0.05776, 0.03608, 0
0.45283, 0.44399, 0.42561, 0.47772, 0.45502, 0.45377, 0.0146, 0.02766, 0
0.45351, 0.4427, 0.44562, 0.47201, 0.45939, 0.45535, 0.01162, 0.04537, 0
0.45434, 0.44161, 0.14035, 0.47752, 0.45802, 0.45323, 0.04672, 0.13502, 1
0.45011, 0.43968, 0.09624, 0.47438, 0.45787, 0.45388, 0.00903, 0.02858, 0
0.43963, 0.43068, 0.12943, 0.48681, 0.44209, 0.4353, 0.06106, 0.04756, 1
0.45026, 0.44462, 0.13547, 0.48048, 0.45346, 0.44543, 0.03007, 0.02321, 0
0.46037, 0.45093, 0.33035, 0.46906, 0.47102, 0.47219, 0.07638, 0.07826, 0
0.45772, 0.45855, 0.38484, 0.47525, 0.46544, 0.45948, 0.15847, 0.15971, 1
0.44894, 0.43801, 0.36388, 0.47817, 0.45477, 0.45434, 0.02476, 0.03474, 0
0.48042, 0.46532, 0.36529, 0.47295, 0.47949, 0.47115, 0.13814, 0.1422, 1
0.43522, 0.43295, 0.45965, 0.47858, 0.44644, 0.44729, 0.12142, 0.17477, 0
0.46383, 0.45305, 0.44233, 0.46611, 0.47319, 0.46745, 0.05995, 0.05119, 1
0.45579, 0.44627, 0.34124, 0.46997, 0.46571, 0.46167, 0.04311, 0.08437, 1
0.45495, 0.44394, 0.14673, 0.47269, 0.46088, 0.45396, 0.02357, 0.04633, 0
0.42524, 0.42066, 0.16927, 0.48994, 0.42849, 0.42189, 0.0992, 0.08654, 1
0.4546, 0.43988, 0.44756, 0.48071, 0.45444, 0.44234, 0.10903, 0.12292, 0
0.44533, 0.43901, 0.46044, 0.484, 0.44962, 0.44102, 0.01512, 0.03567, 1
0.45319, 0.44271, 0.25621, 0.47947, 0.45656, 0.45208, 0.02474, 0.03709, 1
0.46228, 0.44249, 0.16884, 0.47355, 0.46617, 0.46039, 0.11655, 0.08987, 1
0.42345, 0.4112, 0.20524, 0.48636, 0.40815, 0.39833, 0.24699, 0.29336, 1
0.46499, 0.4565, 0.3207, 0.4741, 0.46489, 0.46109, 0.07395, 0.03616, 0
0.42268, 0.41493, 0.36192, 0.48648, 0.42702, 0.41972, 0.13074, 0.02782, 1
0.41063, 0.41981, 0.37741, 0.47824, 0.43024, 0.42433, 0.26118, 0.30993, 1
0.47103, 0.46764, 0.36979, 0.47152, 0.49224, 0.48532, 0.23673, 0.25252, 1
0.45293, 0.44314, 0.33029, 0.47388, 0.46786, 0.45379, 0.03571, 0.02447, 1
0.71125, 0.69681, 0.22764, 0.35088, 0.71779, 0.70264, 0.0333, 0.05691, 0
0.44859, 0.44204, 0.23792, 0.48276, 0.45185, 0.44596, 0.0149, 0.0199, 0
0.44941, 0.44161, 0.25919, 0.4767, 0.45558, 0.45413, 0.02872, 0.08486, 0
0.44052, 0.43327, 0.29502, 0.48632, 0.44091, 0.42937, 0.05111, 0.09651, 0
0.45657, 0.4487, 0.13437, 0.46814, 0.46409, 0.46168, 0.05766, 0.05492, 1
0.42854, 0.42906, 0.15489, 0.48216, 0.42728, 0.41996, 0.09068, 0.01976, 1
0.46745, 0.46288, 0.16933, 0.4752, 0.46922, 0.45668, 0.11176, 0.02721, 1
0.45746, 0.44868, 0.17155, 0.46951, 0.4671, 0.46619, 0.06034, 0.06329, 1
0.4448, 0.43838, 0.2677, 0.47988, 0.45035, 0.44906, 0.04701, 0.09164, 0
0.45386, 0.44528, 0.25907, 0.47339, 0.46058, 0.46213, 0.03954, 0.0499, 0
0.45931, 0.44939, 0.24614, 0.46985, 0.4685, 0.46267, 0.04514, 0.02792, 1
0.44082, 0.43429, 0.285, 0.48329, 0.44616, 0.44553, 0.04403, 0.01398, 1
0.44377, 0.43774, 0.20225, 0.48182, 0.44885, 0.44737, 0.04293, 0.01822, 0
0.44706, 0.44118, 0.17683, 0.47432, 0.45531, 0.45611, 0.06843, 0.05431, 0
0.45499, 0.44528, 0.15179, 0.47001, 0.46389, 0.46304, 0.03953, 0.07178, 0
0.45101, 0.44011, 0.15038, 0.47241, 0.45997, 0.45703, 0.0104, 0.02422, 0
0.44641, 0.44097, 0.18605, 0.48384, 0.45039, 0.44423, 0.02704, 0.01398, 0
0.44538, 0.43515, 0.14957, 0.48212, 0.44983, 0.44567, 0.03247, 0.01823, 0
0.44819, 0.4414, 0.14655, 0.47816, 0.45418, 0.45298, 0.03424, 0.02485, 1
0.44367, 0.43573, 0.30302, 0.47678, 0.45179, 0.44997, 0.04069, 0.0465, 0
0.45001, 0.44337, 0.32122, 0.47278, 0.45994, 0.45527, 0.05943, 0.07862, 0
0.44606, 0.43769, 0.2777, 0.47753, 0.4522, 0.44481, 0.02009, 0.03427, 0
0.43284, 0.43158, 0.27943, 0.47811, 0.44563, 0.44547, 0.13591, 0.17628, 1
0.4562, 0.44206, 0.26792, 0.48207, 0.45334, 0.44058, 0.11682, 0.08961, 1
0.4445, 0.43222, 0.18632, 0.47841, 0.45356, 0.4448, 0.05124, 0.03265, 1
0.43549, 0.41894, 0.15794, 0.48434, 0.43643, 0.43279, 0.16124, 0.19676, 1
0.46486, 0.44184, 0.16111, 0.47555, 0.47796, 0.49128, 0.01673, 0.05725, 1
0.47043, 0.44097, 0.24793, 0.47152, 0.50267, 0.51802, 0.0128, 0.01903, 0
0.3388, 0.34408, 0.26504, 0.49137, 0.3489, 0.33582, 0.46959, 0.50505, 1
0.45186, 0.43599, 0.38018, 0.47565, 0.45791, 0.45155, 0.07658, 0.02601, 1
0.40118, 0.40128, 0.37111, 0.48977, 0.40677, 0.39913, 0.19862, 0.21019, 1
0.44455, 0.43837, 0.304, 0.47471, 0.45876, 0.46376, 0.10049, 0.07203, 0
0.41813, 0.4221, 0.30672, 0.47545, 0.44549, 0.45484, 0.29739, 0.35427, 1
0.44076, 0.43204, 0.26464, 0.47619, 0.45663, 0.43876, 0.05284, 0.02444, 1
0.44862, 0.43661, 0.25536, 0.48011, 0.45871, 0.44892, 0.03235, 0.01674, 1
0.44836, 0.44314, 0.34877, 0.48171, 0.44948, 0.44853, 0.03225, 0.03362, 0
0.4346, 0.4414, 0.43499, 0.48384, 0.41272, 0.38859, 0.05945, 0.06695, 0
0.42691, 0.43723, 0.45264, 0.48462, 0.41276, 0.39891, 0.06171, 0.0234, 1
0.45397, 0.44557, 0.44688, 0.48038, 0.44853, 0.44678, 0.03326, 0.04745, 0
0.43933, 0.42628, 0.43452, 0.48383, 0.44224, 0.43683, 0.09755, 0.0376, 1
0.44916, 0.4414, 0.23467, 0.48193, 0.44779, 0.4448, 0.0092, 0.04449, 1
0.2223, 0.21801, 0.24373, 0.57239, 0.22545, 0.23423, 0.03142, 0.04476, 1
0.44151, 0.43455, 0.3696, 0.48116, 0.44648, 0.44113, 0.03284, 0.04089, 1
0.50723, 0.48192, 0.37481, 0.47275, 0.50217, 0.49398, 0.28568, 0.34153, 1
0.43881, 0.4414, 0.35167, 0.4823, 0.43742, 0.43276, 0.10123, 0.03506, 0
0.44921, 0.44229, 0.22781, 0.47303, 0.45867, 0.4588, 0.06116, 0.06411, 0
0.4654, 0.4548, 0.26561, 0.47128, 0.47231, 0.46142, 0.06582, 0.02701, 1
0.4672, 0.45325, 0.28094, 0.47406, 0.46851, 0.45689, 0.08666, 0.05288, 0
0.43824, 0.42782, 0.27367, 0.4855, 0.44001, 0.43471, 0.08351, 0.03983, 0
0.43217, 0.43329, 0.26311, 0.48249, 0.44061, 0.43908, 0.13024, 0.0587, 1
0.45898, 0.44776, 0.20229, 0.47961, 0.45921, 0.45064, 0.06036, 0.08003, 1
0.45227, 0.44162, 0.18321, 0.47242, 0.45738, 0.45196, 0.01474, 0.06446, 1
0.4299, 0.43333, 0.18929, 0.48037, 0.44149, 0.44271, 0.179, 0.17161, 1
0.4477, 0.43965, 0.18908, 0.47471, 0.45807, 0.45249, 0.03546, 0.0366, 0
0.44634, 0.43944, 0.18973, 0.47458, 0.45834, 0.45063, 0.06267, 0.05972, 1
0.42886, 0.42395, 0.15043, 0.47941, 0.4398, 0.44561, 0.11432, 0.15634, 0
0.44706, 0.43965, 0.15661, 0.4807, 0.45296, 0.4513, 0.02486, 0.01849, 0
0.45629, 0.44423, 0.20823, 0.47989, 0.45564, 0.44799, 0.06364, 0.03651, 0
0.45411, 0.44672, 0.32726, 0.47255, 0.46325, 0.46016, 0.06661, 0.08049, 0
0.45047, 0.43389, 0.28129, 0.48092, 0.45102, 0.4434, 0.1146, 0.15376, 0
0.44599, 0.43875, 0.16123, 0.47775, 0.45253, 0.44783, 0.0301, 0.0432, 1
0.43829, 0.43853, 0.17266, 0.47845, 0.44897, 0.45024, 0.14468, 0.17417, 1
0.46095, 0.45742, 0.25774, 0.47304, 0.47297, 0.48096, 0.15991, 0.16017, 0
0.4495, 0.43718, 0.24295, 0.47402, 0.46321, 0.46358, 0.0419, 0.17397, 0
0.44111, 0.43302, 0.19661, 0.48216, 0.44337, 0.4342, 0.0461, 0.01025, 1
0.47217, 0.46017, 0.16893, 0.47301, 0.47322, 0.4679, 0.09748, 0.05782, 1
0.45337, 0.44383, 0.17052, 0.47881, 0.45828, 0.46173, 0.01951, 0.01837, 0
0.4517, 0.4434, 0.1525, 0.48028, 0.45385, 0.45319, 0.01067, 0.01872, 1
0.43899, 0.42619, 0.15356, 0.48626, 0.43214, 0.42124, 0.15767, 0.22713, 0
0.43668, 0.43392, 0.24334, 0.48097, 0.44496, 0.44543, 0.10016, 0.12831, 1
0.43982, 0.44118, 0.24874, 0.48171, 0.44403, 0.44591, 0.1231, 0.18796, 0
0.46311, 0.45282, 0.21911, 0.47298, 0.47062, 0.4619, 0.05814, 0.06275, 1
0.44079, 0.42846, 0.23467, 0.48599, 0.44095, 0.43509, 0.10099, 0.13335, 0
0.43081, 0.41528, 0.24727, 0.48211, 0.43619, 0.43061, 0.15827, 0.2225, 0
0.44915, 0.44343, 0.21907, 0.47199, 0.46412, 0.46439, 0.10937, 0.10464, 0
0.45169, 0.44432, 0.18808, 0.47955, 0.4548, 0.45527, 0.02411, 0.02085, 1
0.46695, 0.45122, 0.24296, 0.47643, 0.46503, 0.45497, 0.11681, 0.10723, 0
0.46649, 0.44565, 0.23047, 0.47182, 0.47444, 0.47529, 0.08858, 0.06922, 0
0.45596, 0.44275, 0.19822, 0.47755, 0.45973, 0.4497, 0.05834, 0.06392, 1
0.43598, 0.43248, 0.19934, 0.48574, 0.44206, 0.43685, 0.06845, 0.05787, 1
0.42488, 0.41864, 0.24734, 0.49, 0.42518, 0.41742, 0.11375, 0.1217, 0
0.43082, 0.42414, 0.22879, 0.48148, 0.44026, 0.43065, 0.08391, 0.08732, 1
0.46032, 0.45404, 0.22629, 0.47248, 0.4686, 0.46045, 0.08089, 0.07901, 1
0.44443, 0.4352, 0.15885, 0.47509, 0.4536, 0.45265, 0.04004, 0.05643, 1
0.44324, 0.43676, 0.161, 0.48486, 0.44117, 0.42921, 0.04589, 0.07753, 0
0.45812, 0.44362, 0.14386, 0.47715, 0.46077, 0.45935, 0.0585, 0.05934, 0
0.45085, 0.44361, 0.15458, 0.48266, 0.45262, 0.44381, 0.01297, 0.03299, 1
0.46786, 0.4503, 0.16285, 0.47268, 0.47552, 0.46222, 0.09117, 0.08263, 1
0.4482, 0.43691, 0.20855, 0.4735, 0.46334, 0.46715, 0.04794, 0.05192, 1
0.45078, 0.4432, 0.17227, 0.47929, 0.45292, 0.44643, 0.01636, 0.05044, 0
0.44919, 0.44006, 0.15472, 0.47634, 0.45332, 0.44888, 0.00573, 0.00718, 0
0.45174, 0.44253, 0.14391, 0.4748, 0.45774, 0.45595, 0.01636, 0.01244, 0
0.44794, 0.43916, 0.11963, 0.47528, 0.45512, 0.45309, 0.02283, 0.00863, 1
0.46862, 0.45947, 0.18262, 0.47981, 0.46005, 0.45307, 0.10649, 0.03928, 0
0.09088, 0.10186, 0.22604, 0.50341, 0.11646, 0.14896, 0.40784, 0.3512, 1
0.48295, 0.46989, 0.19981, 0.47086, 0.48347, 0.4747, 0.14566, 0.15108, 0
0.57408, 0.56874, 0.28738, 0.4405, 0.59183, 0.58868, 0.14708, 0.12134, 1
0.43885, 0.42207, 0.30252, 0.48034, 0.44523, 0.43717, 0.13902, 0.09859, 1
0.44644, 0.43829, 0.32252, 0.47976, 0.45216, 0.44161, 0.01502, 0.04113, 0
0.44361, 0.43807, 0.31955, 0.47946, 0.45188, 0.45118, 0.05775, 0.07018, 0
0.45347, 0.44541, 0.31571, 0.47498, 0.46257, 0.46022, 0.05079, 0.02878, 1
0.45079, 0.44251, 0.22363, 0.47176, 0.46064, 0.45978, 0.04862, 0.04658, 1
0.45094, 0.44977, 0.25021, 0.48228, 0.43086, 0.41863, 0.06189, 0.05189, 0
0.44198, 0.43503, 0.27827, 0.48304, 0.44151, 0.44691, 0.03493, 0.11514, 0
0.42723, 0.41982, 0.27557, 0.47911, 0.43917, 0.43436, 0.11143, 0.01644, 0
0.45186, 0.44295, 0.26842, 0.47721, 0.4581, 0.44689, 0.00852, 0.01882, 1
0.46953, 0.44074, 0.21705, 0.47361, 0.48888, 0.49628, 0.1003, 0.06746, 0
0.45446, 0.44607, 0.1956, 0.47584, 0.46212, 0.45279, 0.02786, 0.07394, 1
0.43859, 0.43076, 0.18951, 0.48873, 0.44344, 0.43706, 0.05115, 0.07786, 1
0.46282, 0.44737, 0.18984, 0.48171, 0.45246, 0.443, 0.16535, 0.13898, 0
0.45912, 0.44251, 0.19187, 0.47713, 0.46018, 0.4615, 0.07423, 0.07536, 1
0.41109, 0.41382, 0.21567, 0.48371, 0.42038, 0.42201, 0.18995, 0.23148, 1
0.45282, 0.4447, 0.23107, 0.48286, 0.44994, 0.43958, 0.04725, 0.02535, 0
0.47977, 0.4663, 0.23948, 0.46513, 0.48632, 0.48322, 0.1212, 0.13161, 0
0.45103, 0.43986, 0.17323, 0.47964, 0.45443, 0.44651, 0.03368, 0.04067, 0
0.44916, 0.44206, 0.15866, 0.47884, 0.45487, 0.45024, 0.02971, 0.02044, 1
0.4485, 0.43548, 0.12244, 0.48404, 0.44565, 0.43787, 0.10635, 0.14711, 0
0.4551, 0.44162, 0.13149, 0.47225, 0.46776, 0.4704, 0.02587, 0.1199, 0
0.44981, 0.43592, 0.17019, 0.48182, 0.43905, 0.43335, 0.13448, 0.13724, 0
0.46049, 0.44602, 0.20212, 0.47563, 0.46436, 0.45664, 0.06675, 0.05457, 1
0.449, 0.43701, 0.21064, 0.48384, 0.45065, 0.44171, 0.07089, 0.07922, 1
0.45018, 0.44206, 0.22064, 0.48275, 0.45136, 0.44411, 0.01529, 0.02147, 0
0.46076, 0.44973, 0.20989, 0.47056, 0.46499, 0.46033, 0.04318, 0.00934, 1
0.45556, 0.44449, 0.36941, 0.47227, 0.46486, 0.45532, 0.01845, 0.01647, 0
0.50649, 0.47528, 0.33222, 0.47459, 0.49443, 0.47557, 0.35487, 0.36542, 0
0.45835, 0.44536, 0.24122, 0.47848, 0.4628, 0.45224, 0.06045, 0.03839, 0
0.44238, 0.43833, 0.25666, 0.48431, 0.44875, 0.44318, 0.05503, 0.03281, 1
0.45303, 0.44645, 0.2728, 0.47864, 0.45713, 0.45117, 0.03359, 0.05872, 1
0.43652, 0.43177, 0.29605, 0.48517, 0.44367, 0.44134, 0.06989, 0.04363, 1
0.46454, 0.44999, 0.20742, 0.47733, 0.46448, 0.45224, 0.10466, 0.09757, 0
0.45101, 0.44009, 0.18361, 0.47765, 0.45417, 0.45024, 0.02806, 0.07443, 1
0.43197, 0.42739, 0.24485, 0.48709, 0.42931, 0.42263, 0.06859, 0.02981, 1
0.42778, 0.42331, 0.33746, 0.47942, 0.44059, 0.43847, 0.11716, 0.13976, 0
0.47642, 0.4558, 0.35956, 0.4702, 0.48375, 0.47439, 0.12843, 0.12477, 0
0.43269, 0.42926, 0.37578, 0.48632, 0.43806, 0.43352, 0.07731, 0.01223, 1
0.43608, 0.42598, 0.20651, 0.48836, 0.44207, 0.43916, 0.01473, 0.0531, 1
0.44763, 0.43942, 0.22478, 0.47716, 0.45403, 0.45237, 0.02716, 0.01024, 0
0.4488, 0.44251, 0.1751, 0.48272, 0.44835, 0.44463, 0.00737, 0.01644, 0
0.45605, 0.44714, 0.20877, 0.47549, 0.45911, 0.45812, 0.03016, 0.01468, 0
0.45794, 0.44824, 0.21767, 0.46735, 0.46439, 0.46066, 0.03711, 0.05093, 1
0.45346, 0.44074, 0.22547, 0.47478, 0.45821, 0.45211, 0.04059, 0.06338, 0
0.44513, 0.43678, 0.22921, 0.482, 0.45043, 0.44436, 0.02127, 0.03846, 0
0.42044, 0.41525, 0.20134, 0.48144, 0.43096, 0.43066, 0.13397, 0.15894, 0
0.43459, 0.43192, 0.20896, 0.48682, 0.43961, 0.43366, 0.06827, 0.01646, 1
0.45554, 0.44384, 0.17957, 0.47883, 0.45899, 0.45279, 0.03917, 0.04096, 0
0.46382, 0.4516, 0.15993, 0.46953, 0.47015, 0.46877, 0.05028, 0.02362, 0
0.45263, 0.4434, 0.10813, 0.47106, 0.46, 0.45802, 0.02801, 0.0, 1
0.45591, 0.44406, 0.11447, 0.47025, 0.46195, 0.45802, 0.02168, 0.00708, 1
0.45308, 0.44295, 0.1312, 0.4821, 0.45469, 0.44581, 0.03794, 0.02249, 0
0.44866, 0.44495, 0.14933, 0.47239, 0.46308, 0.46219, 0.12914, 0.10993, 1
0.45737, 0.44629, 0.21564, 0.47104, 0.4667, 0.45912, 0.02472, 0.01788, 0
0.45741, 0.44296, 0.34197, 0.47859, 0.46064, 0.45212, 0.07117, 0.05824, 1
0.44324, 0.43652, 0.33447, 0.48449, 0.44484, 0.4357, 0.02435, 0.01658, 1
0.42265, 0.42434, 0.33704, 0.48214, 0.4319, 0.43949, 0.17555, 0.20019, 1
0.44577, 0.43853, 0.20282, 0.48236, 0.44817, 0.44086, 0.01332, 0.02866, 0
0.45252, 0.4414, 0.51345, 0.47288, 0.45904, 0.45235, 0.01643, 0.01207, 0
0.44574, 0.43748, 0.49352, 0.47864, 0.45287, 0.44641, 0.02196, 0.01394, 1
0.44321, 0.43137, 0.20175, 0.47572, 0.45514, 0.44799, 0.04739, 0.01452, 0
0.45581, 0.44315, 0.22187, 0.47302, 0.46287, 0.45355, 0.03595, 0.02832, 1
0.44586, 0.43617, 0.26472, 0.48052, 0.45041, 0.44073, 0.03139, 0.02586, 1
0.44298, 0.43772, 0.31874, 0.48377, 0.44583, 0.4379, 0.02465, 0.02623, 1
0.45, 0.44227, 0.17869, 0.47333, 0.45832, 0.45523, 0.03841, 0.02812, 0
0.4493, 0.43662, 0.28531, 0.48099, 0.4521, 0.44247, 0.07072, 0.07587, 1
0.45048, 0.44335, 0.21511, 0.48225, 0.45079, 0.44313, 0.01108, 0.06758, 0
0.47087, 0.45445, 0.16936, 0.47187, 0.47339, 0.46052, 0.11267, 0.14378, 0
0.45533, 0.44249, 0.18398, 0.47397, 0.46315, 0.45973, 0.0126, 0.01411, 0
0.45677, 0.44575, 0.18391, 0.47466, 0.46221, 0.45274, 0.02976, 0.02444, 1
0.43266, 0.42924, 0.16578, 0.48495, 0.43935, 0.43984, 0.08848, 0.10088, 0
0.44505, 0.43965, 0.30849, 0.47608, 0.45281, 0.44944, 0.06081, 0.03291, 1
0.45622, 0.44359, 0.40773, 0.47984, 0.45782, 0.45143, 0.06148, 0.07641, 0
0.44779, 0.439, 0.27593, 0.4861, 0.45106, 0.44387, 0.01804, 0.07816, 0
0.42878, 0.4226, 0.20163, 0.49093, 0.43421, 0.42864, 0.09016, 0.08933, 1
0.44057, 0.4235, 0.17058, 0.48457, 0.43669, 0.42523, 0.18346, 0.20537, 1
0.43095, 0.42768, 0.19559, 0.48493, 0.4298, 0.42819, 0.06767, 0.08731, 0
0.42963, 0.4253, 0.26497, 0.48739, 0.42902, 0.42136, 0.07837, 0.03042, 1
0.46295, 0.44973, 0.28461, 0.47454, 0.473, 0.45395, 0.05637, 0.04046, 0
0.44914, 0.43987, 0.23522, 0.48283, 0.45393, 0.44851, 0.00968, 0.00404, 1
0.42844, 0.41732, 0.55315, 0.48347, 0.4339, 0.43138, 0.11863, 0.17434, 0
0.46492, 0.4508, 0.30589, 0.47382, 0.47033, 0.46992, 0.06198, 0.0493, 1
0.45179, 0.44182, 0.18921, 0.48091, 0.4543, 0.45037, 0.01985, 0.03985, 0
0.45208, 0.44311, 0.11356, 0.47476, 0.46021, 0.45878, 0.03173, 0.01422, 0
0.44924, 0.4399, 0.10882, 0.47328, 0.45819, 0.45619, 0.02575, 0.04549, 0
0.44161, 0.44225, 0.19012, 0.47921, 0.44887, 0.45412, 0.141, 0.1661, 0
0.45755, 0.44418, 0.16913, 0.47623, 0.4635, 0.46022, 0.02892, 0.04632, 1
0.45611, 0.44289, 0.13145, 0.47737, 0.45933, 0.45413, 0.05073, 0.0553, 1
0.44425, 0.4351, 0.24509, 0.48186, 0.45027, 0.44655, 0.02956, 0.01009, 0
0.48274, 0.46052, 0.28767, 0.47584, 0.47748, 0.46735, 0.20904, 0.21605, 0
0.46274, 0.45355, 0.28642, 0.46774, 0.46912, 0.46982, 0.07078, 0.06691, 0
0.45266, 0.44292, 0.26831, 0.4718, 0.46393, 0.46195, 0.0408, 0.06416, 0
0.46483, 0.4499, 0.27069, 0.47142, 0.47515, 0.46463, 0.05807, 0.02816, 1
0.4865, 0.46423, 0.2662, 0.4752, 0.47938, 0.46038, 0.23832, 0.21326, 1
0.45247, 0.44378, 0.33384, 0.47131, 0.46405, 0.46441, 0.06636, 0.06835, 0
0.45507, 0.44357, 0.34033, 0.47142, 0.46638, 0.46389, 0.0262, 0.03125, 1
0.45553, 0.44596, 0.4052, 0.4696, 0.46621, 0.46273, 0.04297, 0.06528, 0
0.43843, 0.43382, 0.3463, 0.4862, 0.4415, 0.43304, 0.0399, 0.06723, 0
0.44751, 0.4414, 0.25272, 0.47462, 0.45526, 0.45221, 0.05256, 0.03498, 1
0.70673, 0.69057, 0.44551, 0.36502, 0.7169, 0.70647, 0.0145, 0.03228, 1
0.45133, 0.44376, 0.44952, 0.47192, 0.46311, 0.46274, 0.06936, 0.06571, 1
0.45168, 0.44183, 0.45045, 0.48083, 0.4546, 0.45024, 0.01643, 0.03819, 0
0.44706, 0.43861, 0.45264, 0.48792, 0.45088, 0.44673, 0.01242, 0.05444, 0
0.44364, 0.43496, 0.37851, 0.4815, 0.45116, 0.44568, 0.03136, 0.08307, 0
0.46254, 0.45043, 0.39103, 0.46624, 0.46966, 0.46366, 0.04551, 0.01653, 0
0.44055, 0.43603, 0.42076, 0.48422, 0.44718, 0.44347, 0.05607, 0.04368, 1
0.46525, 0.45408, 0.42919, 0.47187, 0.46917, 0.46235, 0.06387, 0.06417, 1
0.45209, 0.4429, 0.42216, 0.48207, 0.45278, 0.44425, 0.03682, 0.03179, 0
0.46364, 0.44922, 0.40936, 0.47473, 0.46597, 0.45267, 0.09011, 0.09994, 1
0.45167, 0.44161, 0.52789, 0.47952, 0.45539, 0.44972, 0.01777, 0.03829, 1
0.45406, 0.44478, 0.56455, 0.46964, 0.4592, 0.4551, 0.01812, 0.01032, 0
0.44606, 0.43739, 0.56278, 0.48378, 0.44856, 0.44461, 0.02115, 0.02593, 0
0.44824, 0.44097, 0.49383, 0.47624, 0.45497, 0.44947, 0.03353, 0.03838, 0
0.43756, 0.43127, 0.35126, 0.48844, 0.44313, 0.43643, 0.05041, 0.05188, 1
0.19696, 0.18856, 0.28535, 0.58589, 0.1913, 0.18756, 0.1081, 0.12126, 1
0.45111, 0.4397, 0.16946, 0.47235, 0.46178, 0.4578, 0.01429, 0.00597, 1
0.48779, 0.46311, 0.16831, 0.47046, 0.4895, 0.48333, 0.18435, 0.21442, 0
0.41174, 0.40391, 0.18986, 0.4852, 0.4186, 0.41752, 0.18116, 0.20573, 1
0.45487, 0.44375, 0.41607, 0.47827, 0.45719, 0.45205, 0.03454, 0.03318, 0
0.44924, 0.43925, 0.37961, 0.47543, 0.45658, 0.45037, 0.01076, 0.03027, 1
0.44858, 0.44097, 0.26687, 0.48016, 0.45219, 0.44582, 0.00207, 0.0281, 0
0.46895, 0.45773, 0.21974, 0.46466, 0.47516, 0.46964, 0.08001, 0.12295, 1
0.44942, 0.43453, 0.19673, 0.47917, 0.45342, 0.4466, 0.08351, 0.14235, 1
0.45256, 0.44392, 0.44608, 0.48117, 0.45595, 0.44896, 0.01423, 0.02345, 0
0.4543, 0.44457, 0.46876, 0.47827, 0.45903, 0.44345, 0.03575, 0.03195, 1
0.45785, 0.44582, 0.33809, 0.47963, 0.45725, 0.45228, 0.05737, 0.02648, 0
0.45179, 0.4378, 0.16605, 0.47258, 0.46572, 0.46458, 0.01778, 0.02947, 0
0.45412, 0.44372, 0.28279, 0.47371, 0.45939, 0.45254, 0.01871, 0.02221, 1
0.43935, 0.43316, 0.29198, 0.48889, 0.44359, 0.43936, 0.04257, 0.0411, 1
0.45719, 0.4492, 0.28612, 0.47992, 0.45557, 0.44538, 0.04788, 0.05913, 0
0.44768, 0.44329, 0.28774, 0.48074, 0.45128, 0.45113, 0.05385, 0.07206, 0
0.45306, 0.44118, 0.13547, 0.47851, 0.45817, 0.45062, 0.03534, 0.02353, 0
0.45443, 0.44499, 0.1453, 0.47872, 0.45807, 0.44998, 0.02317, 0.03131, 0
0.455, 0.44462, 0.21311, 0.47658, 0.45854, 0.45427, 0.02192, 0.01816, 0
0.44647, 0.43818, 0.2595, 0.47589, 0.45408, 0.45011, 0.029, 0.03823, 1
0.45368, 0.44462, 0.26335, 0.4701, 0.46125, 0.45727, 0.02718, 0.00998, 1
0.44713, 0.4399, 0.2752, 0.48051, 0.4533, 0.44685, 0.02241, 0.01274, 1
0.4513, 0.4414, 0.25169, 0.47691, 0.45623, 0.45193, 0.00548, 0.02423, 0
0.44041, 0.43092, 0.25764, 0.48569, 0.43248, 0.42055, 0.12142, 0.13962, 1
0.44576, 0.43712, 0.30793, 0.48102, 0.44842, 0.44855, 0.01969, 0.00822, 0
0.46071, 0.44998, 0.4157, 0.47033, 0.47116, 0.46259, 0.04543, 0.0662, 1
0.45922, 0.45468, 0.40716, 0.47342, 0.46689, 0.46855, 0.11809, 0.11767, 1
0.45371, 0.44225, 0.37365, 0.47335, 0.46041, 0.45725, 0.01356, 0.05386, 1
0.45828, 0.44525, 0.35154, 0.47491, 0.46166, 0.45037, 0.05886, 0.04945, 0
0.45759, 0.45104, 0.30666, 0.4736, 0.46365, 0.45803, 0.0641, 0.04862, 0
0.43916, 0.43241, 0.24371, 0.48247, 0.44603, 0.44064, 0.05014, 0.04184, 1
0.44179, 0.43562, 0.163, 0.4874, 0.44493, 0.43961, 0.02889, 0.02175, 1
0.45367, 0.44328, 0.48997, 0.47968, 0.45629, 0.45138, 0.02337, 0.03603, 0
0.45449, 0.43803, 0.53602, 0.47239, 0.46692, 0.46465, 0.03356, 0.01028, 1
0.45167, 0.44224, 0.59898, 0.4712, 0.45749, 0.45228, 0.00537, 0.02141, 0
0.44586, 0.43971, 0.14549, 0.47548, 0.45385, 0.44973, 0.05148, 0.02587, 1
0.46537, 0.45107, 0.13559, 0.47566, 0.46623, 0.45649, 0.09241, 0.19969, 0
0.44038, 0.43133, 0.1515, 0.48571, 0.43702, 0.4285, 0.08044, 0.03155, 0
0.43891, 0.43699, 0.15493, 0.48419, 0.4399, 0.43867, 0.05636, 0.03932, 1
0.45616, 0.44622, 0.25412, 0.47154, 0.46132, 0.45444, 0.02457, 0.02136, 1
0.44562, 0.43783, 0.29607, 0.48556, 0.44837, 0.44261, 0.01656, 0.01565, 0
0.44818, 0.43948, 0.57682, 0.4842, 0.45123, 0.44636, 0.01349, 0.01591, 0
0.44803, 0.43777, 0.57708, 0.48453, 0.45181, 0.44727, 0.02698, 0.01981, 0
0.44771, 0.43777, 0.53507, 0.47695, 0.45394, 0.44843, 0.01794, 0.01203, 1
0.45321, 0.44289, 0.41963, 0.47909, 0.45884, 0.45127, 0.01968, 0.02174, 0
0.4529, 0.44247, 0.46078, 0.47469, 0.46126, 0.46073, 0.02925, 0.03067, 1
0.4479, 0.43926, 0.43522, 0.48261, 0.45265, 0.44609, 0.01072, 0.01494, 0
0.44973, 0.43969, 0.3722, 0.48264, 0.45388, 0.44752, 0.02093, 0.02687, 1
0.44519, 0.44455, 0.14957, 0.47493, 0.45622, 0.45611, 0.14171, 0.11699, 0
0.44066, 0.43393, 0.14384, 0.4823, 0.44757, 0.44442, 0.04748, 0.03799, 1
0.68873, 0.66829, 0.18011, 0.38445, 0.69924, 0.6898, 0.08263, 0.10884, 0
0.72011, 0.6977, 0.1842, 0.37532, 0.7287, 0.71555, 0.09961, 0.10403, 1
0.44444, 0.43551, 0.24001, 0.48367, 0.44696, 0.44527, 0.02874, 0.02159, 1
0.45048, 0.44413, 0.25613, 0.47553, 0.45762, 0.45533, 0.05122, 0.05524, 1
0.44804, 0.44139, 0.23181, 0.47607, 0.45588, 0.44998, 0.03696, 0.02428, 1
0.44694, 0.43866, 0.20087, 0.47702, 0.45431, 0.45151, 0.02748, 0.01918, 1
0.45317, 0.44413, 0.20261, 0.46968, 0.46061, 0.45687, 0.02547, 0.02551, 0
0.44458, 0.43298, 0.16879, 0.48503, 0.44773, 0.43889, 0.07027, 0.06956, 0
0.45142, 0.44268, 0.19081, 0.48259, 0.44937, 0.44713, 0.02434, 0.04369, 1
0.45326, 0.43885, 0.1794, 0.47673, 0.46401, 0.44214, 0.07355, 0.07254, 1
0.44676, 0.44076, 0.29515, 0.48211, 0.44831, 0.44259, 0.00744, 0.03618, 0
0.44905, 0.43798, 0.36509, 0.48297, 0.45036, 0.44298, 0.05406, 0.07883, 0
0.44535, 0.4352, 0.52936, 0.48288, 0.45047, 0.44557, 0.03222, 0.02988, 0
0.45126, 0.44076, 0.52746, 0.47368, 0.45778, 0.45231, 0.00744, 0.0114, 0
0.45105, 0.44161, 0.14294, 0.47521, 0.45595, 0.4514, 0.00206, 0.01269, 0
0.44532, 0.4365, 0.20771, 0.47713, 0.45246, 0.44391, 0.02261, 0.0394, 0
0.44477, 0.44246, 0.15588, 0.48396, 0.43621, 0.42066, 0.0395, 0.05004, 0
0.45152, 0.4414, 0.13669, 0.48044, 0.44953, 0.45011, 0.03371, 0.01483, 0
0.44966, 0.43758, 0.16812, 0.48186, 0.45216, 0.44548, 0.05427, 0.01375, 0
0.45223, 0.43756, 0.25897, 0.47342, 0.46969, 0.4607, 0.02372, 0.02499, 1
0.45015, 0.43692, 0.35958, 0.48022, 0.45443, 0.4505, 0.05399, 0.0388, 0
0.43906, 0.43416, 0.32473, 0.4873, 0.44301, 0.4394, 0.04789, 0.04472, 0
0.44951, 0.43586, 0.32216, 0.48156, 0.45095, 0.44417, 0.08411, 0.06147, 0
0.44567, 0.43842, 0.32114, 0.48374, 0.44737, 0.43837, 0.01826, 0.02359, 0
0.44605, 0.43991, 0.31331, 0.4825, 0.44941, 0.44314, 0.02222, 0.02359, 1
0.45277, 0.44417, 0.30429, 0.47924, 0.45653, 0.45385, 0.01605, 0.04037, 1
0.41474, 0.40028, 0.26724, 0.48769, 0.40541, 0.38628, 0.30195, 0.31479, 0
0.45453, 0.44528, 0.34764, 0.46621, 0.46107, 0.45625, 0.02345, 0.00829, 0
0.45972, 0.44985, 0.42286, 0.46797, 0.46867, 0.46599, 0.05301, 0.06404, 1
0.44506, 0.43664, 0.33934, 0.47675, 0.45275, 0.44945, 0.02962, 0.02115, 1
0.43757, 0.43946, 0.18759, 0.48256, 0.42884, 0.42285, 0.05459, 0.02328, 1
0.45629, 0.44248, 0.17253, 0.47386, 0.47315, 0.47439, 0.01578, 0.00611, 1
0.44571, 0.43842, 0.21038, 0.48556, 0.44834, 0.4416, 0.01346, 0.00989, 0
0.45474, 0.4448, 0.21181, 0.47758, 0.45828, 0.45462, 0.0196, 0.01589, 0
0.44797, 0.43821, 0.24017, 0.48251, 0.45182, 0.44792, 0.02022, 0.00989, 0
0.44991, 0.44225, 0.25651, 0.47284, 0.45673, 0.45333, 0.03419, 0.02528, 1
0.47115, 0.45801, 0.26453, 0.46953, 0.4735, 0.46392, 0.09437, 0.09059, 1
0.4503, 0.44225, 0.15952, 0.47478, 0.45746, 0.4572, 0.03772, 0.0612, 0
0.45271, 0.44246, 0.18996, 0.47222, 0.45912, 0.45282, 0.00712, 0.02166, 1
0.45919, 0.44716, 0.22551, 0.46914, 0.46906, 0.46485, 0.0297, 0.01718, 1
0.53907, 0.49942, 0.26812, 0.4748, 0.51897, 0.48605, 0.54364, 0.56296, 1
0.44678, 0.43666, 0.29003, 0.47581, 0.45423, 0.45037, 0.0219, 0.02484, 0
0.47361, 0.46738, 0.22784, 0.47013, 0.50022, 0.51257, 0.2751, 0.31232, 0
0.48028, 0.4531, 0.21612, 0.47078, 0.49928, 0.5055, 0.09388, 0.09903, 1
0.45103, 0.44227, 0.21658, 0.47769, 0.45955, 0.45417, 0.02056, 0.01403, 0
0.43627, 0.43102, 0.21841, 0.48288, 0.44476, 0.43975, 0.06669, 0.07602, 0
0.44192, 0.43469, 0.24759, 0.48072, 0.44963, 0.44446, 0.0403, 0.00692, 0
0.45578, 0.44747, 0.25202, 0.46832, 0.46307, 0.45706, 0.04071, 0.03003, 1
0.44692, 0.43881, 0.26881, 0.47979, 0.45286, 0.4412, 0.01161, 0.03168, 0
0.4493, 0.43945, 0.21867, 0.48405, 0.4523, 0.44552, 0.02664, 0.02832, 1
0.44095, 0.43514, 0.23983, 0.48515, 0.44601, 0.44369, 0.04643, 0.02047, 0
0.44945, 0.44378, 0.17498, 0.4805, 0.45181, 0.44945, 0.02196, 0.03191, 1
0.8054, 0.79677, 0.38375, 0.3628, 0.82529, 0.81601, 0.16456, 0.25558, 1
0.46382, 0.4499, 0.4897, 0.46999, 0.47151, 0.46145, 0.05625, 0.06716, 1
0.48275, 0.47575, 0.51218, 0.4791, 0.47113, 0.45242, 0.18339, 0.1766, 1
0.40353, 0.4002, 0.49266, 0.48711, 0.40064, 0.39455, 0.19889, 0.17699, 0
0.43792, 0.43216, 0.18364, 0.48802, 0.44291, 0.43669, 0.04861, 0.04016, 0
0.46065, 0.45194, 0.18524, 0.47366, 0.46432, 0.4578, 0.05242, 0.05074, 1
0.44673, 0.43753, 0.17512, 0.4851, 0.45192, 0.44763, 0.01774, 0.03426, 0
0.4539, 0.44226, 0.17668, 0.47907, 0.45674, 0.44945, 0.04168, 0.05409, 1
0.45391, 0.44398, 0.17322, 0.46954, 0.46092, 0.45676, 0.01622, 0.03036, 1
0.44542, 0.43623, 0.15736, 0.47857, 0.45259, 0.44698, 0.02449, 0.02646, 0
0.44384, 0.43709, 0.22235, 0.47723, 0.45212, 0.44958, 0.04912, 0.05199, 0
0.77783, 0.75209, 0.2474, 0.44022, 0.77557, 0.76023, 0.17427, 0.16855, 1
0.43985, 0.4315, 0.23108, 0.48629, 0.44189, 0.43055, 0.06008, 0.09355, 0
0.45518, 0.45522, 0.18118, 0.47126, 0.47525, 0.48387, 0.24593, 0.31303, 0
0.45418, 0.44373, 0.26628, 0.47312, 0.46289, 0.4555, 0.01875, 0.0314, 1
0.44799, 0.43928, 0.32154, 0.47769, 0.45443, 0.44908, 0.01277, 0.03615, 0
0.46742, 0.45539, 0.38569, 0.46535, 0.4738, 0.46823, 0.06878, 0.09177, 1
0.44519, 0.4361, 0.3312, 0.484, 0.44944, 0.44433, 0.02832, 0.01705, 0
0.46619, 0.4605, 0.26287, 0.46781, 0.47662, 0.47493, 0.13751, 0.12151, 1
0.4463, 0.43611, 0.14183, 0.47884, 0.45154, 0.44357, 0.03241, 0.02949, 0
0.44373, 0.43864, 0.17565, 0.48355, 0.4459, 0.43574, 0.01872, 0.01704, 0
0.45622, 0.44394, 0.17734, 0.47192, 0.46003, 0.45434, 0.03948, 0.02936, 1
0.45053, 0.4431, 0.20349, 0.4747, 0.45648, 0.45436, 0.03501, 0.01039, 0
0.45543, 0.44459, 0.21041, 0.4705, 0.46126, 0.45501, 0.01959, 0.04944, 1
0.45268, 0.4431, 0.19417, 0.47374, 0.45995, 0.45463, 0.01852, 0.02169, 0
0.45696, 0.4448, 0.40564, 0.47131, 0.46293, 0.45953, 0.02369, 0.03153, 1
0.46757, 0.4512, 0.48315, 0.47085, 0.47139, 0.46096, 0.09668, 0.14676, 1
0.45354, 0.43684, 0.36864, 0.47518, 0.46634, 0.45103, 0.08606, 0.06018, 1
0.45141, 0.44204, 0.262, 0.47492, 0.45983, 0.46187, 0.03943, 0.11986, 0
0.43453, 0.42619, 0.29021, 0.48691, 0.44084, 0.43562, 0.07236, 0.0, 0
0.44821, 0.4401, 0.34087, 0.48287, 0.44815, 0.44723, 0.00751, 0.01827, 0
0.44935, 0.43946, 0.3652, 0.47598, 0.45591, 0.45128, 0.00909, 0.01219, 0
0.43175, 0.41548, 0.31549, 0.48027, 0.44022, 0.43898, 0.14445, 0.153, 0
0.46064, 0.45072, 0.2498, 0.47135, 0.47066, 0.46849, 0.05436, 0.02411, 1
0.45393, 0.4453, 0.14771, 0.47232, 0.46235, 0.4547, 0.03363, 0.01847, 1
0.4508, 0.44032, 0.14708, 0.47442, 0.45871, 0.45339, 0.00418, 0.034, 0
0.45345, 0.44313, 0.12634, 0.47218, 0.45969, 0.45221, 0.01305, 0.02274, 1
0.45817, 0.44637, 0.32886, 0.4712, 0.47446, 0.47418, 0.06626, 0.04047, 0
0.45825, 0.44522, 0.2275, 0.47173, 0.46543, 0.45963, 0.03299, 0.0385, 1
0.47976, 0.46523, 0.19784, 0.46855, 0.48274, 0.47177, 0.12845, 0.15406, 1
0.44308, 0.43438, 0.20556, 0.47816, 0.45115, 0.45114, 0.03732, 0.05495, 0
0.44256, 0.43255, 0.19713, 0.48607, 0.44263, 0.43233, 0.07116, 0.07821, 0
0.45304, 0.4442, 0.20945, 0.48097, 0.45441, 0.44945, 0.01816, 0.0023, 1
0.44711, 0.43708, 0.25057, 0.47651, 0.45552, 0.4488, 0.01988, 0.03618, 0
0.45177, 0.44161, 0.1797, 0.47425, 0.45708, 0.45088, 0.01084, 0.00987, 1
0.44629, 0.43673, 0.2193, 0.48541, 0.45161, 0.44638, 0.02327, 0.02297, 0
0.44862, 0.44012, 0.2149, 0.4825, 0.45309, 0.44702, 0.00543, 0.01798, 0
0.45713, 0.45097, 0.20467, 0.46935, 0.46768, 0.46636, 0.09757, 0.12353, 0
0.45438, 0.44225, 0.20031, 0.47382, 0.46161, 0.45178, 0.02717, 0.04239, 1
0.44354, 0.43672, 0.18371, 0.48586, 0.44541, 0.43891, 0.02218, 0.02671, 0
0.4478, 0.43884, 0.18858, 0.47366, 0.45679, 0.45282, 0.02897, 0.03176, 0
0.45231, 0.44289, 0.17868, 0.48102, 0.45606, 0.44727, 0.01959, 0.00227, 1
0.45557, 0.44459, 0.17408, 0.48139, 0.45618, 0.4483, 0.0524, 0.06598, 1
0.44775, 0.43924, 0.38504, 0.48265, 0.4521, 0.44906, 0.01082, 0.01841, 0
0.45292, 0.44356, 0.30156, 0.46937, 0.45962, 0.45508, 0.01706, 0.0151, 1
0.45578, 0.44572, 0.17782, 0.4797, 0.4577, 0.45194, 0.03208, 0.03618, 1
0.45257, 0.44334, 0.10957, 0.47186, 0.45848, 0.45285, 0.01268, 0.04657, 1
0.4506, 0.44335, 0.09132, 0.4817, 0.45483, 0.44631, 0.01269, 0.02439, 1
0.45171, 0.4414, 0.11899, 0.4722, 0.45916, 0.45365, 0.00209, 0.0323, 0
0.44705, 0.4388, 0.16472, 0.47781, 0.45405, 0.44814, 0.01994, 0.01222, 0
0.44939, 0.43967, 0.15517, 0.484, 0.45109, 0.44473, 0.0316, 0.03776, 1
0.42023, 0.42194, 0.24541, 0.4824, 0.4309, 0.43556, 0.17638, 0.148, 0
0.44537, 0.43707, 0.21675, 0.48808, 0.44975, 0.44289, 0.02059, 0.02723, 0
0.44586, 0.43988, 0.21255, 0.48141, 0.45211, 0.44735, 0.04033, 0.03803, 0
0.43393, 0.42196, 0.34239, 0.48545, 0.42425, 0.41346, 0.17619, 0.21603, 0
0.44875, 0.4386, 0.30217, 0.48454, 0.4501, 0.44462, 0.0381, 0.01001, 1
0.46065, 0.4576, 0.40809, 0.46981, 0.47259, 0.47596, 0.16782, 0.18455, 0
0.45652, 0.44374, 0.4132, 0.47238, 0.46701, 0.4642, 0.01286, 0.0142, 1
0.4903, 0.47018, 0.22526, 0.4675, 0.49594, 0.48345, 0.16589, 0.2574, 1
0.39617, 0.39295, 0.21926, 0.48352, 0.41166, 0.41097, 0.24386, 0.3052, 0
0.4479, 0.43375, 0.19379, 0.48224, 0.44353, 0.43415, 0.12084, 0.06895, 1
0.45389, 0.44331, 0.15293, 0.47904, 0.45518, 0.45011, 0.03353, 0.0126, 1
0.47053, 0.45924, 0.14888, 0.46656, 0.47498, 0.47097, 0.08717, 0.08606, 1
0.44584, 0.44012, 0.14737, 0.4758, 0.45409, 0.45525, 0.07285, 0.12178, 0
0.39831, 0.40086, 0.45184, 0.49052, 0.40187, 0.39821, 0.20523, 0.19302, 0
0.43733, 0.4297, 0.39284, 0.48257, 0.43773, 0.42528, 0.07158, 0.07857, 0
0.45435, 0.44292, 0.13401, 0.47134, 0.46697, 0.46564, 0.03726, 0.1063, 0
0.44999, 0.4427, 0.12732, 0.48252, 0.45283, 0.44339, 0.00756, 0.00613, 1
0.4501, 0.44553, 0.12331, 0.47278, 0.46002, 0.45683, 0.08621, 0.08046, 0
0.43908, 0.43771, 0.1835, 0.47765, 0.44763, 0.4426, 0.09953, 0.10868, 0
0.43114, 0.42711, 0.55836, 0.48629, 0.42337, 0.40863, 0.0959, 0.10072, 0
0.43951, 0.43521, 0.4427, 0.47626, 0.45025, 0.45062, 0.09711, 0.04863, 0
0.45159, 0.42879, 0.32511, 0.47866, 0.45314, 0.43457, 0.22245, 0.19023, 1
0.41405, 0.41942, 0.16066, 0.48011, 0.43035, 0.43602, 0.24477, 0.29933, 0
0.4513, 0.44161, 0.1, 0.48028, 0.45512, 0.44972, 0.01444, 0.02507, 1
0.45943, 0.44653, 0.22421, 0.47687, 0.46166, 0.45374, 0.06443, 0.07313, 1
0.44546, 0.43691, 0.23351, 0.48591, 0.44635, 0.43923, 0.03524, 0.03617, 0
0.45085, 0.44311, 0.24342, 0.48279, 0.45184, 0.44545, 0.01288, 0.01643, 1
0.706, 0.68511, 0.24668, 0.43336, 0.7183, 0.70379, 0.05998, 0.10032, 1
0.46229, 0.44809, 0.30929, 0.47715, 0.46385, 0.4573, 0.06982, 0.04046, 1
0.45233, 0.4386, 0.32056, 0.4817, 0.45097, 0.44619, 0.09811, 0.06923, 1
0.4631, 0.45132, 0.31118, 0.47513, 0.46584, 0.46357, 0.0528, 0.02937, 1
0.45044, 0.43767, 0.33963, 0.47406, 0.46095, 0.45356, 0.02242, 0.04674, 0
0.45208, 0.44557, 0.39761, 0.47811, 0.45839, 0.4525, 0.04236, 0.04139, 0
0.44986, 0.44031, 0.41331, 0.47704, 0.45651, 0.45303, 0.00847, 0.0498, 0
0.4507, 0.43965, 0.4751, 0.47403, 0.45751, 0.45197, 0.01483, 0.01688, 0
0.45398, 0.44118, 0.43227, 0.47613, 0.4583, 0.45024, 0.05141, 0.03378, 1
0.44887, 0.44382, 0.32432, 0.47678, 0.4556, 0.45702, 0.07447, 0.05132, 0
0.45264, 0.44316, 0.30601, 0.473, 0.46081, 0.46248, 0.03615, 0.06287, 0
0.75447, 0.73327, 0.25717, 0.38528, 0.76893, 0.75738, 0.02916, 0.07384, 1
0.45678, 0.44183, 0.23754, 0.47374, 0.4632, 0.4573, 0.05965, 0.00609, 1
0.47686, 0.46269, 0.18018, 0.46533, 0.48451, 0.4763, 0.10642, 0.10767, 1
0.4549, 0.44466, 0.20415, 0.47252, 0.46362, 0.45379, 0.01679, 0.01672, 1
0.45167, 0.44464, 0.26212, 0.47717, 0.45482, 0.45809, 0.04643, 0.04203, 0
0.45068, 0.43945, 0.4064, 0.47779, 0.45645, 0.44526, 0.03711, 0.03204, 1
0.45988, 0.44715, 0.38331, 0.46824, 0.46605, 0.45947, 0.03994, 0.04598, 1
0.44814, 0.43986, 0.37456, 0.47502, 0.4564, 0.45198, 0.03023, 0.04187, 0
0.44226, 0.42576, 0.3396, 0.48074, 0.44159, 0.42941, 0.15206, 0.15635, 1
0.46796, 0.45528, 0.32611, 0.47838, 0.46066, 0.44623, 0.13929, 0.1493, 1
0.45035, 0.44426, 0.31571, 0.48068, 0.45031, 0.4501, 0.02972, 0.03103, 0
0.4468, 0.43767, 0.3002, 0.48041, 0.44869, 0.44704, 0.02024, 0.01022, 0
0.45296, 0.44404, 0.29175, 0.47518, 0.45507, 0.45037, 0.01486, 0.00812, 1
0.43409, 0.42975, 0.28226, 0.4825, 0.44149, 0.44104, 0.08614, 0.00469, 0
0.45628, 0.45022, 0.28125, 0.47601, 0.46168, 0.45638, 0.06343, 0.05375, 1
0.43686, 0.42673, 0.26105, 0.48776, 0.43999, 0.43109, 0.08384, 0.03581, 0
0.45859, 0.44385, 0.26233, 0.48132, 0.45569, 0.44471, 0.11228, 0.08784, 1
0.44806, 0.44141, 0.28669, 0.47859, 0.4545, 0.45037, 0.03535, 0.03363, 0
0.451, 0.43985, 0.24865, 0.47553, 0.45661, 0.45037, 0.02323, 0.02511, 1
0.46648, 0.4528, 0.25315, 0.46926, 0.46967, 0.46285, 0.07474, 0.10775, 1
0.46465, 0.45915, 0.30197, 0.47338, 0.46933, 0.46511, 0.10074, 0.13006, 1
0.45187, 0.44666, 0.40146, 0.47475, 0.45778, 0.45475, 0.06256, 0.10165, 0
0.45145, 0.44381, 0.26464, 0.47224, 0.4645, 0.46113, 0.06717, 0.05609, 0
0.43891, 0.42852, 0.21711, 0.48233, 0.44513, 0.44202, 0.0625, 0.06546, 0
0.39945, 0.41113, 0.3408, 0.48061, 0.41675, 0.43443, 0.3425, 0.34051, 0
0.52309, 0.50521, 0.34959, 0.46536, 0.53122, 0.53269, 0.31039, 0.33432, 1
0.45697, 0.46141, 0.2948, 0.47417, 0.47329, 0.4788, 0.25193, 0.35568, 0
0.46425, 0.44808, 0.28572, 0.47328, 0.47847, 0.47235, 0.03374, 0.03346, 1
0.45106, 0.44185, 0.26016, 0.47707, 0.45708, 0.44445, 0.01339, 0.02691, 1
0.44643, 0.44007, 0.23971, 0.48043, 0.45419, 0.45037, 0.04305, 0.05356, 0
0.44603, 0.44007, 0.14887, 0.48402, 0.44523, 0.44148, 0.00568, 0.01554, 0
0.4256, 0.4245, 0.16731, 0.47826, 0.43988, 0.44377, 0.16426, 0.15334, 0
0.4534, 0.44386, 0.18454, 0.4749, 0.46264, 0.45294, 0.01974, 0.01889, 1
0.45075, 0.44029, 0.15277, 0.47806, 0.45639, 0.44929, 0.01915, 0.01716, 1
0.48869, 0.46641, 0.18158, 0.4738, 0.48414, 0.46823, 0.22433, 0.22024, 1
0.45669, 0.44785, 0.29945, 0.47724, 0.46074, 0.45374, 0.03215, 0.06169, 1
0.44937, 0.43985, 0.26227, 0.4785, 0.45416, 0.44283, 0.01965, 0.0082, 1
0.45093, 0.44296, 0.19856, 0.47834, 0.45565, 0.45091, 0.01715, 0.00626, 0
0.45228, 0.44185, 0.16629, 0.47425, 0.45804, 0.45091, 0.01339, 0.01033, 1
0.64137, 0.62443, 0.28607, 0.44182, 0.66034, 0.65, 0.05716, 0.01085, 1
0.45081, 0.44118, 0.28233, 0.48043, 0.45647, 0.44931, 0.01101, 0.01073, 1
0.44605, 0.43833, 0.2465, 0.47696, 0.45281, 0.4509, 0.03409, 0.0406, 0
0.43585, 0.42192, 0.24362, 0.48651, 0.43097, 0.41747, 0.1796, 0.23137, 0
0.4616, 0.45124, 0.22533, 0.46774, 0.46969, 0.46879, 0.05864, 0.04681, 1
0.45155, 0.44534, 0.23, 0.47361, 0.45953, 0.45381, 0.05326, 0.09386, 0
0.45184, 0.4449, 0.19954, 0.47893, 0.45676, 0.44931, 0.02693, 0.06495, 1
0.47557, 0.46788, 0.18764, 0.46869, 0.48074, 0.4753, 0.13732, 0.09934, 1
0.4435, 0.43441, 0.14603, 0.48843, 0.44762, 0.44137, 0.03658, 0.02222, 0
0.45404, 0.44337, 0.13716, 0.47052, 0.46156, 0.45726, 0.01117, 0.00933, 1
0.44907, 0.43965, 0.20442, 0.47732, 0.454, 0.4497, 0.00764, 0.01073, 0
0.44918, 0.43943, 0.20621, 0.4849, 0.4533, 0.44731, 0.01695, 0.02574, 0
0.46201, 0.4491, 0.26043, 0.47488, 0.46545, 0.45784, 0.06412, 0.03542, 1
0.45315, 0.44624, 0.25262, 0.47483, 0.46116, 0.46342, 0.06876, 0.04669, 0
0.44724, 0.44272, 0.28142, 0.48352, 0.44861, 0.43959, 0.0181, 0.0422, 0
0.45041, 0.44316, 0.27089, 0.47829, 0.45586, 0.45649, 0.03616, 0.0332, 0
0.45073, 0.44294, 0.18546, 0.48019, 0.45525, 0.44917, 0.0139, 0.00844, 1
0.44073, 0.4278, 0.19636, 0.48667, 0.44226, 0.43335, 0.10773, 0.12366, 0
0.45379, 0.44342, 0.43918, 0.47355, 0.45868, 0.45227, 0.01841, 0.00952, 1
0.45912, 0.44453, 0.50051, 0.47293, 0.46342, 0.46038, 0.0529, 0.01666, 1
0.45091, 0.44208, 0.44437, 0.47251, 0.45659, 0.45253, 0.01198, 0.01258, 0
0.45153, 0.44208, 0.37205, 0.4711, 0.4571, 0.45145, 0.00431, 0.00412, 1
0.45356, 0.44319, 0.2693, 0.47006, 0.45862, 0.45375, 0.01344, 0.01037, 1
0.45237, 0.44252, 0.23571, 0.4738, 0.45727, 0.45145, 0.00986, 0.02073, 1
0.4269, 0.422, 0.22365, 0.48038, 0.43902, 0.43942, 0.11887, 0.09997, 0
0.46584, 0.45056, 0.21371, 0.47784, 0.46475, 0.45538, 0.10711, 0.0, 1
0.14971, 0.14489, 0.287, 0.60934, 0.15432, 0.15975, 0.01323, 0.02232, 0
0.45513, 0.44453, 0.19507, 0.46755, 0.46066, 0.45579, 0.01711, 0.01905, 1
0.45334, 0.44431, 0.18144, 0.47531, 0.45792, 0.45145, 0.01508, 0.02344, 1
0.46075, 0.44856, 0.13885, 0.46635, 0.46651, 0.46107, 0.04109, 0.04759, 1
0.44782, 0.44007, 0.20009, 0.4797, 0.45092, 0.44997, 0.01766, 0.01563, 0
0.43855, 0.43336, 0.20717, 0.47759, 0.44764, 0.4482, 0.08208, 0.0145, 0
0.45734, 0.44073, 0.20439, 0.47605, 0.46749, 0.46738, 0.02262, 0.019, 1
0.45073, 0.44118, 0.14588, 0.48372, 0.45396, 0.44507, 0.02625, 0.01868, 1
0.4491, 0.43961, 0.13035, 0.47457, 0.4573, 0.45323, 0.01518, 0.03921, 0
0.441, 0.43221, 0.12577, 0.4874, 0.44421, 0.43636, 0.04882, 0.04151, 0
0.43559, 0.43011, 0.26199, 0.48532, 0.43252, 0.43184, 0.0546, 0.03903, 0
0.44645, 0.43985, 0.27107, 0.47819, 0.45524, 0.45267, 0.03047, 0.03821, 0
0.44914, 0.44074, 0.25317, 0.47531, 0.45464, 0.45334, 0.01873, 0.01661, 0
0.44591, 0.43016, 0.21039, 0.48003, 0.45088, 0.44716, 0.097, 0.16122, 0
0.44903, 0.44008, 0.25007, 0.48329, 0.44555, 0.4361, 0.06461, 0.04878, 1
0.45314, 0.4403, 0.26785, 0.47227, 0.47223, 0.47032, 0.06294, 0.0899, 0
0.45752, 0.44494, 0.25216, 0.47221, 0.47493, 0.47409, 0.04284, 0.04405, 0
0.45036, 0.44074, 0.29826, 0.48377, 0.45507, 0.44542, 0.02227, 0.00816, 1
0.45106, 0.44008, 0.31909, 0.47425, 0.45694, 0.45305, 0.01398, 0.02054, 1
0.44961, 0.44184, 0.53532, 0.47545, 0.46254, 0.44186, 0.0168, 0.0544, 0
0.44963, 0.44007, 0.14728, 0.47261, 0.45893, 0.45738, 0.02841, 0.02069, 0
0.45876, 0.44274, 0.24295, 0.47465, 0.46436, 0.45186, 0.08417, 0.04824, 1
0.44837, 0.44252, 0.22415, 0.48372, 0.44543, 0.43704, 0.0232, 0.02106, 1
0.44592, 0.43763, 0.26521, 0.4783, 0.45232, 0.44929, 0.02529, 0.00627, 0
0.45428, 0.44519, 0.26983, 0.46908, 0.46054, 0.45576, 0.02437, 0.00855, 1
0.45545, 0.44186, 0.27226, 0.47625, 0.45905, 0.45161, 0.06252, 0.04187, 1
0.45049, 0.44322, 0.16465, 0.48284, 0.45076, 0.44572, 0.01133, 0.02141, 1
0.44505, 0.4387, 0.19132, 0.48466, 0.4499, 0.44613, 0.03073, 0.03238, 0
0.44711, 0.4396, 0.211, 0.47386, 0.45621, 0.45585, 0.05155, 0.04689, 0
0.45335, 0.44118, 0.20571, 0.47244, 0.46074, 0.45489, 0.01889, 0.02299, 1
0.4465, 0.43872, 0.24172, 0.48654, 0.45185, 0.44671, 0.01767, 0.01952, 0
0.44945, 0.44186, 0.23398, 0.47617, 0.45585, 0.45227, 0.02824, 0.00631, 0
0.44652, 0.43582, 0.23587, 0.48517, 0.44709, 0.43777, 0.06516, 0.07164, 1
0.4508, 0.44163, 0.19662, 0.47428, 0.45564, 0.45091, 0.00432, 0.03127, 0
0.44368, 0.4347, 0.19372, 0.48714, 0.44614, 0.43764, 0.04199, 0.05673, 0
0.46004, 0.44768, 0.12793, 0.46798, 0.46485, 0.4596, 0.04208, 0.03343, 1
0.47565, 0.4658, 0.15209, 0.47195, 0.47662, 0.46855, 0.11904, 0.19876, 1
0.44513, 0.42957, 0.16009, 0.48404, 0.44423, 0.43752, 0.12857, 0.20835, 1
0.45489, 0.44454, 0.25296, 0.47066, 0.46499, 0.45743, 0.01872, 0.01041, 1
0.45362, 0.44096, 0.30523, 0.47967, 0.45702, 0.44712, 0.06179, 0.03518, 1
0.4517, 0.4423, 0.3058, 0.47883, 0.45672, 0.45309, 0.00572, 0.01041, 1
0.44974, 0.44253, 0.28886, 0.47539, 0.45634, 0.45322, 0.038, 0.01672, 0
0.45555, 0.44477, 0.27592, 0.47007, 0.46141, 0.45811, 0.0177, 0.00717, 1
0.44749, 0.43891, 0.50233, 0.47552, 0.45506, 0.45148, 0.02531, 0.0135, 0
0.45962, 0.44915, 0.51045, 0.46609, 0.46481, 0.45906, 0.03885, 0.02115, 1
0.44449, 0.43709, 0.2312, 0.47629, 0.45349, 0.45396, 0.05319, 0.04767, 0
0.45231, 0.44437, 0.207, 0.47125, 0.46267, 0.46154, 0.05907, 0.05082, 0
0.11405, 0.1161, 0.19082, 0.7484, 0.11525, 0.11801, 0.04023, 0.03271, 0
0.44194, 0.42125, 0.16309, 0.48345, 0.43867, 0.43033, 0.21572, 0.2452, 1
0.44503, 0.43439, 0.1746, 0.48205, 0.44439, 0.44351, 0.05911, 0.03166, 0
0.40111, 0.39023, 0.16628, 0.48325, 0.414, 0.41263, 0.24711, 0.28058, 0
0.45638, 0.44506, 0.1225, 0.47262, 0.46873, 0.45866, 0.02295, 0.03043, 1
0.45206, 0.44391, 0.13609, 0.47771, 0.45686, 0.45106, 0.01743, 0.01476, 1
0.72449, 0.70423, 0.38592, 0.39203, 0.73763, 0.72466, 0.03615, 0.06806, 1
0.45562, 0.44388, 0.44514, 0.47376, 0.46683, 0.45813, 0.01353, 0.019, 1
0.45505, 0.44253, 0.42143, 0.4745, 0.46328, 0.45241, 0.03072, 0.03731, 1
0.4516, 0.44343, 0.24847, 0.48022, 0.45524, 0.45132, 0.01316, 0.01042, 1
0.45005, 0.44029, 0.31968, 0.47906, 0.45334, 0.45539, 0.00571, 0.06352, 0
0.45955, 0.44545, 0.11514, 0.47834, 0.46085, 0.45173, 0.0833, 0.09109, 1
0.44627, 0.43917, 0.12351, 0.48483, 0.4452, 0.4357, 0.02975, 0.01567, 1
0.46034, 0.4506, 0.15244, 0.47631, 0.46205, 0.45934, 0.04607, 0.03288, 1
0.43844, 0.43, 0.22197, 0.48719, 0.43701, 0.42882, 0.07518, 0.05678, 0
0.4396, 0.43187, 0.37547, 0.48506, 0.44364, 0.43853, 0.045, 0.07393, 0
0.47768, 0.45807, 0.34339, 0.46969, 0.48472, 0.47306, 0.12257, 0.14381, 1
0.45982, 0.44301, 0.28815, 0.4715, 0.47322, 0.4783, 0.00881, 0.01754, 1
0.41087, 0.41755, 0.29583, 0.48064, 0.4275, 0.43495, 0.26174, 0.27285, 0
0.47494, 0.48299, 0.30977, 0.47482, 0.48222, 0.47488, 0.30382, 0.27186, 1
0.4479, 0.43708, 0.30691, 0.47906, 0.45146, 0.45452, 0.04294, 0.02319, 1
0.38881, 0.38983, 0.16142, 0.48508, 0.40045, 0.40093, 0.26279, 0.28862, 0
0.48062, 0.46789, 0.07654, 0.46854, 0.48435, 0.4822, 0.12902, 0.14848, 1
0.45984, 0.43754, 0.07905, 0.47905, 0.45668, 0.44692, 0.19874, 0.22574, 1
0.42436, 0.42118, 0.08555, 0.4873, 0.42508, 0.41731, 0.09653, 0.10406, 0
0.44691, 0.43803, 0.37387, 0.47432, 0.45647, 0.45297, 0.03043, 0.04485, 0
0.45752, 0.45199, 0.3691, 0.48013, 0.45794, 0.44737, 0.05266, 0.06122, 1
0.45418, 0.44907, 0.35295, 0.47323, 0.4636, 0.4643, 0.10327, 0.10087, 0
0.45871, 0.44774, 0.25498, 0.47173, 0.47225, 0.46312, 0.0425, 0.00482, 1
0.45445, 0.44276, 0.25562, 0.47959, 0.4578, 0.45447, 0.03661, 0.03779, 1
0.44755, 0.43803, 0.23756, 0.48177, 0.4507, 0.44477, 0.02725, 0.0445, 0
0.49399, 0.46759, 0.12605, 0.47295, 0.48918, 0.47281, 0.26804, 0.28284, 1
0.44503, 0.43844, 0.19199, 0.4816, 0.45178, 0.44719, 0.03686, 0.05575, 0
0.45216, 0.4437, 0.23986, 0.47156, 0.46102, 0.45593, 0.03473, 0.0, 0
0.45396, 0.44347, 0.25552, 0.47063, 0.46168, 0.45579, 0.01105, 0.0, 1
0.45002, 0.44004, 0.33042, 0.48162, 0.45339, 0.44761, 0.02171, 0.02081, 1
0.44725, 0.4405, 0.31489, 0.48043, 0.45268, 0.4483, 0.02504, 0.01839, 0
0.44648, 0.43659, 0.33447, 0.47367, 0.46408, 0.45845, 0.05814, 0.0638, 0
0.45844, 0.44532, 0.34362, 0.47823, 0.4621, 0.44731, 0.07563, 0.15155, 1
0.45121, 0.43912, 0.32836, 0.48353, 0.45106, 0.43703, 0.09068, 0.11668, 1
0.43592, 0.43293, 0.28579, 0.48174, 0.44365, 0.44621, 0.09677, 0.12323, 0
0.45809, 0.44509, 0.28553, 0.47443, 0.46282, 0.45107, 0.05517, 0.08475, 1
0.45228, 0.43706, 0.32246, 0.48374, 0.44529, 0.43136, 0.16207, 0.0576, 1
0.41265, 0.41602, 0.32681, 0.48852, 0.41468, 0.41211, 0.14774, 0.12262, 0
0.45964, 0.45954, 0.3244, 0.47578, 0.46566, 0.46651, 0.16733, 0.12849, 1
0.45957, 0.44417, 0.314, 0.47483, 0.46466, 0.46804, 0.03918, 0.02091, 1
0.46554, 0.45173, 0.24489, 0.47128, 0.46869, 0.45996, 0.07679, 0.06151, 1
0.44048, 0.43271, 0.23255, 0.48451, 0.44554, 0.44399, 0.04199, 0.00488, 0
0.4609, 0.4483, 0.20964, 0.4695, 0.47153, 0.4711, 0.03843, 0.01223, 1
0.45465, 0.44366, 0.529, 0.47123, 0.46241, 0.45691, 0.01208, 0.04572, 1
0.44534, 0.43826, 0.56515, 0.47826, 0.45107, 0.44397, 0.01423, 0.02766, 0
0.46027, 0.44569, 0.45571, 0.47191, 0.46438, 0.45842, 0.06047, 0.04924, 1
0.45352, 0.44749, 0.39971, 0.47357, 0.4603, 0.45392, 0.0576, 0.05674, 1
0.44877, 0.44163, 0.28706, 0.4725, 0.46181, 0.46008, 0.07541, 0.12494, 0
0.47096, 0.45359, 0.25341, 0.4741, 0.47314, 0.46951, 0.09481, 0.09822, 1
0.44257, 0.43534, 0.28913, 0.48408, 0.44261, 0.4392, 0.03037, 0.05417, 0
0.44923, 0.43893, 0.22793, 0.47461, 0.45872, 0.45215, 0.01152, 0.02164, 0
0.44863, 0.43848, 0.25912, 0.47555, 0.45624, 0.44996, 0.0136, 0.0232, 0
0.44595, 0.43272, 0.35674, 0.48406, 0.44822, 0.4318, 0.10924, 0.13333, 1
0.42883, 0.43135, 0.27121, 0.47997, 0.44035, 0.45301, 0.19134, 0.20738, 0
0.45235, 0.43797, 0.26257, 0.47216, 0.46766, 0.4715, 0.03098, 0.03934, 0
0.45479, 0.44164, 0.20952, 0.47301, 0.46021, 0.45468, 0.04223, 0.0191, 1
0.44895, 0.43889, 0.24191, 0.48302, 0.45331, 0.44801, 0.02212, 0.01222, 0
0.45246, 0.44141, 0.2405, 0.48158, 0.45521, 0.44899, 0.03641, 0.05132, 1
0.43733, 0.41993, 0.23006, 0.48466, 0.43569, 0.43043, 0.17933, 0.19569, 0
0.45613, 0.44919, 0.23699, 0.48092, 0.45251, 0.44469, 0.053, 0.04702, 1
0.45262, 0.44118, 0.25926, 0.48108, 0.45459, 0.44539, 0.04966, 0.05311, 1
0.43975, 0.43342, 0.26027, 0.48608, 0.44467, 0.44235, 0.04602, 0.03193, 0
0.43316, 0.42814, 0.21121, 0.4774, 0.4457, 0.44261, 0.09757, 0.06972, 0
0.45688, 0.45104, 0.21845, 0.47102, 0.47064, 0.46621, 0.11212, 0.11523, 0
0.44919, 0.44073, 0.27241, 0.47561, 0.45553, 0.45175, 0.0228, 0.02212, 0
0.44971, 0.43892, 0.25513, 0.47893, 0.45449, 0.44845, 0.02519, 0.01915, 1
0.45261, 0.44073, 0.12988, 0.48226, 0.45471, 0.44722, 0.05305, 0.05678, 1
0.43583, 0.43528, 0.24018, 0.48245, 0.44265, 0.43991, 0.10641, 0.20487, 0
0.46849, 0.45364, 0.25615, 0.47364, 0.46352, 0.46066, 0.10733, 0.10503, 1
0.44592, 0.42061, 0.24233, 0.48053, 0.44501, 0.44147, 0.24233, 0.30372, 1
0.4707, 0.45859, 0.24229, 0.46832, 0.47496, 0.46606, 0.08794, 0.07886, 1
0.45566, 0.44943, 0.21377, 0.47006, 0.46539, 0.46482, 0.0894, 0.05616, 0
0.45401, 0.44386, 0.20288, 0.46926, 0.4595, 0.45429, 0.01343, 0.0207, 1
0.45211, 0.44969, 0.23877, 0.47687, 0.45951, 0.45824, 0.10561, 0.08238, 0
0.45217, 0.42326, 0.23107, 0.48171, 0.44047, 0.40067, 0.42466, 0.45691, 1
0.46191, 0.45209, 0.43424, 0.47863, 0.4612, 0.45496, 0.0579, 0.03766, 0
0.45876, 0.44749, 0.47931, 0.47645, 0.46216, 0.45501, 0.04552, 0.09964, 0
0.45472, 0.44118, 0.47234, 0.47348, 0.46108, 0.45652, 0.04143, 0.01461, 0
0.44146, 0.43398, 0.47292, 0.47897, 0.44915, 0.44205, 0.03954, 0.02134, 0
0.46341, 0.44276, 0.44747, 0.47935, 0.45989, 0.44355, 0.19778, 0.21627, 0
0.45241, 0.44163, 0.26993, 0.47141, 0.45752, 0.45731, 0.00217, 0.09338, 0
0.44653, 0.43916, 0.20849, 0.48515, 0.45141, 0.4452, 0.01353, 0.02087, 1
0.46216, 0.44838, 0.18204, 0.46857, 0.46879, 0.46183, 0.0485, 0.03401, 0
0.42596, 0.42165, 0.32399, 0.48202, 0.41586, 0.3969, 0.11076, 0.11418, 0
0.4501, 0.44096, 0.31602, 0.47751, 0.45196, 0.44369, 0.02071, 0.04242, 0
0.38251, 0.40045, 0.30766, 0.47949, 0.41194, 0.43019, 0.47696, 0.5371, 0
0.44085, 0.43348, 0.17207, 0.48655, 0.4471, 0.43733, 0.03736, 0.05331, 0
0.44637, 0.44118, 0.29923, 0.47419, 0.4541, 0.45356, 0.07254, 0.07075, 0
0.45405, 0.43867, 0.17178, 0.47281, 0.46536, 0.46936, 0.01342, 0.01904, 1
0.4334, 0.42202, 0.16568, 0.48191, 0.4363, 0.42162, 0.11986, 0.13391, 0
0.45744, 0.44462, 0.15764, 0.47261, 0.46789, 0.47007, 0.01913, 0.11199, 1
0.44715, 0.44529, 0.14564, 0.48039, 0.44071, 0.41757, 0.06786, 0.04464, 0
0.47378, 0.45295, 0.10182, 0.47107, 0.50284, 0.49946, 0.06207, 0.12488, 0
0.44433, 0.43542, 0.13368, 0.4812, 0.45102, 0.44479, 0.02942, 0.07965, 1
0.45961, 0.44695, 0.20439, 0.46828, 0.46639, 0.46184, 0.0328, 0.03959, 0
0.4486, 0.43703, 0.20279, 0.47772, 0.45436, 0.4487, 0.03677, 0.02835, 1
0.42895, 0.42425, 0.24768, 0.48331, 0.43819, 0.43803, 0.10444, 0.13284, 1
0.4476, 0.4396, 0.39386, 0.48345, 0.45396, 0.4468, 0.01219, 0.04253, 1
0.45003, 0.44322, 0.37156, 0.47606, 0.456, 0.44928, 0.03368, 0.04905, 1
0.46754, 0.4575, 0.12563, 0.47748, 0.46637, 0.4571, 0.0858, 0.13601, 1
0.45463, 0.4439, 0.24786, 0.47079, 0.46483, 0.4641, 0.02956, 0.02721, 1
0.44537, 0.43846, 0.34593, 0.47348, 0.46223, 0.45767, 0.08831, 0.00839, 0
0.42972, 0.42219, 0.36888, 0.48622, 0.42141, 0.3994, 0.16093, 0.16274, 0
0.44668, 0.43688, 0.25363, 0.48672, 0.45096, 0.44557, 0.02685, 0.04711, 0
0.44643, 0.43983, 0.26154, 0.48074, 0.45223, 0.44763, 0.03098, 0.00639, 0
0.45132, 0.44096, 0.26925, 0.48218, 0.45297, 0.44365, 0.04352, 0.0439, 0
0.44249, 0.43575, 0.26265, 0.48709, 0.44558, 0.43872, 0.02647, 0.0342, 0
0.44888, 0.44095, 0.4042, 0.48147, 0.45113, 0.44898, 0.00588, 0.02418, 1
0.44716, 0.43865, 0.46633, 0.47552, 0.45425, 0.45247, 0.02784, 0.01276, 0
0.45498, 0.4451, 0.16009, 0.47917, 0.45726, 0.45247, 0.02562, 0.04466, 1
0.44744, 0.43774, 0.17214, 0.48503, 0.44695, 0.43951, 0.05084, 0.05029, 1
0.44553, 0.43819, 0.15001, 0.47335, 0.46056, 0.46504, 0.09546, 0.11055, 0
0.45892, 0.44834, 0.15609, 0.47074, 0.47375, 0.47205, 0.06902, 0.0, 0
0.47291, 0.45545, 0.2246, 0.4752, 0.47103, 0.46125, 0.13766, 0.10384, 0
0.4482, 0.43658, 0.23366, 0.48425, 0.45179, 0.44452, 0.0512, 0.03188, 1
0.45139, 0.44256, 0.23418, 0.48255, 0.45398, 0.44606, 0.02034, 0.01226, 0
0.45714, 0.44762, 0.23325, 0.47774, 0.45984, 0.4547, 0.03315, 0.02138, 1
0.44809, 0.43751, 0.22112, 0.48366, 0.4505, 0.44522, 0.03886, 0.02363, 0
0.46581, 0.45671, 0.21562, 0.47077, 0.4665, 0.46656, 0.07529, 0.00243, 0
0.45615, 0.44897, 0.26294, 0.47197, 0.47579, 0.47743, 0.1281, 0.08689, 0
0.45219, 0.4405, 0.28213, 0.47288, 0.47189, 0.46426, 0.06327, 0.16722, 1
0.48303, 0.46222, 0.2859, 0.47918, 0.47083, 0.45162, 0.25432, 0.259, 0
0.43395, 0.4446, 0.26142, 0.48342, 0.43056, 0.42249, 0.15128, 0.46208, 0
0.44739, 0.4446, 0.252, 0.47982, 0.44999, 0.45383, 0.09484, 0.11882, 0
0.44943, 0.44141, 0.25246, 0.4747, 0.46024, 0.46505, 0.07446, 0.07812, 0
0.44253, 0.42999, 0.20134, 0.47537, 0.45342, 0.4537, 0.05404, 0.03653, 1
0.45404, 0.44415, 0.19369, 0.48114, 0.4546, 0.44996, 0.03543, 0.04261, 0
0.4494, 0.4389, 0.18804, 0.47482, 0.45541, 0.45342, 0.01101, 0.0296, 1
0.45269, 0.44392, 0.19388, 0.47121, 0.46393, 0.4642, 0.05871, 0.07406, 0
0.45316, 0.44374, 0.18969, 0.46583, 0.45982, 0.45375, 0.01362, 0.01979, 1
0.45257, 0.44327, 0.1651, 0.47301, 0.45828, 0.45347, 0.01163, 0.00989, 0
0.45127, 0.44373, 0.12826, 0.48289, 0.45092, 0.44139, 0.0246, 0.04279, 1
0.53659, 0.49314, 0.14615, 0.47295, 0.52115, 0.50969, 0.49806, 0.65905, 1
0.64091, 0.61922, 0.24261, 0.47326, 0.60254, 0.57786, 0.46786, 0.33141, 0
0.41101, 0.43043, 0.2925, 0.48402, 0.38438, 0.38765, 0.117, 0.06225, 0
0.03962, 0.10353, 0.29258, 0.49404, 0.06205, 0.12656, 1.0, 0.99487, 1
0.44692, 0.44211, 0.2581, 0.47345, 0.46032, 0.45558, 0.08937, 0.09889, 0
0.45291, 0.44397, 0.27306, 0.47106, 0.46669, 0.46319, 0.0598, 0.0432, 1
0.45055, 0.43863, 0.29479, 0.48095, 0.4541, 0.4456, 0.04628, 0.00892, 0
0.44581, 0.43817, 0.29072, 0.48218, 0.44998, 0.447, 0.01468, 0.00247, 1
0.45378, 0.4449, 0.27873, 0.4787, 0.45736, 0.45038, 0.01833, 0.031, 0
0.45978, 0.44966, 0.37608, 0.46737, 0.4655, 0.45898, 0.04094, 0.01119, 0
0.44592, 0.43523, 0.37579, 0.4822, 0.45168, 0.44677, 0.0345, 0.02582, 0
0.42049, 0.4096, 0.34558, 0.47933, 0.43422, 0.43734, 0.15319, 0.19542, 1
0.45248, 0.43912, 0.30853, 0.47453, 0.46604, 0.46234, 0.02334, 0.03238, 1
0.45096, 0.44072, 0.24842, 0.47617, 0.45816, 0.44773, 0.01551, 0.01696, 1
0.44645, 0.43867, 0.20821, 0.48492, 0.44851, 0.444, 0.01343, 0.01464, 0
0.43718, 0.43388, 0.27226, 0.4832, 0.43278, 0.42906, 0.03527, 0.03653, 0
0.45541, 0.44599, 0.26027, 0.47018, 0.46448, 0.46452, 0.04973, 0.00488, 0
0.41913, 0.41921, 0.23468, 0.47719, 0.43887, 0.44691, 0.21536, 0.25137, 1
0.45036, 0.4405, 0.12335, 0.48324, 0.44985, 0.44386, 0.04411, 0.01708, 0
0.46396, 0.45935, 0.12827, 0.4746, 0.46851, 0.45985, 0.10389, 0.04414, 1
0.45644, 0.44072, 0.11765, 0.48007, 0.45771, 0.44968, 0.0922, 0.0147, 0
0.44946, 0.4405, 0.1127, 0.4734, 0.45626, 0.45218, 0.01383, 0.02003, 1
0.44977, 0.43958, 0.12518, 0.47722, 0.45519, 0.44899, 0.0155, 0.01295, 1
0.45358, 0.44348, 0.13329, 0.47722, 0.45768, 0.45038, 0.02214, 0.03766, 1
0.44843, 0.44095, 0.13882, 0.47713, 0.45483, 0.4526, 0.03261, 0.01695, 1
0.4539, 0.44187, 0.14825, 0.47923, 0.45713, 0.45121, 0.04039, 0.00424, 0
0.44261, 0.43499, 0.16002, 0.48675, 0.44729, 0.44329, 0.03041, 0.00647, 0
0.45738, 0.44026, 0.19396, 0.47371, 0.47532, 0.46561, 0.0089, 0.042, 1
0.43101, 0.42366, 0.22613, 0.48666, 0.4374, 0.42746, 0.08533, 0.05669, 1
0.4526, 0.43796, 0.21818, 0.48118, 0.45403, 0.44716, 0.08622, 0.09944, 1
0.4479, 0.4375, 0.22517, 0.48432, 0.44383, 0.43141, 0.08649, 0.08838, 1
0.45835, 0.42831, 0.24091, 0.4809, 0.44907, 0.43812, 0.33239, 0.28672, 1
0.44969, 0.44485, 0.26326, 0.47805, 0.45161, 0.45996, 0.0638, 0.01908, 1
0.44375, 0.43317, 0.27125, 0.48726, 0.44602, 0.44025, 0.05577, 0.18043, 1
0.45138, 0.44095, 0.14946, 0.48207, 0.45232, 0.44413, 0.04405, 0.05597, 0
0.41864, 0.41921, 0.1734, 0.4818, 0.43115, 0.4347, 0.17691, 0.15523, 1
0.43059, 0.41914, 0.20588, 0.47662, 0.44683, 0.44161, 0.10972, 0.1294, 1
0.44544, 0.43889, 0.23156, 0.47894, 0.45271, 0.45163, 0.04736, 0.04487, 1
0.38578, 0.40427, 0.3325, 0.48555, 0.39941, 0.40203, 0.35622, 0.45139, 1
0.43175, 0.42814, 0.24098, 0.48367, 0.43433, 0.43706, 0.08143, 0.28918, 0
0.41825, 0.4169, 0.15159, 0.48525, 0.41833, 0.42538, 0.12455, 0.17357, 1
0.45027, 0.44256, 0.13944, 0.47731, 0.45385, 0.44579, 0.01015, 0.03555, 0
0.45456, 0.44601, 0.15364, 0.47356, 0.46081, 0.45831, 0.03413, 0.01697, 1
0.45295, 0.4421, 0.18899, 0.47797, 0.45621, 0.45093, 0.031, 0.02779, 0
0.45254, 0.44325, 0.13821, 0.47182, 0.46168, 0.45734, 0.02689, 0.03204, 1
0.45189, 0.44255, 0.22848, 0.4764, 0.45673, 0.44941, 0.0101, 0.02745, 1
0.4141, 0.40538, 0.33942, 0.47759, 0.43644, 0.43508, 0.18336, 0.21206, 0
0.45473, 0.44418, 0.39241, 0.47077, 0.46757, 0.45779, 0.02261, 0.01969, 1
0.4401, 0.43242, 0.40019, 0.48174, 0.44998, 0.44199, 0.04648, 0.05907, 1
0.45546, 0.44418, 0.39292, 0.47615, 0.4603, 0.45317, 0.02568, 0.07919, 1
0.45915, 0.4534, 0.43813, 0.47518, 0.46245, 0.45708, 0.07151, 0.0372, 1
0.4528, 0.4437, 0.29662, 0.47189, 0.46263, 0.45633, 0.02763, 0.01903, 1
0.48289, 0.47496, 0.29746, 0.47435, 0.48102, 0.4743, 0.16317, 0.19022, 0
0.45217, 0.44438, 0.13098, 0.47676, 0.45668, 0.44996, 0.01919, 0.0329, 0
0.40965, 0.40999, 0.11812, 0.48902, 0.41795, 0.41616, 0.17316, 0.22637, 1
0.44, 0.43508, 0.17049, 0.48498, 0.43561, 0.43763, 0.03001, 0.04581, 0
0.45783, 0.44844, 0.19875, 0.4803, 0.45908, 0.44295, 0.05742, 0.07163, 1
0.42489, 0.40566, 0.20692, 0.47558, 0.44912, 0.45728, 0.17248, 0.27952, 0
0.46375, 0.44736, 0.21655, 0.47237, 0.48216, 0.47464, 0.03267, 0.01463, 0
0.45173, 0.46128, 0.19347, 0.47858, 0.45892, 0.4548, 0.24869, 0.25892, 1
0.44561, 0.43274, 0.1886, 0.47862, 0.451, 0.45591, 0.05714, 0.05738, 1
0.45588, 0.43959, 0.18453, 0.47482, 0.46012, 0.45231, 0.08233, 0.07616, 0
0.45916, 0.45254, 0.29292, 0.47134, 0.46577, 0.45835, 0.06887, 0.03166, 0
0.44964, 0.44073, 0.31426, 0.48406, 0.45244, 0.44625, 0.01532, 0.02307, 1
0.41886, 0.41763, 0.31813, 0.48844, 0.42627, 0.42594, 0.1387, 0.11778, 1
0.44658, 0.43869, 0.29348, 0.48071, 0.451, 0.44818, 0.01788, 0.01468, 1
0.44896, 0.43779, 0.20307, 0.48393, 0.45245, 0.44626, 0.03949, 0.04584, 1
0.45874, 0.45298, 0.20743, 0.47144, 0.46643, 0.46275, 0.08599, 0.02455, 0
0.45536, 0.44255, 0.36726, 0.47155, 0.47521, 0.47322, 0.05009, 0.05343, 0
0.45443, 0.44573, 0.39147, 0.47414, 0.46152, 0.45836, 0.03747, 0.00242, 0
0.44516, 0.43782, 0.39583, 0.48017, 0.45117, 0.44575, 0.02929, 0.05806, 1
0.44522, 0.434, 0.22421, 0.47658, 0.45282, 0.44725, 0.03776, 0.02193, 0
0.46176, 0.4515, 0.22875, 0.47708, 0.46286, 0.45513, 0.05628, 0.01196, 0
0.43452, 0.43267, 0.25339, 0.47974, 0.4449, 0.44738, 0.11618, 0.1264, 0
0.43672, 0.43088, 0.20554, 0.4829, 0.43152, 0.43503, 0.05808, 0.06451, 0
0.44418, 0.43827, 0.19164, 0.47978, 0.44685, 0.44969, 0.04535, 0.03109, 1
0.45677, 0.4459, 0.19071, 0.47157, 0.46228, 0.45459, 0.02629, 0.02667, 0
0.45385, 0.4441, 0.19555, 0.47982, 0.45726, 0.44942, 0.02499, 0.02358, 1
0.43309, 0.42905, 0.17212, 0.48531, 0.43986, 0.43594, 0.07621, 0.06466, 0
0.44939, 0.44231, 0.17254, 0.4795, 0.45329, 0.44601, 0.01085, 0.00864, 1
0.45021, 0.44141, 0.16606, 0.47958, 0.45426, 0.4471, 0.00217, 0.01045, 1
0.44755, 0.43939, 0.15487, 0.48084, 0.45268, 0.4486, 0.01423, 0.01497, 1
0.44825, 0.44006, 0.14497, 0.47506, 0.45508, 0.45092, 0.02138, 0.02703, 0
0.45365, 0.44501, 0.14037, 0.47962, 0.45699, 0.45133, 0.01855, 0.01046, 0
0.44763, 0.43287, 0.20901, 0.4811, 0.4513, 0.44438, 0.08684, 0.08904, 1
0.44786, 0.44141, 0.21543, 0.48048, 0.45266, 0.4452, 0.01693, 0.01916, 0
0.45352, 0.44591, 0.20483, 0.47122, 0.46486, 0.46224, 0.06615, 0.09225, 0
0.44417, 0.43555, 0.20302, 0.47561, 0.45493, 0.44846, 0.03918, 0.0314, 1
0.43967, 0.43105, 0.21565, 0.47967, 0.44734, 0.44505, 0.04924, 0.0277, 1
0.45194, 0.44433, 0.17954, 0.4758, 0.45785, 0.45228, 0.02721, 0.02313, 0
0.44423, 0.43668, 0.16989, 0.47863, 0.45215, 0.44928, 0.04021, 0.0457, 1
0.44216, 0.43311, 0.1608, 0.48858, 0.44411, 0.4376, 0.04916, 0.03825, 1
0.42282, 0.42146, 0.16234, 0.48537, 0.43163, 0.43258, 0.1362, 0.05019, 0
0.45659, 0.45341, 0.27541, 0.47227, 0.4697, 0.46656, 0.13809, 0.10298, 1
0.44312, 0.43327, 0.27026, 0.4853, 0.44667, 0.43241, 0.06377, 0.03191, 1
0.44894, 0.44163, 0.20482, 0.47262, 0.45339, 0.45406, 0.03772, 0.04963, 1
0.45449, 0.44434, 0.20732, 0.46939, 0.45947, 0.45829, 0.01699, 0.03556, 0
0.44509, 0.44118, 0.38592, 0.47973, 0.44358, 0.42688, 0.02222, 0.01029, 1
0.39616, 0.40528, 0.21066, 0.48132, 0.41719, 0.42539, 0.32122, 0.35723, 1
0.3803, 0.36939, 0.20345, 0.4824, 0.39869, 0.40351, 0.34644, 0.34968, 0
0.46451, 0.45055, 0.23261, 0.47463, 0.4703, 0.45713, 0.07787, 0.09594, 1
0.43781, 0.43206, 0.23459, 0.48699, 0.43884, 0.42799, 0.04855, 0.03029, 0
0.47098, 0.45545, 0.2343, 0.46866, 0.47425, 0.46605, 0.09614, 0.02031, 0
0.45443, 0.44364, 0.19602, 0.47173, 0.4714, 0.47489, 0.07014, 0.01651, 1
0.45942, 0.44208, 0.11661, 0.47139, 0.47377, 0.47572, 0.00864, 0.00238, 1
0.46038, 0.44476, 0.11871, 0.47281, 0.47046, 0.46487, 0.04807, 0.03464, 0
0.47467, 0.45997, 0.11568, 0.47408, 0.4771, 0.46135, 0.11993, 0.12063, 1
0.46446, 0.45698, 0.17863, 0.4685, 0.47176, 0.46426, 0.08741, 0.14934, 0
0.46174, 0.45231, 0.18082, 0.47022, 0.4692, 0.46494, 0.05683, 0.01087, 0
0.45371, 0.44341, 0.21573, 0.46859, 0.45875, 0.45293, 0.01548, 0.04169, 1
0.44658, 0.44118, 0.18019, 0.47885, 0.45276, 0.44956, 0.05202, 0.03539, 0
0.45017, 0.4423, 0.16946, 0.47266, 0.45806, 0.45671, 0.04309, 0.02067, 0
0.45836, 0.44831, 0.18175, 0.47125, 0.46889, 0.47197, 0.05639, 0.06763, 0
0.45321, 0.44788, 0.18936, 0.47198, 0.47112, 0.47079, 0.13813, 0.13807, 1
0.45295, 0.43984, 0.18246, 0.4728, 0.46739, 0.46147, 0.00747, 0.09045, 1
0.44712, 0.44296, 0.32466, 0.4775, 0.45331, 0.454, 0.07836, 0.06308, 1
