@relation /home/othavioaset_perfeito_keel
@attribute EMA_3 real [-0.01, 1.01]
@attribute SMA_3 real [-0.01, 1.01]
@attribute ADXR real [-0.01, 1.01]
@attribute Bollinger_Norm real [-0.01, 1.01]
@attribute EMA_5 real [-0.01, 1.01]
@attribute SMA_5 real [-0.01, 1.01]
@attribute std_close3 real [-0.01, 1.01]
@attribute std_open3 real [-0.01, 1.01]
@attribute trend {0, 1}
@inputs EMA_3, SMA_3, ADXR, Bollinger_Norm, EMA_5, SMA_5, std_close3, std_open3
@outputs trend
@data
0.44268, 0.43025, 0.3864, 0.48212, 0.44626, 0.43473, 0.09102, 0.10233, 0
0.45304, 0.43974, 0.32756, 0.47213, 0.46321, 0.46026, 0.01111, 0.03248, 0
0.448, 0.44036, 0.31305, 0.47392, 0.45921, 0.45224, 0.04859, 0.06314, 0
0.48358, 0.47087, 0.2559, 0.4649, 0.49043, 0.48496, 0.14336, 0.23623, 1
0.45388, 0.43269, 0.24711, 0.4794, 0.45482, 0.44434, 0.17617, 0.2926, 1
0.45401, 0.44242, 0.24373, 0.48176, 0.4501, 0.43532, 0.11081, 0.10051, 1
0.45122, 0.44056, 0.24802, 0.48321, 0.44373, 0.42507, 0.11572, 0.10739, 1
0.44635, 0.4383, 0.2543, 0.48376, 0.43779, 0.4281, 0.08735, 0.07119, 1
0.44766, 0.44346, 0.30315, 0.47418, 0.45855, 0.45812, 0.10588, 0.07439, 0
0.44504, 0.43647, 0.25196, 0.47667, 0.45378, 0.44862, 0.02953, 0.02152, 0
0.44976, 0.44179, 0.38482, 0.47385, 0.45549, 0.45454, 0.029, 0.02625, 1
0.42875, 0.43346, 0.35249, 0.47941, 0.44187, 0.44518, 0.19395, 0.20405, 1
0.45472, 0.44139, 0.38736, 0.47598, 0.45885, 0.44898, 0.0606, 0.03926, 0
0.44331, 0.43518, 0.3907, 0.48366, 0.44761, 0.43819, 0.0314, 0.0309, 0
0.46127, 0.44637, 0.38881, 0.47103, 0.46713, 0.45966, 0.06245, 0.10909, 1
0.48123, 0.4686, 0.25524, 0.46791, 0.48919, 0.48045, 0.13273, 0.10939, 0
0.43953, 0.43416, 0.14173, 0.47747, 0.44794, 0.44723, 0.07382, 0.0793, 0
0.4547, 0.44015, 0.21153, 0.47481, 0.46162, 0.45024, 0.06429, 0.04641, 1
0.46703, 0.46304, 0.25435, 0.46995, 0.49011, 0.49603, 0.23549, 0.15928, 0
0.4558, 0.44223, 0.28549, 0.47275, 0.475, 0.46968, 0.0266, 0.02142, 1
0.44535, 0.43806, 0.28474, 0.48137, 0.4559, 0.44494, 0.03015, 0.06007, 1
0.44502, 0.43891, 0.26571, 0.48104, 0.44113, 0.45312, 0.01635, 0.05189, 1
0.44278, 0.4416, 0.33868, 0.48305, 0.44404, 0.44273, 0.07254, 0.11956, 0
0.45614, 0.45013, 0.31849, 0.47304, 0.46862, 0.46159, 0.08635, 0.04696, 1
0.41653, 0.4086, 0.33751, 0.49029, 0.41857, 0.40835, 0.16857, 0.17033, 1
0.43903, 0.43475, 0.34784, 0.48388, 0.43729, 0.4354, 0.03108, 0.03831, 0
0.46554, 0.45241, 0.41765, 0.4692, 0.47883, 0.47918, 0.06689, 0.07697, 1
0.44362, 0.43486, 0.42906, 0.4759, 0.45359, 0.45271, 0.04703, 0.06135, 1
0.44915, 0.43915, 0.22342, 0.48469, 0.45054, 0.44358, 0.03869, 0.02347, 1
0.42976, 0.432, 0.24109, 0.48321, 0.43846, 0.42772, 0.11944, 0.1774, 0
0.43387, 0.43709, 0.28866, 0.48173, 0.44249, 0.44019, 0.1552, 0.11815, 1
0.43296, 0.43935, 0.24375, 0.4839, 0.42726, 0.41442, 0.08393, 0.05353, 1
0.45148, 0.44159, 0.2249, 0.4798, 0.45141, 0.45963, 0.01042, 0.05852, 0
0.48647, 0.46188, 0.19854, 0.47054, 0.49164, 0.47532, 0.18799, 0.31861, 0
0.45103, 0.44283, 0.28371, 0.48258, 0.45313, 0.44674, 0.01053, 0.03809, 0
0.45761, 0.44656, 0.2074, 0.46947, 0.46502, 0.46177, 0.02618, 0.04048, 1
0.44486, 0.43458, 0.20343, 0.48381, 0.44726, 0.43747, 0.0579, 0.06397, 1
0.43363, 0.43189, 0.19679, 0.48084, 0.44371, 0.44636, 0.12086, 0.08922, 1
0.46423, 0.45567, 0.19433, 0.46829, 0.47453, 0.47482, 0.09838, 0.0793, 1
0.4709, 0.4542, 0.15713, 0.47861, 0.4661, 0.45036, 0.1629, 0.13917, 0
0.43614, 0.43007, 0.13474, 0.4847, 0.4311, 0.42616, 0.06373, 0.04754, 1
0.45099, 0.44118, 0.21431, 0.48346, 0.44545, 0.44055, 0.06166, 0.04701, 1
0.44738, 0.43728, 0.41612, 0.48205, 0.45127, 0.44301, 0.03476, 0.03527, 1
0.4517, 0.44303, 0.40109, 0.48097, 0.45481, 0.44662, 0.01498, 0.02009, 1
0.45044, 0.43562, 0.2955, 0.47429, 0.46016, 0.45211, 0.05075, 0.09928, 0
0.45079, 0.4416, 0.44476, 0.47266, 0.46179, 0.45571, 0.02465, 0.02015, 0
0.46018, 0.44833, 0.52171, 0.46795, 0.46902, 0.46234, 0.03468, 0.03831, 1
0.45447, 0.4437, 0.36103, 0.47621, 0.45949, 0.4468, 0.03385, 0.04073, 0
0.44596, 0.43699, 0.33902, 0.4859, 0.45052, 0.44044, 0.0268, 0.06091, 0
0.44171, 0.4372, 0.19659, 0.48394, 0.44642, 0.43841, 0.03849, 0.05277, 0
0.47131, 0.45779, 0.09946, 0.4772, 0.46947, 0.45699, 0.11759, 0.16521, 0
0.44518, 0.44098, 0.15363, 0.48287, 0.44131, 0.43544, 0.00878, 0.0401, 0
0.43875, 0.43554, 0.1997, 0.48464, 0.4434, 0.43883, 0.0545, 0.0354, 0
0.44164, 0.4393, 0.19817, 0.47784, 0.45134, 0.44922, 0.11062, 0.12777, 1
0.41792, 0.41553, 0.17946, 0.4905, 0.42271, 0.41689, 0.12853, 0.0651, 0
0.41236, 0.4106, 0.19429, 0.47794, 0.43345, 0.43995, 0.21087, 0.19159, 1
0.44592, 0.41382, 0.36673, 0.48422, 0.4176, 0.391, 0.53425, 0.52483, 0
0.43493, 0.43576, 0.25219, 0.4832, 0.42199, 0.4223, 0.02818, 0.04442, 0
0.4718, 0.45354, 0.36374, 0.47508, 0.47152, 0.45633, 0.15053, 0.16698, 1
0.45526, 0.43305, 0.35885, 0.48009, 0.45212, 0.44796, 0.19072, 0.13709, 1
0.45173, 0.44285, 0.36556, 0.48257, 0.4482, 0.44418, 0.04251, 0.05982, 0
0.43826, 0.43287, 0.36662, 0.48695, 0.43852, 0.43637, 0.04248, 0.04071, 1
0.44803, 0.44056, 0.34623, 0.47453, 0.4543, 0.45415, 0.03667, 0.01935, 0
0.44631, 0.43931, 0.32454, 0.47376, 0.45535, 0.4539, 0.05816, 0.03287, 0
0.43873, 0.43789, 0.31205, 0.48326, 0.441, 0.43765, 0.07389, 0.08543, 0
0.44937, 0.44448, 0.25496, 0.47502, 0.45881, 0.45648, 0.08418, 0.08886, 1
0.46213, 0.44675, 0.23951, 0.47215, 0.46689, 0.4601, 0.07236, 0.07841, 0
0.48524, 0.46365, 0.24298, 0.47189, 0.48555, 0.47409, 0.18774, 0.13639, 0
0.06225, 0.06853, 0.37813, 0.595, 0.06034, 0.06911, 0.07796, 0.01332, 1
0.46374, 0.45297, 0.43164, 0.46884, 0.47271, 0.47141, 0.06346, 0.07893, 1
0.43665, 0.44181, 0.45497, 0.48415, 0.42435, 0.41188, 0.0229, 0.06249, 0
0.45473, 0.44411, 0.47281, 0.47899, 0.4527, 0.45568, 0.03132, 0.07038, 1
0.4456, 0.44369, 0.49681, 0.47961, 0.45054, 0.4515, 0.09849, 0.03428, 1
0.45675, 0.4464, 0.39845, 0.47141, 0.46281, 0.46212, 0.02796, 0.03495, 0
0.44422, 0.43657, 0.3447, 0.47358, 0.46284, 0.46702, 0.12129, 0.04143, 1
0.466, 0.45337, 0.34154, 0.47037, 0.4829, 0.48602, 0.08135, 0.15349, 1
0.44435, 0.43721, 0.35792, 0.47752, 0.44732, 0.44783, 0.0297, 0.03501, 0
0.45904, 0.44725, 0.39713, 0.47244, 0.46201, 0.45416, 0.04693, 0.08494, 1
0.44438, 0.43659, 0.39272, 0.4777, 0.45211, 0.4534, 0.04741, 0.02913, 1
0.45623, 0.44488, 0.36735, 0.48064, 0.45688, 0.44974, 0.05779, 0.06617, 1
0.42913, 0.41802, 0.26899, 0.48794, 0.42612, 0.41608, 0.15777, 0.16798, 0
0.44572, 0.44508, 0.27361, 0.48303, 0.44506, 0.43681, 0.05316, 0.05873, 1
0.44541, 0.43524, 0.26273, 0.48283, 0.44404, 0.44365, 0.05737, 0.08139, 0
0.45449, 0.44344, 0.23449, 0.47155, 0.46258, 0.45945, 0.01205, 0.01792, 1
0.4884, 0.48172, 0.23467, 0.46784, 0.51201, 0.51791, 0.28762, 0.25429, 0
0.44615, 0.4354, 0.32704, 0.48089, 0.45458, 0.44661, 0.03281, 0.0339, 1
0.463, 0.45214, 0.36386, 0.46699, 0.46917, 0.46302, 0.05313, 0.05625, 0
0.46401, 0.45588, 0.40333, 0.46793, 0.47456, 0.47094, 0.09789, 0.20263, 0
0.45878, 0.44854, 0.50823, 0.47553, 0.46782, 0.45329, 0.03554, 0.03668, 1
0.51188, 0.48033, 0.47673, 0.47363, 0.50273, 0.48074, 0.36585, 0.27493, 0
0.43686, 0.44407, 0.46439, 0.48383, 0.42833, 0.41256, 0.06349, 0.00791, 0
0.44795, 0.43622, 0.2617, 0.47607, 0.4558, 0.44898, 0.03169, 0.00795, 1
0.44485, 0.44223, 0.57627, 0.48315, 0.44444, 0.43804, 0.03714, 0.02635, 1
0.45612, 0.44833, 0.47691, 0.47508, 0.46236, 0.45317, 0.03868, 0.03315, 0
0.44249, 0.43825, 0.17258, 0.48488, 0.44758, 0.44198, 0.04773, 0.09466, 1
0.45758, 0.44717, 0.4088, 0.48044, 0.45799, 0.44886, 0.05192, 0.06673, 0
0.45926, 0.44684, 0.38026, 0.48026, 0.45784, 0.44947, 0.07685, 0.05424, 0
0.20959, 0.20842, 0.2682, 0.66186, 0.21057, 0.21417, 0.04148, 0.03639, 1
0.44881, 0.43809, 0.23282, 0.47956, 0.45471, 0.44961, 0.02156, 0.02597, 0
0.45921, 0.4502, 0.23363, 0.47034, 0.47159, 0.47325, 0.09012, 0.08718, 0
0.44514, 0.43726, 0.19773, 0.47684, 0.4545, 0.44698, 0.03497, 0.02543, 1
0.47329, 0.45794, 0.23179, 0.4726, 0.47427, 0.46265, 0.11967, 0.14045, 0
0.47663, 0.46041, 0.27152, 0.47351, 0.47588, 0.46665, 0.13037, 0.16776, 0
0.44411, 0.44201, 0.27327, 0.48204, 0.44366, 0.44287, 0.04493, 0.12242, 0
0.44111, 0.43171, 0.28225, 0.48758, 0.44571, 0.43963, 0.04885, 0.0432, 0
0.45274, 0.44265, 0.30835, 0.47715, 0.45803, 0.45392, 0.0073, 0.02134, 0
0.73695, 0.72274, 0.34409, 0.17724, 0.74683, 0.73233, 0.02786, 0.01777, 1
0.45584, 0.44407, 0.33053, 0.47558, 0.45949, 0.45274, 0.03723, 0.04113, 0
0.15595, 0.15288, 0.30412, 0.59612, 0.1588, 0.16145, 0.01436, 0.00762, 0
0.4581, 0.43702, 0.18448, 0.474, 0.47378, 0.48465, 0.02262, 0.0, 1
0.4524, 0.44618, 0.1828, 0.4724, 0.46223, 0.45654, 0.06386, 0.05103, 1
0.45325, 0.44513, 0.15518, 0.4763, 0.45804, 0.45716, 0.03228, 0.04043, 0
0.45486, 0.44326, 0.12551, 0.48237, 0.45401, 0.44419, 0.07019, 0.0511, 0
0.43425, 0.42758, 0.15682, 0.48885, 0.43627, 0.43475, 0.06572, 0.05908, 0
0.45306, 0.4482, 0.18061, 0.47627, 0.45725, 0.45599, 0.0677, 0.08566, 0
0.45356, 0.44428, 0.18009, 0.4717, 0.46049, 0.45987, 0.02695, 0.04659, 0
0.45803, 0.43349, 0.22776, 0.47248, 0.48291, 0.48061, 0.05983, 0.09518, 1
0.4634, 0.44678, 0.29585, 0.47887, 0.46105, 0.45011, 0.12599, 0.1035, 0
0.41136, 0.4145, 0.36839, 0.48341, 0.42281, 0.42705, 0.2033, 0.25523, 1
0.44542, 0.44328, 0.54012, 0.48299, 0.42823, 0.41683, 0.05353, 0.08111, 0
0.44852, 0.44139, 0.35368, 0.48246, 0.45077, 0.44794, 0.00887, 0.03618, 0
0.46454, 0.44817, 0.25486, 0.47271, 0.48061, 0.47436, 0.03485, 0.02746, 1
0.38653, 0.39306, 0.24146, 0.47813, 0.41526, 0.43105, 0.34601, 0.49549, 1
0.45225, 0.438, 0.20598, 0.4771, 0.45869, 0.4402, 0.09181, 0.04522, 1
0.45499, 0.4452, 0.2585, 0.46647, 0.46046, 0.45677, 0.02009, 0.02438, 1
0.44612, 0.43848, 0.40924, 0.48063, 0.45134, 0.45036, 0.02313, 0.02555, 0
0.7438, 0.72471, 0.37769, 0.40237, 0.75957, 0.74595, 0.03275, 0.01766, 0
0.45959, 0.44807, 0.34889, 0.46849, 0.46719, 0.4582, 0.0354, 0.0097, 1
0.45972, 0.44868, 0.29663, 0.48032, 0.45906, 0.45024, 0.06644, 0.07056, 1
0.15192, 0.14172, 0.22913, 0.55845, 0.14763, 0.14096, 0.14367, 0.17203, 0
0.45179, 0.44541, 0.20739, 0.48297, 0.44858, 0.43589, 0.04081, 0.01926, 0
0.41524, 0.41648, 0.17767, 0.48387, 0.42492, 0.43091, 0.1808, 0.1728, 1
0.44677, 0.43569, 0.23292, 0.4789, 0.45214, 0.44908, 0.03397, 0.02439, 0
0.45298, 0.44034, 0.26371, 0.47889, 0.45581, 0.44883, 0.05671, 0.02375, 0
0.44905, 0.44097, 0.30013, 0.48058, 0.45393, 0.44844, 0.0124, 0.03249, 0
0.45051, 0.4414, 0.30869, 0.47615, 0.4564, 0.45254, 0.00889, 0.05094, 1
0.44751, 0.44076, 0.33783, 0.48314, 0.45159, 0.44742, 0.02128, 0.02148, 0
0.4496, 0.44222, 0.3018, 0.48229, 0.45011, 0.44721, 0.00531, 0.03702, 1
0.45847, 0.44925, 0.25816, 0.46963, 0.46906, 0.46516, 0.05771, 0.06612, 1
0.44002, 0.43101, 0.32377, 0.48792, 0.4428, 0.43817, 0.05499, 0.06737, 0
0.4486, 0.44076, 0.33196, 0.47937, 0.45324, 0.44818, 0.01432, 0.01036, 1
0.40892, 0.41479, 0.37142, 0.47896, 0.42902, 0.44255, 0.28843, 0.3232, 0
0.49745, 0.46227, 0.39191, 0.47245, 0.50275, 0.48503, 0.26627, 0.19434, 0
0.43539, 0.4391, 0.40573, 0.48049, 0.44123, 0.4225, 0.10828, 0.02218, 1
0.44195, 0.42621, 0.29559, 0.47721, 0.44968, 0.44154, 0.10779, 0.0472, 0
0.45833, 0.45245, 0.2465, 0.47159, 0.47256, 0.46755, 0.12097, 0.14631, 1
0.45626, 0.44244, 0.22363, 0.47221, 0.46904, 0.46831, 0.00697, 0.03137, 1
0.48032, 0.46978, 0.18498, 0.47449, 0.48047, 0.46415, 0.14695, 0.25275, 0
0.42694, 0.40918, 0.15725, 0.48479, 0.42374, 0.41333, 0.23769, 0.2632, 0
0.42959, 0.43431, 0.1396, 0.47778, 0.44517, 0.44923, 0.24097, 0.32917, 1
0.46654, 0.45554, 0.24902, 0.46893, 0.48109, 0.47698, 0.08718, 0.11409, 0
0.43324, 0.42828, 0.37328, 0.48963, 0.43902, 0.4322, 0.06821, 0.10359, 0
0.45457, 0.44394, 0.35139, 0.47444, 0.46909, 0.44998, 0.01817, 0.05031, 1
0.43519, 0.42829, 0.35421, 0.48384, 0.44123, 0.43794, 0.0663, 0.06243, 0
0.46146, 0.45029, 0.29958, 0.46917, 0.4714, 0.4695, 0.04963, 0.10545, 1
0.42762, 0.4159, 0.24994, 0.48687, 0.41799, 0.39828, 0.21711, 0.21567, 0
0.45212, 0.43253, 0.23735, 0.47691, 0.45549, 0.45676, 0.11546, 0.08773, 1
0.44744, 0.43718, 0.2482, 0.48392, 0.44759, 0.44386, 0.04485, 0.03529, 0
0.45026, 0.44245, 0.2669, 0.48072, 0.45314, 0.44934, 0.0122, 0.01572, 1
0.44175, 0.43424, 0.26551, 0.48603, 0.44627, 0.44347, 0.03572, 0.02758, 0
0.46125, 0.44898, 0.27813, 0.46772, 0.46642, 0.46161, 0.04406, 0.01404, 0
0.45637, 0.44709, 0.27394, 0.47246, 0.46277, 0.45369, 0.02874, 0.03839, 1
0.44683, 0.43823, 0.27329, 0.48569, 0.45112, 0.44449, 0.01774, 0.04547, 1
0.43695, 0.42812, 0.26956, 0.49042, 0.43981, 0.43364, 0.06903, 0.09064, 0
0.45687, 0.44329, 0.22626, 0.47592, 0.45993, 0.44857, 0.07127, 0.04616, 0
0.45081, 0.44056, 0.40709, 0.48352, 0.44957, 0.44245, 0.05031, 0.03401, 0
0.44823, 0.44243, 0.46264, 0.48156, 0.45135, 0.44898, 0.03515, 0.04049, 1
0.44658, 0.4389, 0.52947, 0.47845, 0.45189, 0.44798, 0.022, 0.01668, 0
0.44559, 0.43932, 0.52644, 0.47531, 0.45352, 0.45099, 0.05445, 0.0515, 1
0.44789, 0.4472, 0.28874, 0.47665, 0.45748, 0.4564, 0.13335, 0.11511, 1
0.46539, 0.45178, 0.27102, 0.47078, 0.4728, 0.47114, 0.05187, 0.01108, 1
0.45681, 0.44222, 0.2977, 0.47749, 0.46299, 0.4486, 0.08174, 0.09047, 0
0.46337, 0.45071, 0.38974, 0.47427, 0.4699, 0.4705, 0.04627, 0.11003, 0
0.44986, 0.43864, 0.25473, 0.47428, 0.45867, 0.45216, 0.01417, 0.03774, 0
0.45778, 0.44585, 0.23703, 0.4692, 0.46416, 0.45705, 0.03099, 0.05434, 1
0.47017, 0.45452, 0.25143, 0.47455, 0.46882, 0.46306, 0.10797, 0.0824, 1
0.45342, 0.43675, 0.25523, 0.48288, 0.44745, 0.43769, 0.16208, 0.17706, 1
0.44778, 0.44329, 0.33345, 0.48211, 0.44514, 0.44475, 0.02034, 0.0192, 0
0.44992, 0.44308, 0.5039, 0.48239, 0.4489, 0.44463, 0.0093, 0.02727, 0
0.44047, 0.43131, 0.57213, 0.48895, 0.4427, 0.43572, 0.05816, 0.05938, 0
0.46009, 0.44645, 0.42684, 0.47637, 0.46154, 0.4519, 0.07656, 0.07874, 0
0.66483, 0.64711, 0.35631, 0.38469, 0.67161, 0.65193, 0.06744, 0.05398, 0
0.45535, 0.44139, 0.37957, 0.47327, 0.46267, 0.45756, 0.04004, 0.00968, 1
0.45064, 0.44077, 0.33808, 0.4825, 0.45337, 0.44847, 0.02095, 0.01385, 0
0.46143, 0.46496, 0.29986, 0.47191, 0.47629, 0.47565, 0.24785, 0.25321, 1
0.44532, 0.43827, 0.11758, 0.47672, 0.45332, 0.44645, 0.03434, 0.03695, 1
0.44635, 0.44202, 0.11196, 0.48093, 0.4519, 0.44671, 0.05581, 0.06837, 0
0.45482, 0.44471, 0.16002, 0.48047, 0.44934, 0.44923, 0.03709, 0.05816, 1
0.45194, 0.44492, 0.18225, 0.47642, 0.45216, 0.44973, 0.02273, 0.0255, 0
0.44764, 0.4389, 0.18801, 0.48204, 0.44982, 0.44898, 0.01114, 0.02761, 1
0.4511, 0.44056, 0.20913, 0.48033, 0.4534, 0.44848, 0.02616, 0.01989, 1
0.44796, 0.43808, 0.36102, 0.48064, 0.45282, 0.44585, 0.0216, 0.02684, 1
0.45562, 0.44679, 0.42925, 0.47351, 0.46628, 0.45766, 0.04263, 0.03656, 0
0.45196, 0.44243, 0.4154, 0.47129, 0.45758, 0.453, 0.00693, 0.01345, 0
0.45428, 0.45183, 0.24442, 0.4817, 0.44066, 0.43797, 0.07458, 0.13621, 1
0.44506, 0.43515, 0.22445, 0.4855, 0.44358, 0.43737, 0.0613, 0.06352, 1
0.46058, 0.45529, 0.20359, 0.47268, 0.48724, 0.47231, 0.18376, 0.13426, 0
0.31509, 0.31935, 0.22863, 0.49098, 0.3146, 0.30281, 0.5911, 0.71071, 0
0.47374, 0.45192, 0.22742, 0.47522, 0.48517, 0.49274, 0.0542, 0.04863, 0
0.44652, 0.43109, 0.22432, 0.47684, 0.45819, 0.47688, 0.0531, 0.03911, 1
0.4518, 0.44055, 0.20107, 0.48132, 0.45755, 0.44832, 0.03355, 0.03892, 1
0.43773, 0.43341, 0.18332, 0.48358, 0.44489, 0.44259, 0.07203, 0.06382, 1
0.46571, 0.45305, 0.09993, 0.47701, 0.46452, 0.45345, 0.09108, 0.11939, 0
0.44863, 0.44606, 0.19889, 0.47599, 0.45441, 0.45679, 0.10378, 0.04815, 1
0.45985, 0.45531, 0.26568, 0.47238, 0.48534, 0.485, 0.19142, 0.15841, 0
0.45594, 0.4461, 0.30446, 0.46889, 0.46383, 0.45867, 0.02684, 0.02775, 1
0.46996, 0.45466, 0.29284, 0.47697, 0.46777, 0.45438, 0.13005, 0.14518, 0
0.44354, 0.43759, 0.25423, 0.48314, 0.44691, 0.44524, 0.0317, 0.01354, 1
0.45498, 0.4433, 0.25297, 0.474, 0.45835, 0.45473, 0.0301, 0.05279, 0
0.45497, 0.44288, 0.1592, 0.47369, 0.45955, 0.45345, 0.03633, 0.00903, 0
0.43547, 0.42914, 0.13837, 0.48944, 0.43718, 0.4309, 0.05879, 0.04298, 1
0.4549, 0.44753, 0.16999, 0.47473, 0.46025, 0.45947, 0.04679, 0.04753, 0
0.43962, 0.43272, 0.16601, 0.47746, 0.44876, 0.44806, 0.06694, 0.09214, 0
0.4418, 0.43569, 0.15957, 0.48493, 0.44129, 0.43576, 0.03004, 0.03365, 1
0.43105, 0.42875, 0.21469, 0.48271, 0.43882, 0.4404, 0.11101, 0.11721, 0
0.45378, 0.44859, 0.15199, 0.47236, 0.46698, 0.46152, 0.10363, 0.12898, 1
0.47157, 0.45388, 0.13979, 0.46834, 0.47856, 0.46974, 0.09362, 0.18107, 1
0.4663, 0.45323, 0.14717, 0.46999, 0.46983, 0.46419, 0.06894, 0.10393, 0
0.45633, 0.44942, 0.14953, 0.47421, 0.46211, 0.4583, 0.05202, 0.02731, 0
0.12559, 0.12504, 0.37379, 0.70288, 0.12404, 0.12529, 0.01539, 0.03096, 1
0.45314, 0.44398, 0.3974, 0.48171, 0.45543, 0.44724, 0.02396, 0.03088, 0
0.47213, 0.46209, 0.46672, 0.46513, 0.47835, 0.47519, 0.10446, 0.06853, 0
0.45274, 0.44312, 0.46238, 0.47364, 0.4613, 0.45768, 0.01872, 0.06472, 1
0.44022, 0.4343, 0.44635, 0.47981, 0.44747, 0.44593, 0.06034, 0.09928, 1
0.45786, 0.44054, 0.39916, 0.4755, 0.46162, 0.45285, 0.09546, 0.08403, 0
0.44005, 0.43322, 0.33182, 0.48306, 0.4448, 0.44085, 0.04168, 0.04424, 0
0.45372, 0.44269, 0.28281, 0.47358, 0.45924, 0.45559, 0.01157, 0.02261, 1
0.45881, 0.44485, 0.10761, 0.47095, 0.46841, 0.46369, 0.02656, 0.03385, 1
0.45689, 0.44269, 0.10795, 0.47441, 0.46253, 0.45167, 0.06343, 0.07031, 1
0.44066, 0.4296, 0.12444, 0.48589, 0.44064, 0.43841, 0.08009, 0.09722, 1
0.44741, 0.43754, 0.15954, 0.48419, 0.44579, 0.44089, 0.05484, 0.02094, 0
0.47363, 0.45603, 0.136, 0.47033, 0.48061, 0.47137, 0.09781, 0.16591, 1
0.44161, 0.43882, 0.12925, 0.48177, 0.44727, 0.44751, 0.07799, 0.08841, 1
0.45668, 0.4457, 0.13643, 0.47233, 0.46129, 0.45492, 0.0294, 0.06666, 0
0.44262, 0.4341, 0.13405, 0.48013, 0.44841, 0.44165, 0.03424, 0.06709, 0
0.44649, 0.43495, 0.12871, 0.47552, 0.45498, 0.45206, 0.03139, 0.03602, 0
0.46128, 0.45343, 0.10481, 0.4796, 0.4607, 0.45388, 0.05977, 0.06163, 0
0.44463, 0.44097, 0.36289, 0.47599, 0.45575, 0.45463, 0.10157, 0.04546, 0
0.51227, 0.48068, 0.38677, 0.4729, 0.50371, 0.48051, 0.36586, 0.3501, 0
0.43264, 0.43634, 0.34565, 0.48393, 0.41033, 0.40258, 0.04988, 0.29395, 0
0.41499, 0.42059, 0.35582, 0.47632, 0.44225, 0.44715, 0.29582, 0.3196, 0
0.4742, 0.46828, 0.38003, 0.46949, 0.50297, 0.50622, 0.26151, 0.30831, 1
0.45856, 0.44375, 0.47697, 0.47374, 0.47366, 0.46059, 0.02473, 0.06038, 0
0.45882, 0.44823, 0.55924, 0.47694, 0.46278, 0.45463, 0.04115, 0.02796, 0
0.4543, 0.44396, 0.56657, 0.471, 0.46122, 0.45774, 0.01442, 0.05206, 1
0.44591, 0.43905, 0.28725, 0.48316, 0.44759, 0.44107, 0.01088, 0.03755, 0
0.45716, 0.44653, 0.20209, 0.47198, 0.46637, 0.45852, 0.03038, 0.07407, 0
0.45126, 0.44524, 0.14844, 0.47406, 0.45808, 0.45244, 0.05205, 0.04774, 1
0.44647, 0.43627, 0.14451, 0.48249, 0.45146, 0.44687, 0.03078, 0.0355, 1
0.45783, 0.44573, 0.28726, 0.47519, 0.46205, 0.45024, 0.05687, 0.04769, 0
0.45438, 0.44876, 0.30072, 0.4757, 0.46118, 0.45614, 0.06396, 0.04611, 1
0.43988, 0.43469, 0.30265, 0.47992, 0.44802, 0.44355, 0.06266, 0.0323, 0
0.45309, 0.44638, 0.30769, 0.47146, 0.46267, 0.46008, 0.06985, 0.07489, 1
0.45303, 0.4401, 0.31729, 0.47571, 0.45815, 0.45089, 0.04915, 0.02809, 0
0.39949, 0.39626, 0.41246, 0.49101, 0.39969, 0.39147, 0.21919, 0.31893, 1
0.4383, 0.41831, 0.37644, 0.48445, 0.4263, 0.4148, 0.26893, 0.34333, 1
0.44421, 0.44226, 0.35881, 0.47363, 0.4574, 0.45999, 0.14892, 0.13044, 0
0.45691, 0.44379, 0.56215, 0.47314, 0.46891, 0.45734, 0.02835, 0.00802, 1
0.44915, 0.44227, 0.48367, 0.47638, 0.45569, 0.45339, 0.04202, 0.03469, 1
0.44594, 0.43576, 0.36651, 0.48041, 0.45155, 0.44498, 0.03083, 0.037, 0
0.4582, 0.44575, 0.15782, 0.47215, 0.46346, 0.45788, 0.03503, 0.06631, 0
0.49451, 0.4777, 0.31141, 0.46249, 0.49789, 0.49191, 0.1232, 0.14341, 0
0.44438, 0.43638, 0.32152, 0.48136, 0.45057, 0.44481, 0.0243, 0.08761, 0
0.46055, 0.44861, 0.23645, 0.47826, 0.46151, 0.45222, 0.06545, 0.05506, 0
0.45114, 0.44184, 0.33704, 0.47168, 0.45672, 0.45853, 0.03101, 0.05243, 1
0.44771, 0.43576, 0.19409, 0.48455, 0.44334, 0.44064, 0.08573, 0.06759, 0
0.44788, 0.43706, 0.17884, 0.47688, 0.45287, 0.44919, 0.02816, 0.05289, 0
0.46588, 0.4488, 0.17595, 0.46991, 0.47929, 0.47939, 0.03787, 0.03603, 0
0.45429, 0.44009, 0.29256, 0.47467, 0.46771, 0.44865, 0.03871, 0.02646, 1
0.47759, 0.49575, 0.33888, 0.47458, 0.48592, 0.48939, 0.46789, 0.43927, 1
0.44926, 0.44054, 0.37478, 0.48036, 0.45382, 0.44359, 0.00951, 0.03469, 1
0.45377, 0.44376, 0.38439, 0.47983, 0.45684, 0.44946, 0.02807, 0.02817, 0
0.45472, 0.43947, 0.39264, 0.47909, 0.45152, 0.45594, 0.09325, 0.07704, 0
0.4884, 0.47593, 0.37929, 0.46561, 0.50009, 0.50106, 0.17966, 0.28915, 0
0.42792, 0.41423, 0.37233, 0.47695, 0.4431, 0.44505, 0.13009, 0.22533, 0
0.44941, 0.43603, 0.35179, 0.47408, 0.46317, 0.45466, 0.02712, 0.05204, 1
0.45879, 0.44699, 0.35029, 0.47217, 0.46865, 0.4574, 0.03234, 0.01985, 0
0.40868, 0.41578, 0.33044, 0.48281, 0.41716, 0.43407, 0.24207, 0.30498, 1
0.45021, 0.44033, 0.2829, 0.48337, 0.45351, 0.44765, 0.0218, 0.01384, 0
0.46106, 0.45701, 0.24527, 0.46963, 0.4714, 0.46877, 0.13165, 0.10753, 0
0.48522, 0.47638, 0.23347, 0.46876, 0.49034, 0.48522, 0.17611, 0.20367, 1
0.4486, 0.43969, 0.17538, 0.48225, 0.45189, 0.44648, 0.01445, 0.06915, 1
0.46175, 0.44867, 0.14187, 0.47358, 0.46533, 0.45698, 0.06317, 0.06147, 1
0.50179, 0.48813, 0.22684, 0.46885, 0.502, 0.49504, 0.22762, 0.29363, 1
0.45641, 0.44599, 0.29683, 0.4699, 0.46368, 0.46202, 0.02742, 0.04446, 1
0.45082, 0.43965, 0.27966, 0.48134, 0.45344, 0.44984, 0.04271, 0.0153, 0
0.45634, 0.44813, 0.32033, 0.47999, 0.45799, 0.45274, 0.03354, 0.02547, 0
0.44889, 0.44118, 0.24283, 0.47772, 0.45652, 0.44468, 0.00729, 0.02361, 1
0.4039, 0.41119, 0.37827, 0.47711, 0.43197, 0.44787, 0.35433, 0.34749, 1
0.44478, 0.43243, 0.30238, 0.48216, 0.44859, 0.4448, 0.06144, 0.0778, 0
0.45277, 0.44225, 0.34353, 0.48291, 0.45301, 0.43883, 0.06634, 0.13858, 1
0.38781, 0.37252, 0.33351, 0.48317, 0.40693, 0.40147, 0.33759, 0.36584, 1
0.45454, 0.44549, 0.26706, 0.47873, 0.4577, 0.45298, 0.0211, 0.02932, 1
0.45363, 0.44443, 0.26552, 0.47113, 0.46105, 0.45641, 0.02262, 0.004, 1
0.45335, 0.44529, 0.36775, 0.4758, 0.45893, 0.4602, 0.03658, 0.004, 1
0.4482, 0.43989, 0.41203, 0.48487, 0.45032, 0.44343, 0.01574, 0.04166, 0
0.44227, 0.42259, 0.36867, 0.47982, 0.44661, 0.44172, 0.161, 0.18821, 0
0.43779, 0.43318, 0.32725, 0.48026, 0.44586, 0.44618, 0.0741, 0.07246, 0
0.45003, 0.44032, 0.30034, 0.47203, 0.46194, 0.46192, 0.04726, 0.04314, 0
0.47136, 0.45992, 0.32037, 0.47116, 0.47833, 0.47889, 0.09223, 0.06366, 0
0.44238, 0.44227, 0.33004, 0.48306, 0.44419, 0.43825, 0.07827, 0.04402, 1
0.44744, 0.43444, 0.23672, 0.47823, 0.45255, 0.44641, 0.05888, 0.03831, 0
0.44753, 0.43884, 0.1897, 0.47483, 0.4513, 0.45333, 0.0226, 0.03121, 0
0.44992, 0.44182, 0.20296, 0.47262, 0.4558, 0.45553, 0.03397, 0.01803, 1
0.45408, 0.44438, 0.26697, 0.4721, 0.46169, 0.45721, 0.01984, 0.03302, 0
0.45564, 0.44652, 0.29451, 0.46829, 0.46415, 0.4589, 0.03712, 0.02957, 1
0.45197, 0.44118, 0.25705, 0.47446, 0.45449, 0.45153, 0.02491, 0.04803, 1
0.45344, 0.44267, 0.24941, 0.47839, 0.45482, 0.44804, 0.03803, 0.04802, 1
0.42809, 0.42715, 0.22916, 0.48522, 0.4361, 0.43593, 0.12038, 0.09637, 1
0.45061, 0.44203, 0.18011, 0.47784, 0.45571, 0.45307, 0.00821, 0.06719, 0
0.43903, 0.43374, 0.17726, 0.47989, 0.44789, 0.44534, 0.07188, 0.0893, 0
0.4676, 0.44911, 0.18869, 0.47356, 0.47283, 0.45712, 0.12249, 0.11481, 0
0.44617, 0.44054, 0.20728, 0.48024, 0.4532, 0.44972, 0.05196, 0.05262, 1
0.45911, 0.44825, 0.21248, 0.47527, 0.46487, 0.4636, 0.03414, 0.10228, 0
0.44158, 0.43262, 0.21371, 0.47933, 0.44906, 0.44648, 0.04267, 0.1709, 0
0.4272, 0.42301, 0.21192, 0.48595, 0.43065, 0.43235, 0.09283, 0.18406, 0
0.46134, 0.45424, 0.2032, 0.47818, 0.46085, 0.44725, 0.06425, 0.07921, 0
0.43744, 0.42921, 0.1997, 0.48506, 0.43904, 0.43391, 0.06163, 0.08699, 0
0.44199, 0.42899, 0.16853, 0.48012, 0.44661, 0.4444, 0.07844, 0.09428, 0
0.46358, 0.45176, 0.2405, 0.47092, 0.47418, 0.47235, 0.0658, 0.14686, 0
0.45772, 0.44892, 0.18935, 0.46968, 0.46856, 0.46886, 0.07156, 0.09325, 0
0.45642, 0.44869, 0.1839, 0.47516, 0.46052, 0.45882, 0.04512, 0.05231, 0
0.41972, 0.39583, 0.20503, 0.47573, 0.44809, 0.44539, 0.23161, 0.20575, 0
0.4591, 0.44552, 0.27829, 0.4726, 0.46669, 0.45629, 0.05161, 0.03425, 1
0.44029, 0.43236, 0.20862, 0.4889, 0.44182, 0.43837, 0.04441, 0.05112, 0
0.446, 0.43708, 0.23819, 0.47394, 0.45781, 0.45311, 0.04598, 0.06103, 0
0.45021, 0.44097, 0.61246, 0.48375, 0.44602, 0.44035, 0.05492, 0.03412, 0
0.39553, 0.40366, 0.64542, 0.48034, 0.41633, 0.43148, 0.3349, 0.42662, 1
0.38892, 0.37503, 0.62316, 0.48073, 0.4067, 0.41027, 0.3202, 0.34858, 0
0.44434, 0.435, 0.31179, 0.48756, 0.44902, 0.43951, 0.04253, 0.04321, 1
0.44408, 0.44055, 0.40066, 0.48359, 0.44075, 0.43719, 0.01964, 0.03508, 1
0.46051, 0.44647, 0.43359, 0.47307, 0.46552, 0.45498, 0.06365, 0.08984, 1
0.45799, 0.47473, 0.32035, 0.47443, 0.47692, 0.47237, 0.41609, 0.42153, 1
0.44643, 0.44076, 0.27307, 0.48224, 0.45306, 0.44638, 0.03556, 0.05564, 1
0.445, 0.43396, 0.23617, 0.48014, 0.45173, 0.44728, 0.03912, 0.02945, 1
0.44185, 0.43354, 0.24803, 0.48686, 0.44559, 0.43943, 0.03952, 0.04903, 0
0.1231, 0.1209, 0.40782, 0.63849, 0.12728, 0.13608, 0.03016, 0.0294, 1
0.44664, 0.44118, 0.45097, 0.48356, 0.45083, 0.44303, 0.02529, 0.06027, 0
0.45969, 0.44725, 0.44177, 0.46981, 0.46779, 0.4648, 0.02948, 0.08208, 1
0.42722, 0.42154, 0.41739, 0.48959, 0.43012, 0.4246, 0.09481, 0.16097, 1
0.42152, 0.41615, 0.40374, 0.48654, 0.42805, 0.42826, 0.1261, 0.17184, 1
0.45562, 0.44724, 0.37386, 0.47249, 0.46451, 0.46335, 0.04939, 0.08397, 0
0.44967, 0.43793, 0.32137, 0.47349, 0.46026, 0.4547, 0.01578, 0.04027, 1
0.45034, 0.43923, 0.28106, 0.47655, 0.45716, 0.44735, 0.02535, 0.02572, 0
0.44635, 0.43858, 0.26502, 0.47942, 0.45345, 0.4463, 0.01916, 0.07656, 0
0.4507, 0.44097, 0.14679, 0.48227, 0.4483, 0.44618, 0.0415, 0.04584, 0
0.45406, 0.4414, 0.16965, 0.47311, 0.46166, 0.45469, 0.02713, 0.11299, 0
0.45161, 0.44378, 0.17373, 0.4735, 0.45958, 0.45247, 0.03152, 0.02341, 1
0.44871, 0.44075, 0.22622, 0.47804, 0.45507, 0.45024, 0.01821, 0.03922, 1
0.44612, 0.43924, 0.28068, 0.48308, 0.44872, 0.43765, 0.01304, 0.11104, 1
0.45386, 0.44421, 0.25014, 0.48133, 0.45428, 0.44775, 0.03238, 0.07391, 1
0.45885, 0.4546, 0.24877, 0.4711, 0.4724, 0.47909, 0.16514, 0.00231, 1
0.43162, 0.42627, 0.24933, 0.48919, 0.43942, 0.43426, 0.07972, 0.09808, 1
0.4552, 0.44097, 0.38786, 0.47404, 0.46039, 0.45346, 0.05873, 0.03939, 1
0.4622, 0.45228, 0.1308, 0.46586, 0.47016, 0.46576, 0.05767, 0.03226, 0
0.45157, 0.44395, 0.19583, 0.47655, 0.45807, 0.44637, 0.02369, 0.03071, 0
0.44997, 0.44055, 0.20324, 0.47715, 0.45633, 0.45101, 0.00356, 0.03524, 0
0.4405, 0.42611, 0.21745, 0.48575, 0.4344, 0.41962, 0.18032, 0.17542, 0
0.45716, 0.44544, 0.17561, 0.47019, 0.46541, 0.45953, 0.02086, 0.14215, 0
0.53913, 0.52489, 0.17078, 0.43375, 0.54914, 0.54201, 0.00942, 0.01638, 1
0.45378, 0.44203, 0.21827, 0.47169, 0.46678, 0.46748, 0.03925, 0.16159, 1
0.44581, 0.44012, 0.20492, 0.48204, 0.44644, 0.43253, 0.01673, 0.03758, 0
0.41347, 0.41749, 0.16653, 0.48134, 0.42878, 0.43408, 0.22561, 0.20526, 1
0.50134, 0.48643, 0.16882, 0.46436, 0.50918, 0.50547, 0.21894, 0.18151, 0
0.44839, 0.43439, 0.18117, 0.47588, 0.45939, 0.45513, 0.05099, 0.10407, 0
0.45672, 0.44969, 0.1885, 0.4729, 0.47072, 0.46429, 0.09152, 0.07276, 1
0.42127, 0.41853, 0.13606, 0.48924, 0.42357, 0.42188, 0.11438, 0.01792, 0
0.44761, 0.44203, 0.15579, 0.48357, 0.44951, 0.4393, 0.00542, 0.05529, 1
0.45223, 0.44331, 0.16232, 0.48162, 0.45349, 0.44535, 0.02362, 0.04228, 1
0.44037, 0.43565, 0.19599, 0.48349, 0.44841, 0.44172, 0.05652, 0.02558, 0
0.46259, 0.45142, 0.24435, 0.46832, 0.47341, 0.47209, 0.05892, 0.12298, 1
0.44401, 0.43968, 0.25859, 0.47439, 0.45472, 0.45845, 0.10629, 0.06383, 1
0.45099, 0.44097, 0.20952, 0.48248, 0.45411, 0.44724, 0.03057, 0.01213, 0
0.46409, 0.44097, 0.23463, 0.47209, 0.47425, 0.47154, 0.10996, 0.12148, 0
0.45224, 0.44118, 0.28575, 0.4799, 0.45953, 0.4463, 0.03255, 0.0622, 1
0.44942, 0.44032, 0.30251, 0.48334, 0.45085, 0.44474, 0.02562, 0.01219, 0
0.4134, 0.40805, 0.33014, 0.49058, 0.41162, 0.40499, 0.16563, 0.25683, 1
0.16764, 0.17061, 0.39578, 0.55063, 0.16202, 0.16244, 0.0221, 0.02961, 1
0.43951, 0.44722, 0.29303, 0.48306, 0.4389, 0.42529, 0.12592, 0.05434, 0
0.45537, 0.44788, 0.25686, 0.47398, 0.46426, 0.46608, 0.07421, 0.01612, 1
0.7322, 0.71903, 0.16484, 0.43888, 0.73065, 0.72448, 0.07308, 0.25798, 0
0.44776, 0.44075, 0.11424, 0.47788, 0.45401, 0.44591, 0.0218, 0.04539, 0
0.44373, 0.43772, 0.12131, 0.47766, 0.45248, 0.44814, 0.05679, 0.02273, 1
0.45088, 0.43881, 0.17476, 0.48298, 0.44785, 0.436, 0.09973, 0.08508, 0
0.47136, 0.47692, 0.12841, 0.47021, 0.49485, 0.50169, 0.36705, 0.36628, 1
0.46561, 0.44855, 0.36134, 0.4732, 0.4725, 0.45694, 0.09061, 0.01618, 0
0.44046, 0.43272, 0.44069, 0.48601, 0.44465, 0.43972, 0.04086, 0.05477, 0
0.39919, 0.4111, 0.43556, 0.4796, 0.42139, 0.4306, 0.35341, 0.33443, 1
0.45448, 0.4448, 0.29436, 0.47738, 0.4592, 0.44482, 0.03188, 0.05965, 0
0.45931, 0.44693, 0.22326, 0.4695, 0.46434, 0.45927, 0.04105, 0.07608, 1
0.39627, 0.39521, 0.18035, 0.49105, 0.39706, 0.38912, 0.22191, 0.25375, 0
0.45765, 0.44651, 0.15575, 0.47314, 0.46209, 0.45708, 0.03234, 0.02362, 0
0.44001, 0.43417, 0.25453, 0.4861, 0.43949, 0.43285, 0.03499, 0.11401, 0
0.4444, 0.43628, 0.24875, 0.48802, 0.44938, 0.44533, 0.02424, 0.01638, 0
0.44803, 0.43748, 0.3264, 0.48072, 0.4577, 0.44812, 0.02197, 0.01208, 1
0.45232, 0.44314, 0.35158, 0.47927, 0.45556, 0.44984, 0.01313, 0.0435, 1
0.45156, 0.4438, 0.29244, 0.47254, 0.45793, 0.45354, 0.02845, 0.02216, 0
0.45393, 0.44402, 0.23445, 0.47558, 0.45833, 0.45077, 0.02134, 0.03219, 1
0.44891, 0.43944, 0.13616, 0.47436, 0.45627, 0.45116, 0.01112, 0.0405, 1
0.45398, 0.44402, 0.16091, 0.47247, 0.46032, 0.45301, 0.01379, 0.05478, 0
0.45299, 0.44445, 0.14221, 0.47862, 0.45567, 0.45419, 0.01666, 0.05163, 1
0.45468, 0.44205, 0.1172, 0.48124, 0.45384, 0.44629, 0.06906, 0.04628, 1
0.44595, 0.43838, 0.3627, 0.48338, 0.44352, 0.44226, 0.02114, 0.02992, 1
0.45257, 0.4438, 0.49319, 0.47349, 0.46729, 0.45473, 0.04205, 0.00839, 1
0.45174, 0.44031, 0.53256, 0.47543, 0.46073, 0.45116, 0.02228, 0.06474, 0
0.4441, 0.43551, 0.61616, 0.48005, 0.45121, 0.44349, 0.02762, 0.03232, 1
0.44398, 0.44292, 0.47623, 0.48346, 0.44129, 0.4356, 0.04088, 0.03624, 0
0.44776, 0.44226, 0.45522, 0.48254, 0.45186, 0.44699, 0.03088, 0.00685, 1
0.45465, 0.44483, 0.43654, 0.47781, 0.45819, 0.45283, 0.01973, 0.01371, 0
0.45475, 0.44354, 0.43897, 0.47914, 0.45651, 0.4492, 0.04272, 0.04946, 1
0.44958, 0.43926, 0.45995, 0.48442, 0.45038, 0.44336, 0.04568, 0.0322, 0
0.45033, 0.4429, 0.32665, 0.4735, 0.45677, 0.45244, 0.02983, 0.02854, 0
0.44983, 0.43904, 0.1376, 0.48022, 0.45456, 0.44712, 0.03046, 0.05829, 0
0.45815, 0.44973, 0.19756, 0.48012, 0.45718, 0.44752, 0.05017, 0.10934, 1
0.45469, 0.45171, 0.38415, 0.47311, 0.46338, 0.45766, 0.10786, 0.20735, 1
0.44719, 0.43304, 0.1863, 0.47717, 0.4518, 0.45063, 0.06372, 0.10444, 1
0.44774, 0.44118, 0.50345, 0.47466, 0.4573, 0.45327, 0.05097, 0.00837, 1
0.4518, 0.44292, 0.48021, 0.4797, 0.44853, 0.4551, 0.05145, 0.10157, 1
0.43495, 0.4341, 0.13886, 0.48269, 0.43553, 0.44178, 0.09105, 0.0602, 0
0.47814, 0.46286, 0.14631, 0.47089, 0.49805, 0.48518, 0.1107, 0.1385, 0
0.44535, 0.44507, 0.19812, 0.4797, 0.44642, 0.46541, 0.12765, 0.11387, 1
0.45702, 0.44572, 0.2745, 0.47198, 0.46207, 0.45874, 0.02527, 0.03874, 1
0.44207, 0.43514, 0.3032, 0.48447, 0.44719, 0.44121, 0.03253, 0.04261, 1
0.44128, 0.43439, 0.21685, 0.48675, 0.44496, 0.43841, 0.03352, 0.03925, 0
0.42712, 0.41534, 0.59561, 0.48749, 0.42072, 0.41416, 0.18089, 0.13193, 0
0.45105, 0.44288, 0.59298, 0.48118, 0.44884, 0.44484, 0.01637, 0.00598, 1
0.45651, 0.43926, 0.41236, 0.47253, 0.47314, 0.46952, 0.02498, 0.18943, 1
0.45305, 0.44161, 0.22145, 0.48039, 0.45343, 0.44946, 0.04975, 0.04194, 1
0.45305, 0.44352, 0.1588, 0.47881, 0.45591, 0.44702, 0.02892, 0.01261, 1
0.45705, 0.4462, 0.386, 0.47124, 0.47629, 0.47959, 0.08906, 0.13328, 0
0.43949, 0.44401, 0.20308, 0.47993, 0.44872, 0.44471, 0.16948, 0.12056, 0
0.50928, 0.48658, 0.32054, 0.46604, 0.51313, 0.50915, 0.23802, 0.21866, 1
0.45187, 0.44118, 0.32269, 0.47435, 0.46508, 0.45983, 0.05006, 0.06386, 0
0.44873, 0.43883, 0.33643, 0.47788, 0.45319, 0.44104, 0.03578, 0.01595, 1
0.44111, 0.43926, 0.34236, 0.47994, 0.44992, 0.44985, 0.1058, 0.07697, 0
0.45182, 0.44054, 0.37357, 0.47203, 0.47036, 0.47091, 0.07, 0.15133, 0
0.45801, 0.44569, 0.37641, 0.47188, 0.47479, 0.4691, 0.04351, 0.1249, 0
0.49903, 0.47038, 0.3769, 0.4718, 0.49871, 0.47574, 0.28181, 0.20726, 1
0.4354, 0.4303, 0.21252, 0.48895, 0.44031, 0.43691, 0.06252, 0.04703, 0
0.45355, 0.44417, 0.15861, 0.48027, 0.45624, 0.44894, 0.02581, 0.02769, 1
0.44427, 0.43734, 0.11138, 0.47715, 0.452, 0.44662, 0.03705, 0.03008, 0
0.45411, 0.44525, 0.14967, 0.47252, 0.46522, 0.47058, 0.06895, 0.08697, 0
0.4753, 0.46622, 0.14577, 0.47372, 0.47679, 0.46541, 0.12144, 0.07562, 1
0.29074, 0.29643, 0.29797, 0.49114, 0.28515, 0.27113, 0.70713, 0.74612, 0
0.44736, 0.43859, 0.31115, 0.48071, 0.43214, 0.41984, 0.08763, 0.12373, 1
0.43292, 0.43081, 0.3154, 0.48051, 0.42511, 0.43924, 0.05453, 0.10117, 0
0.73001, 0.7233, 0.37608, 0.45881, 0.72795, 0.71501, 0.05645, 0.06275, 1
0.3835, 0.40033, 0.34084, 0.48134, 0.40627, 0.42328, 0.42551, 0.42145, 0
0.14989, 0.14725, 0.21008, 0.69508, 0.14754, 0.15088, 0.0259, 0.00999, 0
0.4534, 0.44118, 0.28023, 0.47397, 0.46625, 0.45284, 0.0, 0.03832, 0
0.46098, 0.44807, 0.31121, 0.46837, 0.46883, 0.45963, 0.04398, 0.02066, 1
0.4492, 0.44248, 0.32405, 0.47768, 0.45641, 0.44867, 0.02945, 0.12532, 0
0.4552, 0.44485, 0.38481, 0.47212, 0.46395, 0.45742, 0.01849, 0.01002, 1
0.45297, 0.44205, 0.42405, 0.47142, 0.46498, 0.46188, 0.02561, 0.03655, 0
0.44428, 0.44054, 0.33876, 0.47832, 0.45022, 0.44322, 0.04848, 0.0946, 0
0.47105, 0.45825, 0.20855, 0.47426, 0.47039, 0.46164, 0.10317, 0.11213, 1
0.44596, 0.44009, 0.26343, 0.47487, 0.4537, 0.45261, 0.06033, 0.07489, 0
0.441, 0.43856, 0.24135, 0.48364, 0.44053, 0.42603, 0.0193, 0.06635, 0
0.45395, 0.43791, 0.19993, 0.48097, 0.45161, 0.44534, 0.12321, 0.09156, 1
0.44377, 0.43573, 0.17986, 0.48507, 0.44135, 0.43254, 0.05578, 0.06445, 1
0.38697, 0.39915, 0.15559, 0.4837, 0.40383, 0.41631, 0.35049, 0.29626, 0
0.44895, 0.44837, 0.11515, 0.48002, 0.44587, 0.43228, 0.03586, 0.03125, 1
0.47833, 0.45952, 0.11067, 0.46805, 0.4821, 0.47339, 0.12975, 0.14222, 1
0.44838, 0.43965, 0.17989, 0.4751, 0.46561, 0.44425, 0.03206, 0.034, 0
0.43209, 0.42802, 0.31507, 0.48862, 0.43832, 0.43148, 0.07337, 0.0973, 0
0.44458, 0.44011, 0.48649, 0.47931, 0.4467, 0.45596, 0.06653, 0.08645, 0
0.4365, 0.43345, 0.49723, 0.47592, 0.44925, 0.44789, 0.1174, 0.06748, 0
0.45253, 0.42736, 0.33973, 0.47288, 0.47951, 0.49999, 0.06912, 0.01004, 0
0.46706, 0.45135, 0.3142, 0.47244, 0.49042, 0.49127, 0.06922, 0.00799, 1
0.45791, 0.44702, 0.24372, 0.47365, 0.46921, 0.45351, 0.0287, 0.02076, 1
0.48515, 0.45283, 0.13015, 0.4759, 0.48443, 0.49991, 0.22004, 0.22847, 1
0.44132, 0.43904, 0.12409, 0.48105, 0.43758, 0.42838, 0.02072, 0.06181, 0
0.44088, 0.43796, 0.12122, 0.48184, 0.44243, 0.4462, 0.06472, 0.05697, 0
0.45165, 0.44461, 0.20022, 0.47701, 0.4573, 0.46229, 0.05269, 0.07558, 0
0.45442, 0.44289, 0.22906, 0.47143, 0.46093, 0.45568, 0.01651, 0.03193, 1
0.47408, 0.46302, 0.23281, 0.46599, 0.4794, 0.47592, 0.1059, 0.09095, 1
0.44414, 0.42943, 0.23396, 0.48071, 0.44852, 0.44337, 0.09261, 0.09697, 0
0.47948, 0.47515, 0.20033, 0.46837, 0.50179, 0.50483, 0.27088, 0.28027, 1
0.44463, 0.43403, 0.36006, 0.47248, 0.47927, 0.4857, 0.18265, 0.20834, 0
0.45292, 0.44401, 0.62485, 0.48222, 0.45557, 0.44576, 0.02729, 0.08203, 1
0.44915, 0.44332, 0.76725, 0.48211, 0.43746, 0.44116, 0.01765, 0.01208, 1
0.44177, 0.43562, 0.77134, 0.48047, 0.44852, 0.44674, 0.0506, 0.09564, 0
0.46407, 0.44958, 0.76236, 0.47113, 0.47576, 0.46459, 0.0487, 0.14968, 1
0.46315, 0.44506, 0.72469, 0.47584, 0.46697, 0.44945, 0.13081, 0.09538, 1
0.45127, 0.44245, 0.62551, 0.47287, 0.45598, 0.45419, 0.01533, 0.03562, 0
0.38314, 0.36861, 0.48885, 0.48229, 0.40011, 0.40383, 0.35341, 0.33784, 0
0.4822, 0.48393, 0.4987, 0.47134, 0.49779, 0.4932, 0.29095, 0.28335, 1
0.46246, 0.44375, 0.52505, 0.47405, 0.49317, 0.45608, 0.02178, 0.03021, 1
0.42221, 0.42089, 0.419, 0.48468, 0.40622, 0.40654, 0.10674, 0.19996, 0
0.44876, 0.43887, 0.69673, 0.48138, 0.45266, 0.44654, 0.02231, 0.03449, 0
0.45335, 0.43929, 0.44322, 0.47408, 0.46102, 0.46246, 0.01825, 0.03478, 0
0.44474, 0.43656, 0.41593, 0.47517, 0.45437, 0.45508, 0.04461, 0.04575, 0
0.45384, 0.44392, 0.34753, 0.47222, 0.46615, 0.45943, 0.03272, 0.02212, 0
0.42302, 0.35947, 0.2583, 0.48001, 0.41982, 0.40033, 0.84103, 0.9984, 1
0.44575, 0.43719, 0.1821, 0.48657, 0.44811, 0.44131, 0.02494, 0.04726, 0
0.72344, 0.70959, 0.12612, 0.35056, 0.72969, 0.71459, 0.02176, 0.02767, 1
0.45836, 0.44773, 0.28309, 0.47, 0.46689, 0.45997, 0.03204, 0.08342, 1
0.44094, 0.44034, 0.25074, 0.48413, 0.43943, 0.432, 0.04241, 0.03611, 0
0.45365, 0.43823, 0.22951, 0.47381, 0.46326, 0.46264, 0.02852, 0.03845, 0
0.4512, 0.44245, 0.19097, 0.48305, 0.451, 0.44449, 0.02881, 0.0302, 1
0.44722, 0.43887, 0.21698, 0.48459, 0.44768, 0.44258, 0.02234, 0.04114, 0
0.443, 0.43634, 0.25541, 0.48005, 0.4493, 0.44883, 0.04673, 0.025, 0
0.45191, 0.44139, 0.25209, 0.47824, 0.45592, 0.44743, 0.02642, 0.01754, 1
0.45516, 0.44499, 0.26377, 0.4731, 0.46563, 0.45536, 0.02315, 0.04939, 1
0.45475, 0.44633, 0.30406, 0.47379, 0.46024, 0.45349, 0.02585, 0.06938, 1
0.44695, 0.43861, 0.3104, 0.48443, 0.44905, 0.44141, 0.02177, 0.02806, 0
0.44818, 0.43969, 0.34239, 0.4833, 0.45099, 0.44686, 0.00901, 0.02805, 0
0.44476, 0.43561, 0.3562, 0.47888, 0.45134, 0.44569, 0.02688, 0.03365, 0
0.44449, 0.44054, 0.32925, 0.48183, 0.4461, 0.44479, 0.04839, 0.04056, 0
0.44792, 0.43797, 0.18395, 0.48552, 0.45063, 0.44309, 0.03418, 0.03817, 1
0.4479, 0.43861, 0.18671, 0.48474, 0.44821, 0.44206, 0.03788, 0.04583, 1
0.45564, 0.44611, 0.24331, 0.47316, 0.46072, 0.454, 0.02384, 0.02574, 1
0.45867, 0.44806, 0.28533, 0.46853, 0.46393, 0.45922, 0.03337, 0.04418, 1
0.44857, 0.43732, 0.28241, 0.48102, 0.45329, 0.44855, 0.03424, 0.03325, 0
0.7878, 0.78569, 0.31489, 0.4316, 0.79177, 0.77727, 0.14012, 0.14647, 1
0.45679, 0.44422, 0.16681, 0.47261, 0.46314, 0.45719, 0.03244, 0.04175, 1
0.50641, 0.47735, 0.16106, 0.47498, 0.49513, 0.47504, 0.3459, 0.43315, 1
0.44592, 0.44376, 0.21997, 0.48118, 0.44384, 0.44815, 0.0623, 0.09089, 0
0.44327, 0.43495, 0.27712, 0.47932, 0.44772, 0.44607, 0.03259, 0.01818, 0
0.45435, 0.44161, 0.31322, 0.47715, 0.45687, 0.45037, 0.05033, 0.03854, 1
0.45159, 0.44161, 0.35713, 0.48275, 0.4523, 0.44568, 0.03594, 0.02698, 1
0.45465, 0.4444, 0.34648, 0.47564, 0.45935, 0.45063, 0.02241, 0.01603, 1
0.46037, 0.43577, 0.39298, 0.4719, 0.49431, 0.50548, 0.05541, 0.004, 0
0.44033, 0.43403, 0.47338, 0.48289, 0.44856, 0.44616, 0.05414, 0.04943, 0
0.45712, 0.44661, 0.44805, 0.46756, 0.46309, 0.45879, 0.02626, 0.04036, 1
0.44163, 0.42903, 0.42159, 0.47958, 0.44889, 0.44392, 0.06715, 0.09363, 0
0.45558, 0.44466, 0.1491, 0.48004, 0.45566, 0.44681, 0.057, 0.05707, 1
0.44598, 0.43606, 0.33763, 0.48458, 0.4469, 0.443, 0.04339, 0.03867, 0
0.43057, 0.42881, 0.3344, 0.48213, 0.43939, 0.44041, 0.11943, 0.03502, 0
0.44485, 0.43841, 0.27716, 0.48191, 0.44944, 0.44364, 0.02376, 0.03352, 0
0.43551, 0.43073, 0.13389, 0.47827, 0.44613, 0.4448, 0.08886, 0.13542, 0
0.5247, 0.48893, 0.12004, 0.47764, 0.4985, 0.46458, 0.53336, 0.51108, 1
0.46135, 0.45203, 0.28847, 0.47006, 0.47917, 0.47602, 0.1047, 0.12981, 0
0.45008, 0.44225, 0.65932, 0.47587, 0.45684, 0.44972, 0.02036, 0.05386, 0
0.44991, 0.44097, 0.38714, 0.48056, 0.45347, 0.4514, 0.00206, 0.0362, 0
0.45169, 0.44054, 0.20857, 0.47359, 0.46454, 0.46007, 0.02696, 0.06911, 0
0.44358, 0.43734, 0.20709, 0.48275, 0.45123, 0.44299, 0.03405, 0.0395, 0
0.43883, 0.43133, 0.20324, 0.47832, 0.44698, 0.43233, 0.04753, 0.05038, 0
0.44889, 0.43819, 0.20536, 0.47895, 0.45256, 0.44505, 0.03529, 0.12783, 1
0.42615, 0.42902, 0.18512, 0.48638, 0.42821, 0.42476, 0.11128, 0.14324, 0
0.43565, 0.42813, 0.46129, 0.48472, 0.44353, 0.436, 0.06393, 0.06098, 0
0.44457, 0.4377, 0.51628, 0.47657, 0.45332, 0.44892, 0.04683, 0.05251, 0
0.45906, 0.45773, 0.54818, 0.47091, 0.46914, 0.47622, 0.18215, 0.25325, 0
0.45537, 0.44162, 0.53169, 0.47175, 0.46663, 0.47135, 0.02194, 0.01228, 0
0.45353, 0.44162, 0.51238, 0.47269, 0.4645, 0.46462, 0.01471, 0.01412, 0
0.46034, 0.44663, 0.47893, 0.47442, 0.46591, 0.45446, 0.05896, 0.08851, 1
0.45042, 0.44466, 0.44462, 0.48169, 0.45367, 0.44721, 0.03049, 0.01063, 1
0.49655, 0.48201, 0.37369, 0.46461, 0.50509, 0.50158, 0.19805, 0.18303, 1
0.44708, 0.44162, 0.30743, 0.48109, 0.44822, 0.43311, 0.0042, 0.05626, 0
0.43362, 0.43012, 0.21675, 0.48726, 0.43775, 0.43617, 0.07245, 0.07183, 0
0.52942, 0.50925, 0.1322, 0.47103, 0.52395, 0.49849, 0.36242, 0.36622, 1
0.44394, 0.44118, 0.13615, 0.48169, 0.43821, 0.44447, 0.01809, 0.0272, 0
0.45556, 0.44573, 0.12983, 0.47618, 0.45448, 0.45653, 0.02732, 0.05889, 1
0.41707, 0.40426, 0.1515, 0.47888, 0.43138, 0.44023, 0.17832, 0.23437, 0
0.4449, 0.43683, 0.16284, 0.47909, 0.45, 0.4443, 0.02132, 0.02445, 0
0.44374, 0.43596, 0.11805, 0.47575, 0.45469, 0.46329, 0.08041, 0.07077, 0
0.43279, 0.42529, 0.10427, 0.47676, 0.44624, 0.44232, 0.09109, 0.21763, 0
0.40646, 0.41517, 0.30366, 0.48008, 0.42395, 0.43577, 0.30228, 0.27065, 0
0.43375, 0.43752, 0.31143, 0.47591, 0.45045, 0.44815, 0.19362, 0.20353, 0
0.4772, 0.45824, 0.24696, 0.47531, 0.47577, 0.4539, 0.18044, 0.28085, 1
0.45426, 0.44097, 0.17115, 0.47587, 0.45944, 0.45037, 0.05236, 0.05812, 1
0.46116, 0.44594, 0.12654, 0.47006, 0.46969, 0.46636, 0.03983, 0.03551, 1
0.44979, 0.43924, 0.12903, 0.47928, 0.45504, 0.44644, 0.02529, 0.05315, 1
0.39798, 0.40599, 0.34556, 0.48364, 0.41241, 0.40798, 0.26734, 0.29996, 0
0.44476, 0.43767, 0.17595, 0.48668, 0.45037, 0.44584, 0.0278, 0.02306, 0
0.44695, 0.43899, 0.14305, 0.48557, 0.45036, 0.44345, 0.01122, 0.04449, 0
0.43692, 0.4328, 0.45536, 0.47745, 0.44727, 0.44607, 0.09359, 0.08327, 0
0.45942, 0.44851, 0.45305, 0.46982, 0.469, 0.46459, 0.03966, 0.0895, 1
0.4739, 0.45605, 0.48003, 0.47372, 0.47439, 0.46081, 0.14038, 0.14297, 1
0.44154, 0.41778, 0.38626, 0.48037, 0.44282, 0.43514, 0.229, 0.22264, 1
0.47789, 0.45672, 0.13953, 0.47191, 0.48685, 0.48096, 0.12576, 0.17332, 1
0.44821, 0.43085, 0.1395, 0.47984, 0.45128, 0.4325, 0.15229, 0.02606, 1
0.46042, 0.45282, 0.13642, 0.47445, 0.4695, 0.47088, 0.08581, 0.08731, 1
0.44463, 0.43495, 0.1372, 0.48511, 0.44265, 0.43435, 0.07295, 0.01431, 1
0.44446, 0.43882, 0.1451, 0.47489, 0.45342, 0.45154, 0.06749, 0.06068, 0
0.4208, 0.42117, 0.15687, 0.48504, 0.42795, 0.41789, 0.12373, 0.13723, 0
0.4432, 0.43755, 0.34258, 0.4754, 0.45491, 0.45037, 0.0718, 0.07612, 0
0.48294, 0.47641, 0.43871, 0.47658, 0.47819, 0.46783, 0.16999, 0.19808, 1
0.45357, 0.44885, 0.44618, 0.48089, 0.45042, 0.44895, 0.03717, 0.05113, 1
0.43299, 0.43394, 0.4333, 0.47844, 0.4426, 0.45062, 0.15707, 0.18443, 0
0.44904, 0.44118, 0.18327, 0.47387, 0.45658, 0.45178, 0.02845, 0.03935, 0
0.42337, 0.42352, 0.18859, 0.47812, 0.44033, 0.44392, 0.1861, 0.21816, 0
0.4779, 0.4596, 0.32079, 0.46811, 0.48175, 0.47152, 0.1287, 0.18762, 1
0.45427, 0.4446, 0.18714, 0.47947, 0.45541, 0.45179, 0.02426, 0.03151, 1
0.44859, 0.43948, 0.24162, 0.47538, 0.45592, 0.44907, 0.01091, 0.05889, 0
0.45393, 0.44289, 0.27013, 0.48056, 0.45593, 0.45037, 0.03661, 0.05523, 1
0.44371, 0.43564, 0.26117, 0.48598, 0.4443, 0.43732, 0.03657, 0.03962, 0
0.43884, 0.43585, 0.25552, 0.48441, 0.44382, 0.44158, 0.07077, 0.11608, 0
0.44645, 0.43863, 0.22581, 0.48341, 0.44824, 0.44158, 0.01885, 0.00787, 0
0.4561, 0.44651, 0.18326, 0.46543, 0.46126, 0.45696, 0.02627, 0.04541, 1
0.43012, 0.42776, 0.17928, 0.48496, 0.43908, 0.43771, 0.10586, 0.1059, 0
0.45215, 0.44375, 0.2205, 0.47845, 0.45663, 0.44648, 0.01429, 0.02197, 1
0.44143, 0.43755, 0.26284, 0.48327, 0.44766, 0.43807, 0.04796, 0.02845, 0
0.45193, 0.44524, 0.1983, 0.47849, 0.45625, 0.45192, 0.03319, 0.08239, 1
0.44648, 0.43906, 0.34174, 0.47968, 0.45168, 0.44882, 0.02694, 0.02618, 0
0.44047, 0.43288, 0.38882, 0.4913, 0.44617, 0.43991, 0.04044, 0.00908, 0
0.45591, 0.44716, 0.38051, 0.46985, 0.46344, 0.45799, 0.03813, 0.04339, 1
0.45032, 0.44182, 0.46305, 0.48193, 0.45373, 0.44844, 0.00354, 0.00391, 1
0.45228, 0.44245, 0.46875, 0.48077, 0.4552, 0.45088, 0.01873, 0.01257, 1
0.46336, 0.45453, 0.46261, 0.47059, 0.46725, 0.45974, 0.06502, 0.05107, 1
0.49023, 0.48366, 0.39885, 0.47721, 0.48156, 0.48756, 0.20574, 0.19636, 1
0.44158, 0.43928, 0.34366, 0.48199, 0.43891, 0.43332, 0.04514, 0.03544, 0
0.43585, 0.4361, 0.20031, 0.47885, 0.44538, 0.43805, 0.10554, 0.07693, 0
0.44297, 0.43759, 0.1136, 0.48603, 0.44743, 0.44204, 0.03468, 0.07798, 0
0.44788, 0.43843, 0.13502, 0.48027, 0.45223, 0.44319, 0.02354, 0.04578, 0
0.44857, 0.43907, 0.16155, 0.47359, 0.45751, 0.4537, 0.02044, 0.04758, 0
0.45221, 0.4433, 0.17335, 0.4773, 0.45663, 0.44831, 0.01243, 0.11116, 1
0.454, 0.44373, 0.17806, 0.47051, 0.46026, 0.45422, 0.01417, 0.05033, 1
0.44558, 0.4361, 0.20233, 0.47724, 0.45286, 0.45498, 0.02672, 0.02291, 0
0.44997, 0.43632, 0.21346, 0.47937, 0.45102, 0.44075, 0.08976, 0.07901, 1
0.45275, 0.4414, 0.20113, 0.47472, 0.45813, 0.45062, 0.02656, 0.02774, 1
0.45422, 0.44118, 0.19431, 0.47733, 0.45837, 0.45178, 0.04955, 0.03548, 1
0.44741, 0.43801, 0.1973, 0.48438, 0.45103, 0.44421, 0.02763, 0.02543, 0
0.45889, 0.44838, 0.17843, 0.47713, 0.46073, 0.45485, 0.04264, 0.03126, 1
0.45352, 0.44055, 0.14062, 0.48268, 0.45269, 0.44385, 0.08645, 0.05241, 1
0.45141, 0.44013, 0.1523, 0.47487, 0.45597, 0.45279, 0.02005, 0.00811, 1
0.44958, 0.44034, 0.14874, 0.47603, 0.45427, 0.44934, 0.00538, 0.02145, 0
0.44923, 0.44308, 0.14544, 0.48219, 0.44952, 0.44322, 0.01269, 0.02731, 1
0.47621, 0.45152, 0.18255, 0.47236, 0.4801, 0.46571, 0.1884, 0.22051, 1
0.44025, 0.43362, 0.17822, 0.48443, 0.43559, 0.42477, 0.06408, 0.06987, 0
0.44304, 0.43635, 0.16122, 0.48129, 0.4485, 0.44412, 0.0352, 0.05523, 0
0.44228, 0.43635, 0.18356, 0.48698, 0.44568, 0.43992, 0.02817, 0.0336, 0
0.42298, 0.42289, 0.19056, 0.4802, 0.4367, 0.44208, 0.17348, 0.25028, 0
0.44848, 0.44139, 0.14857, 0.48204, 0.44681, 0.44362, 0.01932, 0.02158, 1
0.44426, 0.43783, 0.15159, 0.48193, 0.44491, 0.44299, 0.01765, 0.0526, 0
0.46167, 0.44837, 0.18513, 0.47235, 0.4731, 0.4624, 0.03744, 0.03541, 1
0.45016, 0.43738, 0.20129, 0.47715, 0.45866, 0.44806, 0.04615, 0.04206, 1
0.45097, 0.44224, 0.24939, 0.4826, 0.45472, 0.44742, 0.01335, 0.04649, 1
0.41941, 0.41447, 0.28149, 0.48994, 0.41862, 0.41008, 0.13317, 0.1884, 0
0.44429, 0.43716, 0.26028, 0.48097, 0.45232, 0.4451, 0.0329, 0.01173, 0
0.43948, 0.41105, 0.18993, 0.48018, 0.43751, 0.43491, 0.3062, 0.33174, 1
0.44818, 0.44097, 0.18816, 0.48008, 0.45016, 0.45151, 0.01237, 0.02059, 0
0.45222, 0.4435, 0.20067, 0.4804, 0.45416, 0.45177, 0.01131, 0.00809, 1
0.45535, 0.44561, 0.20151, 0.46776, 0.46029, 0.45483, 0.02141, 0.03261, 1
0.45273, 0.44413, 0.18734, 0.4715, 0.45821, 0.45304, 0.01772, 0.09213, 1
0.39947, 0.40729, 0.19847, 0.48012, 0.42118, 0.42982, 0.31503, 0.35872, 0
0.44883, 0.45686, 0.20991, 0.47186, 0.48335, 0.50029, 0.43153, 0.43961, 0
0.46781, 0.45309, 0.35481, 0.47198, 0.47015, 0.46054, 0.09418, 0.15208, 1
0.45159, 0.44203, 0.35037, 0.47935, 0.45608, 0.45217, 0.0082, 0.03488, 1
0.44673, 0.43842, 0.35231, 0.4812, 0.45212, 0.44728, 0.01601, 0.02671, 0
0.45091, 0.43991, 0.32975, 0.48238, 0.45443, 0.44818, 0.03254, 0.01854, 1
0.48897, 0.48245, 0.27056, 0.46934, 0.49192, 0.48568, 0.20809, 0.19689, 1
0.45045, 0.44118, 0.14632, 0.48341, 0.45411, 0.44534, 0.02488, 0.04529, 1
0.44864, 0.44607, 0.16875, 0.48202, 0.4501, 0.44509, 0.05661, 0.11596, 0
0.44106, 0.4327, 0.17037, 0.4798, 0.44712, 0.44317, 0.04154, 0.03165, 0
0.45609, 0.44459, 0.2105, 0.4727, 0.46568, 0.45926, 0.01641, 0.02186, 1
0.45232, 0.44903, 0.2166, 0.48146, 0.44847, 0.43366, 0.03823, 0.07082, 1
0.45149, 0.44246, 0.22788, 0.47992, 0.45426, 0.45126, 0.00938, 0.02226, 1
0.45115, 0.44118, 0.1643, 0.48354, 0.45335, 0.4451, 0.03543, 0.02517, 1
0.42998, 0.42952, 0.17087, 0.48061, 0.44095, 0.4379, 0.14114, 0.12959, 0
0.44532, 0.43672, 0.15494, 0.47718, 0.45514, 0.44482, 0.02685, 0.032, 0
0.48912, 0.46373, 0.16505, 0.47675, 0.48188, 0.46236, 0.27495, 0.25418, 1
0.45251, 0.44203, 0.15745, 0.47611, 0.45826, 0.44908, 0.01143, 0.06489, 1
0.46152, 0.44755, 0.15593, 0.47978, 0.45959, 0.45165, 0.09728, 0.10828, 1
0.43122, 0.43229, 0.12428, 0.48596, 0.42957, 0.42304, 0.06553, 0.04883, 0
0.45086, 0.44775, 0.13853, 0.47978, 0.45273, 0.44998, 0.07602, 0.06279, 0
0.45119, 0.44056, 0.4325, 0.47498, 0.4587, 0.45113, 0.00926, 0.00387, 1
0.4506, 0.44118, 0.43751, 0.48121, 0.45469, 0.45024, 0.007, 0.03871, 1
0.44754, 0.43972, 0.30658, 0.48503, 0.45054, 0.44606, 0.00727, 0.0146, 0
0.45932, 0.45043, 0.31773, 0.46851, 0.47062, 0.46718, 0.06906, 0.03965, 1
0.44989, 0.44287, 0.55567, 0.47189, 0.4609, 0.45828, 0.06394, 0.01621, 0
0.42939, 0.41578, 0.60355, 0.48708, 0.42304, 0.40621, 0.21262, 0.42047, 0
0.44867, 0.44118, 0.54614, 0.48051, 0.4487, 0.45341, 0.0105, 0.0116, 0
0.44558, 0.4372, 0.53359, 0.47892, 0.44862, 0.44694, 0.01991, 0.01744, 0
0.44928, 0.43867, 0.50003, 0.4807, 0.45312, 0.44935, 0.02733, 0.00446, 1
0.44279, 0.43594, 0.34769, 0.48307, 0.45042, 0.44503, 0.03908, 0.10879, 0
0.41266, 0.41424, 0.36533, 0.48798, 0.41176, 0.39678, 0.13046, 0.14891, 0
0.44785, 0.44182, 0.29335, 0.48091, 0.45379, 0.44832, 0.03718, 0.04277, 0
0.44398, 0.43781, 0.21339, 0.47612, 0.45346, 0.451, 0.06218, 0.01476, 0
0.45106, 0.44372, 0.19979, 0.47285, 0.46226, 0.461, 0.06823, 0.07101, 0
0.44518, 0.43759, 0.19007, 0.47323, 0.45913, 0.45895, 0.07795, 0.08194, 0
0.48653, 0.45978, 0.14867, 0.47953, 0.47126, 0.44281, 0.35414, 0.41564, 1
0.50956, 0.50481, 0.14829, 0.47654, 0.49847, 0.48482, 0.30706, 0.30179, 1
0.46711, 0.4538, 0.24121, 0.46632, 0.47583, 0.47088, 0.06128, 0.05658, 1
0.44684, 0.43699, 0.23094, 0.48438, 0.44922, 0.44248, 0.0405, 0.01025, 0
0.44877, 0.43908, 0.23803, 0.4797, 0.45304, 0.44476, 0.02986, 0.01777, 1
0.44321, 0.43677, 0.24099, 0.48241, 0.44933, 0.44667, 0.03955, 0.03903, 0
0.45363, 0.44623, 0.20774, 0.47101, 0.46392, 0.46362, 0.07111, 0.10828, 0
0.45475, 0.44478, 0.27128, 0.47204, 0.45966, 0.45511, 0.01814, 0.02067, 1
0.45017, 0.44097, 0.29189, 0.48126, 0.45567, 0.45011, 0.00204, 0.01128, 0
0.44638, 0.43886, 0.27855, 0.48425, 0.45051, 0.44691, 0.0167, 0.026, 0
0.44932, 0.43865, 0.30323, 0.48343, 0.45089, 0.43859, 0.0578, 0.06767, 1
0.4439, 0.43844, 0.27238, 0.48448, 0.44251, 0.43708, 0.01424, 0.06881, 0
0.44395, 0.42725, 0.21762, 0.4794, 0.4478, 0.42938, 0.15636, 0.13395, 1
0.44695, 0.44097, 0.18546, 0.48113, 0.45169, 0.45075, 0.03354, 0.01032, 0
0.46205, 0.44837, 0.21541, 0.46999, 0.46648, 0.45831, 0.06041, 0.0601, 1
0.45057, 0.44118, 0.21219, 0.47364, 0.46064, 0.45383, 0.02123, 0.00451, 0
0.49945, 0.46975, 0.24704, 0.47735, 0.48507, 0.46306, 0.36479, 0.37447, 1
0.45173, 0.4429, 0.28539, 0.48191, 0.45383, 0.44738, 0.01655, 0.03199, 1
0.46891, 0.45748, 0.29998, 0.46982, 0.47125, 0.46622, 0.08064, 0.07554, 1
0.45189, 0.44118, 0.24377, 0.47718, 0.45727, 0.44712, 0.02867, 0.02545, 1
0.44025, 0.43411, 0.23033, 0.48733, 0.44754, 0.44089, 0.04574, 0.05498, 0
0.44879, 0.44033, 0.29106, 0.48415, 0.45285, 0.44738, 0.00414, 0.0, 0
0.45921, 0.45083, 0.27822, 0.47378, 0.4643, 0.45869, 0.05208, 0.04065, 1
0.4416, 0.43713, 0.33488, 0.48343, 0.43429, 0.42853, 0.02769, 0.0, 0
0.398, 0.409, 0.3666, 0.48204, 0.41688, 0.42776, 0.3293, 0.3072, 0
0.43744, 0.42195, 0.38036, 0.48649, 0.43608, 0.42044, 0.18259, 0.27308, 0
0.45818, 0.43797, 0.34959, 0.47877, 0.45846, 0.4562, 0.14572, 0.185, 1
0.45325, 0.44226, 0.34158, 0.4736, 0.46426, 0.4544, 0.01036, 0.01211, 0
0.70707, 0.68875, 0.34537, 0.38138, 0.71144, 0.69695, 0.07, 0.01501, 1
0.44812, 0.4397, 0.38731, 0.47738, 0.45688, 0.45217, 0.02415, 0.02037, 0
0.44946, 0.44076, 0.41182, 0.47271, 0.4592, 0.455, 0.03202, 0.03728, 0
0.48678, 0.46519, 0.40278, 0.47227, 0.48514, 0.47071, 0.20174, 0.1742, 1
0.46685, 0.45667, 0.27712, 0.47788, 0.46532, 0.45872, 0.08195, 0.07638, 1
0.44305, 0.43569, 0.22801, 0.48144, 0.44256, 0.44396, 0.03186, 0.01788, 0
0.45451, 0.44838, 0.20966, 0.47241, 0.46296, 0.45653, 0.0695, 0.04014, 0
0.45802, 0.44851, 0.4226, 0.47048, 0.4756, 0.47752, 0.10005, 0.11341, 0
0.45279, 0.44075, 0.30443, 0.47923, 0.45635, 0.4518, 0.03243, 0.04204, 1
0.45598, 0.44483, 0.22746, 0.48143, 0.45224, 0.44244, 0.07206, 0.08604, 1
0.44164, 0.43369, 0.22054, 0.48451, 0.4393, 0.43661, 0.05216, 0.06808, 0
0.48053, 0.46205, 0.11425, 0.4669, 0.48677, 0.48061, 0.12069, 0.09634, 1
0.4565, 0.44697, 0.14632, 0.48082, 0.45578, 0.44998, 0.04128, 0.04229, 1
0.43147, 0.41733, 0.26067, 0.48646, 0.42099, 0.40277, 0.23333, 0.28465, 1
0.47149, 0.46238, 0.12928, 0.4694, 0.49314, 0.50214, 0.19246, 0.21658, 1
0.45828, 0.44628, 0.20929, 0.47061, 0.46518, 0.45705, 0.03493, 0.02228, 1
0.45181, 0.44182, 0.31177, 0.4748, 0.45757, 0.45139, 0.00614, 0.00905, 1
0.45531, 0.44394, 0.30581, 0.47709, 0.45908, 0.45229, 0.03622, 0.02608, 1
0.44736, 0.43843, 0.3027, 0.47919, 0.45243, 0.44265, 0.01599, 0.01259, 0
0.45168, 0.43885, 0.32467, 0.47485, 0.45791, 0.45345, 0.03554, 0.03334, 1
0.48348, 0.46601, 0.18697, 0.46889, 0.48364, 0.47467, 0.15229, 0.15123, 1
0.42984, 0.42596, 0.27189, 0.4763, 0.44751, 0.44803, 0.14383, 0.18216, 0
0.44983, 0.43003, 0.26004, 0.47702, 0.45655, 0.44543, 0.13984, 0.15784, 1
0.43292, 0.43218, 0.27863, 0.48022, 0.44443, 0.43698, 0.12269, 0.02973, 0
0.45457, 0.44355, 0.24587, 0.47127, 0.46373, 0.45349, 0.01453, 0.00688, 1
0.45429, 0.44226, 0.2916, 0.47754, 0.45723, 0.44959, 0.04878, 0.05457, 1
0.44915, 0.43817, 0.2197, 0.4785, 0.45394, 0.44633, 0.03547, 0.02818, 1
0.45184, 0.44355, 0.15683, 0.48091, 0.45399, 0.44998, 0.01154, 0.0143, 1
0.44681, 0.43839, 0.13116, 0.48486, 0.45024, 0.44711, 0.01359, 0.01145, 0
0.4476, 0.43624, 0.10308, 0.47947, 0.45215, 0.44372, 0.04771, 0.03376, 0
0.45098, 0.44183, 0.11157, 0.48175, 0.45453, 0.44711, 0.01295, 0.00826, 1
0.45476, 0.4461, 0.1828, 0.47175, 0.46144, 0.46281, 0.0475, 0.06529, 0
0.45961, 0.44932, 0.15971, 0.47047, 0.46768, 0.46205, 0.04317, 0.00396, 1
0.44734, 0.43727, 0.35836, 0.47319, 0.46222, 0.46143, 0.05087, 0.05913, 0
0.4582, 0.44728, 0.37269, 0.47129, 0.47129, 0.46408, 0.04136, 0.05918, 1
0.19155, 0.18649, 0.44893, 0.57457, 0.18596, 0.18647, 0.08824, 0.09324, 0
0.45514, 0.47043, 0.45286, 0.47493, 0.47235, 0.46548, 0.38285, 0.4554, 0
0.4594, 0.45152, 0.43756, 0.47462, 0.46898, 0.45663, 0.06148, 0.03442, 1
0.43519, 0.42681, 0.20057, 0.47789, 0.44836, 0.43769, 0.0709, 0.04129, 0
0.49593, 0.47116, 0.29549, 0.46765, 0.50139, 0.49399, 0.19683, 0.12944, 1
0.43972, 0.43555, 0.29142, 0.48333, 0.43594, 0.43946, 0.03083, 0.08092, 0
0.45336, 0.44553, 0.26952, 0.47169, 0.45815, 0.46221, 0.05164, 0.0263, 0
0.36194, 0.38026, 0.12486, 0.48045, 0.39453, 0.41174, 0.52051, 0.48601, 0
0.45142, 0.44054, 0.11371, 0.47895, 0.45336, 0.44257, 0.04489, 0.05011, 1
0.43866, 0.4367, 0.21563, 0.48254, 0.44018, 0.43173, 0.05943, 0.06115, 0
0.4691, 0.46777, 0.25377, 0.46931, 0.4814, 0.48116, 0.20892, 0.21029, 1
0.44376, 0.43902, 0.20392, 0.47954, 0.45063, 0.45129, 0.06958, 0.06478, 0
0.45029, 0.4414, 0.09339, 0.47588, 0.45632, 0.44997, 0.00557, 0.0, 0
0.45109, 0.44031, 0.10514, 0.48287, 0.45412, 0.44667, 0.03671, 0.02028, 1
0.44886, 0.43922, 0.10896, 0.48461, 0.44921, 0.44112, 0.04296, 0.05139, 1
0.44914, 0.4414, 0.34792, 0.48395, 0.45173, 0.44396, 0.00907, 0.11485, 1
0.44335, 0.43397, 0.4124, 0.47744, 0.4521, 0.44613, 0.03525, 0.01016, 0
0.45075, 0.44184, 0.43607, 0.4807, 0.45524, 0.44851, 0.00365, 0.01908, 1
0.44489, 0.44031, 0.37981, 0.48176, 0.44546, 0.44826, 0.04026, 0.05842, 0
0.46917, 0.45454, 0.425, 0.46924, 0.48345, 0.48575, 0.07566, 0.01506, 1
0.44083, 0.43279, 0.39694, 0.47626, 0.45231, 0.44228, 0.04866, 0.03395, 0
0.46613, 0.45328, 0.43628, 0.46799, 0.47409, 0.46935, 0.05847, 0.08177, 1
0.44526, 0.43817, 0.2861, 0.47857, 0.45106, 0.45623, 0.04893, 0.04126, 0
0.4362, 0.43301, 0.17943, 0.48685, 0.44058, 0.43499, 0.06113, 0.07452, 0
0.44978, 0.44417, 0.29457, 0.47715, 0.45523, 0.45398, 0.05536, 0.04697, 0
0.45244, 0.4448, 0.16601, 0.48045, 0.45362, 0.45011, 0.01825, 0.03566, 1
0.44504, 0.43753, 0.18531, 0.47344, 0.47153, 0.47066, 0.12862, 0.08768, 0
0.47046, 0.46051, 0.20995, 0.47611, 0.47382, 0.45518, 0.09868, 0.03684, 1
0.45457, 0.44397, 0.24702, 0.47069, 0.46353, 0.46089, 0.021, 0.03321, 1
0.44545, 0.44161, 0.26641, 0.48195, 0.44414, 0.43962, 0.03221, 0.01268, 0
0.45154, 0.44289, 0.28863, 0.47361, 0.45427, 0.45153, 0.00899, 0.01823, 1
0.43609, 0.42814, 0.27009, 0.47858, 0.44532, 0.44583, 0.06498, 0.04186, 0
0.44564, 0.43686, 0.2752, 0.47637, 0.45568, 0.44617, 0.02761, 0.044, 0
0.44552, 0.43513, 0.28084, 0.48418, 0.45016, 0.4408, 0.04649, 0.03228, 0
0.43783, 0.43579, 0.25155, 0.48536, 0.43375, 0.42266, 0.02608, 0.01002, 0
0.43216, 0.43342, 0.25649, 0.48347, 0.4356, 0.4352, 0.11449, 0.10713, 0
0.4581, 0.44594, 0.24044, 0.47794, 0.45976, 0.45377, 0.05553, 0.01886, 1
0.43797, 0.43061, 0.23714, 0.48899, 0.44172, 0.43637, 0.05107, 0.01611, 0
0.45009, 0.44442, 0.30579, 0.48092, 0.45301, 0.44998, 0.03765, 0.01883, 0
0.45187, 0.44226, 0.31887, 0.47864, 0.4554, 0.45351, 0.00551, 0.01508, 1
0.45977, 0.43988, 0.33097, 0.47202, 0.48406, 0.49159, 0.02269, 0.07283, 0
0.42267, 0.4081, 0.38784, 0.48747, 0.41586, 0.40188, 0.25358, 0.26797, 0
0.45578, 0.4466, 0.35483, 0.47943, 0.45599, 0.46113, 0.02669, 0.01155, 1
0.45563, 0.44443, 0.30112, 0.46984, 0.46026, 0.45706, 0.02016, 0.03209, 1
0.45981, 0.44552, 0.26731, 0.47722, 0.46153, 0.44774, 0.09301, 0.08499, 1
0.44889, 0.43885, 0.45425, 0.48209, 0.45015, 0.44638, 0.02888, 0.02549, 1
0.43365, 0.42824, 0.4678, 0.47744, 0.44583, 0.44844, 0.10703, 0.10924, 0
0.46343, 0.45352, 0.45242, 0.47004, 0.47308, 0.46558, 0.06934, 0.11229, 1
0.44266, 0.43693, 0.23697, 0.47702, 0.45085, 0.4474, 0.05713, 0.03067, 0
0.44463, 0.4397, 0.21758, 0.48312, 0.44837, 0.44289, 0.03799, 0.01813, 0
0.44899, 0.43863, 0.13553, 0.47465, 0.45694, 0.4532, 0.01232, 0.02968, 0
0.44135, 0.42667, 0.11607, 0.47432, 0.45851, 0.45981, 0.07147, 0.02683, 0
0.44824, 0.44161, 0.12998, 0.48225, 0.44734, 0.44133, 0.02855, 0.12, 1
0.44575, 0.43989, 0.19874, 0.48215, 0.44772, 0.44633, 0.0259, 0.02642, 0
0.45171, 0.4414, 0.30735, 0.4727, 0.4642, 0.4586, 0.02706, 0.03799, 0
0.47875, 0.47312, 0.36865, 0.47368, 0.48057, 0.47142, 0.16008, 0.15315, 1
0.45217, 0.44377, 0.19384, 0.47213, 0.46341, 0.45808, 0.05203, 0.03221, 0
0.43932, 0.43341, 0.20921, 0.47482, 0.45448, 0.4539, 0.10104, 0.02992, 0
0.4539, 0.44357, 0.24917, 0.47146, 0.47282, 0.47162, 0.08223, 0.04004, 0
0.48423, 0.46653, 0.26807, 0.47176, 0.48708, 0.46809, 0.16479, 0.14586, 1
0.44794, 0.44377, 0.24174, 0.48122, 0.44732, 0.44998, 0.04156, 0.037, 0
0.44748, 0.43838, 0.25262, 0.47956, 0.44961, 0.44553, 0.01849, 0.01507, 0
0.45454, 0.44485, 0.25914, 0.47751, 0.45605, 0.45011, 0.02656, 0.01735, 1
0.45844, 0.44658, 0.31719, 0.46861, 0.46543, 0.46331, 0.02609, 0.02593, 1
0.45187, 0.44313, 0.32297, 0.47367, 0.45863, 0.45168, 0.01572, 0.0046, 1
0.44737, 0.43817, 0.31769, 0.48048, 0.45305, 0.4488, 0.01501, 0.02264, 0
0.44784, 0.44567, 0.16577, 0.47676, 0.45659, 0.45114, 0.10054, 0.08314, 0
0.50964, 0.49367, 0.21997, 0.47029, 0.51033, 0.50775, 0.25468, 0.21894, 1
0.44343, 0.43628, 0.26539, 0.47548, 0.45333, 0.4492, 0.05359, 0.03942, 0
0.45376, 0.44566, 0.26246, 0.47054, 0.46425, 0.46084, 0.05603, 0.03945, 0
0.44638, 0.43713, 0.26665, 0.48312, 0.44649, 0.44313, 0.04222, 0.02839, 1
0.45312, 0.43649, 0.25028, 0.47708, 0.45759, 0.4514, 0.09201, 0.0301, 1
0.41196, 0.42079, 0.22491, 0.48621, 0.41547, 0.41405, 0.1938, 0.16464, 0
0.4491, 0.45291, 0.22746, 0.47548, 0.46197, 0.47324, 0.24719, 0.23677, 0
0.44434, 0.43798, 0.17963, 0.48501, 0.44819, 0.43963, 0.01635, 0.0321, 0
0.50808, 0.48226, 0.2355, 0.47267, 0.50166, 0.48097, 0.30552, 0.34084, 1
0.44531, 0.43815, 0.39334, 0.47486, 0.45484, 0.45063, 0.04926, 0.0277, 0
0.45981, 0.44898, 0.38545, 0.46834, 0.46767, 0.46218, 0.03832, 0.02498, 1
0.44809, 0.43664, 0.38953, 0.47642, 0.45527, 0.44932, 0.02962, 0.00692, 0
0.46452, 0.45114, 0.37778, 0.47386, 0.46683, 0.45601, 0.08096, 0.10522, 1
0.43019, 0.42346, 0.38012, 0.48969, 0.43538, 0.42796, 0.08555, 0.11196, 0
0.4569, 0.44878, 0.41154, 0.47072, 0.47119, 0.47443, 0.09613, 0.08005, 0
0.45696, 0.44335, 0.42496, 0.47158, 0.4698, 0.46602, 0.01274, 0.08966, 1
0.44931, 0.43836, 0.43519, 0.47382, 0.46141, 0.4551, 0.01862, 0.02843, 0
0.21191, 0.20616, 0.41968, 0.57226, 0.20773, 0.2024, 0.07444, 0.07665, 0
0.45368, 0.43686, 0.31568, 0.47834, 0.45477, 0.44866, 0.10695, 0.09193, 1
0.46535, 0.4546, 0.2291, 0.46899, 0.47841, 0.48104, 0.09439, 0.11594, 1
0.44541, 0.43643, 0.13559, 0.48323, 0.44552, 0.44082, 0.04275, 0.04528, 0
0.45662, 0.44594, 0.17693, 0.47042, 0.46291, 0.45561, 0.02408, 0.0272, 1
0.47121, 0.45916, 0.15958, 0.46573, 0.47635, 0.46861, 0.08826, 0.1069, 1
0.45625, 0.44378, 0.14352, 0.4707, 0.46267, 0.45719, 0.02507, 0.0461, 1
0.43834, 0.43145, 0.14788, 0.47861, 0.44745, 0.44434, 0.06041, 0.06322, 0
0.31264, 0.30561, 0.36242, 0.62896, 0.31638, 0.31597, 0.03516, 0.03124, 0
0.44555, 0.43551, 0.38642, 0.48644, 0.44913, 0.44283, 0.04001, 0.01526, 0
0.45013, 0.44118, 0.35185, 0.48156, 0.45365, 0.44667, 0.01094, 0.01066, 1
0.44932, 0.44053, 0.29359, 0.48212, 0.45318, 0.44574, 0.00965, 0.02742, 1
0.44324, 0.43399, 0.21137, 0.48218, 0.44935, 0.44521, 0.03478, 0.03489, 0
0.44201, 0.43573, 0.11534, 0.4802, 0.44894, 0.44812, 0.05261, 0.00805, 0
0.428, 0.41939, 0.12939, 0.48872, 0.43033, 0.41947, 0.11687, 0.14427, 0
0.44201, 0.44637, 0.17104, 0.48373, 0.42048, 0.40594, 0.04398, 0.0, 1
0.4539, 0.44118, 0.3278, 0.47183, 0.46305, 0.45617, 0.0182, 0.01813, 1
0.44316, 0.434, 0.40528, 0.48567, 0.44959, 0.44483, 0.03472, 0.08125, 0
0.44819, 0.44445, 0.38993, 0.48141, 0.45208, 0.44694, 0.05157, 0.04335, 0
0.45024, 0.44441, 0.36377, 0.48283, 0.45011, 0.43995, 0.01647, 0.01604, 1
0.45312, 0.44398, 0.36372, 0.48124, 0.45332, 0.45037, 0.02696, 0.01957, 1
0.50508, 0.47852, 0.20365, 0.47729, 0.48765, 0.46545, 0.36972, 0.36916, 1
0.44253, 0.43497, 0.24716, 0.47811, 0.45281, 0.45309, 0.05389, 0.03803, 0
0.45152, 0.4399, 0.24114, 0.4728, 0.46069, 0.45518, 0.00717, 0.0121, 0
0.45276, 0.44377, 0.20133, 0.47622, 0.45808, 0.45363, 0.0144, 0.02608, 1
0.45248, 0.44097, 0.19139, 0.47529, 0.45799, 0.45402, 0.01623, 0.02985, 1
0.46031, 0.45002, 0.19753, 0.46939, 0.46616, 0.45938, 0.04268, 0.04842, 1
0.45169, 0.43882, 0.19748, 0.47763, 0.45565, 0.44854, 0.05343, 0.05051, 1
0.45574, 0.44635, 0.18339, 0.47476, 0.46026, 0.45089, 0.02597, 0.0752, 1
0.45572, 0.4449, 0.30893, 0.47496, 0.46028, 0.45183, 0.02695, 0.00617, 1
0.44699, 0.44009, 0.33562, 0.48332, 0.45254, 0.44732, 0.02433, 0.02647, 0
0.47679, 0.46983, 0.34476, 0.47453, 0.47629, 0.4672, 0.1388, 0.2099, 1
0.46651, 0.46283, 0.26724, 0.46956, 0.48339, 0.48614, 0.19636, 0.20995, 1
0.45448, 0.44398, 0.24171, 0.4799, 0.45541, 0.45167, 0.03339, 0.00606, 1
0.73563, 0.7186, 0.22898, 0.02862, 0.74382, 0.72872, 0.02558, 0.0352, 1
0.45232, 0.44161, 0.15615, 0.47987, 0.45524, 0.45141, 0.02168, 0.03379, 1
0.44894, 0.43903, 0.1648, 0.47472, 0.45526, 0.45193, 0.01099, 0.04884, 0
0.4562, 0.44446, 0.27139, 0.47306, 0.46359, 0.4558, 0.02282, 0.03048, 1
0.42098, 0.42107, 0.17221, 0.48272, 0.41973, 0.41108, 0.11266, 0.13365, 0
0.45245, 0.44402, 0.18834, 0.47859, 0.4554, 0.45235, 0.01473, 0.01986, 1
0.44872, 0.43988, 0.33779, 0.47637, 0.45593, 0.45024, 0.01256, 0.01516, 1
0.46097, 0.46309, 0.32158, 0.47468, 0.46822, 0.46483, 0.1899, 0.20036, 1
0.45565, 0.44118, 0.31559, 0.47573, 0.4624, 0.46101, 0.02538, 0.03849, 0
0.45584, 0.44681, 0.14112, 0.47923, 0.45685, 0.45758, 0.02738, 0.03776, 1
0.45143, 0.4401, 0.13329, 0.48025, 0.45212, 0.44984, 0.04189, 0.03851, 0
0.44558, 0.43816, 0.13749, 0.47997, 0.45122, 0.44958, 0.03239, 0.05134, 1
0.44251, 0.43263, 0.23163, 0.48009, 0.4485, 0.44557, 0.04142, 0.06079, 0
0.4598, 0.45209, 0.36913, 0.47552, 0.46361, 0.46035, 0.05907, 0.04054, 0
0.44103, 0.42199, 0.28547, 0.48129, 0.44389, 0.43679, 0.16709, 0.1846, 0
0.44195, 0.43713, 0.25833, 0.47993, 0.44826, 0.43976, 0.0553, 0.04938, 1
0.73856, 0.71734, 0.43293, 0.36487, 0.74962, 0.73992, 0.04945, 0.06857, 0
0.44917, 0.43883, 0.44483, 0.47263, 0.46454, 0.46361, 0.06016, 0.07404, 0
0.45272, 0.44311, 0.44821, 0.47193, 0.46843, 0.46765, 0.0634, 0.09754, 0
0.45781, 0.4444, 0.46468, 0.47183, 0.46803, 0.45752, 0.03107, 0.01189, 1
0.43604, 0.42727, 0.4318, 0.4848, 0.44078, 0.43934, 0.06737, 0.08719, 1
0.44073, 0.43819, 0.23711, 0.48095, 0.44529, 0.44156, 0.0764, 0.06513, 1
0.43587, 0.42858, 0.14051, 0.49003, 0.44096, 0.4325, 0.02062, 0.03946, 1
0.4348, 0.42838, 0.13337, 0.48782, 0.43685, 0.42825, 0.06271, 0.06943, 0
0.45615, 0.45039, 0.15073, 0.47188, 0.46877, 0.47255, 0.12449, 0.13149, 0
0.45772, 0.44418, 0.1543, 0.47219, 0.468, 0.4627, 0.02036, 0.02055, 0
0.34873, 0.34406, 0.1887, 0.49076, 0.34107, 0.32571, 0.49981, 0.45209, 0
0.45134, 0.44076, 0.31031, 0.47332, 0.45361, 0.4519, 0.01079, 0.02173, 1
0.46115, 0.4524, 0.34836, 0.46668, 0.4664, 0.46204, 0.05751, 0.02482, 0
0.43863, 0.43033, 0.37298, 0.48685, 0.44364, 0.43721, 0.05313, 0.00786, 1
0.45222, 0.43989, 0.23438, 0.47591, 0.46016, 0.4539, 0.02602, 0.03452, 1
0.42677, 0.40516, 0.19995, 0.48603, 0.41144, 0.39461, 0.36019, 0.37957, 1
0.42361, 0.41981, 0.2355, 0.48499, 0.40685, 0.39401, 0.14125, 0.11886, 0
0.44058, 0.44354, 0.24964, 0.48243, 0.4306, 0.43714, 0.06361, 0.03542, 1
0.45841, 0.44547, 0.443, 0.46962, 0.46771, 0.46441, 0.02101, 0.04569, 1
0.4702, 0.44878, 0.55948, 0.47371, 0.49506, 0.4705, 0.07651, 0.06264, 1
0.45746, 0.44595, 0.54749, 0.47832, 0.46681, 0.44222, 0.06238, 0.01667, 0
0.46106, 0.44856, 0.48112, 0.46922, 0.46784, 0.46168, 0.04172, 0.01836, 0
0.4501, 0.43923, 0.42622, 0.48383, 0.45101, 0.44079, 0.0569, 0.02498, 1
0.42586, 0.42453, 0.4153, 0.48732, 0.43152, 0.42991, 0.10936, 0.07262, 0
0.44754, 0.4388, 0.41596, 0.47315, 0.46135, 0.46641, 0.08242, 0.07349, 1
0.47371, 0.45028, 0.37048, 0.4803, 0.46282, 0.43737, 0.28583, 0.20559, 0
0.46002, 0.46895, 0.35023, 0.47686, 0.46792, 0.46877, 0.28701, 0.2174, 1
0.45825, 0.44811, 0.28338, 0.47589, 0.46321, 0.4644, 0.03642, 0.01154, 0
0.48418, 0.46939, 0.21536, 0.46454, 0.49177, 0.48588, 0.13657, 0.10761, 0
0.43729, 0.42171, 0.20687, 0.48046, 0.44405, 0.43778, 0.12554, 0.09297, 0
0.44751, 0.43836, 0.19502, 0.47505, 0.45563, 0.44971, 0.0186, 0.0, 1
0.45052, 0.43687, 0.23106, 0.48039, 0.45486, 0.44736, 0.06476, 0.07265, 1
0.44973, 0.44032, 0.2473, 0.48266, 0.4514, 0.44148, 0.03271, 0.02217, 0
0.44772, 0.43924, 0.22475, 0.48672, 0.45183, 0.44749, 0.00953, 0.01002, 0
0.46112, 0.45351, 0.18219, 0.46977, 0.47417, 0.47552, 0.10967, 0.14441, 0
0.47192, 0.45588, 0.20233, 0.47447, 0.47166, 0.46203, 0.12061, 0.12511, 0
0.44657, 0.43643, 0.19309, 0.48081, 0.45069, 0.44697, 0.02535, 0.05064, 0
0.53441, 0.49928, 0.2224, 0.47437, 0.51631, 0.49408, 0.47001, 0.53636, 0
0.35163, 0.34981, 0.21966, 0.49112, 0.34747, 0.34196, 0.45025, 0.51632, 0
0.46838, 0.45111, 0.2169, 0.47535, 0.4752, 0.47965, 0.04842, 0.06807, 1
0.45959, 0.44722, 0.17717, 0.47044, 0.46469, 0.45651, 0.04361, 0.04785, 0
0.4496, 0.43924, 0.16425, 0.48375, 0.45216, 0.44449, 0.03547, 0.03039, 1
0.45338, 0.4358, 0.3011, 0.47338, 0.4682, 0.46735, 0.04298, 0.04366, 0
0.4496, 0.43924, 0.33033, 0.48229, 0.45349, 0.44841, 0.02192, 0.03015, 0
0.4458, 0.43693, 0.39369, 0.48333, 0.45042, 0.44366, 0.02172, 0.01963, 0
0.42749, 0.42778, 0.40413, 0.48067, 0.43994, 0.44147, 0.15462, 0.16471, 1
0.46411, 0.45761, 0.41246, 0.46875, 0.47792, 0.47906, 0.14038, 0.14744, 1
0.45728, 0.44587, 0.30284, 0.47035, 0.46114, 0.45631, 0.03367, 0.03754, 0
0.45047, 0.43906, 0.30091, 0.48385, 0.45077, 0.44224, 0.06134, 0.04329, 0
0.45593, 0.44736, 0.29102, 0.47992, 0.45715, 0.45114, 0.03108, 0.03119, 0
0.45045, 0.44182, 0.26244, 0.48279, 0.45185, 0.44496, 0.01978, 0.01378, 1
0.45822, 0.44989, 0.24435, 0.47793, 0.45941, 0.45448, 0.04206, 0.08219, 1
0.45898, 0.44842, 0.24356, 0.47262, 0.47906, 0.47022, 0.08568, 0.09416, 1
0.44963, 0.44395, 0.24257, 0.47554, 0.46107, 0.44921, 0.0567, 0.05813, 1
0.44756, 0.43927, 0.24224, 0.48107, 0.45298, 0.4447, 0.0094, 0.01039, 0
0.44577, 0.43882, 0.28464, 0.47425, 0.45588, 0.45297, 0.05689, 0.05852, 1
0.4573, 0.44398, 0.24423, 0.47064, 0.46469, 0.45819, 0.03343, 0.0382, 1
0.44178, 0.43774, 0.22578, 0.48434, 0.44682, 0.44307, 0.05297, 0.05811, 1
0.45895, 0.44957, 0.24135, 0.47487, 0.46335, 0.45988, 0.04147, 0.03919, 1
0.45464, 0.44782, 0.25867, 0.47928, 0.45648, 0.44946, 0.03582, 0.01369, 1
0.44084, 0.42317, 0.26611, 0.47701, 0.45053, 0.44114, 0.1411, 0.16922, 1
0.45317, 0.44311, 0.19332, 0.48137, 0.45504, 0.4492, 0.03186, 0.0555, 1
0.41735, 0.41869, 0.18531, 0.48021, 0.4322, 0.43297, 0.19278, 0.20194, 0
0.44221, 0.43334, 0.44351, 0.48669, 0.44542, 0.43571, 0.05007, 0.00465, 1
0.44857, 0.44097, 0.54684, 0.4758, 0.45567, 0.44931, 0.02737, 0.03231, 1
0.46337, 0.44635, 0.59791, 0.47069, 0.48058, 0.48179, 0.02877, 0.03755, 1
0.25538, 0.23985, 0.58335, 0.52281, 0.24488, 0.23749, 0.22988, 0.23092, 1
0.45771, 0.44227, 0.42849, 0.47488, 0.46509, 0.46557, 0.02073, 0.0123, 0
0.44759, 0.43835, 0.36189, 0.4877, 0.45201, 0.44535, 0.0187, 0.01294, 0
0.44218, 0.43901, 0.35921, 0.48302, 0.43731, 0.43274, 0.0179, 0.02121, 0
0.45694, 0.4488, 0.28802, 0.46893, 0.46536, 0.46184, 0.05566, 0.04759, 0
0.45935, 0.44532, 0.3084, 0.47399, 0.46331, 0.453, 0.06668, 0.11648, 1
0.45518, 0.4414, 0.29816, 0.48114, 0.45482, 0.44273, 0.09988, 0.10074, 1
0.44809, 0.43815, 0.28842, 0.4846, 0.44557, 0.43288, 0.07759, 0.04248, 0
0.44159, 0.43487, 0.13957, 0.47605, 0.45203, 0.44654, 0.05473, 0.02962, 0
0.42438, 0.41272, 0.13609, 0.48877, 0.42417, 0.41178, 0.1788, 0.19667, 0
0.44537, 0.44641, 0.13577, 0.48225, 0.44771, 0.43797, 0.0839, 0.10703, 1
0.43622, 0.43183, 0.13966, 0.48512, 0.44265, 0.44128, 0.07218, 0.06603, 1
0.4516, 0.44398, 0.39147, 0.47968, 0.45461, 0.44985, 0.01454, 0.02791, 1
0.4602, 0.44701, 0.40316, 0.47723, 0.4628, 0.45651, 0.05937, 0.06262, 0
0.45053, 0.43946, 0.14649, 0.48286, 0.45367, 0.44632, 0.04045, 0.0471, 1
0.44973, 0.4414, 0.15467, 0.48335, 0.45274, 0.44632, 0.0055, 0.01214, 1
0.44635, 0.43817, 0.1732, 0.48379, 0.44952, 0.44151, 0.01809, 0.02382, 0
0.44703, 0.44032, 0.18035, 0.48146, 0.45151, 0.44594, 0.02196, 0.02382, 0
0.46414, 0.45065, 0.19346, 0.46738, 0.46855, 0.4625, 0.06045, 0.06896, 0
0.45148, 0.44424, 0.41364, 0.48096, 0.45397, 0.44997, 0.01644, 0.0236, 0
0.45486, 0.44402, 0.44855, 0.46833, 0.46054, 0.45592, 0.01645, 0.02683, 0
0.42786, 0.4259, 0.45113, 0.4782, 0.4426, 0.44362, 0.14435, 0.15131, 1
0.45596, 0.44555, 0.29929, 0.48051, 0.45595, 0.44732, 0.04863, 0.02625, 1
0.45546, 0.44708, 0.22325, 0.47156, 0.46114, 0.46174, 0.04483, 0.02907, 0
0.44921, 0.44009, 0.17928, 0.4888, 0.45418, 0.44891, 0.00557, 0.0, 0
0.44763, 0.43748, 0.175, 0.48486, 0.45075, 0.4439, 0.03575, 0.04415, 0
0.45733, 0.44555, 0.20184, 0.46945, 0.4628, 0.45817, 0.02785, 0.01231, 1
0.45727, 0.44657, 0.42087, 0.472, 0.46602, 0.45703, 0.02605, 0.01591, 1
0.45791, 0.45927, 0.44378, 0.47539, 0.46542, 0.46042, 0.1684, 0.17456, 1
0.44907, 0.42745, 0.34008, 0.47682, 0.45537, 0.44335, 0.158, 0.18718, 1
0.45139, 0.44788, 0.25459, 0.47875, 0.4555, 0.45207, 0.07422, 0.05094, 1
0.45646, 0.45694, 0.36992, 0.47627, 0.4614, 0.46005, 0.14585, 0.15158, 1
0.44824, 0.44226, 0.38988, 0.48019, 0.44968, 0.44515, 0.02397, 0.02386, 0
0.4483, 0.44054, 0.39304, 0.48018, 0.45184, 0.45376, 0.02004, 0.02002, 1
0.45088, 0.4414, 0.35275, 0.47643, 0.45545, 0.44971, 0.0055, 0.00459, 1
0.44715, 0.43968, 0.30893, 0.4759, 0.45484, 0.45298, 0.04204, 0.04141, 0
0.47008, 0.45663, 0.37691, 0.47026, 0.47084, 0.46302, 0.09128, 0.13603, 0
0.45432, 0.44466, 0.24739, 0.47306, 0.46248, 0.45366, 0.02002, 0.01606, 0
0.44087, 0.44904, 0.25625, 0.47344, 0.466, 0.471, 0.32327, 0.3446, 0
0.45856, 0.44184, 0.25966, 0.47216, 0.48309, 0.48673, 0.04221, 0.04902, 0
0.44689, 0.44447, 0.33644, 0.48109, 0.45169, 0.44028, 0.05194, 0.03931, 1
0.45571, 0.44403, 0.35383, 0.47954, 0.4582, 0.45502, 0.04432, 0.09321, 1
0.43253, 0.42718, 0.36043, 0.48909, 0.43425, 0.42783, 0.06755, 0.08022, 0
0.45249, 0.44075, 0.36635, 0.47952, 0.45463, 0.4513, 0.04396, 0.02692, 0
0.11198, 0.10719, 0.43283, 0.58595, 0.11134, 0.12154, 0.01974, 0.03777, 1
0.44399, 0.4366, 0.25478, 0.48267, 0.44918, 0.44574, 0.02754, 0.03199, 1
0.45823, 0.44839, 0.26411, 0.47617, 0.46218, 0.45738, 0.0352, 0.04709, 1
0.44892, 0.43769, 0.25709, 0.4835, 0.45223, 0.44653, 0.04018, 0.04671, 0
0.43287, 0.43027, 0.25793, 0.48272, 0.44152, 0.44032, 0.09905, 0.1074, 1
0.43366, 0.42984, 0.19603, 0.48786, 0.43871, 0.43516, 0.07011, 0.08145, 1
0.44623, 0.43947, 0.49046, 0.47874, 0.45378, 0.4505, 0.04365, 0.03559, 1
0.44304, 0.43732, 0.17445, 0.47317, 0.46229, 0.46298, 0.13396, 0.09961, 0
0.44865, 0.44053, 0.40371, 0.47851, 0.45425, 0.4463, 0.00958, 0.04995, 0
0.44551, 0.43989, 0.26005, 0.48405, 0.44721, 0.43962, 0.00956, 0.0371, 0
0.45, 0.44097, 0.20139, 0.47282, 0.45777, 0.45365, 0.01993, 0.01385, 0
0.47205, 0.45526, 0.18899, 0.4718, 0.47332, 0.46231, 0.12054, 0.1013, 0
0.45986, 0.45398, 0.17696, 0.4695, 0.46928, 0.46588, 0.10233, 0.15393, 0
0.45798, 0.45592, 0.24896, 0.48217, 0.44851, 0.43592, 0.07438, 0.10765, 0
0.45048, 0.44053, 0.25488, 0.48289, 0.45097, 0.44788, 0.02731, 0.02115, 0
0.43212, 0.42152, 0.25564, 0.48274, 0.43876, 0.43413, 0.09696, 0.13003, 1
0.45444, 0.444, 0.177, 0.47575, 0.45999, 0.45194, 0.01857, 0.0257, 0
0.44367, 0.43364, 0.21318, 0.48757, 0.44644, 0.43849, 0.05247, 0.03383, 1
0.44465, 0.43429, 0.23157, 0.47683, 0.45248, 0.45089, 0.03329, 0.00829, 1
0.44487, 0.43687, 0.23487, 0.47673, 0.45225, 0.44906, 0.03269, 0.053, 1
0.45965, 0.44701, 0.20081, 0.46785, 0.46592, 0.45992, 0.03662, 0.03475, 0
0.06068, 0.06015, 0.26147, 0.68806, 0.06267, 0.07149, 0.02426, 0.03878, 1
0.45181, 0.43943, 0.31472, 0.47601, 0.46256, 0.44944, 0.03044, 0.01681, 0
0.44499, 0.43572, 0.25447, 0.48617, 0.44762, 0.43872, 0.04073, 0.05649, 1
0.42552, 0.42024, 0.22176, 0.48849, 0.43196, 0.42564, 0.10272, 0.11561, 1
0.46209, 0.45693, 0.21659, 0.47201, 0.46819, 0.4611, 0.09815, 0.10928, 0
0.45013, 0.44075, 0.20533, 0.47685, 0.45589, 0.44852, 0.00211, 0.01233, 0
0.44957, 0.44075, 0.21016, 0.47643, 0.45553, 0.45063, 0.0076, 0.00932, 0
0.45529, 0.44011, 0.18763, 0.47681, 0.45903, 0.45089, 0.08129, 0.09546, 1
0.45618, 0.44183, 0.27473, 0.4732, 0.46104, 0.4582, 0.04514, 0.0259, 1
0.18263, 0.17829, 0.291, 0.59915, 0.18658, 0.19248, 0.06731, 0.07663, 1
0.45223, 0.44808, 0.272, 0.47681, 0.45768, 0.45311, 0.07286, 0.05797, 0
0.43739, 0.43214, 0.26184, 0.47903, 0.44799, 0.44998, 0.09363, 0.09493, 0
0.45484, 0.45606, 0.28238, 0.47295, 0.46836, 0.4692, 0.20674, 0.04787, 0
0.43668, 0.42915, 0.32533, 0.4893, 0.44443, 0.43764, 0.0588, 0.07376, 1
0.44741, 0.43834, 0.42228, 0.48605, 0.45233, 0.44705, 0.01479, 0.0107, 0
0.48159, 0.46288, 0.39064, 0.47338, 0.47914, 0.4671, 0.16982, 0.15137, 0
0.44607, 0.44053, 0.34803, 0.4813, 0.44781, 0.44375, 0.02395, 0.03749, 1
0.4902, 0.46793, 0.40393, 0.47461, 0.48486, 0.46488, 0.23658, 0.24397, 0
0.45595, 0.4457, 0.5041, 0.47103, 0.46465, 0.45923, 0.02716, 0.01214, 0
0.45446, 0.44483, 0.44025, 0.47627, 0.45726, 0.45063, 0.0239, 0.00998, 0
0.45435, 0.44612, 0.3524, 0.46914, 0.46107, 0.45844, 0.03873, 0.04424, 1
0.43765, 0.4341, 0.26055, 0.48217, 0.44629, 0.44438, 0.0844, 0.09852, 0
0.45642, 0.45047, 0.18691, 0.47144, 0.46392, 0.46385, 0.08654, 0.12464, 0
0.43877, 0.4274, 0.21342, 0.48584, 0.43485, 0.421, 0.13303, 0.14932, 1
0.44037, 0.43536, 0.20874, 0.47712, 0.45081, 0.4488, 0.08245, 0.06476, 1
0.44802, 0.43838, 0.18197, 0.47948, 0.45321, 0.44278, 0.02401, 0.02195, 0
0.44677, 0.44031, 0.21814, 0.47461, 0.45521, 0.45406, 0.0584, 0.08369, 1
0.4254, 0.41068, 0.16162, 0.4803, 0.43657, 0.43413, 0.15703, 0.18705, 0
0.43396, 0.42755, 0.24025, 0.48491, 0.44197, 0.43935, 0.07423, 0.06035, 1
0.44605, 0.44183, 0.31183, 0.47921, 0.44742, 0.45755, 0.07028, 0.06684, 1
0.41598, 0.41658, 0.34704, 0.48786, 0.41209, 0.4021, 0.11896, 0.1363, 1
0.45103, 0.44485, 0.37156, 0.47903, 0.45066, 0.4599, 0.03852, 0.02421, 1
0.45069, 0.44011, 0.392, 0.47331, 0.45742, 0.45193, 0.00749, 0.01215, 1
0.45142, 0.44161, 0.34494, 0.4753, 0.45702, 0.44998, 0.00749, 0.00828, 1
0.45128, 0.44075, 0.25333, 0.47924, 0.45444, 0.43703, 0.05773, 0.09873, 1
0.45479, 0.44377, 0.24177, 0.48283, 0.45411, 0.44057, 0.07669, 0.1023, 1
0.44462, 0.43689, 0.20418, 0.47468, 0.45198, 0.45427, 0.05107, 0.07736, 1
0.45574, 0.44656, 0.2168, 0.47001, 0.46388, 0.463, 0.04579, 0.06281, 0
0.45367, 0.44376, 0.23962, 0.47202, 0.46205, 0.45688, 0.01902, 0.01877, 0
0.45217, 0.4429, 0.24763, 0.47247, 0.46019, 0.45415, 0.01661, 0.01432, 1
0.4587, 0.45014, 0.2875, 0.46897, 0.47017, 0.46611, 0.06831, 0.05563, 1
0.45013, 0.44009, 0.20507, 0.48204, 0.45456, 0.44812, 0.02074, 0.02219, 1
0.42633, 0.41936, 0.1643, 0.48415, 0.43589, 0.43383, 0.10838, 0.07691, 0
0.39877, 0.38978, 0.31795, 0.49013, 0.39549, 0.38369, 0.27997, 0.16885, 1
0.45457, 0.44293, 0.30797, 0.48172, 0.44748, 0.4468, 0.08437, 0.01862, 0
0.44039, 0.43333, 0.32355, 0.48457, 0.43587, 0.43358, 0.05012, 0.05143, 1
0.45044, 0.44689, 0.27649, 0.47407, 0.46062, 0.46088, 0.11353, 0.10311, 1
0.84057, 0.82207, 0.31596, 0.19764, 0.84296, 0.83039, 0.02942, 0.04333, 1
0.45262, 0.44247, 0.315, 0.48262, 0.44952, 0.44621, 0.04346, 0.03806, 1
0.45837, 0.44765, 0.31301, 0.47697, 0.46313, 0.43887, 0.05931, 0.12564, 1
0.4406, 0.43817, 0.32125, 0.47314, 0.46063, 0.46813, 0.19148, 0.18821, 1
0.45127, 0.43357, 0.30216, 0.47368, 0.48386, 0.4902, 0.07038, 0.00696, 1
0.5254, 0.49065, 0.34891, 0.47928, 0.48915, 0.46062, 0.57091, 0.6219, 0
0.43669, 0.44075, 0.40535, 0.48245, 0.416, 0.42093, 0.03958, 0.03602, 0
0.45386, 0.44457, 0.49687, 0.48174, 0.45077, 0.44754, 0.03579, 0.032, 1
0.4423, 0.43441, 0.50365, 0.47675, 0.4512, 0.44677, 0.04325, 0.03371, 0
0.44858, 0.44161, 0.46785, 0.47467, 0.45746, 0.45062, 0.03904, 0.02382, 0
0.44653, 0.43928, 0.45761, 0.47455, 0.45702, 0.45204, 0.05223, 0.03736, 1
0.45863, 0.44118, 0.47768, 0.47347, 0.46548, 0.45693, 0.0888, 0.08777, 0
0.43286, 0.42698, 0.34402, 0.48398, 0.42617, 0.42017, 0.08162, 0.03735, 0
0.45716, 0.4457, 0.20673, 0.47423, 0.46664, 0.45767, 0.02714, 0.01277, 1
0.45823, 0.44527, 0.23482, 0.48152, 0.45637, 0.44607, 0.09374, 0.11718, 1
0.44654, 0.44097, 0.20373, 0.48408, 0.44509, 0.4384, 0.00548, 0.01189, 1
0.44061, 0.43455, 0.28397, 0.47555, 0.45617, 0.45114, 0.0833, 0.03407, 0
0.44011, 0.4348, 0.27236, 0.47445, 0.45275, 0.45784, 0.11105, 0.14144, 1
0.44729, 0.43055, 0.27037, 0.47715, 0.45265, 0.44392, 0.10885, 0.09331, 1
0.47836, 0.46572, 0.25417, 0.466, 0.48959, 0.48527, 0.1222, 0.14205, 0
0.45242, 0.4431, 0.18173, 0.47823, 0.45674, 0.44946, 0.01284, 0.04539, 0
0.45191, 0.44291, 0.31101, 0.47621, 0.45537, 0.45246, 0.00908, 0.00691, 1
0.45895, 0.44745, 0.34748, 0.46939, 0.46568, 0.45993, 0.03157, 0.00692, 0
0.4427, 0.43341, 0.3446, 0.47803, 0.45037, 0.44435, 0.0377, 0.00609, 0
0.44379, 0.44312, 0.30068, 0.47794, 0.45033, 0.44553, 0.08876, 0.09269, 0
0.45698, 0.4455, 0.26902, 0.47486, 0.46565, 0.46149, 0.02115, 0.04013, 0
0.44173, 0.43341, 0.2606, 0.47566, 0.45216, 0.44762, 0.04959, 0.06657, 0
0.49371, 0.46844, 0.22419, 0.47015, 0.49426, 0.48, 0.22949, 0.2307, 0
0.44909, 0.44183, 0.25867, 0.47312, 0.46506, 0.46154, 0.078, 0.05252, 0
0.45857, 0.44596, 0.25487, 0.47898, 0.46129, 0.44866, 0.06921, 0.06338, 0
0.4001, 0.40646, 0.261, 0.47836, 0.42587, 0.44116, 0.33516, 0.31065, 1
0.42329, 0.40412, 0.32609, 0.48602, 0.40283, 0.36972, 0.41872, 0.44097, 0
0.42951, 0.43642, 0.32461, 0.48461, 0.41118, 0.38881, 0.03698, 0.1283, 1
0.45362, 0.44573, 0.31881, 0.48139, 0.44097, 0.44971, 0.06363, 0.09475, 0
0.45203, 0.44356, 0.45728, 0.4726, 0.45865, 0.45509, 0.02615, 0.00692, 1
0.45518, 0.44658, 0.37967, 0.47061, 0.45979, 0.45847, 0.03753, 0.04594, 1
0.52045, 0.50692, 0.34798, 0.42976, 0.52913, 0.52325, 0.03347, 0.06766, 1
0.46581, 0.45237, 0.37076, 0.46983, 0.4738, 0.46393, 0.05958, 0.04249, 0
0.44945, 0.43732, 0.34429, 0.48404, 0.44832, 0.43931, 0.08811, 0.07981, 0
0.4357, 0.43198, 0.37314, 0.48616, 0.43917, 0.43908, 0.06564, 0.08898, 0
0.45241, 0.44654, 0.39036, 0.47977, 0.45466, 0.45361, 0.04562, 0.0504, 0
0.45277, 0.44247, 0.26381, 0.47253, 0.46278, 0.46169, 0.0294, 0.05117, 1
0.44419, 0.43474, 0.24335, 0.47678, 0.45247, 0.44542, 0.0313, 0.02581, 1
0.44402, 0.43303, 0.19859, 0.48671, 0.44812, 0.43957, 0.05834, 0.06016, 0
0.41387, 0.41102, 0.11033, 0.49031, 0.41406, 0.4081, 0.14558, 0.13937, 1
0.45082, 0.44311, 0.11695, 0.48113, 0.45408, 0.44452, 0.01293, 0.0337, 0
0.45472, 0.44881, 0.15606, 0.47857, 0.45858, 0.45203, 0.04644, 0.12918, 1
0.4477, 0.43569, 0.1857, 0.48422, 0.44535, 0.43768, 0.09565, 0.17329, 0
0.444, 0.43928, 0.22999, 0.48342, 0.44549, 0.44178, 0.0314, 0.02385, 1
0.45184, 0.44013, 0.27549, 0.48085, 0.45258, 0.44934, 0.04797, 0.03155, 0
0.4508, 0.43822, 0.34847, 0.47285, 0.46143, 0.46076, 0.01474, 0.0412, 1
0.44102, 0.42535, 0.36772, 0.48565, 0.43787, 0.42964, 0.16203, 0.16433, 0
0.26382, 0.25851, 0.47565, 0.67449, 0.26593, 0.26872, 0.01473, 0.02356, 1
0.65068, 0.63145, 0.48262, 0.41949, 0.66543, 0.65828, 0.023, 0.05098, 0
0.44086, 0.43441, 0.4563, 0.47751, 0.45262, 0.44934, 0.06847, 0.05543, 1
0.46001, 0.44309, 0.42687, 0.47435, 0.46419, 0.45409, 0.09778, 0.11192, 0
0.44561, 0.43907, 0.34202, 0.47397, 0.45562, 0.45383, 0.06106, 0.06022, 1
0.4405, 0.43696, 0.30345, 0.48445, 0.43863, 0.43386, 0.02479, 0.05323, 0
0.45066, 0.44034, 0.19895, 0.47202, 0.46158, 0.46191, 0.03914, 0.05393, 0
0.44555, 0.43505, 0.15679, 0.47566, 0.45453, 0.44716, 0.02967, 0.00984, 0
0.44281, 0.43376, 0.15204, 0.47465, 0.45533, 0.45473, 0.05697, 0.02607, 1
0.4572, 0.44628, 0.14917, 0.47496, 0.46243, 0.45255, 0.0325, 0.0824, 1
0.4439, 0.4306, 0.14775, 0.48415, 0.44356, 0.43805, 0.09907, 0.11307, 0
0.45719, 0.44775, 0.1384, 0.47842, 0.45811, 0.45101, 0.03545, 0.04665, 0
0.45408, 0.44661, 0.46198, 0.47256, 0.46439, 0.46814, 0.08924, 0.07222, 0
0.44631, 0.4351, 0.40587, 0.47639, 0.4532, 0.44905, 0.03278, 0.06134, 0
0.44018, 0.43555, 0.17349, 0.4846, 0.43605, 0.4262, 0.03719, 0.04616, 1
0.43522, 0.42719, 0.35052, 0.48624, 0.43623, 0.43028, 0.07145, 0.08892, 1
0.44871, 0.4386, 0.36868, 0.48129, 0.45118, 0.4475, 0.0219, 0.01591, 0
0.47574, 0.45283, 0.3613, 0.47139, 0.47729, 0.46893, 0.16495, 0.09448, 0
0.45285, 0.43752, 0.37734, 0.48136, 0.45163, 0.44228, 0.11117, 0.16489, 0
0.44899, 0.43815, 0.30218, 0.47866, 0.4585, 0.44866, 0.02061, 0.02119, 0
0.45284, 0.4427, 0.27704, 0.47652, 0.45931, 0.4505, 0.01465, 0.01516, 1
0.48623, 0.46373, 0.26262, 0.47658, 0.4799, 0.46246, 0.23992, 0.30861, 0
0.43028, 0.42559, 0.14256, 0.48214, 0.43972, 0.44026, 0.10195, 0.22266, 1
0.47475, 0.46179, 0.29929, 0.46698, 0.48555, 0.48589, 0.10573, 0.07151, 0
0.18117, 0.17221, 0.12402, 0.5096, 0.19632, 0.20787, 0.05757, 0.07907, 1
0.41766, 0.40758, 0.1352, 0.48624, 0.39605, 0.37497, 0.28813, 0.31715, 0
0.44417, 0.43373, 0.16782, 0.47455, 0.45735, 0.45798, 0.04936, 0.04591, 0
0.46955, 0.46015, 0.28218, 0.46591, 0.47852, 0.4714, 0.09838, 0.10935, 0
0.45557, 0.44528, 0.31675, 0.48043, 0.45705, 0.44919, 0.03955, 0.05764, 0
0.4544, 0.44377, 0.17698, 0.47153, 0.4614, 0.45429, 0.01442, 0.01399, 0
0.44906, 0.43903, 0.17807, 0.47928, 0.45539, 0.44828, 0.01501, 0.02217, 0
0.44969, 0.44075, 0.20394, 0.47788, 0.45531, 0.4535, 0.01101, 0.01881, 1
0.46558, 0.45132, 0.19019, 0.47418, 0.4668, 0.45899, 0.08562, 0.10386, 0
0.45017, 0.44161, 0.25691, 0.47808, 0.45403, 0.44841, 0.00415, 0.01503, 0
0.44881, 0.44441, 0.28003, 0.47251, 0.46111, 0.46263, 0.11446, 0.15002, 0
0.2076, 0.20455, 0.28833, 0.58087, 0.20683, 0.20658, 0.03223, 0.00397, 0
0.44845, 0.44206, 0.29895, 0.47822, 0.45449, 0.45196, 0.04036, 0.02362, 1
0.44296, 0.43572, 0.30232, 0.47788, 0.4516, 0.44547, 0.04072, 0.05907, 0
0.45627, 0.44447, 0.32333, 0.47123, 0.46437, 0.45687, 0.02037, 0.02829, 0
0.49266, 0.46897, 0.30348, 0.47574, 0.48498, 0.46469, 0.26815, 0.24739, 0
0.47183, 0.46088, 0.27683, 0.46617, 0.48235, 0.47928, 0.10469, 0.13862, 1
0.45294, 0.44577, 0.27732, 0.47571, 0.45967, 0.44918, 0.03524, 0.03588, 1
0.45938, 0.44621, 0.2704, 0.479, 0.46113, 0.45302, 0.07179, 0.1414, 1
0.46101, 0.45081, 0.24281, 0.47029, 0.47711, 0.48379, 0.10916, 0.09418, 1
0.44399, 0.43135, 0.13404, 0.47647, 0.45471, 0.44865, 0.05306, 0.1022, 0
0.43868, 0.4331, 0.11342, 0.47881, 0.44763, 0.45169, 0.08116, 0.14062, 1
0.43906, 0.43136, 0.13611, 0.47792, 0.44927, 0.44257, 0.05472, 0.05643, 1
0.47736, 0.50738, 0.16718, 0.47521, 0.48921, 0.49234, 0.62946, 0.73367, 1
0.43099, 0.44571, 0.17426, 0.484, 0.39985, 0.37625, 0.02722, 0.05638, 0
0.4516, 0.4414, 0.37632, 0.47851, 0.44977, 0.45299, 0.02352, 0.0201, 0
0.46151, 0.44962, 0.38351, 0.46744, 0.46477, 0.46059, 0.04702, 0.02114, 0
0.46935, 0.45787, 0.38605, 0.46624, 0.47805, 0.47611, 0.08389, 0.02801, 1
0.47124, 0.47086, 0.36368, 0.47333, 0.4776, 0.47426, 0.19732, 0.17338, 1
0.45926, 0.44467, 0.27348, 0.47337, 0.47588, 0.46264, 0.02477, 0.0314, 0
0.4474, 0.43857, 0.24794, 0.48004, 0.45503, 0.44615, 0.01312, 0.01292, 1
0.44978, 0.43901, 0.28821, 0.48403, 0.45327, 0.44549, 0.03787, 0.05246, 1
0.45035, 0.44184, 0.37109, 0.47946, 0.45306, 0.45234, 0.0096, 0.03638, 1
0.47414, 0.46094, 0.4253, 0.46574, 0.47667, 0.47339, 0.09876, 0.03716, 0
0.43666, 0.4208, 0.31542, 0.48318, 0.44039, 0.43084, 0.15167, 0.09497, 1
0.46218, 0.44928, 0.23564, 0.47967, 0.45809, 0.45607, 0.08776, 0.10378, 1
0.44869, 0.44446, 0.23323, 0.47799, 0.45379, 0.45712, 0.08009, 0.04535, 1
0.52005, 0.49515, 0.16764, 0.46784, 0.54294, 0.53776, 0.26053, 0.26887, 0
0.46202, 0.44473, 0.21582, 0.47332, 0.48221, 0.47574, 0.03105, 0.02784, 0
0.44226, 0.43214, 0.28007, 0.48112, 0.43322, 0.44019, 0.08112, 0.07774, 0
0.44474, 0.43721, 0.25597, 0.48119, 0.45012, 0.44729, 0.02419, 0.01838, 1
0.43783, 0.43045, 0.30347, 0.48725, 0.43897, 0.42886, 0.05863, 0.04905, 0
0.44699, 0.44206, 0.28293, 0.47764, 0.45278, 0.44731, 0.0442, 0.03492, 1
0.45005, 0.4414, 0.22534, 0.48074, 0.45498, 0.44784, 0.00212, 0.02574, 1
0.46206, 0.45214, 0.18277, 0.47228, 0.4661, 0.46525, 0.05402, 0.03987, 0
0.45411, 0.44645, 0.14448, 0.47086, 0.46562, 0.46513, 0.0742, 0.05503, 1
0.51694, 0.51357, 0.15598, 0.47433, 0.50907, 0.48972, 0.35088, 0.24348, 0
0.4468, 0.43922, 0.16537, 0.4798, 0.44824, 0.45196, 0.02217, 0.14865, 1
0.44963, 0.43879, 0.17508, 0.47788, 0.45181, 0.44812, 0.02969, 0.09883, 0
0.4336, 0.42638, 0.19288, 0.49067, 0.43655, 0.42952, 0.07293, 0.11769, 0
0.42066, 0.42115, 0.15479, 0.48822, 0.42143, 0.41104, 0.10331, 0.11593, 0
0.44848, 0.44162, 0.15787, 0.47973, 0.45306, 0.44256, 0.01476, 0.0084, 0
0.44661, 0.43965, 0.16783, 0.47894, 0.4533, 0.44918, 0.03547, 0.03849, 1
0.44908, 0.43594, 0.15635, 0.48352, 0.4505, 0.44256, 0.0807, 0.04954, 1
0.45374, 0.44707, 0.1868, 0.48036, 0.45466, 0.45169, 0.03281, 0.01628, 1
0.44089, 0.43919, 0.3187, 0.4797, 0.4485, 0.44408, 0.09102, 0.0492, 0
0.45291, 0.44163, 0.32672, 0.47307, 0.46204, 0.46204, 0.0113, 0.06855, 0
0.48134, 0.46356, 0.29393, 0.47308, 0.48075, 0.46783, 0.15899, 0.14768, 0
0.43955, 0.43454, 0.24702, 0.4804, 0.44641, 0.43843, 0.05181, 0.06285, 1
0.45444, 0.44251, 0.18967, 0.48143, 0.45514, 0.44542, 0.06311, 0.03892, 0
0.47133, 0.4512, 0.21079, 0.47147, 0.48751, 0.47842, 0.07522, 0.06053, 0
0.44546, 0.43119, 0.21735, 0.47633, 0.45763, 0.4396, 0.07511, 0.06645, 1
0.46071, 0.45163, 0.25649, 0.47592, 0.46561, 0.45805, 0.05044, 0.01231, 0
0.45214, 0.45008, 0.31457, 0.47236, 0.46358, 0.46372, 0.13704, 0.14143, 1
0.44169, 0.43718, 0.18566, 0.48571, 0.44467, 0.43461, 0.02436, 0.03539, 0
0.43662, 0.42897, 0.14326, 0.48743, 0.43751, 0.43072, 0.06685, 0.10829, 1
0.41413, 0.41503, 0.44398, 0.48718, 0.41854, 0.41973, 0.15294, 0.21527, 0
0.45318, 0.45486, 0.45652, 0.47498, 0.46403, 0.47122, 0.20274, 0.26449, 0
0.44036, 0.43832, 0.45833, 0.47754, 0.44971, 0.44035, 0.08411, 0.05028, 1
0.44544, 0.43478, 0.40493, 0.47707, 0.4536, 0.43577, 0.04677, 0.00623, 0
0.44608, 0.43588, 0.33568, 0.48411, 0.44908, 0.44207, 0.04799, 0.01927, 0
0.41724, 0.41232, 0.27639, 0.49069, 0.41997, 0.41686, 0.13929, 0.18262, 0
0.44201, 0.42114, 0.16894, 0.48202, 0.43931, 0.427, 0.23954, 0.21012, 0
0.45646, 0.44384, 0.16207, 0.47398, 0.46375, 0.45198, 0.0391, 0.06536, 0
0.459, 0.4487, 0.15368, 0.47743, 0.46284, 0.45265, 0.04453, 0.11998, 0
0.47378, 0.456, 0.15472, 0.4772, 0.46865, 0.45855, 0.15928, 0.2518, 1
0.45206, 0.43964, 0.16117, 0.48256, 0.44521, 0.44236, 0.10154, 0.12802, 0
0.45465, 0.44471, 0.2339, 0.4781, 0.4555, 0.4493, 0.03087, 0.06073, 1
0.47398, 0.46103, 0.25308, 0.46543, 0.47872, 0.47549, 0.09639, 0.13702, 1
0.45194, 0.44954, 0.26653, 0.47823, 0.45721, 0.45757, 0.10378, 0.0823, 0
0.45841, 0.45066, 0.21681, 0.46981, 0.46765, 0.46092, 0.06491, 0.06936, 1
0.44436, 0.43984, 0.2215, 0.48187, 0.44939, 0.44645, 0.05269, 0.07428, 1
0.43453, 0.42934, 0.23276, 0.4862, 0.43901, 0.43818, 0.0673, 0.02347, 1
0.46428, 0.44657, 0.23171, 0.47743, 0.4647, 0.44547, 0.15241, 0.13175, 0
0.44339, 0.43648, 0.19565, 0.48282, 0.44536, 0.44249, 0.0234, 0.01265, 1
0.42016, 0.40859, 0.18383, 0.48828, 0.41169, 0.40018, 0.2247, 0.21825, 0
0.45272, 0.44342, 0.24029, 0.4767, 0.45623, 0.45254, 0.0114, 0.06005, 1
0.43711, 0.42991, 0.2455, 0.48375, 0.43883, 0.4296, 0.05949, 0.05171, 1
0.42509, 0.41122, 0.27419, 0.48737, 0.41777, 0.40323, 0.23417, 0.31244, 0
0.4487, 0.44052, 0.2036, 0.48272, 0.45077, 0.44031, 0.0206, 0.01436, 1
0.44793, 0.43964, 0.1775, 0.48298, 0.45094, 0.44715, 0.0077, 0.00817, 0
0.43322, 0.43235, 0.155, 0.48507, 0.43652, 0.43122, 0.08212, 0.08205, 1
0.44404, 0.43455, 0.14156, 0.4814, 0.44729, 0.44314, 0.03892, 0.05929, 1
0.44587, 0.44983, 0.1437, 0.4756, 0.45909, 0.4583, 0.20625, 0.19812, 0
0.46744, 0.45338, 0.16869, 0.47877, 0.46298, 0.44997, 0.12743, 0.15485, 1
0.41538, 0.4116, 0.20466, 0.49037, 0.4222, 0.41628, 0.14515, 0.17226, 0
0.47485, 0.46008, 0.18708, 0.47808, 0.47122, 0.45705, 0.14214, 0.13966, 0
0.43488, 0.4192, 0.18643, 0.48499, 0.43311, 0.42699, 0.16583, 0.12876, 1
0.09065, 0.09659, 0.19007, 0.57251, 0.08597, 0.09436, 0.0429, 0.06142, 1
0.70071, 0.69787, 0.16891, 0.45777, 0.69252, 0.68399, 0.05281, 0.0238, 0
0.44547, 0.43626, 0.18801, 0.47608, 0.45701, 0.46544, 0.04756, 0.04537, 0
0.46522, 0.46317, 0.18462, 0.47132, 0.47345, 0.47199, 0.16017, 0.14938, 1
0.4539, 0.44522, 0.15169, 0.4736, 0.46284, 0.45921, 0.04226, 0.03588, 1
0.44767, 0.43853, 0.28116, 0.48468, 0.44921, 0.44312, 0.02566, 0.03543, 1
0.42664, 0.41388, 0.21646, 0.47948, 0.43934, 0.43638, 0.13393, 0.14113, 1
0.43501, 0.42423, 0.28245, 0.47679, 0.44556, 0.4473, 0.08346, 0.00469, 1
0.44825, 0.44736, 0.279, 0.47296, 0.46478, 0.46589, 0.17234, 0.0327, 1
0.47544, 0.4582, 0.27945, 0.46818, 0.48674, 0.48024, 0.08556, 0.03274, 0
0.44796, 0.44074, 0.29035, 0.47772, 0.45528, 0.44275, 0.01127, 0.01882, 1
0.46009, 0.45007, 0.20557, 0.4743, 0.47348, 0.45158, 0.04673, 0.02638, 1
0.43874, 0.42657, 0.18372, 0.4867, 0.43679, 0.42742, 0.12233, 0.12993, 1
0.45134, 0.44561, 0.17845, 0.48275, 0.449, 0.44124, 0.02601, 0.0804, 1
0.44809, 0.44514, 0.23634, 0.47888, 0.45355, 0.45557, 0.09027, 0.04007, 1
0.45885, 0.45042, 0.24593, 0.4736, 0.46213, 0.45437, 0.04473, 0.02643, 1
0.46735, 0.45989, 0.20116, 0.4739, 0.47133, 0.46558, 0.0934, 0.10773, 0
0.45678, 0.44822, 0.14583, 0.47945, 0.45823, 0.44997, 0.03699, 0.02703, 0
0.42011, 0.4221, 0.12307, 0.48766, 0.42567, 0.42392, 0.13929, 0.20897, 0
0.46035, 0.45178, 0.14983, 0.47127, 0.47764, 0.47272, 0.10877, 0.04809, 0
0.45873, 0.44782, 0.18862, 0.47122, 0.47471, 0.46606, 0.05473, 0.04736, 0
0.50937, 0.47879, 0.19541, 0.47385, 0.50237, 0.47638, 0.3566, 0.44705, 0
0.45679, 0.43965, 0.21246, 0.47952, 0.45696, 0.45103, 0.11179, 0.10198, 0
0.46319, 0.45521, 0.19409, 0.47023, 0.47408, 0.47615, 0.10812, 0.07197, 1
0.44868, 0.43833, 0.15109, 0.47798, 0.45489, 0.44718, 0.02148, 0.01636, 1
0.45444, 0.44316, 0.17458, 0.4813, 0.45454, 0.44426, 0.06479, 0.03971, 1
0.47181, 0.47528, 0.22926, 0.46982, 0.49581, 0.50969, 0.36791, 0.32588, 1
0.4719, 0.44823, 0.23401, 0.4708, 0.49245, 0.49718, 0.03703, 0.0305, 0
0.43877, 0.43722, 0.27837, 0.47701, 0.45282, 0.45264, 0.13741, 0.14053, 0
0.42895, 0.42207, 0.33556, 0.48646, 0.43318, 0.43413, 0.09267, 0.11871, 1
0.45788, 0.45307, 0.32236, 0.4724, 0.46347, 0.45984, 0.09041, 0.12289, 1
0.44749, 0.45458, 0.31096, 0.47393, 0.46557, 0.46182, 0.2704, 0.25149, 0
0.45287, 0.44403, 0.29376, 0.47754, 0.45704, 0.45143, 0.01387, 0.00843, 1
0.44717, 0.43634, 0.26808, 0.47595, 0.45765, 0.44837, 0.02364, 0.03155, 1
0.4517, 0.44052, 0.21735, 0.47641, 0.45731, 0.4493, 0.02778, 0.04929, 1
0.43583, 0.42712, 0.21276, 0.4886, 0.43634, 0.42667, 0.08513, 0.06695, 1
0.44185, 0.43699, 0.29122, 0.48115, 0.45088, 0.43941, 0.04696, 0.02618, 0
0.4392, 0.43743, 0.37007, 0.48095, 0.44573, 0.43404, 0.06358, 0.00707, 1
0.44356, 0.43898, 0.37166, 0.48316, 0.44663, 0.44208, 0.03138, 0.05096, 0
0.4555, 0.44383, 0.30565, 0.47137, 0.46729, 0.46519, 0.02876, 0.02848, 1
0.44152, 0.43458, 0.23196, 0.48692, 0.44482, 0.44009, 0.03209, 0.04311, 0
0.4561, 0.44207, 0.1991, 0.47396, 0.46109, 0.45251, 0.05915, 0.12838, 0
0.45545, 0.44472, 0.18365, 0.47132, 0.46458, 0.46148, 0.02034, 0.01246, 1
0.447, 0.4392, 0.17435, 0.47911, 0.45435, 0.44756, 0.02245, 0.03061, 0
0.45172, 0.44317, 0.17763, 0.47153, 0.45909, 0.45385, 0.02246, 0.01699, 1
0.45409, 0.44317, 0.17384, 0.47023, 0.46019, 0.45452, 0.0161, 0.02866, 1
0.43658, 0.43062, 0.24162, 0.48794, 0.43966, 0.43489, 0.05152, 0.04011, 1
0.46329, 0.4511, 0.27065, 0.47274, 0.46685, 0.45879, 0.05929, 0.07733, 1
0.44971, 0.43656, 0.28173, 0.48058, 0.45092, 0.4405, 0.0822, 0.04072, 1
0.4472, 0.4489, 0.19528, 0.47323, 0.46362, 0.46132, 0.20424, 0.23053, 1
0.45669, 0.44295, 0.19271, 0.47266, 0.46399, 0.45653, 0.03792, 0.09039, 0
0.46016, 0.44694, 0.16534, 0.47941, 0.45945, 0.44702, 0.08599, 0.02871, 0
0.44135, 0.43698, 0.13001, 0.48399, 0.44686, 0.44448, 0.05728, 0.05104, 0
0.45162, 0.44495, 0.12822, 0.4734, 0.45916, 0.45842, 0.06013, 0.00708, 0
0.44928, 0.44008, 0.12484, 0.47289, 0.4584, 0.45855, 0.03555, 0.01652, 1
0.46793, 0.44875, 0.33589, 0.47177, 0.47403, 0.46211, 0.11394, 0.09955, 0
0.50339, 0.48476, 0.3499, 0.46847, 0.50352, 0.50225, 0.22067, 0.23899, 0
0.44793, 0.43986, 0.37108, 0.48049, 0.44906, 0.43896, 0.0098, 0.01933, 1
0.4511, 0.44163, 0.35736, 0.47984, 0.45317, 0.4493, 0.01496, 0.01082, 0
0.44868, 0.43986, 0.35489, 0.48019, 0.45141, 0.44742, 0.00979, 0.01314, 1
0.45496, 0.44163, 0.30148, 0.47997, 0.45615, 0.44943, 0.06663, 0.04326, 1
0.46946, 0.46089, 0.24418, 0.4726, 0.47175, 0.46714, 0.09654, 0.08855, 1
0.44466, 0.43897, 0.19241, 0.48006, 0.44992, 0.4489, 0.0456, 0.04415, 1
0.45803, 0.44804, 0.19355, 0.47461, 0.46281, 0.46016, 0.03355, 0.03795, 0
0.45379, 0.45055, 0.53934, 0.47752, 0.45926, 0.45512, 0.09038, 0.10103, 0
0.4504, 0.44009, 0.5434, 0.47735, 0.45687, 0.4567, 0.01051, 0.01753, 0
0.44515, 0.43661, 0.27535, 0.48743, 0.44834, 0.44193, 0.02547, 0.01752, 1
0.45105, 0.43988, 0.26392, 0.48327, 0.45178, 0.44496, 0.05132, 0.06082, 1
0.47365, 0.45798, 0.19224, 0.46728, 0.4835, 0.48276, 0.08124, 0.15231, 0
0.4607, 0.4486, 0.24855, 0.47617, 0.46385, 0.45857, 0.04859, 0.06378, 0
0.43097, 0.42964, 0.24132, 0.48277, 0.44032, 0.4406, 0.11774, 0.14075, 1
0.45974, 0.45362, 0.24908, 0.46946, 0.47077, 0.47087, 0.11379, 0.14105, 1
0.45445, 0.44489, 0.21176, 0.48111, 0.45652, 0.4472, 0.03266, 0.02449, 0
0.45803, 0.45225, 0.31753, 0.473, 0.4642, 0.45918, 0.07245, 0.0928, 1
0.46018, 0.44509, 0.3183, 0.47602, 0.46265, 0.45273, 0.07843, 0.12221, 1
0.45265, 0.44508, 0.30633, 0.47874, 0.45603, 0.45129, 0.02376, 0.01059, 0
0.44784, 0.4388, 0.29699, 0.48099, 0.45224, 0.4505, 0.01164, 0.004, 0
0.45355, 0.44313, 0.28498, 0.47117, 0.45795, 0.4526, 0.01579, 0.008, 1
0.44356, 0.43468, 0.16433, 0.48262, 0.45024, 0.44367, 0.03138, 0.00801, 1
0.48167, 0.47209, 0.24352, 0.46608, 0.49296, 0.48914, 0.16755, 0.19228, 0
0.45389, 0.44641, 0.2968, 0.47142, 0.46524, 0.46383, 0.07021, 0.0, 0
0.44485, 0.43596, 0.2946, 0.47742, 0.45367, 0.44575, 0.02748, 0.0, 1
0.44916, 0.43879, 0.18244, 0.47628, 0.45675, 0.45525, 0.01169, 0.01751, 1
0.44964, 0.44249, 0.17483, 0.48333, 0.45135, 0.44365, 0.00726, 0.02418, 1
0.45166, 0.44227, 0.17086, 0.48218, 0.45296, 0.44747, 0.02417, 0.01009, 0
0.44154, 0.43309, 0.38978, 0.48459, 0.44612, 0.43737, 0.0424, 0.04258, 0
0.44979, 0.44009, 0.38761, 0.47951, 0.45423, 0.4517, 0.00761, 0.00841, 0
0.44805, 0.43987, 0.37597, 0.47788, 0.45351, 0.44971, 0.01594, 0.01299, 0
0.45249, 0.44272, 0.32963, 0.46982, 0.45814, 0.45289, 0.00762, 0.02459, 0
0.45206, 0.44315, 0.30145, 0.4704, 0.45803, 0.45262, 0.01319, 0.05732, 1
0.44728, 0.43966, 0.31326, 0.48446, 0.44393, 0.43536, 0.04241, 0.00232, 0
0.44475, 0.45845, 0.28163, 0.47541, 0.46631, 0.4758, 0.37645, 0.42926, 0
0.45601, 0.45038, 0.27179, 0.47528, 0.46274, 0.45926, 0.07059, 0.10769, 0
0.44433, 0.43615, 0.21517, 0.48924, 0.44903, 0.44387, 0.02435, 0.08769, 0
0.40403, 0.39926, 0.55899, 0.49057, 0.40897, 0.40394, 0.20236, 0.22466, 1
0.44722, 0.4399, 0.46698, 0.48009, 0.45404, 0.44765, 0.02229, 0.02732, 1
0.46336, 0.46576, 0.35563, 0.47354, 0.47122, 0.46811, 0.20704, 0.21251, 0
0.44684, 0.43862, 0.25338, 0.48442, 0.44824, 0.43938, 0.0247, 0.00682, 0
0.45105, 0.43711, 0.14925, 0.47712, 0.45775, 0.44245, 0.07253, 0.08813, 1
0.44271, 0.44097, 0.17488, 0.48289, 0.44753, 0.44362, 0.07332, 0.04909, 1
0.44148, 0.43244, 0.18989, 0.48622, 0.43823, 0.42826, 0.08133, 0.0361, 1
0.45385, 0.44631, 0.18837, 0.47231, 0.46462, 0.46992, 0.09267, 0.03508, 1
0.41613, 0.41108, 0.18407, 0.48983, 0.4212, 0.41142, 0.14553, 0.20747, 0
0.45313, 0.44247, 0.14733, 0.47851, 0.45563, 0.44531, 0.03981, 0.04555, 0
0.45334, 0.4477, 0.2137, 0.47282, 0.46051, 0.45485, 0.0629, 0.04253, 1
0.44897, 0.44227, 0.23581, 0.4761, 0.45607, 0.45037, 0.03849, 0.03284, 0
0.44429, 0.43466, 0.27265, 0.47733, 0.45211, 0.44615, 0.03147, 0.00232, 1
0.45461, 0.44877, 0.29556, 0.47941, 0.45539, 0.45982, 0.05277, 0.03234, 0
0.44983, 0.4401, 0.2596, 0.47261, 0.46157, 0.45853, 0.03489, 0.05079, 0
0.45471, 0.44162, 0.27383, 0.47448, 0.46093, 0.4621, 0.02192, 0.01751, 1
0.45186, 0.44075, 0.2756, 0.47543, 0.45708, 0.45195, 0.02191, 0.01855, 1
0.43609, 0.42019, 0.26977, 0.48574, 0.42453, 0.40616, 0.24782, 0.23443, 1
0.44489, 0.43794, 0.32273, 0.47724, 0.45043, 0.45351, 0.05124, 0.05777, 0
0.45127, 0.4401, 0.4285, 0.47238, 0.46128, 0.45642, 0.00755, 0.01407, 1
0.47066, 0.45747, 0.38323, 0.46897, 0.47974, 0.48051, 0.07964, 0.08036, 0
0.45138, 0.44574, 0.34379, 0.47932, 0.45585, 0.45181, 0.04713, 0.02667, 1
0.45498, 0.44487, 0.26814, 0.47373, 0.45937, 0.4547, 0.01996, 0.02625, 0
0.4444, 0.43582, 0.44789, 0.47458, 0.45453, 0.45349, 0.05178, 0.06967, 0
0.45607, 0.44505, 0.36995, 0.4715, 0.46274, 0.45518, 0.02154, 0.02601, 0
0.44865, 0.43992, 0.43795, 0.4799, 0.45269, 0.45024, 0.00706, 0.0078, 1
0.45221, 0.44393, 0.56985, 0.47866, 0.45643, 0.45164, 0.01592, 0.03248, 0
0.45345, 0.44435, 0.56387, 0.48095, 0.45496, 0.45075, 0.02202, 0.02169, 0
0.45787, 0.44584, 0.15595, 0.47139, 0.46606, 0.45934, 0.02654, 0.00226, 1
0.45139, 0.43475, 0.2244, 0.47897, 0.4532, 0.44387, 0.10854, 0.11553, 0
0.44715, 0.43818, 0.45115, 0.4787, 0.45239, 0.43932, 0.01804, 0.02636, 0
0.46109, 0.453, 0.41683, 0.47215, 0.47086, 0.46859, 0.08221, 0.11249, 1
0.4554, 0.44483, 0.36375, 0.47479, 0.46068, 0.45024, 0.02645, 0.00998, 1
0.44747, 0.4326, 0.26057, 0.48029, 0.45122, 0.44621, 0.08592, 0.07199, 0
0.44237, 0.43561, 0.15679, 0.48439, 0.44617, 0.43763, 0.02784, 0.02855, 1
0.75637, 0.73742, 0.36282, 0.20644, 0.76658, 0.75183, 0.03332, 0.07726, 1
0.4466, 0.43802, 0.45333, 0.48437, 0.45076, 0.44654, 0.01535, 0.025, 1
0.42236, 0.41654, 0.46536, 0.48827, 0.4212, 0.41245, 0.12809, 0.18132, 1
0.44915, 0.4378, 0.22166, 0.48153, 0.45448, 0.44409, 0.04544, 0.0475, 0
0.45604, 0.44753, 0.18208, 0.47024, 0.46728, 0.46292, 0.06122, 0.04819, 1
0.45453, 0.44288, 0.15515, 0.47261, 0.46241, 0.45485, 0.01947, 0.05424, 0
0.44432, 0.4359, 0.14164, 0.4781, 0.45263, 0.44447, 0.02834, 0.07368, 1
0.4446, 0.43611, 0.15476, 0.48678, 0.44908, 0.44384, 0.02472, 0.01925, 1
0.45183, 0.44333, 0.25096, 0.47169, 0.45807, 0.45427, 0.02072, 0.03553, 0
0.44788, 0.43796, 0.26916, 0.47988, 0.45321, 0.44646, 0.02241, 0.01211, 0
0.44551, 0.43818, 0.22812, 0.47844, 0.45226, 0.44841, 0.03218, 0.01049, 1
0.44798, 0.4371, 0.21991, 0.48113, 0.45308, 0.44763, 0.03053, 0.01501, 1
0.44871, 0.44161, 0.32054, 0.47477, 0.45344, 0.45114, 0.03225, 0.01781, 1
0.44041, 0.43242, 0.34556, 0.48314, 0.44665, 0.44415, 0.04526, 0.05391, 1
0.44405, 0.43518, 0.41327, 0.47449, 0.4569, 0.4518, 0.04893, 0.06614, 1
0.43305, 0.42172, 0.41049, 0.48743, 0.43174, 0.41758, 0.14662, 0.11942, 1
0.43459, 0.42835, 0.32847, 0.48307, 0.44069, 0.43429, 0.06448, 0.04941, 1
0.45032, 0.43798, 0.17153, 0.48351, 0.45165, 0.44492, 0.06447, 0.06739, 0
0.45069, 0.44202, 0.52314, 0.4801, 0.45482, 0.44947, 0.00405, 0.01614, 0
0.44975, 0.44076, 0.60728, 0.47632, 0.45586, 0.45151, 0.00732, 0.01956, 1
0.47708, 0.45781, 0.5353, 0.4754, 0.47398, 0.4607, 0.17281, 0.18988, 0
0.45409, 0.43971, 0.44647, 0.47589, 0.46077, 0.45993, 0.02733, 0.02803, 0
0.44173, 0.42964, 0.34736, 0.48608, 0.438, 0.42594, 0.12694, 0.15539, 0
0.45569, 0.44413, 0.17681, 0.47514, 0.46067, 0.45827, 0.01999, 0.07811, 0
0.45035, 0.43887, 0.12264, 0.47499, 0.4568, 0.45202, 0.02234, 0.02056, 0
0.45035, 0.44118, 0.12635, 0.47587, 0.45636, 0.44973, 0.0, 0.10103, 0
0.45002, 0.44097, 0.12868, 0.47662, 0.45585, 0.44871, 0.00203, 0.08962, 1
0.44987, 0.43909, 0.19432, 0.48223, 0.45198, 0.44515, 0.03989, 0.01361, 0
0.45121, 0.44097, 0.29147, 0.48216, 0.45298, 0.44795, 0.03332, 0.02334, 0
0.16354, 0.16211, 0.54564, 0.77304, 0.1627, 0.1637, 0.01071, 0.01565, 1
0.44631, 0.43927, 0.59515, 0.48355, 0.45088, 0.44675, 0.02167, 0.02373, 1
0.45226, 0.44396, 0.55099, 0.47065, 0.45966, 0.45696, 0.03642, 0.0246, 1
0.44725, 0.44033, 0.51955, 0.483, 0.45165, 0.44753, 0.02176, 0.04244, 0
0.45132, 0.44225, 0.43735, 0.47512, 0.45986, 0.44881, 0.00744, 0.01269, 1
0.45006, 0.4414, 0.4074, 0.47837, 0.45556, 0.45114, 0.00899, 0.00684, 0
0.45696, 0.44524, 0.21909, 0.47263, 0.46508, 0.45581, 0.02154, 0.02026, 0
0.45395, 0.44332, 0.19784, 0.48152, 0.45497, 0.44493, 0.04753, 0.04479, 1
0.47547, 0.46467, 0.21841, 0.47527, 0.47341, 0.46576, 0.11881, 0.13436, 0
0.45206, 0.44076, 0.20538, 0.4768, 0.45491, 0.45321, 0.025, 0.01202, 0
0.44868, 0.43693, 0.17218, 0.47959, 0.45276, 0.44766, 0.0411, 0.0773, 1
0.45947, 0.44623, 0.16802, 0.47616, 0.46108, 0.45355, 0.06783, 0.00809, 0
0.24776, 0.24241, 0.1489, 0.61084, 0.24737, 0.24955, 0.02346, 0.04512, 0
0.44624, 0.44033, 0.1633, 0.48228, 0.45134, 0.44817, 0.0359, 0.02758, 1
0.44499, 0.43467, 0.25487, 0.48359, 0.44982, 0.44374, 0.04101, 0.03391, 1
0.44906, 0.43845, 0.24461, 0.47468, 0.45657, 0.45151, 0.01331, 0.01471, 0
0.4509, 0.4395, 0.21729, 0.47891, 0.45588, 0.44985, 0.03269, 0.02277, 0
0.74848, 0.73335, 0.17912, 0.39993, 0.75899, 0.74413, 0.17061, 0.16757, 1
0.46779, 0.44267, 0.20088, 0.47149, 0.49828, 0.50633, 0.02079, 0.03767, 1
0.45491, 0.4454, 0.20752, 0.4809, 0.45402, 0.44947, 0.03474, 0.05404, 0
0.45762, 0.44439, 0.3472, 0.47733, 0.46013, 0.45516, 0.0541, 0.07618, 1
0.46257, 0.45081, 0.5257, 0.46755, 0.46741, 0.45958, 0.05197, 0.04152, 1
0.46529, 0.45445, 0.23814, 0.47381, 0.46783, 0.46502, 0.0656, 0.10435, 1
0.23051, 0.22558, 0.24883, 0.50515, 0.24462, 0.24125, 0.06506, 0.02525, 0
0.47458, 0.45503, 0.22883, 0.4752, 0.47515, 0.45747, 0.16868, 0.11642, 0
0.45268, 0.43522, 0.23953, 0.47511, 0.4638, 0.46302, 0.03809, 0.02191, 1
0.46006, 0.44882, 0.15595, 0.46678, 0.46373, 0.4586, 0.04092, 0.04677, 1
0.45115, 0.44161, 0.20584, 0.48193, 0.45367, 0.44895, 0.01784, 0.04313, 1
0.41806, 0.40572, 0.25182, 0.47825, 0.43616, 0.43955, 0.17321, 0.20154, 1
0.43058, 0.42733, 0.3597, 0.48905, 0.43715, 0.42957, 0.08032, 0.03393, 1
0.4517, 0.44332, 0.309, 0.47777, 0.45584, 0.45114, 0.01029, 0.01776, 1
0.45058, 0.44055, 0.30853, 0.47973, 0.45441, 0.45127, 0.01283, 0.05671, 1
0.45471, 0.44395, 0.31023, 0.47695, 0.4572, 0.45127, 0.03307, 0.02951, 1
0.45906, 0.44929, 0.25705, 0.46961, 0.46985, 0.46678, 0.05797, 0.02396, 1
0.45179, 0.43989, 0.33131, 0.47755, 0.45453, 0.45442, 0.02598, 0.04748, 0
0.44743, 0.43881, 0.33238, 0.47838, 0.45148, 0.45037, 0.01265, 0.01216, 1
0.45627, 0.44506, 0.39815, 0.47691, 0.45907, 0.45467, 0.03434, 0.04209, 0
0.4507, 0.44118, 0.36097, 0.47608, 0.45667, 0.44906, 0.0036, 0.01053, 0
0.46602, 0.46174, 0.36273, 0.46922, 0.48475, 0.488, 0.20151, 0.22842, 0
0.45896, 0.44378, 0.34576, 0.47464, 0.46581, 0.46756, 0.0487, 0.03554, 0
0.44767, 0.43664, 0.34769, 0.47749, 0.45336, 0.4425, 0.03776, 0.04055, 1
0.78666, 0.78474, 0.29616, 0.43832, 0.78583, 0.76038, 0.0766, 0.04864, 0
0.49103, 0.46803, 0.23375, 0.47578, 0.48319, 0.46585, 0.25287, 0.25972, 1
0.43815, 0.42007, 0.22039, 0.4855, 0.42457, 0.40636, 0.28202, 0.28889, 1
0.45308, 0.44594, 0.1242, 0.47217, 0.46955, 0.46846, 0.12156, 0.16425, 0
0.43568, 0.43967, 0.15277, 0.48147, 0.44291, 0.43922, 0.15038, 0.13799, 1
0.45708, 0.44595, 0.17328, 0.47149, 0.46533, 0.45352, 0.02927, 0.05328, 1
0.45733, 0.44544, 0.21624, 0.47594, 0.46032, 0.45346, 0.04111, 0.06021, 1
0.44803, 0.44118, 0.21094, 0.48215, 0.45205, 0.4474, 0.02134, 0.00989, 1
0.44966, 0.44182, 0.13165, 0.48326, 0.45031, 0.44032, 0.02682, 0.0471, 1
0.44482, 0.44182, 0.14224, 0.48134, 0.44384, 0.43816, 0.01278, 0.01412, 1
0.46557, 0.44923, 0.11626, 0.47535, 0.46659, 0.46628, 0.08705, 0.03718, 1
0.45133, 0.44033, 0.12252, 0.47254, 0.45949, 0.45424, 0.00544, 0.00819, 0
0.44869, 0.43863, 0.15037, 0.48489, 0.44986, 0.44083, 0.04784, 0.02453, 1
0.45556, 0.44459, 0.16989, 0.47051, 0.46211, 0.45966, 0.01644, 0.02619, 1
0.45275, 0.44893, 0.3045, 0.48329, 0.43709, 0.41737, 0.10408, 0.03974, 1
0.41834, 0.42787, 0.30153, 0.48199, 0.41889, 0.42082, 0.15407, 0.04351, 0
0.44431, 0.43258, 0.29919, 0.47793, 0.44948, 0.45858, 0.04215, 0.02395, 0
0.45079, 0.43902, 0.26444, 0.47601, 0.45728, 0.44094, 0.0411, 0.03659, 1
0.45171, 0.44118, 0.20575, 0.47222, 0.46043, 0.45561, 0.01085, 0.02011, 0
0.47328, 0.45525, 0.19493, 0.47417, 0.47298, 0.45915, 0.14522, 0.17145, 1
0.4406, 0.42672, 0.17814, 0.48373, 0.44222, 0.43676, 0.10709, 0.13219, 0
0.43395, 0.428, 0.17038, 0.48302, 0.4432, 0.43963, 0.07803, 0.07032, 0
0.45411, 0.44898, 0.1684, 0.47065, 0.46507, 0.46231, 0.09799, 0.10776, 0
0.4643, 0.44899, 0.18385, 0.47421, 0.46684, 0.45483, 0.09474, 0.12172, 1
0.44768, 0.43164, 0.4154, 0.47457, 0.4584, 0.45564, 0.06395, 0.15499, 0
0.45844, 0.4485, 0.36467, 0.4701, 0.46987, 0.46994, 0.06451, 0.08073, 1
0.45505, 0.43946, 0.29447, 0.47427, 0.46884, 0.45141, 0.03705, 0.01612, 1
0.45898, 0.44572, 0.2895, 0.47948, 0.46366, 0.44723, 0.07368, 0.06395, 1
0.45429, 0.4429, 0.23142, 0.47601, 0.45736, 0.45337, 0.01981, 0.03395, 1
0.44816, 0.4386, 0.18231, 0.4854, 0.4505, 0.44372, 0.03134, 0.04704, 1
0.44616, 0.43882, 0.1938, 0.48451, 0.45007, 0.44594, 0.01698, 0.01653, 0
0.45143, 0.44054, 0.1547, 0.4764, 0.45689, 0.45011, 0.02003, 0.0293, 1
0.11357, 0.11482, 0.24736, 0.64826, 0.11875, 0.12686, 0.06737, 0.07806, 0
0.41702, 0.42053, 0.18236, 0.4821, 0.43034, 0.43472, 0.20556, 0.31902, 0
0.45132, 0.44436, 0.29155, 0.47757, 0.45723, 0.45409, 0.03697, 0.02155, 0
0.45396, 0.44288, 0.32671, 0.47595, 0.45821, 0.45139, 0.0295, 0.02348, 1
0.44629, 0.43801, 0.29825, 0.48318, 0.45148, 0.44703, 0.0177, 0.00597, 0
0.42277, 0.4215, 0.27026, 0.48441, 0.43263, 0.43241, 0.13597, 0.12116, 0
0.48563, 0.459, 0.24866, 0.47237, 0.48434, 0.47325, 0.22617, 0.2287, 1
0.45197, 0.43758, 0.14586, 0.47925, 0.45543, 0.44395, 0.08848, 0.04309, 1
0.4463, 0.43695, 0.18124, 0.48042, 0.45138, 0.4451, 0.02164, 0.01355, 0
0.44782, 0.43948, 0.1863, 0.48471, 0.45026, 0.44509, 0.01345, 0.03771, 0
0.45961, 0.44525, 0.27286, 0.47192, 0.48792, 0.48932, 0.09341, 0.06553, 0
0.44526, 0.4324, 0.27875, 0.47515, 0.46396, 0.44816, 0.04242, 0.02318, 0
0.48085, 0.46004, 0.29285, 0.47124, 0.48053, 0.47205, 0.16672, 0.2197, 1
0.43572, 0.43478, 0.26281, 0.48269, 0.43896, 0.44299, 0.09105, 0.21289, 0
0.48401, 0.46602, 0.24402, 0.46597, 0.48879, 0.488, 0.12993, 0.16793, 1
0.44912, 0.45077, 0.21712, 0.48002, 0.45032, 0.45566, 0.14467, 0.14053, 0
0.43826, 0.43255, 0.36405, 0.48586, 0.44471, 0.44199, 0.05755, 0.05442, 0
0.45937, 0.45331, 0.35102, 0.47817, 0.46003, 0.45411, 0.06758, 0.00454, 1
0.44541, 0.43969, 0.38923, 0.47856, 0.45116, 0.45217, 0.05206, 0.03856, 0
0.4542, 0.44374, 0.49698, 0.47412, 0.46141, 0.45967, 0.01285, 0.02458, 1
0.45195, 0.44097, 0.49172, 0.4754, 0.4581, 0.4514, 0.01606, 0.0402, 1
0.45664, 0.44609, 0.45587, 0.47328, 0.46101, 0.45308, 0.03071, 0.03657, 1
0.44596, 0.43629, 0.4308, 0.48816, 0.45031, 0.44391, 0.03069, 0.0386, 0
0.46974, 0.45251, 0.33558, 0.46954, 0.48336, 0.4843, 0.05492, 0.08288, 1
0.45301, 0.44075, 0.23424, 0.47345, 0.46056, 0.45352, 0.01824, 0.02812, 1
0.43191, 0.42759, 0.33885, 0.48712, 0.43712, 0.43729, 0.08388, 0.13986, 0
0.46634, 0.45761, 0.33405, 0.46649, 0.47064, 0.46792, 0.08437, 0.14523, 1
0.44166, 0.43037, 0.25219, 0.47744, 0.45325, 0.45155, 0.05525, 0.01615, 0
0.43851, 0.43297, 0.18044, 0.47755, 0.44795, 0.45181, 0.08243, 0.09484, 0
0.44888, 0.43924, 0.27054, 0.48079, 0.45431, 0.44893, 0.01301, 0.0166, 0
0.45075, 0.44183, 0.28948, 0.47728, 0.45594, 0.45037, 0.00361, 0.0211, 1
0.50889, 0.47814, 0.29711, 0.47398, 0.49853, 0.47696, 0.35985, 0.33562, 1
0.45711, 0.44183, 0.26426, 0.47157, 0.47279, 0.46742, 0.00362, 0.07165, 1
0.45688, 0.4448, 0.20736, 0.47116, 0.46371, 0.45771, 0.02894, 0.006, 1
0.42557, 0.41551, 0.19671, 0.48897, 0.43103, 0.42478, 0.13043, 0.15483, 0
0.45671, 0.4448, 0.20314, 0.47452, 0.46324, 0.45732, 0.01958, 0.012, 1
0.425, 0.4178, 0.21035, 0.48718, 0.43231, 0.42473, 0.11289, 0.12391, 0
0.45855, 0.44607, 0.21133, 0.47981, 0.4577, 0.44805, 0.06984, 0.12415, 1
0.45206, 0.43991, 0.21173, 0.48333, 0.44339, 0.43058, 0.13126, 0.05811, 1
0.43947, 0.43269, 0.16995, 0.48582, 0.44558, 0.44187, 0.0462, 0.04455, 0
0.44809, 0.43927, 0.16627, 0.47738, 0.45407, 0.44985, 0.01066, 0.01133, 0
0.75319, 0.73196, 0.18839, 0.30952, 0.75995, 0.74756, 0.07439, 0.12445, 1
0.15668, 0.15155, 0.18868, 0.62671, 0.15256, 0.15113, 0.07372, 0.07282, 0
0.42735, 0.42869, 0.22303, 0.4861, 0.43269, 0.4317, 0.12371, 0.0829, 0
0.45169, 0.44205, 0.2537, 0.47776, 0.45591, 0.45468, 0.0055, 0.0, 1
0.45357, 0.44291, 0.3002, 0.47202, 0.45793, 0.4522, 0.01984, 0.02399, 1
0.42978, 0.42675, 0.29547, 0.48191, 0.44008, 0.43966, 0.11243, 0.0905, 0
0.4361, 0.43104, 0.1991, 0.48483, 0.44356, 0.44187, 0.07161, 0.0, 0
0.72244, 0.70958, 0.20624, 0.31553, 0.7289, 0.71297, 0.00953, 0.0316, 1
0.45232, 0.44831, 0.19083, 0.47948, 0.45616, 0.45233, 0.06564, 0.04783, 1
0.44523, 0.43736, 0.27657, 0.48601, 0.45063, 0.44445, 0.01976, 0.01132, 0
0.44562, 0.4373, 0.32807, 0.48529, 0.44988, 0.44553, 0.01873, 0.0, 0
0.45231, 0.44226, 0.31244, 0.47567, 0.45681, 0.45207, 0.01041, 0.0, 1
0.80031, 0.79084, 0.31403, 0.4353, 0.79568, 0.77188, 0.02953, 0.04984, 1
0.45247, 0.44268, 0.21784, 0.47064, 0.46036, 0.45566, 0.0144, 0.02901, 0
0.44578, 0.4365, 0.22918, 0.48302, 0.45122, 0.44404, 0.02501, 0.00601, 0
0.45919, 0.44438, 0.23703, 0.47584, 0.46183, 0.4545, 0.07814, 0.1012, 1
0.44376, 0.43097, 0.2234, 0.48484, 0.44546, 0.43901, 0.08657, 0.09194, 0
0.45843, 0.44928, 0.20656, 0.47648, 0.46088, 0.45746, 0.03921, 0.08262, 1
0.45138, 0.44033, 0.23011, 0.48337, 0.44948, 0.44122, 0.0712, 0.09467, 1
0.45406, 0.44502, 0.2188, 0.47981, 0.45515, 0.44353, 0.04331, 0.04659, 1
0.41977, 0.42182, 0.20403, 0.48299, 0.43073, 0.43464, 0.17467, 0.19617, 0
0.45016, 0.44012, 0.22175, 0.48134, 0.45454, 0.44676, 0.0202, 0.01586, 1
0.45093, 0.44331, 0.17917, 0.47615, 0.45697, 0.45616, 0.037, 0.04799, 0
0.45505, 0.44399, 0.43443, 0.4778, 0.45859, 0.4488, 0.0403, 0.03049, 1
0.44739, 0.43773, 0.44624, 0.4851, 0.45014, 0.4412, 0.03653, 0.0393, 1
0.45462, 0.44421, 0.44309, 0.47969, 0.45712, 0.45181, 0.03236, 0.0294, 1
0.45003, 0.44097, 0.34242, 0.47252, 0.4557, 0.45181, 0.00908, 0.00797, 0
0.4416, 0.43255, 0.2181, 0.48519, 0.4438, 0.43389, 0.06007, 0.03616, 0
0.4469, 0.44097, 0.12873, 0.48021, 0.4519, 0.4488, 0.0379, 0.03871, 0
0.4372, 0.4319, 0.10748, 0.47911, 0.44715, 0.44566, 0.08041, 0.10185, 0
0.4532, 0.44054, 0.10257, 0.47181, 0.46287, 0.45915, 0.00626, 0.00922, 0
0.44421, 0.43405, 0.0954, 0.48754, 0.44878, 0.44015, 0.0486, 0.02765, 0
0.45655, 0.4414, 0.15042, 0.472, 0.46651, 0.46075, 0.03807, 0.14984, 1
0.43863, 0.42994, 0.1421, 0.47972, 0.44565, 0.44644, 0.05473, 0.02567, 0
0.45247, 0.44183, 0.16115, 0.47467, 0.45934, 0.45365, 0.00362, 0.00833, 1
0.44785, 0.4388, 0.15546, 0.48571, 0.45116, 0.44381, 0.02298, 0.02225, 0
0.44056, 0.43513, 0.1581, 0.48599, 0.44513, 0.44211, 0.04374, 0.04681, 0
0.44405, 0.4336, 0.24495, 0.48605, 0.44746, 0.44052, 0.05023, 0.04603, 0
0.44667, 0.4401, 0.24795, 0.4843, 0.44525, 0.43713, 0.02056, 0.02945, 1
0.44984, 0.4414, 0.23584, 0.47308, 0.45674, 0.4526, 0.01995, 0.01443, 0
0.45675, 0.44335, 0.32401, 0.47112, 0.46703, 0.46426, 0.01043, 0.05652, 1
0.46599, 0.45401, 0.36334, 0.46852, 0.47766, 0.47092, 0.06255, 0.06373, 1
0.42976, 0.42127, 0.35768, 0.48794, 0.42841, 0.41364, 0.12479, 0.08795, 0
0.4497, 0.44011, 0.31762, 0.48275, 0.44961, 0.44344, 0.03465, 0.01965, 1
0.45253, 0.44312, 0.29916, 0.48236, 0.45302, 0.44593, 0.03199, 0.03011, 1
0.6955, 0.67905, 0.31301, 0.25524, 0.70461, 0.69133, 0.02947, 0.02621, 1
0.45327, 0.44118, 0.34665, 0.48112, 0.45602, 0.4492, 0.04993, 0.06192, 1
0.4577, 0.44502, 0.36169, 0.48096, 0.45673, 0.44649, 0.08404, 0.08576, 1
0.45023, 0.44118, 0.4122, 0.48231, 0.45029, 0.44663, 0.02134, 0.01978, 1
0.45484, 0.44076, 0.4081, 0.47177, 0.46711, 0.46937, 0.01441, 0.02169, 0
0.44547, 0.43436, 0.3986, 0.48679, 0.45126, 0.4421, 0.04851, 0.08109, 0
0.44889, 0.44182, 0.39625, 0.48229, 0.45466, 0.44727, 0.01633, 0.01716, 0
0.45281, 0.44289, 0.30067, 0.47119, 0.46041, 0.45567, 0.01351, 0.01492, 1
0.45161, 0.44161, 0.26781, 0.47385, 0.45775, 0.45088, 0.00743, 0.04702, 1
0.43707, 0.42391, 0.18865, 0.4754, 0.45537, 0.45463, 0.0914, 0.0796, 0
0.44456, 0.43821, 0.18902, 0.48356, 0.44112, 0.43621, 0.0318, 0.01484, 1
0.44081, 0.43335, 0.17234, 0.48504, 0.44195, 0.43753, 0.03979, 0.01956, 0
0.42248, 0.42275, 0.41625, 0.4845, 0.42489, 0.41488, 0.10522, 0.12018, 0
0.43654, 0.43837, 0.42996, 0.48245, 0.43953, 0.43933, 0.10419, 0.04393, 0
0.47564, 0.46117, 0.31371, 0.47019, 0.47707, 0.46893, 0.11449, 0.1108, 1
0.47643, 0.47471, 0.12097, 0.4689, 0.49064, 0.48613, 0.23545, 0.23702, 1
0.44863, 0.44053, 0.12306, 0.4782, 0.45385, 0.45063, 0.01664, 0.02058, 0
0.45624, 0.4451, 0.12675, 0.4705, 0.46553, 0.46092, 0.02385, 0.03016, 1
0.45596, 0.44292, 0.12595, 0.47268, 0.46286, 0.45775, 0.03379, 0.02237, 1
0.45442, 0.4414, 0.18753, 0.47552, 0.46279, 0.46447, 0.00915, 0.01291, 0
0.45008, 0.44401, 0.1811, 0.47588, 0.45643, 0.45419, 0.0544, 0.06073, 0
0.45246, 0.44423, 0.18661, 0.47154, 0.46148, 0.45801, 0.04603, 0.04219, 0
0.45638, 0.44271, 0.15831, 0.47572, 0.46018, 0.45129, 0.06402, 0.04756, 1
0.47353, 0.4566, 0.14, 0.47914, 0.4666, 0.44984, 0.17784, 0.12658, 1
0.4435, 0.43541, 0.50394, 0.47645, 0.45163, 0.44816, 0.03864, 0.04177, 0
0.44907, 0.43819, 0.52122, 0.47273, 0.46179, 0.45971, 0.03208, 0.06746, 0
0.44231, 0.43372, 0.2233, 0.48321, 0.44116, 0.43628, 0.06011, 0.09824, 0
0.45794, 0.44674, 0.11678, 0.46707, 0.46375, 0.45944, 0.02777, 0.03511, 1
0.45679, 0.4459, 0.24347, 0.47286, 0.46326, 0.45543, 0.02384, 0.00914, 1
0.44338, 0.43648, 0.25181, 0.48486, 0.44661, 0.44376, 0.0268, 0.01205, 0
0.73687, 0.72099, 0.19753, 0.29533, 0.75045, 0.73875, 0.04184, 0.06229, 1
0.43777, 0.43235, 0.33254, 0.4847, 0.43859, 0.43065, 0.04266, 0.0782, 0
0.45206, 0.4436, 0.31895, 0.47332, 0.46572, 0.46965, 0.08698, 0.08577, 0
0.44892, 0.44053, 0.51987, 0.4754, 0.45593, 0.4497, 0.01682, 0.02027, 0
0.45206, 0.43965, 0.38136, 0.48335, 0.45092, 0.44186, 0.08285, 0.03713, 1
0.43408, 0.4297, 0.17938, 0.48754, 0.4393, 0.43514, 0.0693, 0.09142, 0
0.45595, 0.44162, 0.18914, 0.47768, 0.45944, 0.45313, 0.06179, 0.06909, 1
0.44357, 0.43597, 0.17392, 0.47921, 0.45057, 0.44918, 0.03842, 0.0273, 0
0.43372, 0.4308, 0.20263, 0.48597, 0.42702, 0.41432, 0.06398, 0.004, 0
0.45184, 0.4427, 0.30947, 0.47269, 0.45812, 0.45403, 0.01782, 0.02198, 0
0.43642, 0.43147, 0.34315, 0.47682, 0.44751, 0.44605, 0.09069, 0.1129, 0
0.45184, 0.44205, 0.4152, 0.4826, 0.45568, 0.44539, 0.02922, 0.01512, 1
0.44605, 0.43772, 0.41966, 0.48336, 0.4511, 0.44735, 0.01819, 0.04269, 0
0.41028, 0.41547, 0.34559, 0.4789, 0.4312, 0.43572, 0.2642, 0.27254, 0
0.45754, 0.44582, 0.38426, 0.47138, 0.46708, 0.45786, 0.02584, 0.0306, 1
0.43347, 0.42448, 0.3293, 0.48589, 0.4267, 0.41308, 0.1278, 0.15115, 0
0.45726, 0.44184, 0.26255, 0.47274, 0.46223, 0.45731, 0.06079, 0.03688, 1
0.46266, 0.45023, 0.25551, 0.47223, 0.46781, 0.45598, 0.05833, 0.03784, 1
0.44645, 0.43812, 0.38534, 0.48284, 0.45176, 0.44599, 0.01522, 0.02866, 0
0.44167, 0.43681, 0.3807, 0.4795, 0.45027, 0.44732, 0.06915, 0.08642, 0
0.45205, 0.44184, 0.36011, 0.4731, 0.45998, 0.45382, 0.00366, 0.01996, 1
0.4481, 0.4379, 0.26719, 0.483, 0.45203, 0.44692, 0.02562, 0.026, 0
0.43482, 0.43363, 0.26138, 0.48172, 0.44163, 0.44458, 0.11373, 0.07747, 0
0.45624, 0.44608, 0.27351, 0.47555, 0.46074, 0.4528, 0.02613, 0.01087, 1
0.44829, 0.43896, 0.22987, 0.47596, 0.45529, 0.45105, 0.01307, 0.01444, 0
0.71964, 0.70506, 0.23537, 0.20798, 0.73111, 0.72073, 0.03029, 0.05105, 1
0.46048, 0.44928, 0.38699, 0.47593, 0.4622, 0.45581, 0.0523, 0.1013, 1
0.44823, 0.43725, 0.43733, 0.48034, 0.45276, 0.44812, 0.03188, 0.01234, 0
0.44131, 0.43857, 0.37194, 0.47873, 0.44443, 0.43916, 0.07739, 0.02783, 0
0.46076, 0.45361, 0.31571, 0.46963, 0.46996, 0.46847, 0.09298, 0.13696, 1
0.46693, 0.44859, 0.31762, 0.47131, 0.47079, 0.46225, 0.10123, 0.13111, 1
0.45168, 0.43834, 0.28026, 0.47504, 0.46474, 0.45779, 0.03065, 0.02596, 1
0.45252, 0.44425, 0.22163, 0.48114, 0.45349, 0.4501, 0.01649, 0.0538, 1
0.44862, 0.44206, 0.21789, 0.47664, 0.45464, 0.45196, 0.04044, 0.05379, 0
0.45385, 0.44403, 0.2131, 0.47086, 0.45993, 0.45673, 0.01649, 0.05047, 1
0.44657, 0.43987, 0.2002, 0.48395, 0.45112, 0.44613, 0.02282, 0.03238, 0
0.18151, 0.17909, 0.21137, 0.71985, 0.17958, 0.18321, 0.01877, 0.01852, 0
0.47146, 0.45633, 0.2471, 0.46845, 0.47478, 0.46684, 0.09667, 0.08256, 1
0.44313, 0.42963, 0.26459, 0.48531, 0.44452, 0.43461, 0.10833, 0.03586, 0
0.46506, 0.44385, 0.29825, 0.47959, 0.46079, 0.45172, 0.1899, 0.24873, 1
0.44959, 0.44096, 0.31302, 0.48374, 0.43757, 0.41991, 0.12031, 0.11727, 1
0.44592, 0.43807, 0.2508, 0.48468, 0.45216, 0.44458, 0.01674, 0.03133, 0
0.44632, 0.43874, 0.16326, 0.47922, 0.45237, 0.44754, 0.0236, 0.01789, 0
0.44822, 0.43784, 0.18284, 0.47623, 0.45856, 0.45767, 0.01865, 0.00714, 0
0.44991, 0.44096, 0.16955, 0.47411, 0.45805, 0.45172, 0.0131, 0.00824, 0
0.45682, 0.4474, 0.27998, 0.47513, 0.46006, 0.46005, 0.03198, 0.0, 1
0.44676, 0.43675, 0.28712, 0.47861, 0.45138, 0.45091, 0.02173, 0.02129, 0
0.45594, 0.44429, 0.29774, 0.47556, 0.46022, 0.45024, 0.03662, 0.03096, 1
0.45466, 0.43918, 0.28086, 0.47289, 0.46256, 0.45886, 0.04743, 0.04311, 1
0.44765, 0.43874, 0.16487, 0.48382, 0.45022, 0.44499, 0.01753, 0.00626, 0
0.44672, 0.43987, 0.20003, 0.48379, 0.4476, 0.44148, 0.00969, 0.04825, 0
0.44687, 0.44097, 0.23484, 0.48366, 0.44693, 0.44228, 0.00559, 0.01017, 0
0.75814, 0.73064, 0.25234, 0.39133, 0.75983, 0.739, 0.18632, 0.21432, 1
0.46193, 0.45344, 0.24814, 0.48183, 0.45234, 0.43525, 0.11203, 0.09811, 1
0.45859, 0.44796, 0.2255, 0.48076, 0.45244, 0.44931, 0.06856, 0.10694, 1
0.44798, 0.4342, 0.25389, 0.48211, 0.44904, 0.43648, 0.10069, 0.08331, 1
0.45747, 0.44643, 0.14989, 0.47532, 0.46106, 0.45342, 0.03867, 0.03449, 1
0.45366, 0.44359, 0.12956, 0.47188, 0.45969, 0.45276, 0.01284, 0.00933, 1
0.45137, 0.44271, 0.12246, 0.4819, 0.45351, 0.44812, 0.01174, 0.01233, 1
0.45323, 0.4425, 0.19905, 0.4802, 0.45596, 0.44797, 0.03727, 0.03637, 1
0.45753, 0.44602, 0.20421, 0.4731, 0.46117, 0.45596, 0.03752, 0.04004, 1
0.44877, 0.44009, 0.20729, 0.48396, 0.4504, 0.44252, 0.02443, 0.03302, 1
0.45342, 0.4436, 0.20813, 0.47134, 0.45769, 0.45223, 0.01483, 0.02233, 1
0.44775, 0.43987, 0.21296, 0.48098, 0.45342, 0.4497, 0.01941, 0.01238, 0
0.45343, 0.44404, 0.21759, 0.46908, 0.4589, 0.45449, 0.01483, 0.01622, 1
0.44497, 0.43636, 0.20006, 0.48908, 0.4501, 0.44505, 0.0233, 0.02531, 0
0.45935, 0.44931, 0.18316, 0.46593, 0.4646, 0.45969, 0.03925, 0.04522, 1
0.43556, 0.43394, 0.20828, 0.47732, 0.44782, 0.44811, 0.12785, 0.15525, 0
0.45815, 0.45109, 0.22625, 0.46987, 0.4721, 0.47171, 0.11187, 0.11596, 0
0.45855, 0.4436, 0.24657, 0.47316, 0.46615, 0.45704, 0.05819, 0.03664, 1
0.4551, 0.448, 0.25897, 0.47449, 0.46282, 0.4541, 0.048, 0.05145, 1
0.46627, 0.4502, 0.27161, 0.47443, 0.46795, 0.4553, 0.11004, 0.13646, 1
0.44441, 0.43833, 0.27457, 0.4827, 0.44817, 0.44452, 0.03078, 0.03319, 0
0.45762, 0.45123, 0.49839, 0.47198, 0.46425, 0.46323, 0.07838, 0.07618, 1
0.4535, 0.44453, 0.50205, 0.47907, 0.45634, 0.44943, 0.01864, 0.01559, 1
0.44746, 0.4394, 0.32606, 0.48507, 0.45264, 0.44794, 0.01411, 0.00857, 0
0.45728, 0.4423, 0.23143, 0.4739, 0.46452, 0.45674, 0.06189, 0.03967, 1
0.44146, 0.43314, 0.23441, 0.47977, 0.44873, 0.43697, 0.03898, 0.03308, 0
0.45902, 0.44588, 0.21574, 0.47717, 0.46211, 0.45484, 0.06218, 0.03336, 1
0.44027, 0.43181, 0.21029, 0.48829, 0.44411, 0.43657, 0.04895, 0.0, 0
0.44667, 0.44587, 0.21685, 0.47871, 0.45294, 0.45024, 0.10876, 0.00714, 0
0.45005, 0.43917, 0.28507, 0.47373, 0.45879, 0.45335, 0.00988, 0.02382, 0
0.42094, 0.4135, 0.18773, 0.48986, 0.4166, 0.406, 0.08818, 0.07025, 0
0.404, 0.39601, 0.18802, 0.4818, 0.41925, 0.4173, 0.22006, 0.24756, 0
0.38077, 0.37977, 0.20427, 0.4883, 0.38778, 0.37512, 0.29643, 0.44071, 0
0.45467, 0.4432, 0.1749, 0.47561, 0.46099, 0.4516, 0.02627, 0.06651, 1
0.46136, 0.45316, 0.27618, 0.47949, 0.45768, 0.45467, 0.06068, 0.10336, 1
0.45493, 0.44319, 0.18869, 0.47166, 0.46293, 0.45618, 0.01344, 0.02741, 1
0.47541, 0.46593, 0.21257, 0.46806, 0.48199, 0.47688, 0.12395, 0.13186, 1
0.44596, 0.43942, 0.27819, 0.48371, 0.44414, 0.44064, 0.01392, 0.02261, 0
0.45325, 0.44074, 0.25756, 0.47342, 0.46845, 0.45761, 0.01129, 0.03939, 0
0.4495, 0.4414, 0.3099, 0.48223, 0.45415, 0.44863, 0.00564, 0.01779, 0
0.44524, 0.43831, 0.30717, 0.48732, 0.44929, 0.44395, 0.01894, 0.037, 0
0.44644, 0.4403, 0.30587, 0.47958, 0.45273, 0.4497, 0.04452, 0.03892, 0
0.44716, 0.43919, 0.23165, 0.47482, 0.45551, 0.45184, 0.03285, 0.0356, 0
0.46982, 0.4549, 0.22007, 0.46928, 0.47275, 0.46337, 0.09386, 0.09633, 1
0.46022, 0.43634, 0.21692, 0.48243, 0.44785, 0.42873, 0.29198, 0.41009, 1
0.45159, 0.44513, 0.34811, 0.47486, 0.45571, 0.45342, 0.04129, 0.03091, 0
0.47384, 0.46093, 0.44621, 0.47214, 0.4754, 0.46872, 0.1021, 0.09802, 1
0.45016, 0.44228, 0.40638, 0.47833, 0.45434, 0.44864, 0.01731, 0.01635, 0
0.45307, 0.44118, 0.32732, 0.47676, 0.45679, 0.44984, 0.04029, 0.01236, 1
0.44706, 0.43896, 0.22677, 0.47328, 0.45842, 0.45631, 0.05325, 0.05006, 0
0.45589, 0.44587, 0.23154, 0.47052, 0.46672, 0.4624, 0.03892, 0.00476, 1
0.45654, 0.44341, 0.2437, 0.47161, 0.46483, 0.4574, 0.02822, 0.04755, 1
0.44453, 0.43606, 0.23869, 0.48567, 0.44636, 0.43945, 0.03457, 0.02069, 0
0.44089, 0.43429, 0.23406, 0.48336, 0.44719, 0.44349, 0.04591, 0.04356, 0
0.45174, 0.44074, 0.16686, 0.48209, 0.45178, 0.44727, 0.05209, 0.04215, 1
0.45155, 0.44318, 0.17251, 0.48227, 0.45191, 0.44593, 0.01931, 0.02874, 1
0.45517, 0.44563, 0.18186, 0.47934, 0.45795, 0.45414, 0.02418, 0.01442, 1
0.44729, 0.43963, 0.1819, 0.47317, 0.46068, 0.46184, 0.08409, 0.01035, 0
0.45156, 0.44074, 0.23509, 0.48209, 0.45384, 0.44646, 0.041, 0.03086, 1
0.4423, 0.42918, 0.22817, 0.48604, 0.43936, 0.43058, 0.12558, 0.13638, 1
0.44779, 0.43719, 0.23457, 0.4813, 0.4493, 0.44741, 0.03542, 0.0344, 0
0.44634, 0.43941, 0.24818, 0.48196, 0.44974, 0.44754, 0.02045, 0.02968, 0
0.45211, 0.44029, 0.32124, 0.47268, 0.45885, 0.45374, 0.01908, 0.02053, 1
0.44542, 0.4374, 0.31397, 0.47674, 0.4531, 0.44781, 0.0274, 0.02262, 0
0.44011, 0.43874, 0.27346, 0.47841, 0.4501, 0.4501, 0.12138, 0.13141, 0
0.44987, 0.44344, 0.2323, 0.47408, 0.45711, 0.45257, 0.04664, 0.0585, 0
0.4435, 0.43689, 0.23931, 0.4758, 0.45375, 0.45257, 0.06572, 0.05255, 0
0.4449, 0.43417, 0.26319, 0.48493, 0.44698, 0.43872, 0.06124, 0.07592, 0
0.468, 0.44797, 0.25023, 0.47439, 0.46922, 0.46313, 0.1291, 0.15339, 1
0.45298, 0.44231, 0.17186, 0.4736, 0.45746, 0.45174, 0.01784, 0.01504, 1
0.44738, 0.4387, 0.19078, 0.48605, 0.45028, 0.44395, 0.01783, 0.01879, 0
0.45043, 0.44096, 0.25263, 0.48194, 0.45533, 0.44929, 0.00941, 0.00631, 1
0.45142, 0.44118, 0.25074, 0.47222, 0.4578, 0.4539, 0.0, 0.02276, 0
0.45329, 0.44275, 0.25474, 0.4721, 0.45866, 0.45336, 0.01512, 0.01864, 1
0.44122, 0.43649, 0.21752, 0.48568, 0.44408, 0.43886, 0.03321, 0.01261, 0
0.44649, 0.43962, 0.12344, 0.48152, 0.45246, 0.44902, 0.02906, 0.0605, 0
0.44979, 0.44208, 0.12303, 0.47417, 0.45696, 0.45336, 0.03396, 0.03908, 0
0.45003, 0.43783, 0.12928, 0.48171, 0.45312, 0.44563, 0.0566, 0.04771, 1
0.44873, 0.44118, 0.19139, 0.48313, 0.44528, 0.43875, 0.03726, 0.05482, 1
0.44911, 0.44074, 0.24183, 0.47561, 0.461, 0.45173, 0.03376, 0.01671, 0
0.44962, 0.44342, 0.31631, 0.4809, 0.45454, 0.44847, 0.03184, 0.02423, 0
0.45226, 0.44074, 0.26277, 0.47582, 0.45687, 0.45119, 0.03003, 0.02583, 1
0.44866, 0.44005, 0.55101, 0.47418, 0.4558, 0.45175, 0.02162, 0.02426, 0
0.44486, 0.433, 0.52277, 0.4858, 0.44688, 0.43826, 0.07569, 0.09217, 0
0.44689, 0.44187, 0.16486, 0.48236, 0.45071, 0.44541, 0.03248, 0.03991, 0
0.44109, 0.43461, 0.17062, 0.48522, 0.4399, 0.43484, 0.0344, 0.02108, 0
0.49494, 0.4812, 0.16946, 0.46749, 0.49507, 0.49034, 0.19493, 0.24872, 1
0.4606, 0.45252, 0.17251, 0.47884, 0.45932, 0.44818, 0.05585, 0.03085, 1
0.46015, 0.45643, 0.14771, 0.47284, 0.47558, 0.47851, 0.1538, 0.22603, 0
0.45616, 0.44301, 0.12571, 0.47412, 0.46503, 0.45452, 0.03538, 0.03738, 1
0.44914, 0.43982, 0.14107, 0.47712, 0.45512, 0.45272, 0.01007, 0.01832, 0
0.49488, 0.48045, 0.44686, 0.46538, 0.49974, 0.49416, 0.18996, 0.21492, 1
0.45114, 0.45262, 0.43776, 0.47371, 0.46426, 0.46315, 0.17925, 0.17145, 0
0.45197, 0.44275, 0.23732, 0.48101, 0.45347, 0.45092, 0.01512, 0.02492, 1
0.43198, 0.42932, 0.31795, 0.48, 0.44196, 0.44766, 0.11771, 0.09579, 0
0.45701, 0.45062, 0.31911, 0.47094, 0.47461, 0.47529, 0.13202, 0.10249, 0
0.39579, 0.39172, 0.31205, 0.48457, 0.40825, 0.4029, 0.24034, 0.22792, 0
0.46335, 0.4675, 0.31176, 0.47209, 0.4788, 0.47191, 0.2572, 0.23903, 0
0.44251, 0.43424, 0.2484, 0.48656, 0.44263, 0.43706, 0.04374, 0.05401, 0
0.4496, 0.44323, 0.19009, 0.48235, 0.45089, 0.44638, 0.01657, 0.02339, 1
0.45032, 0.44141, 0.20035, 0.48124, 0.45242, 0.45024, 0.00581, 0.02314, 1
0.45103, 0.44164, 0.21105, 0.48043, 0.45344, 0.45079, 0.01162, 0.0298, 1
0.46181, 0.45554, 0.29768, 0.47552, 0.46808, 0.4733, 0.10156, 0.09229, 1
0.45807, 0.43822, 0.30457, 0.47771, 0.46261, 0.45826, 0.09829, 0.06927, 1
0.46527, 0.46675, 0.11469, 0.4735, 0.47657, 0.47957, 0.21772, 0.27025, 1
0.66961, 0.65399, 0.30481, 0.38305, 0.6803, 0.67131, 0.02702, 0.04742, 1
0.43152, 0.42208, 0.36834, 0.4891, 0.43322, 0.42245, 0.11111, 0.11007, 0
0.44564, 0.43579, 0.36653, 0.48353, 0.44637, 0.44002, 0.04572, 0.06116, 0
0.43383, 0.43197, 0.35823, 0.48306, 0.44029, 0.44274, 0.09556, 0.07315, 0
0.45161, 0.44321, 0.29809, 0.47544, 0.45562, 0.45174, 0.01128, 0.01335, 1
0.44193, 0.43467, 0.19703, 0.48256, 0.4485, 0.44642, 0.04222, 0.04319, 0
0.45719, 0.44838, 0.17838, 0.46678, 0.46345, 0.45951, 0.04141, 0.0416, 1
0.45371, 0.44524, 0.27252, 0.47741, 0.45861, 0.4516, 0.02262, 0.03235, 1
0.44917, 0.43936, 0.28359, 0.47937, 0.45315, 0.44885, 0.01167, 0.02399, 0
0.45018, 0.44118, 0.3482, 0.48381, 0.45338, 0.44719, 0.01145, 0.00422, 1
0.45481, 0.4453, 0.32513, 0.47571, 0.45915, 0.45093, 0.02505, 0.01598, 1
0.4516, 0.44301, 0.30839, 0.47801, 0.45742, 0.45315, 0.01764, 0.00244, 0
0.46111, 0.4499, 0.30529, 0.47373, 0.46449, 0.45399, 0.04991, 0.05137, 1
0.44019, 0.43637, 0.28936, 0.48051, 0.44731, 0.44732, 0.07819, 0.0626, 0
0.45664, 0.44645, 0.23511, 0.47878, 0.4595, 0.45288, 0.03072, 0.00733, 1
0.4487, 0.43871, 0.52402, 0.47552, 0.45636, 0.45255, 0.01207, 0.01728, 0
0.44799, 0.43804, 0.565, 0.47594, 0.45571, 0.44915, 0.01565, 0.03722, 0
0.44581, 0.43803, 0.31115, 0.47401, 0.45689, 0.45392, 0.05487, 0.08262, 0
0.45039, 0.44433, 0.13079, 0.47268, 0.46051, 0.45855, 0.08041, 0.11579, 0
0.43066, 0.42836, 0.12746, 0.47529, 0.44877, 0.45187, 0.17145, 0.18519, 0
0.46578, 0.45766, 0.11717, 0.46947, 0.48479, 0.4873, 0.15252, 0.18053, 1
0.45007, 0.43893, 0.12018, 0.48267, 0.45722, 0.44846, 0.02855, 0.02926, 1
0.45287, 0.44367, 0.16431, 0.47655, 0.4586, 0.45092, 0.01212, 0.04805, 1
0.45687, 0.44615, 0.1967, 0.4766, 0.46047, 0.45338, 0.03564, 0.03469, 1
0.44432, 0.4315, 0.28247, 0.47563, 0.45399, 0.4486, 0.05274, 0.08331, 0
0.44773, 0.44118, 0.30655, 0.48263, 0.44933, 0.44402, 0.01143, 0.01835, 0
0.44592, 0.4389, 0.34999, 0.47536, 0.45451, 0.45038, 0.04338, 0.0219, 0
0.46145, 0.4524, 0.3409, 0.47006, 0.47749, 0.47881, 0.11493, 0.12388, 0
0.45594, 0.44577, 0.34569, 0.47205, 0.47274, 0.46787, 0.06515, 0.07136, 0
0.46758, 0.45012, 0.36901, 0.47304, 0.47388, 0.45926, 0.10677, 0.15444, 1
0.44534, 0.43935, 0.3499, 0.48436, 0.44684, 0.43361, 0.01765, 0.02811, 0
0.46051, 0.44715, 0.26369, 0.47203, 0.47315, 0.46748, 0.02904, 0.01223, 1
0.46064, 0.44852, 0.23878, 0.47405, 0.46778, 0.45552, 0.04686, 0.03198, 1
0.44969, 0.44233, 0.23979, 0.47717, 0.4556, 0.44843, 0.0218, 0.00847, 0
0.45193, 0.44416, 0.24049, 0.4787, 0.45608, 0.45079, 0.01966, 0.03003, 1
0.41374, 0.41444, 0.23814, 0.48967, 0.4195, 0.41671, 0.15099, 0.16816, 0
0.45056, 0.44553, 0.24758, 0.48001, 0.45155, 0.45148, 0.03865, 0.01995, 1
0.45605, 0.44187, 0.21082, 0.47168, 0.46436, 0.46119, 0.02888, 0.05351, 1
0.45728, 0.4476, 0.23062, 0.46794, 0.46422, 0.45635, 0.03122, 0.02445, 1
0.42751, 0.41924, 0.19235, 0.48291, 0.43659, 0.4331, 0.10633, 0.11747, 0
0.4598, 0.45479, 0.17722, 0.47054, 0.46903, 0.46343, 0.10317, 0.09991, 1
0.45263, 0.4396, 0.17061, 0.47418, 0.46074, 0.4545, 0.0222, 0.029, 1
0.4226, 0.42129, 0.12089, 0.48922, 0.42834, 0.42543, 0.11768, 0.13264, 0
0.42808, 0.42374, 0.13671, 0.47929, 0.43934, 0.43445, 0.1095, 0.15909, 0
0.4587, 0.4496, 0.19945, 0.47935, 0.4621, 0.45024, 0.04568, 0.0736, 1
0.43706, 0.43845, 0.25887, 0.4733, 0.46518, 0.48121, 0.29399, 0.18003, 0
0.44135, 0.42944, 0.26006, 0.48662, 0.43663, 0.43066, 0.11013, 0.0923, 0
0.40115, 0.39129, 0.2032, 0.48783, 0.40526, 0.39318, 0.25794, 0.28208, 0
0.46393, 0.45234, 0.23399, 0.46557, 0.47043, 0.46578, 0.05382, 0.08283, 1
0.44169, 0.42894, 0.23504, 0.48419, 0.44506, 0.43566, 0.09075, 0.07936, 0
0.4503, 0.43784, 0.22186, 0.48234, 0.45358, 0.44187, 0.06712, 0.08271, 1
0.45359, 0.44363, 0.21657, 0.47995, 0.45672, 0.45226, 0.0205, 0.03324, 1
0.45286, 0.44163, 0.20883, 0.47738, 0.457, 0.45091, 0.02986, 0.02502, 1
0.45595, 0.44743, 0.21258, 0.46976, 0.4668, 0.46497, 0.06353, 0.06292, 0
0.42777, 0.42197, 0.22985, 0.48837, 0.43258, 0.42748, 0.09304, 0.08995, 0
0.43564, 0.42936, 0.18582, 0.4829, 0.42559, 0.42915, 0.08119, 0.08112, 0
0.44784, 0.44118, 0.3117, 0.48165, 0.45034, 0.44929, 0.02234, 0.0095, 1
0.45222, 0.4443, 0.42549, 0.47246, 0.45823, 0.4563, 0.04011, 0.06057, 0
0.45246, 0.44386, 0.42131, 0.47151, 0.46792, 0.46794, 0.08672, 0.09911, 1
0.44407, 0.43553, 0.55685, 0.48496, 0.44922, 0.44475, 0.02736, 0.00482, 1
0.4591, 0.44727, 0.46679, 0.46959, 0.46775, 0.46499, 0.03084, 0.03934, 1
0.45002, 0.44186, 0.46602, 0.47244, 0.46118, 0.45926, 0.05476, 0.07262, 1
0.45535, 0.44613, 0.26001, 0.47068, 0.46254, 0.45773, 0.03282, 0.02524, 1
0.45925, 0.4486, 0.21793, 0.46837, 0.46472, 0.45705, 0.037, 0.03959, 1
0.48021, 0.4762, 0.19759, 0.46798, 0.50018, 0.50117, 0.26052, 0.27043, 1
0.4505, 0.43869, 0.32233, 0.47442, 0.46319, 0.45106, 0.01793, 0.02384, 1
0.45184, 0.44681, 0.33014, 0.47888, 0.45507, 0.46251, 0.08533, 0.13257, 1
0.48622, 0.4868, 0.29849, 0.4693, 0.52227, 0.54074, 0.45682, 0.48649, 1
0.55863, 0.50334, 0.30198, 0.47209, 0.55002, 0.51293, 0.65652, 0.65042, 0
0.45323, 0.44231, 0.26435, 0.47997, 0.45589, 0.45352, 0.00576, 0.01924, 0
0.45901, 0.44731, 0.13627, 0.47349, 0.46987, 0.45491, 0.0324, 0.00872, 1
0.44176, 0.43869, 0.19836, 0.4816, 0.45107, 0.44584, 0.08236, 0.04371, 0
0.44339, 0.43525, 0.32164, 0.48287, 0.44727, 0.43751, 0.03246, 0.04159, 0
0.46613, 0.45628, 0.24276, 0.46761, 0.47163, 0.46451, 0.07373, 0.01063, 1
0.43789, 0.43411, 0.13652, 0.48155, 0.43213, 0.40295, 0.05261, 0.07803, 1
0.46508, 0.46063, 0.10471, 0.46947, 0.47796, 0.48032, 0.17457, 0.20635, 1
0.41113, 0.41317, 0.23319, 0.48224, 0.41946, 0.42811, 0.20749, 0.25033, 1
0.45238, 0.43866, 0.24408, 0.47284, 0.46153, 0.45816, 0.02111, 0.05638, 0
0.45193, 0.44232, 0.36047, 0.47513, 0.45795, 0.45367, 0.00789, 0.0147, 1
0.44858, 0.44616, 0.17555, 0.48217, 0.447, 0.44106, 0.04798, 0.03019, 0
0.45355, 0.44548, 0.19245, 0.47726, 0.45751, 0.46052, 0.03513, 0.01343, 1
0.44386, 0.43983, 0.23691, 0.47795, 0.45163, 0.44914, 0.07587, 0.03969, 0
0.45298, 0.44073, 0.27484, 0.47871, 0.4563, 0.449, 0.04925, 0.06616, 1
0.44746, 0.44186, 0.25351, 0.48109, 0.45264, 0.44955, 0.04363, 0.04124, 0
0.44679, 0.43865, 0.40931, 0.47936, 0.45139, 0.44884, 0.01819, 0.04684, 0
0.44892, 0.44141, 0.41385, 0.47336, 0.45515, 0.45261, 0.03275, 0.02493, 1
0.44891, 0.44095, 0.45374, 0.48383, 0.45131, 0.4455, 0.00588, 0.04498, 0
0.45175, 0.44395, 0.46288, 0.47518, 0.45722, 0.45498, 0.03006, 0.00736, 0
0.45613, 0.4451, 0.21945, 0.47128, 0.46145, 0.45485, 0.02323, 0.02737, 1
0.45288, 0.44095, 0.21289, 0.47886, 0.45635, 0.44996, 0.04431, 0.04255, 0
0.44772, 0.43865, 0.20636, 0.48455, 0.45079, 0.44298, 0.02445, 0.02456, 1
0.44939, 0.44279, 0.14672, 0.47294, 0.45819, 0.45958, 0.07156, 0.07798, 0
0.44932, 0.43772, 0.16931, 0.47312, 0.46406, 0.45932, 0.0334, 0.0, 0
0.42947, 0.41982, 0.20416, 0.48616, 0.41882, 0.39525, 0.20285, 0.20886, 0
0.4332, 0.43682, 0.19911, 0.48452, 0.42674, 0.41363, 0.04549, 0.03184, 0
0.44875, 0.43911, 0.21094, 0.47726, 0.45227, 0.44508, 0.01998, 0.03831, 1
0.40943, 0.40722, 0.2298, 0.49008, 0.41571, 0.4145, 0.17023, 0.12687, 1
0.4084, 0.41455, 0.24865, 0.48359, 0.42094, 0.42595, 0.24078, 0.26219, 1
0.43806, 0.4245, 0.25382, 0.47462, 0.45631, 0.46381, 0.09358, 0.06244, 0
0.44693, 0.43821, 0.26175, 0.47718, 0.4519, 0.44483, 0.01447, 0.04312, 0
0.44442, 0.43844, 0.24911, 0.48067, 0.45191, 0.44968, 0.05142, 0.08022, 0
0.45255, 0.44164, 0.25158, 0.47132, 0.46056, 0.45731, 0.00442, 0.06011, 1
0.4541, 0.44301, 0.24403, 0.47788, 0.45826, 0.44608, 0.04292, 0.02809, 1
0.45563, 0.44506, 0.22048, 0.47992, 0.45678, 0.45093, 0.04079, 0.08226, 1
0.43277, 0.42708, 0.19163, 0.48767, 0.43064, 0.42101, 0.07617, 0.05461, 0
0.445, 0.43959, 0.20861, 0.47676, 0.45154, 0.44968, 0.05574, 0.07155, 0
0.45619, 0.44484, 0.17734, 0.47148, 0.46676, 0.46089, 0.02102, 0.04702, 1
0.44685, 0.43817, 0.2195, 0.47362, 0.45652, 0.45473, 0.03956, 0.09629, 1
0.43461, 0.42543, 0.13578, 0.48096, 0.44221, 0.44266, 0.0769, 0.09039, 0
0.46011, 0.45048, 0.12982, 0.47138, 0.46984, 0.4615, 0.05055, 0.17469, 1
0.44068, 0.42867, 0.1136, 0.48572, 0.44, 0.42721, 0.12076, 0.14336, 1
0.43998, 0.43478, 0.17852, 0.48407, 0.39901, 0.35717, 0.32666, 0.26202, 1
0.40473, 0.38899, 0.26803, 0.48538, 0.36421, 0.33431, 0.4908, 0.34617, 0
0.47378, 0.48474, 0.25345, 0.47396, 0.50497, 0.50878, 0.44745, 0.56194, 0
0.45708, 0.44629, 0.24651, 0.47881, 0.45889, 0.45235, 0.04272, 0.08428, 0
0.45081, 0.44118, 0.36409, 0.48275, 0.45354, 0.44566, 0.02677, 0.0, 1
0.42238, 0.42563, 0.34377, 0.4812, 0.43533, 0.43956, 0.19475, 0.19529, 1
0.49568, 0.48044, 0.34617, 0.46877, 0.49951, 0.48752, 0.19542, 0.20981, 0
0.44972, 0.4421, 0.20346, 0.47929, 0.45617, 0.45121, 0.02344, 0.04486, 1
0.46061, 0.44807, 0.18446, 0.47308, 0.46406, 0.45705, 0.05373, 0.0934, 1
0.45937, 0.45035, 0.17744, 0.47468, 0.46121, 0.45732, 0.04421, 0.02686, 1
0.49755, 0.4913, 0.26624, 0.47152, 0.50005, 0.50137, 0.25751, 0.27354, 1
0.45337, 0.44416, 0.28956, 0.47909, 0.45402, 0.45592, 0.01447, 0.04468, 1
0.4805, 0.45566, 0.1579, 0.47272, 0.48544, 0.46416, 0.19176, 0.17037, 0
0.44086, 0.43501, 0.11706, 0.48723, 0.44293, 0.43776, 0.03266, 0.0, 0
0.47129, 0.44256, 0.13065, 0.47199, 0.48199, 0.47628, 0.16531, 0.14788, 1
0.46714, 0.44531, 0.12725, 0.4769, 0.46644, 0.44787, 0.21181, 0.22806, 0
0.44601, 0.42124, 0.11782, 0.48101, 0.44795, 0.44343, 0.22301, 0.25499, 1
0.47375, 0.45545, 0.12363, 0.47456, 0.47565, 0.47185, 0.13104, 0.09578, 0
0.44493, 0.43568, 0.11326, 0.4834, 0.44575, 0.44106, 0.04988, 0.01363, 0
0.44622, 0.4382, 0.13593, 0.48669, 0.44954, 0.44343, 0.01549, 0.02089, 0
0.45092, 0.44004, 0.13857, 0.47443, 0.45631, 0.45121, 0.01812, 0.02132, 1
0.4652, 0.44856, 0.19503, 0.47421, 0.47734, 0.47539, 0.05837, 0.06234, 0
0.46479, 0.45527, 0.22628, 0.47026, 0.46879, 0.46367, 0.0682, 0.07511, 1
0.47021, 0.45263, 0.25526, 0.47585, 0.46783, 0.45773, 0.14139, 0.18445, 0
0.45396, 0.44438, 0.24068, 0.48146, 0.45238, 0.44677, 0.03769, 0.04393, 0
0.44807, 0.43638, 0.22744, 0.47296, 0.45977, 0.46259, 0.03996, 0.08156, 0
0.44759, 0.44027, 0.22605, 0.48019, 0.4524, 0.45163, 0.01969, 0.05558, 0
0.45194, 0.44049, 0.24788, 0.47241, 0.45855, 0.45413, 0.01384, 0.01913, 0
0.45278, 0.44256, 0.24396, 0.46986, 0.4596, 0.45455, 0.00665, 0.01296, 1
0.44663, 0.43889, 0.29938, 0.47445, 0.45532, 0.45191, 0.04, 0.02338, 0
0.45685, 0.4529, 0.28806, 0.47805, 0.45976, 0.4597, 0.08489, 0.07739, 0
0.46123, 0.45869, 0.2443, 0.47078, 0.48609, 0.50006, 0.27506, 0.12539, 0
0.45755, 0.45635, 0.14549, 0.47627, 0.46171, 0.46346, 0.13974, 0.17731, 1
0.4561, 0.44463, 0.17208, 0.47025, 0.46129, 0.45719, 0.02396, 0.03453, 0
0.44159, 0.4343, 0.15376, 0.47703, 0.45248, 0.45288, 0.05992, 0.05754, 1
0.44643, 0.4382, 0.14266, 0.47726, 0.45473, 0.44843, 0.02249, 0.02978, 0
0.44916, 0.4421, 0.12445, 0.48274, 0.45346, 0.44606, 0.01234, 0.05337, 1
0.47341, 0.45103, 0.13443, 0.48008, 0.46222, 0.44954, 0.23643, 0.24482, 0
0.44207, 0.44164, 0.16034, 0.4837, 0.43315, 0.42299, 0.00441, 0.03984, 1
0.45298, 0.4421, 0.19848, 0.47162, 0.45651, 0.4555, 0.01227, 0.02577, 0
0.45796, 0.4469, 0.21898, 0.46753, 0.46416, 0.45965, 0.02764, 0.01218, 0
0.46034, 0.45056, 0.27307, 0.46825, 0.46907, 0.46797, 0.058, 0.04285, 0
0.46206, 0.45103, 0.30235, 0.46964, 0.47513, 0.4705, 0.06479, 0.00244, 0
0.45311, 0.43865, 0.36849, 0.47292, 0.47479, 0.46769, 0.04226, 0.0362, 1
0.45609, 0.44326, 0.39313, 0.47901, 0.45797, 0.45149, 0.06439, 0.05586, 0
0.46292, 0.44879, 0.40084, 0.47825, 0.46253, 0.45499, 0.08711, 0.12543, 0
0.46223, 0.44992, 0.30194, 0.47542, 0.46607, 0.46487, 0.04489, 0.03893, 0
0.44831, 0.43845, 0.26662, 0.47465, 0.45755, 0.45051, 0.02018, 0.01836, 0
0.45808, 0.44804, 0.29504, 0.46904, 0.46852, 0.46325, 0.04502, 0.03185, 0
0.44899, 0.43343, 0.29094, 0.47672, 0.4559, 0.44872, 0.07158, 0.08038, 0
0.44419, 0.43503, 0.12953, 0.48516, 0.44874, 0.44264, 0.03256, 0.0316, 1
0.4458, 0.43937, 0.15859, 0.48162, 0.43492, 0.43666, 0.05743, 0.05022, 1
0.48887, 0.46266, 0.2022, 0.4773, 0.48246, 0.45702, 0.29387, 0.25805, 0
0.47668, 0.46364, 0.33074, 0.47314, 0.47836, 0.47649, 0.11112, 0.10771, 0
0.44228, 0.42738, 0.33748, 0.4824, 0.44317, 0.4405, 0.11722, 0.10929, 0
0.4546, 0.44322, 0.23229, 0.47485, 0.45882, 0.45339, 0.03004, 0.01254, 0
0.46096, 0.45411, 0.18019, 0.4682, 0.47133, 0.46892, 0.09963, 0.15253, 0
0.44479, 0.43484, 0.21675, 0.47695, 0.45406, 0.45216, 0.03602, 0.05907, 1
0.44826, 0.43665, 0.22357, 0.47681, 0.45477, 0.4468, 0.0344, 0.08081, 0
0.43115, 0.43301, 0.26048, 0.47566, 0.45039, 0.45616, 0.21626, 0.21606, 1
0.45616, 0.44781, 0.35271, 0.4715, 0.47722, 0.47584, 0.12073, 0.01704, 0
0.43945, 0.43597, 0.41046, 0.48304, 0.42414, 0.41383, 0.06739, 0.06891, 0
0.44037, 0.43824, 0.41051, 0.482, 0.43035, 0.442, 0.01531, 0.06212, 0
0.44455, 0.44187, 0.40287, 0.48111, 0.45107, 0.4457, 0.07409, 0.09807, 1
0.44924, 0.43914, 0.38246, 0.47568, 0.45691, 0.4563, 0.01369, 0.0111, 1
0.43812, 0.42464, 0.28908, 0.48687, 0.43603, 0.42579, 0.1436, 0.14084, 0
0.44972, 0.44118, 0.34176, 0.48231, 0.45198, 0.44657, 0.0075, 0.01096, 0
0.44218, 0.4358, 0.21578, 0.48752, 0.44741, 0.44331, 0.0369, 0.04021, 0
0.44992, 0.44051, 0.24103, 0.47473, 0.45741, 0.45065, 0.00993, 0.01495, 1
0.42913, 0.42059, 0.25831, 0.48751, 0.43377, 0.43097, 0.10115, 0.06025, 1
0.52707, 0.49589, 0.23988, 0.46754, 0.52956, 0.5112, 0.34311, 0.44071, 1
0.45553, 0.44657, 0.19543, 0.47131, 0.45952, 0.4618, 0.03439, 0.01675, 0
0.45052, 0.43961, 0.19799, 0.47434, 0.45514, 0.45323, 0.01206, 0.01675, 1
0.44763, 0.44051, 0.24456, 0.47353, 0.45708, 0.45609, 0.05452, 0.05422, 1
0.44776, 0.43647, 0.19552, 0.47873, 0.45431, 0.45037, 0.02834, 0.025, 0
0.43717, 0.43176, 0.17455, 0.48747, 0.44238, 0.43909, 0.05662, 0.08913, 0
0.45275, 0.44366, 0.155, 0.46747, 0.45782, 0.45324, 0.0132, 0.01873, 0
0.4544, 0.44344, 0.13362, 0.47003, 0.46176, 0.45651, 0.0115, 0.00635, 0
0.4452, 0.43759, 0.14456, 0.48706, 0.44897, 0.44233, 0.01736, 0.01045, 1
0.46813, 0.45332, 0.22998, 0.47797, 0.46554, 0.45146, 0.12037, 0.02156, 0
0.46014, 0.44411, 0.21153, 0.47334, 0.46646, 0.46212, 0.05645, 0.04692, 0
0.45096, 0.43983, 0.21985, 0.47604, 0.45741, 0.45119, 0.01642, 0.00867, 1
0.45688, 0.44547, 0.17089, 0.47062, 0.46573, 0.4639, 0.02675, 0.05776, 1
0.44609, 0.43871, 0.21928, 0.47356, 0.45873, 0.45542, 0.06323, 0.04854, 1
0.46203, 0.44525, 0.26833, 0.47408, 0.47362, 0.45284, 0.07083, 0.1029, 1
0.42534, 0.42448, 0.27293, 0.48763, 0.43661, 0.42766, 0.11848, 0.14459, 0
0.37706, 0.37481, 0.26989, 0.48989, 0.38284, 0.37865, 0.32059, 0.33368, 0
0.46024, 0.44435, 0.2756, 0.4754, 0.46557, 0.4501, 0.09215, 0.08007, 0
0.43234, 0.42967, 0.23425, 0.48702, 0.43313, 0.42835, 0.06235, 0.07328, 0
0.44758, 0.44525, 0.21964, 0.47908, 0.45255, 0.45215, 0.09279, 0.07186, 0
0.44612, 0.43871, 0.20282, 0.48125, 0.44427, 0.45092, 0.0121, 0.04009, 0
0.43427, 0.43094, 0.49011, 0.47761, 0.44671, 0.4447, 0.10871, 0.14469, 1
0.42797, 0.3947, 0.40879, 0.48184, 0.42215, 0.42032, 0.42329, 0.46293, 0
0.44807, 0.4403, 0.34258, 0.47663, 0.45091, 0.44889, 0.0119, 0.01703, 0
0.45505, 0.44473, 0.31027, 0.46713, 0.45913, 0.45547, 0.01864, 0.01549, 1
0.44672, 0.43897, 0.21481, 0.47933, 0.45303, 0.45024, 0.02804, 0.01475, 1
0.44467, 0.43565, 0.21932, 0.47836, 0.45155, 0.44769, 0.02828, 0.03307, 0
0.45148, 0.44251, 0.21427, 0.47142, 0.46065, 0.45696, 0.03398, 0.02727, 1
0.4454, 0.44654, 0.21412, 0.4744, 0.45834, 0.45727, 0.16975, 0.14223, 0
0.46373, 0.44897, 0.17488, 0.46976, 0.4692, 0.46142, 0.06569, 0.12059, 0
0.43008, 0.42364, 0.17584, 0.48485, 0.43898, 0.43436, 0.08912, 0.14812, 1
0.43896, 0.42918, 0.18012, 0.47938, 0.4483, 0.44485, 0.05898, 0.04811, 1
0.44125, 0.43719, 0.1801, 0.48432, 0.42991, 0.42309, 0.06236, 0.0456, 0
0.45914, 0.45117, 0.20273, 0.48012, 0.45372, 0.45588, 0.05098, 0.05035, 0
0.45288, 0.44096, 0.30188, 0.4736, 0.4634, 0.45764, 0.00214, 0.07403, 1
0.44976, 0.43674, 0.28999, 0.47512, 0.45863, 0.45603, 0.03373, 0.02875, 1
0.45079, 0.44007, 0.26236, 0.48358, 0.4521, 0.44445, 0.04672, 0.04731, 1
