@relation /home/othavioaset_perfeito_keel
@attribute EMA_3 real[-0.01,1.01]
@attribute SMA_3 real[-0.01,1.01]
@attribute ADXR real[-0.01,1.01]
@attribute Bollinger_Norm real[-0.01,1.01]
@attribute EMA_5 real[-0.01,1.01]
@attribute SMA_5 real[-0.01,1.01]
@attribute std_close3 real[-0.01,1.01]
@attribute std_open3 real[-0.01,1.01]
@attribute trend{0,1}
@inputs EMA_3, SMA_3, ADXR, Bollinger_Norm, EMA_5, SMA_5, std_close3, std_open3
@outputs trend
@data
0.4476, 0.43764, 0.38981, 0.47691, 0.45472, 0.44721, 0.01919, 0.01602, 1
0.45377, 0.44431, 0.38131, 0.47459, 0.45953, 0.45087, 0.01597, 0.04495, 1
0.45344, 0.44535, 0.35568, 0.4778, 0.45771, 0.45339, 0.02446, 0.05827, 0
0.4459, 0.43082, 0.36134, 0.48456, 0.4302, 0.40827, 0.24092, 0.30577, 1
0.45464, 0.44698, 0.37375, 0.48287, 0.43646, 0.42604, 0.1242, 0.07719, 0
0.44311, 0.43499, 0.40027, 0.48329, 0.43629, 0.43935, 0.04565, 0.04016, 1
0.47604, 0.45753, 0.41983, 0.46753, 0.48082, 0.47945, 0.10156, 0.13789, 1
0.44789, 0.43912, 0.41497, 0.48224, 0.45071, 0.44849, 0.01211, 0.0166, 0
0.44383, 0.43747, 0.40401, 0.47656, 0.45221, 0.44936, 0.05476, 0.08003, 0
0.45649, 0.44635, 0.39097, 0.46992, 0.46807, 0.4664, 0.04988, 0.01589, 1
0.44525, 0.44036, 0.37372, 0.48201, 0.44955, 0.43898, 0.02448, 0.03636, 0
0.43701, 0.43313, 0.34687, 0.47976, 0.44755, 0.44999, 0.0994, 0.09279, 1
0.43802, 0.43541, 0.29975, 0.47944, 0.44495, 0.43961, 0.08082, 0.0874, 0
0.62777, 0.61053, 0.31691, 0.43591, 0.63987, 0.63472, 0.17362, 0.13334, 1
0.44062, 0.42755, 0.31154, 0.48444, 0.42981, 0.40547, 0.19992, 0.13394, 0
0.45101, 0.44893, 0.32012, 0.47634, 0.45955, 0.47199, 0.15127, 0.13848, 1
0.43233, 0.42609, 0.30584, 0.47508, 0.44781, 0.45271, 0.12285, 0.1181, 0
0.47727, 0.44959, 0.27798, 0.47356, 0.4828, 0.46141, 0.22801, 0.24599, 0
0.44766, 0.43914, 0.2665, 0.47877, 0.45569, 0.4588, 0.03234, 0.04365, 0
0.44568, 0.4375, 0.25452, 0.47499, 0.45493, 0.45049, 0.03558, 0.03931, 0
0.41895, 0.40047, 0.23404, 0.48681, 0.40138, 0.38177, 0.37246, 0.3963, 1
0.40883, 0.40363, 0.27048, 0.48508, 0.40354, 0.4078, 0.18468, 0.14888, 1
0.43531, 0.43063, 0.33336, 0.48445, 0.43316, 0.42749, 0.05091, 0.04321, 1
0.44378, 0.43429, 0.36725, 0.48271, 0.44402, 0.44335, 0.04089, 0.05857, 0
0.48269, 0.47254, 0.35774, 0.46992, 0.48594, 0.47529, 0.15132, 0.19814, 0
0.4493, 0.43793, 0.30088, 0.48421, 0.44706, 0.43545, 0.09308, 0.1069, 1
0.45405, 0.44159, 0.17244, 0.47556, 0.45869, 0.45393, 0.03742, 0.02979, 1
0.45064, 0.44017, 0.16453, 0.47891, 0.45403, 0.44519, 0.03263, 0.03605, 1
0.44278, 0.43476, 0.39657, 0.47756, 0.45103, 0.44835, 0.04274, 0.0409, 0
0.50118, 0.48227, 0.13606, 0.46514, 0.5121, 0.50859, 0.19855, 0.13333, 0
0.44829, 0.44015, 0.36059, 0.47498, 0.45584, 0.46014, 0.04694, 0.06836, 0
0.44769, 0.44077, 0.34629, 0.47433, 0.45822, 0.45503, 0.05224, 0.02401, 0
0.48296, 0.46118, 0.34306, 0.47255, 0.48212, 0.46816, 0.193, 0.23154, 0
0.44723, 0.44284, 0.35468, 0.48095, 0.44831, 0.4437, 0.039, 0.0193, 1
0.45663, 0.44389, 0.32116, 0.473, 0.46413, 0.45478, 0.03231, 0.10795, 1
0.74235, 0.7311, 0.42861, 0.33593, 0.75556, 0.74404, 0.11772, 0.09399, 0
0.41458, 0.42655, 0.41208, 0.48349, 0.42113, 0.42523, 0.22539, 0.25679, 1
0.45666, 0.4418, 0.36512, 0.47601, 0.46249, 0.45765, 0.0597, 0.07405, 0
0.45581, 0.44322, 0.22504, 0.48254, 0.45284, 0.44211, 0.09565, 0.08147, 0
0.46184, 0.45, 0.27941, 0.47124, 0.47457, 0.46726, 0.04802, 0.0306, 0
0.478, 0.46456, 0.27759, 0.47088, 0.48284, 0.48168, 0.11301, 0.06157, 1
0.4662, 0.45119, 0.22828, 0.47087, 0.46963, 0.46199, 0.07418, 0.09472, 0
0.41974, 0.41611, 0.2211, 0.4836, 0.43013, 0.43146, 0.13974, 0.13666, 0
0.45831, 0.44679, 0.33466, 0.47277, 0.46131, 0.45414, 0.04263, 0.17042, 0
0.45467, 0.44284, 0.19209, 0.47788, 0.45841, 0.44623, 0.05243, 0.03972, 1
0.37895, 0.39483, 0.42378, 0.47972, 0.40637, 0.42573, 0.45629, 0.52324, 0
0.44901, 0.43151, 0.4422, 0.47614, 0.4624, 0.42991, 0.1243, 0.14843, 1
0.44999, 0.44139, 0.44293, 0.47798, 0.45817, 0.42992, 0.03611, 0.08602, 1
0.45039, 0.44077, 0.41236, 0.48335, 0.4529, 0.446, 0.02413, 0.02666, 0
0.44277, 0.43892, 0.40841, 0.47763, 0.4517, 0.45136, 0.08832, 0.09758, 1
0.46766, 0.45604, 0.30445, 0.46853, 0.47956, 0.47774, 0.07954, 0.03048, 0
0.39881, 0.40279, 0.29737, 0.48196, 0.40662, 0.3788, 0.20383, 0.24211, 0
0.43264, 0.42986, 0.50062, 0.4813, 0.44139, 0.44439, 0.11236, 0.07554, 1
0.47315, 0.49415, 0.44341, 0.47525, 0.48361, 0.48017, 0.48702, 0.58509, 0
0.46299, 0.44749, 0.40848, 0.47546, 0.47287, 0.48539, 0.03702, 0.04374, 1
0.45408, 0.44034, 0.12177, 0.47278, 0.46172, 0.45572, 0.03539, 0.05138, 1
0.44669, 0.43804, 0.13302, 0.47573, 0.45449, 0.44744, 0.0195, 0.08336, 0
0.51652, 0.49821, 0.16527, 0.46806, 0.51863, 0.51834, 0.27663, 0.32452, 0
0.45737, 0.45876, 0.14054, 0.4742, 0.46601, 0.46165, 0.16657, 0.19798, 0
0.44039, 0.42614, 0.14042, 0.48082, 0.44498, 0.43441, 0.11091, 0.09671, 0
0.44196, 0.43596, 0.11893, 0.48696, 0.44542, 0.44087, 0.03167, 0.05399, 1
0.45962, 0.44201, 0.27147, 0.47298, 0.47351, 0.46204, 0.04864, 0.03774, 0
0.47587, 0.47022, 0.20077, 0.46933, 0.4963, 0.49258, 0.21672, 0.26245, 0
0.46509, 0.44623, 0.24644, 0.47375, 0.47412, 0.45508, 0.10486, 0.21216, 1
0.42991, 0.43133, 0.31503, 0.48539, 0.43235, 0.42902, 0.09206, 0.1036, 1
0.41779, 0.42045, 0.3467, 0.48285, 0.42939, 0.43437, 0.19112, 0.31172, 0
0.80259, 0.77081, 0.35543, 0.44342, 0.79176, 0.76215, 0.38941, 0.41981, 1
0.44784, 0.44097, 0.25322, 0.4757, 0.45613, 0.44934, 0.03701, 0.02592, 0
0.50677, 0.47596, 0.23665, 0.47595, 0.49335, 0.46965, 0.37914, 0.34368, 0
0.44828, 0.44035, 0.36767, 0.47375, 0.45699, 0.45493, 0.03866, 0.07472, 0
0.45532, 0.44307, 0.36066, 0.472, 0.46354, 0.45595, 0.02129, 0.07543, 1
0.44308, 0.42949, 0.36118, 0.48536, 0.43901, 0.42303, 0.15383, 0.15065, 1
0.48528, 0.47655, 0.36121, 0.47307, 0.48698, 0.48803, 0.17533, 0.15699, 1
0.44801, 0.43827, 0.36817, 0.48247, 0.44456, 0.44191, 0.05406, 0.03633, 1
0.4496, 0.44202, 0.3034, 0.47216, 0.46081, 0.46022, 0.06633, 0.06911, 0
0.40914, 0.41282, 0.27933, 0.47747, 0.43334, 0.44025, 0.27681, 0.27796, 1
0.4701, 0.46793, 0.26158, 0.47756, 0.4672, 0.48303, 0.16962, 0.16229, 0
0.44534, 0.43872, 0.28772, 0.4764, 0.4518, 0.45036, 0.04623, 0.05383, 1
0.44646, 0.43501, 0.28389, 0.4802, 0.45011, 0.43964, 0.05959, 0.06156, 0
0.45095, 0.44304, 0.22169, 0.47989, 0.45591, 0.45049, 0.01789, 0.02855, 0
0.44913, 0.44426, 0.22146, 0.48277, 0.43672, 0.43051, 0.0518, 0.05312, 0
0.39659, 0.4078, 0.21935, 0.47953, 0.4164, 0.43336, 0.3553, 0.33866, 1
0.4499, 0.4418, 0.22521, 0.47804, 0.45907, 0.45522, 0.03618, 0.07209, 1
0.442, 0.43542, 0.23737, 0.47451, 0.45598, 0.45273, 0.08384, 0.03164, 1
0.44811, 0.44407, 0.25478, 0.47476, 0.45868, 0.45211, 0.08037, 0.07336, 0
0.45113, 0.44242, 0.2542, 0.47314, 0.46233, 0.45648, 0.04516, 0.07127, 1
0.45898, 0.44245, 0.42998, 0.47333, 0.4639, 0.45483, 0.08109, 0.09051, 1
0.44093, 0.43951, 0.45959, 0.48255, 0.43407, 0.43074, 0.03245, 0.0584, 1
0.45505, 0.44348, 0.45961, 0.47408, 0.45926, 0.45315, 0.03169, 0.02481, 0
0.44957, 0.43639, 0.436, 0.48421, 0.44821, 0.43848, 0.09865, 0.0787, 0
0.4449, 0.43555, 0.39926, 0.47528, 0.45256, 0.45024, 0.03137, 0.03799, 1
0.45928, 0.44786, 0.38462, 0.46916, 0.46506, 0.45833, 0.03664, 0.01239, 0
0.45681, 0.44411, 0.31372, 0.47095, 0.46938, 0.46356, 0.01578, 0.00773, 0
0.45056, 0.44056, 0.34427, 0.4793, 0.4504, 0.45429, 0.01601, 0.0271, 0
0.44947, 0.44014, 0.42039, 0.48429, 0.4489, 0.43974, 0.04738, 0.01978, 0
0.44788, 0.44118, 0.25953, 0.48158, 0.44785, 0.44365, 0.0, 0.03842, 0
0.43809, 0.43401, 0.25394, 0.48258, 0.44294, 0.44229, 0.06923, 0.05728, 0
0.4424, 0.43278, 0.22979, 0.48289, 0.44669, 0.43781, 0.04996, 0.05519, 1
0.45984, 0.44878, 0.1596, 0.47011, 0.46839, 0.46952, 0.0448, 0.00579, 0
0.47109, 0.4562, 0.18844, 0.46717, 0.48121, 0.47617, 0.07347, 0.0817, 0
0.44555, 0.43132, 0.18887, 0.47727, 0.45381, 0.44675, 0.07269, 0.08158, 1
0.70517, 0.69157, 0.48195, 0.38489, 0.72007, 0.70853, 0.04715, 0.16592, 0
0.41455, 0.39799, 0.47428, 0.48749, 0.40229, 0.38155, 0.34512, 0.27749, 0
0.45757, 0.44553, 0.32133, 0.47362, 0.46593, 0.46452, 0.02158, 0.05165, 0
0.45137, 0.44263, 0.24634, 0.4746, 0.45849, 0.45137, 0.01112, 0.05654, 1
0.46772, 0.4538, 0.56822, 0.4744, 0.46917, 0.45979, 0.093, 0.09002, 0
0.44007, 0.43448, 0.53813, 0.48681, 0.44337, 0.44021, 0.04279, 0.0793, 0
0.45706, 0.44895, 0.16118, 0.47638, 0.4605, 0.45405, 0.03848, 0.02795, 1
0.46019, 0.44685, 0.16682, 0.47419, 0.46323, 0.45329, 0.06403, 0.09328, 0
0.44023, 0.43148, 0.39555, 0.48787, 0.444, 0.43635, 0.0519, 0.07852, 1
0.4508, 0.44537, 0.34928, 0.48134, 0.45225, 0.44757, 0.03178, 0.0201, 1
0.4408, 0.4326, 0.19247, 0.48807, 0.44422, 0.43717, 0.04318, 0.06593, 1
0.46604, 0.45028, 0.2108, 0.46882, 0.47406, 0.47304, 0.05187, 0.10512, 0
0.41657, 0.41067, 0.26835, 0.48879, 0.42166, 0.41887, 0.1473, 0.18598, 1
0.44821, 0.43912, 0.27823, 0.47415, 0.45436, 0.45136, 0.017, 0.02534, 1
0.45864, 0.44696, 0.29221, 0.47288, 0.46278, 0.45648, 0.03685, 0.01585, 0
0.45923, 0.44634, 0.31823, 0.46969, 0.46644, 0.46174, 0.02933, 0.03635, 0
0.45915, 0.44284, 0.30227, 0.47348, 0.46539, 0.45712, 0.07981, 0.03625, 1
0.4507, 0.44055, 0.31103, 0.47644, 0.45791, 0.44947, 0.00928, 0.01989, 1
0.463, 0.45084, 0.28774, 0.47836, 0.46289, 0.45392, 0.07567, 0.07071, 0
0.44114, 0.43132, 0.27397, 0.47863, 0.4485, 0.44731, 0.04762, 0.10048, 1
0.73846, 0.72469, 0.29778, 0.34989, 0.74965, 0.73265, 0.03648, 0.04941, 1
0.45687, 0.4449, 0.32508, 0.47522, 0.46151, 0.45424, 0.03588, 0.04019, 0
0.45835, 0.44868, 0.18009, 0.47093, 0.46446, 0.45591, 0.03616, 0.02559, 1
0.44453, 0.43662, 0.25167, 0.48028, 0.45168, 0.43477, 0.03031, 0.046, 1
0.15211, 0.14799, 0.51097, 0.73907, 0.14911, 0.15049, 0.04463, 0.06163, 1
0.44815, 0.43992, 0.52072, 0.48456, 0.44846, 0.44128, 0.02545, 0.01924, 0
0.45542, 0.44266, 0.51698, 0.47507, 0.47117, 0.46829, 0.00735, 0.04521, 0
0.45065, 0.43907, 0.47647, 0.47769, 0.46033, 0.45088, 0.02039, 0.02929, 1
0.45084, 0.44308, 0.33705, 0.47155, 0.46006, 0.45958, 0.05547, 0.04497, 0
0.43846, 0.41639, 0.26065, 0.48504, 0.42127, 0.39752, 0.3644, 0.37809, 0
0.4607, 0.47544, 0.21955, 0.47586, 0.47023, 0.471, 0.36794, 0.347, 1
0.46105, 0.44478, 0.22012, 0.47495, 0.4717, 0.47921, 0.02132, 0.06494, 0
0.45154, 0.44415, 0.18219, 0.47357, 0.46002, 0.45306, 0.03814, 0.04141, 1
0.4648, 0.45346, 0.11699, 0.46839, 0.46884, 0.46178, 0.06291, 0.06232, 0
0.43669, 0.4126, 0.17427, 0.48427, 0.422, 0.40923, 0.33849, 0.35156, 0
0.43675, 0.43677, 0.18978, 0.48375, 0.42423, 0.41944, 0.03956, 0.03766, 0
0.43806, 0.43761, 0.2034, 0.48252, 0.43115, 0.42338, 0.03753, 0.01468, 0
0.44452, 0.44139, 0.21726, 0.48017, 0.4434, 0.45266, 0.06148, 0.02137, 0
0.44882, 0.44076, 0.25232, 0.47945, 0.45284, 0.44896, 0.01079, 0.00596, 0
0.46904, 0.46111, 0.31105, 0.46826, 0.48297, 0.48107, 0.13567, 0.09646, 0
0.44341, 0.43059, 0.31981, 0.4743, 0.45838, 0.45717, 0.0541, 0.06149, 1
0.4129, 0.41789, 0.27017, 0.48571, 0.42239, 0.42553, 0.19835, 0.15113, 1
0.44713, 0.44203, 0.2451, 0.48192, 0.45053, 0.4446, 0.03555, 0.02731, 0
0.4484, 0.44161, 0.29062, 0.48152, 0.45249, 0.44537, 0.01427, 0.01192, 0
0.44597, 0.43802, 0.34483, 0.48638, 0.44865, 0.44192, 0.01765, 0.01476, 0
0.73297, 0.70941, 0.31291, 0.4212, 0.73915, 0.72579, 0.13953, 0.2941, 0
0.45405, 0.44806, 0.29386, 0.47995, 0.4528, 0.44052, 0.0383, 0.15468, 1
0.44181, 0.43821, 0.27716, 0.47814, 0.453, 0.44818, 0.08629, 0.03042, 1
0.45851, 0.44734, 0.34777, 0.47361, 0.4619, 0.45666, 0.03552, 0.06472, 0
0.46163, 0.44326, 0.41407, 0.48041, 0.45895, 0.45427, 0.14987, 0.19404, 1
0.45438, 0.44015, 0.41494, 0.48227, 0.44635, 0.43249, 0.15802, 0.13336, 0
0.36796, 0.38624, 0.41127, 0.48571, 0.383, 0.3893, 0.40805, 0.50031, 1
0.44021, 0.43278, 0.19779, 0.47678, 0.45161, 0.44438, 0.05852, 0.02727, 0
0.44029, 0.42937, 0.27942, 0.47484, 0.45609, 0.45241, 0.06525, 0.08246, 1
0.45111, 0.44034, 0.23309, 0.47987, 0.45023, 0.43554, 0.06358, 0.12476, 1
0.45683, 0.4473, 0.23794, 0.48, 0.45678, 0.45266, 0.03734, 0.02167, 1
0.44819, 0.4395, 0.27161, 0.47389, 0.45577, 0.45368, 0.02933, 0.04708, 1
0.45888, 0.44541, 0.25232, 0.47064, 0.46676, 0.4606, 0.03202, 0.07741, 0
0.44267, 0.44055, 0.26449, 0.48059, 0.44941, 0.44615, 0.08639, 0.07418, 0
0.45215, 0.43971, 0.20463, 0.47968, 0.45481, 0.44743, 0.0551, 0.03025, 1
0.45262, 0.44182, 0.19923, 0.47519, 0.45752, 0.45611, 0.00932, 0.03614, 0
0.45079, 0.44139, 0.18557, 0.47213, 0.45916, 0.45573, 0.02292, 0.03617, 0
0.50739, 0.47767, 0.21427, 0.47436, 0.4978, 0.48081, 0.33416, 0.13679, 0
0.44788, 0.43807, 0.51833, 0.47363, 0.45698, 0.45426, 0.02427, 0.02771, 1
0.45902, 0.44554, 0.32161, 0.47823, 0.46012, 0.44684, 0.08754, 0.1322, 0
0.47136, 0.45755, 0.13586, 0.47474, 0.46975, 0.46518, 0.10394, 0.03473, 0
0.45526, 0.44325, 0.16973, 0.48231, 0.45022, 0.44034, 0.09037, 0.07384, 1
0.45047, 0.44552, 0.24636, 0.47208, 0.46269, 0.4694, 0.12785, 0.12628, 1
0.48169, 0.47673, 0.31463, 0.46756, 0.49287, 0.49823, 0.22863, 0.18114, 1
0.45252, 0.44118, 0.48336, 0.48037, 0.45616, 0.45049, 0.03538, 0.01194, 1
0.4477, 0.43865, 0.4518, 0.48484, 0.44974, 0.44537, 0.02148, 0.02876, 0
0.45425, 0.44775, 0.34646, 0.47185, 0.46417, 0.45948, 0.07274, 0.05103, 0
0.45718, 0.44712, 0.28199, 0.4703, 0.46688, 0.46013, 0.03567, 0.04312, 0
0.45378, 0.44267, 0.20339, 0.47128, 0.46184, 0.45602, 0.00892, 0.01375, 0
0.44867, 0.43843, 0.25064, 0.48449, 0.44841, 0.43817, 0.0599, 0.06237, 1
0.4386, 0.43273, 0.24779, 0.48612, 0.4393, 0.4364, 0.04097, 0.05717, 0
0.44902, 0.44415, 0.23856, 0.48016, 0.45239, 0.45126, 0.05155, 0.08293, 1
0.44777, 0.44034, 0.35645, 0.48165, 0.44771, 0.44768, 0.00814, 0.0162, 1
0.45132, 0.44203, 0.41871, 0.48106, 0.45267, 0.44794, 0.01807, 0.01958, 1
0.45314, 0.44287, 0.55673, 0.47017, 0.45922, 0.45725, 0.01074, 0.03504, 1
0.45174, 0.44118, 0.54657, 0.47263, 0.45754, 0.4533, 0.00703, 0.02209, 1
0.45835, 0.45404, 0.62699, 0.47011, 0.4739, 0.4768, 0.16207, 0.21262, 1
0.4476, 0.44139, 0.39132, 0.47805, 0.45403, 0.45368, 0.04755, 0.02723, 0
0.45145, 0.44139, 0.35155, 0.48317, 0.4541, 0.44557, 0.03305, 0.02116, 0
0.39968, 0.39114, 0.32886, 0.48494, 0.41076, 0.41185, 0.24152, 0.25756, 0
0.44927, 0.43368, 0.25632, 0.4774, 0.45562, 0.45175, 0.09107, 0.06014, 0
0.45132, 0.44431, 0.20659, 0.48126, 0.45409, 0.4486, 0.0174, 0.03314, 0
0.44923, 0.44014, 0.19231, 0.48246, 0.45239, 0.44784, 0.01004, 0.04586, 1
0.44985, 0.44263, 0.27204, 0.48236, 0.44906, 0.4446, 0.0087, 0.02104, 0
0.46206, 0.45819, 0.40122, 0.46966, 0.47709, 0.48028, 0.17627, 0.19994, 1
0.45533, 0.4445, 0.44107, 0.47089, 0.46294, 0.45539, 0.01911, 0.00798, 0
0.45159, 0.44284, 0.4575, 0.4764, 0.45772, 0.45036, 0.00873, 0.03274, 1
0.44148, 0.43124, 0.42688, 0.48781, 0.44252, 0.43392, 0.07326, 0.09478, 0
0.44876, 0.44077, 0.40244, 0.48212, 0.45159, 0.44697, 0.004, 0.03774, 0
0.37769, 0.39771, 0.3293, 0.48516, 0.39377, 0.40098, 0.40151, 0.43918, 1
0.44794, 0.43552, 0.24719, 0.47981, 0.45196, 0.44274, 0.06712, 0.07385, 1
0.45204, 0.44307, 0.22798, 0.47988, 0.45422, 0.44185, 0.03114, 0.08971, 1
0.45717, 0.45141, 0.2429, 0.47894, 0.45611, 0.4601, 0.06584, 0.02697, 1
0.45169, 0.44557, 0.13917, 0.47294, 0.46204, 0.462, 0.08131, 0.09199, 0
0.44623, 0.43824, 0.31024, 0.48415, 0.44865, 0.4417, 0.02259, 0.06044, 1
0.47106, 0.45549, 0.33463, 0.47701, 0.46825, 0.45495, 0.13807, 0.12464, 0
0.4535, 0.44834, 0.23136, 0.47095, 0.46684, 0.4672, 0.12109, 0.0936, 0
0.45844, 0.44521, 0.11955, 0.47221, 0.46128, 0.45589, 0.04837, 0.03552, 0
0.45122, 0.43991, 0.16083, 0.48292, 0.45493, 0.44353, 0.05021, 0.10904, 1
0.43668, 0.4291, 0.18854, 0.48551, 0.42934, 0.42108, 0.09593, 0.03188, 0
0.44319, 0.44097, 0.19071, 0.48344, 0.43938, 0.43752, 0.0266, 0.06717, 1
0.46925, 0.46168, 0.24607, 0.47226, 0.48903, 0.47948, 0.1406, 0.1265, 0
0.45472, 0.44503, 0.35736, 0.48146, 0.45515, 0.44829, 0.04026, 0.03667, 1
0.45384, 0.44482, 0.27406, 0.47222, 0.45971, 0.45244, 0.01835, 0.02509, 0
0.43855, 0.43499, 0.22968, 0.47656, 0.4479, 0.4492, 0.09921, 0.02684, 0
0.45558, 0.44461, 0.20827, 0.47474, 0.46089, 0.45257, 0.02435, 0.02993, 1
0.45197, 0.44054, 0.20563, 0.4812, 0.45553, 0.44829, 0.04124, 0.02991, 1
0.45428, 0.44436, 0.23516, 0.47963, 0.45662, 0.45165, 0.02477, 0.02986, 0
0.45167, 0.44309, 0.26539, 0.47324, 0.4604, 0.45319, 0.02813, 0.0633, 1
0.47952, 0.46663, 0.24949, 0.46549, 0.48344, 0.47606, 0.12405, 0.12285, 0
0.44314, 0.43462, 0.18049, 0.48142, 0.44888, 0.4487, 0.03399, 0.0158, 0
0.45063, 0.44097, 0.13063, 0.48131, 0.45486, 0.44985, 0.01243, 0.01034, 0
0.45643, 0.44584, 0.13509, 0.47562, 0.45946, 0.4528, 0.03345, 0.0911, 1
0.4485, 0.43992, 0.13168, 0.48301, 0.44844, 0.43335, 0.05329, 0.02063, 0
0.48667, 0.47105, 0.15895, 0.4656, 0.49296, 0.48695, 0.14655, 0.16053, 0
0.44527, 0.43738, 0.13815, 0.47861, 0.45228, 0.45203, 0.03668, 0.0914, 1
0.4462, 0.43731, 0.44972, 0.48256, 0.44919, 0.44698, 0.02003, 0.01606, 1
0.45125, 0.44312, 0.44806, 0.47928, 0.45487, 0.45272, 0.01297, 0.03155, 0
0.43725, 0.43066, 0.1232, 0.48678, 0.43769, 0.42797, 0.05451, 0.03248, 1
0.4404, 0.42657, 0.11224, 0.48529, 0.44043, 0.43552, 0.1199, 0.09127, 1
0.45173, 0.43453, 0.13216, 0.48099, 0.45344, 0.44178, 0.13842, 0.05386, 1
0.45852, 0.44935, 0.13067, 0.47534, 0.46452, 0.46508, 0.04877, 0.03375, 0
0.44219, 0.43839, 0.12878, 0.47732, 0.45166, 0.44946, 0.08547, 0.08259, 1
0.45172, 0.44333, 0.12769, 0.47313, 0.46006, 0.45415, 0.02722, 0.06182, 0
0.45381, 0.44118, 0.12155, 0.48259, 0.45231, 0.43852, 0.09697, 0.05284, 0
0.46892, 0.46009, 0.16242, 0.46937, 0.47327, 0.46704, 0.09301, 0.0754, 0
0.64627, 0.63496, 0.30569, 0.39825, 0.65736, 0.64075, 0.05892, 0.02755, 1
0.44841, 0.43714, 0.3253, 0.48078, 0.4544, 0.44908, 0.03026, 0.04203, 1
0.48531, 0.46685, 0.36947, 0.48047, 0.46194, 0.44728, 0.31119, 0.0807, 1
0.42981, 0.4165, 0.35616, 0.48459, 0.40315, 0.37671, 0.31444, 0.28654, 1
0.45601, 0.44627, 0.27243, 0.47177, 0.46869, 0.46089, 0.0402, 0.09064, 0
0.4502, 0.43926, 0.48837, 0.47758, 0.4553, 0.44933, 0.02497, 0.04429, 0
0.44621, 0.43948, 0.43419, 0.47757, 0.45355, 0.44907, 0.0401, 0.04928, 0
0.44745, 0.43969, 0.18956, 0.47554, 0.45684, 0.45101, 0.03469, 0.03309, 1
0.44915, 0.43967, 0.56672, 0.4806, 0.45521, 0.44314, 0.02468, 0.04183, 0
0.45512, 0.44509, 0.55601, 0.47027, 0.46161, 0.45813, 0.0202, 0.04848, 1
0.45406, 0.44205, 0.5574, 0.47299, 0.45889, 0.45247, 0.03291, 0.03614, 1
0.19584, 0.19184, 0.56627, 0.74633, 0.196, 0.19593, 0.025, 0.05813, 1
0.45819, 0.44748, 0.39479, 0.46937, 0.46379, 0.45708, 0.0317, 0.03215, 0
0.7341, 0.72426, 0.28167, 0.31165, 0.74666, 0.73686, 0.09139, 0.09632, 0
0.44626, 0.43337, 0.18677, 0.47869, 0.45265, 0.4455, 0.06042, 0.03727, 0
0.4384, 0.43098, 0.15147, 0.48372, 0.44463, 0.43892, 0.05006, 0.063, 0
0.44745, 0.44779, 0.30935, 0.47478, 0.45804, 0.45489, 0.14438, 0.17967, 0
0.08061, 0.08104, 0.29563, 0.69842, 0.08428, 0.08077, 0.04388, 0.09327, 1
0.45357, 0.44664, 0.30753, 0.47794, 0.46136, 0.44997, 0.03545, 0.06764, 0
0.45534, 0.44621, 0.31846, 0.47451, 0.46264, 0.45818, 0.02741, 0.05044, 1
0.4506, 0.44075, 0.24573, 0.47263, 0.45771, 0.45302, 0.00422, 0.01991, 1
0.42897, 0.42395, 0.23849, 0.49034, 0.43432, 0.4308, 0.08754, 0.04206, 1
0.44994, 0.44466, 0.33171, 0.4718, 0.45293, 0.45747, 0.06741, 0.04552, 0
0.44348, 0.44466, 0.25836, 0.48197, 0.43418, 0.40901, 0.03047, 0.0198, 0
0.44379, 0.4401, 0.22262, 0.48174, 0.44067, 0.44681, 0.02418, 0.03284, 1
0.42004, 0.41907, 0.15955, 0.48534, 0.42763, 0.43132, 0.14477, 0.18531, 1
0.44129, 0.4349, 0.1852, 0.4819, 0.44463, 0.43618, 0.03444, 0.03236, 0
0.45205, 0.43923, 0.31347, 0.48363, 0.44847, 0.43798, 0.10769, 0.09686, 0
0.45242, 0.44503, 0.39293, 0.47839, 0.4518, 0.44506, 0.01889, 0.00394, 0
0.41983, 0.42302, 0.38357, 0.47898, 0.43516, 0.44234, 0.22001, 0.31933, 1
0.46433, 0.45301, 0.35439, 0.47041, 0.48009, 0.47173, 0.07262, 0.07216, 0
0.43191, 0.40792, 0.32368, 0.48268, 0.42805, 0.42297, 0.28776, 0.34334, 0
0.44277, 0.43756, 0.26206, 0.47986, 0.45024, 0.44804, 0.06142, 0.09348, 1
0.44801, 0.42834, 0.2199, 0.48063, 0.44995, 0.44609, 0.15267, 0.19788, 0
0.46002, 0.44889, 0.14882, 0.46765, 0.46759, 0.46372, 0.01073, 0.06125, 1
0.45412, 0.44622, 0.2267, 0.48209, 0.45532, 0.44559, 0.03666, 0.08917, 1
0.45405, 0.44162, 0.29796, 0.47298, 0.45981, 0.45341, 0.02929, 0.05077, 0
0.45461, 0.44513, 0.26236, 0.46909, 0.46241, 0.45741, 0.02641, 0.02301, 0
0.44575, 0.4368, 0.24076, 0.47523, 0.45463, 0.45077, 0.03049, 0.05492, 0
0.44925, 0.44031, 0.30652, 0.47226, 0.46274, 0.46182, 0.0589, 0.06776, 0
0.44289, 0.43945, 0.36531, 0.48305, 0.43165, 0.43301, 0.02332, 0.07448, 0
0.44025, 0.43185, 0.24583, 0.48087, 0.44589, 0.44274, 0.04595, 0.11083, 0
0.45695, 0.44727, 0.2159, 0.48155, 0.45308, 0.4447, 0.06193, 0.09772, 1
0.44466, 0.43836, 0.25053, 0.48429, 0.44193, 0.43787, 0.02126, 0.08342, 1
0.44546, 0.43598, 0.35039, 0.48289, 0.44718, 0.4459, 0.03322, 0.09326, 0
0.15011, 0.1328, 0.41606, 0.51154, 0.15452, 0.15935, 0.36734, 0.40995, 1
0.45088, 0.44696, 0.43385, 0.47684, 0.45755, 0.45218, 0.07839, 0.10671, 0
0.4569, 0.45149, 0.38832, 0.47068, 0.4722, 0.46858, 0.1251, 0.08732, 1
0.44878, 0.43903, 0.38674, 0.4746, 0.46283, 0.45545, 0.04085, 0.01604, 0
0.45022, 0.44161, 0.37357, 0.47406, 0.46441, 0.45649, 0.05396, 0.0758, 0
0.44386, 0.43538, 0.30378, 0.48549, 0.44767, 0.43618, 0.03884, 0.08748, 1
0.40934, 0.42304, 0.26056, 0.48382, 0.41065, 0.41829, 0.25291, 0.11801, 1
0.45648, 0.44439, 0.33097, 0.48258, 0.4525, 0.4391, 0.10298, 0.07498, 0
0.45376, 0.44205, 0.26152, 0.48063, 0.4554, 0.45011, 0.04698, 0.04428, 1
0.45533, 0.44399, 0.17742, 0.47351, 0.46501, 0.45795, 0.01366, 0.06601, 0
0.44773, 0.43902, 0.22088, 0.4822, 0.45184, 0.44486, 0.0127, 0.05594, 0
0.44787, 0.43902, 0.34232, 0.47672, 0.45498, 0.44919, 0.01272, 0.02001, 1
0.47175, 0.45592, 0.34478, 0.47374, 0.47206, 0.45917, 0.12096, 0.18598, 0
0.45242, 0.44183, 0.38506, 0.47432, 0.45716, 0.45194, 0.01657, 0.04537, 1
0.46, 0.44811, 0.21619, 0.47907, 0.46145, 0.45024, 0.06688, 0.08892, 0
0.42061, 0.41869, 0.20452, 0.48858, 0.42887, 0.42691, 0.13043, 0.20986, 0
0.43576, 0.42554, 0.30914, 0.48694, 0.43767, 0.42443, 0.1073, 0.03116, 0
0.47232, 0.45492, 0.36347, 0.47758, 0.47051, 0.45526, 0.1519, 0.11262, 0
0.43258, 0.42248, 0.36559, 0.48768, 0.43043, 0.4194, 0.13067, 0.0763, 0
0.44749, 0.44292, 0.10948, 0.47975, 0.45025, 0.45208, 0.05147, 0.1185, 0
0.43991, 0.43532, 0.11475, 0.47729, 0.44815, 0.44997, 0.08985, 0.13303, 0
0.45989, 0.44608, 0.23064, 0.47258, 0.46271, 0.4554, 0.06334, 0.09661, 0
0.43965, 0.43671, 0.26265, 0.48274, 0.44652, 0.44224, 0.07608, 0.10552, 1
0.44799, 0.43735, 0.26271, 0.47543, 0.45615, 0.4554, 0.01983, 0.04257, 1
0.40177, 0.41391, 0.32737, 0.48067, 0.42136, 0.43164, 0.33019, 0.31487, 1
0.54774, 0.52049, 0.31862, 0.46611, 0.54827, 0.53493, 0.40384, 0.34227, 0
0.4411, 0.43757, 0.28508, 0.48091, 0.4406, 0.426, 0.03187, 0.02787, 0
0.45598, 0.45034, 0.20507, 0.47534, 0.46063, 0.45488, 0.05785, 0.006, 0
0.40468, 0.40651, 0.14655, 0.48855, 0.415, 0.41259, 0.19939, 0.2599, 1
0.43827, 0.42772, 0.19418, 0.48676, 0.44168, 0.42795, 0.09529, 0.02569, 0
0.43411, 0.43347, 0.22962, 0.47605, 0.4483, 0.4492, 0.15142, 0.21556, 1
0.45202, 0.44011, 0.23922, 0.4738, 0.46277, 0.45492, 0.01035, 0.04067, 1
0.46728, 0.45427, 0.20735, 0.46836, 0.47579, 0.47611, 0.06518, 0.17695, 1
0.44807, 0.43519, 0.14022, 0.48098, 0.45172, 0.44661, 0.06413, 0.02966, 0
0.46982, 0.45512, 0.13216, 0.4674, 0.47667, 0.47324, 0.07245, 0.08726, 0
0.4549, 0.43776, 0.11516, 0.48269, 0.44781, 0.43003, 0.18651, 0.12331, 0
0.4459, 0.44097, 0.08933, 0.47291, 0.45859, 0.46411, 0.11622, 0.05549, 1
0.43337, 0.42415, 0.25201, 0.47997, 0.44061, 0.4309, 0.08377, 0.1138, 0
0.45969, 0.44766, 0.25689, 0.47204, 0.46706, 0.46097, 0.03209, 0.10713, 0
0.45354, 0.43902, 0.26587, 0.47834, 0.45751, 0.45024, 0.07293, 0.05501, 1
0.38611, 0.40216, 0.28386, 0.48601, 0.39147, 0.39202, 0.31087, 0.32527, 1
0.51646, 0.50526, 0.28716, 0.47122, 0.51508, 0.51797, 0.312, 0.32728, 1
0.44668, 0.44247, 0.26744, 0.4805, 0.44218, 0.43541, 0.0224, 0.02639, 1
0.44587, 0.43947, 0.25659, 0.48048, 0.44283, 0.42827, 0.01975, 0.02547, 1
0.46027, 0.4472, 0.18525, 0.47145, 0.4677, 0.45974, 0.04085, 0.02186, 1
0.44738, 0.43689, 0.18178, 0.484, 0.44775, 0.43516, 0.0712, 0.10993, 1
0.40801, 0.4165, 0.18655, 0.47781, 0.43101, 0.44269, 0.32243, 0.35327, 0
0.45544, 0.44379, 0.31466, 0.47845, 0.45857, 0.45116, 0.04529, 0.04503, 1
0.45092, 0.44291, 0.23151, 0.47174, 0.46664, 0.46413, 0.08357, 0.09655, 0
0.44677, 0.4365, 0.46678, 0.48384, 0.44739, 0.44378, 0.04522, 0.03933, 1
0.43944, 0.43269, 0.51194, 0.48583, 0.43518, 0.42785, 0.05911, 0.0446, 1
0.45072, 0.43949, 0.59095, 0.48326, 0.44691, 0.44124, 0.07137, 0.04907, 1
0.45601, 0.44988, 0.65573, 0.47713, 0.45826, 0.45782, 0.0585, 0.02382, 0
0.53125, 0.5118, 0.6328, 0.4645, 0.53992, 0.53829, 0.34091, 0.40133, 0
0.44689, 0.43928, 0.53373, 0.47966, 0.44364, 0.45011, 0.00934, 0.01192, 1
0.45543, 0.44562, 0.51558, 0.47388, 0.45308, 0.45331, 0.03138, 0.02064, 0
0.35038, 0.37595, 0.40266, 0.48032, 0.38597, 0.40955, 0.62044, 0.6835, 0
0.45722, 0.44668, 0.4451, 0.4698, 0.46767, 0.46767, 0.04708, 0.02439, 1
0.44972, 0.43821, 0.2974, 0.47567, 0.46047, 0.44792, 0.01787, 0.03783, 1
0.44074, 0.43502, 0.23823, 0.47985, 0.44904, 0.44444, 0.0564, 0.05941, 1
0.45018, 0.4397, 0.25395, 0.47905, 0.45493, 0.4514, 0.01752, 0.0519, 1
0.45324, 0.44465, 0.46829, 0.47273, 0.4616, 0.45574, 0.03033, 0.06431, 1
0.44102, 0.43339, 0.35825, 0.47591, 0.45273, 0.44827, 0.06601, 0.09195, 1
0.463, 0.45181, 0.2329, 0.4656, 0.47059, 0.46588, 0.05157, 0.04012, 0
0.44397, 0.44075, 0.146, 0.47744, 0.45035, 0.45181, 0.09025, 0.06091, 1
0.44623, 0.44097, 0.16595, 0.47465, 0.45508, 0.45142, 0.06682, 0.06991, 0
0.45132, 0.44054, 0.1874, 0.47899, 0.45663, 0.45011, 0.02371, 0.06964, 1
0.43011, 0.4291, 0.20389, 0.48606, 0.43596, 0.43546, 0.1044, 0.2265, 0
0.45183, 0.44875, 0.20727, 0.47337, 0.46201, 0.46518, 0.12997, 0.11098, 1
0.44597, 0.44032, 0.26149, 0.47509, 0.45576, 0.45391, 0.07251, 0.04045, 0
0.42888, 0.42304, 0.27122, 0.48792, 0.431, 0.42759, 0.08763, 0.14009, 0
0.44525, 0.44486, 0.26266, 0.47908, 0.45218, 0.4522, 0.11887, 0.11589, 1
0.44182, 0.43125, 0.24328, 0.48372, 0.4425, 0.43217, 0.08079, 0.05648, 1
0.44983, 0.43989, 0.24348, 0.47555, 0.45777, 0.44539, 0.00957, 0.01284, 1
0.44819, 0.4382, 0.38466, 0.47947, 0.45212, 0.44186, 0.03509, 0.00907, 0
0.44294, 0.43693, 0.38634, 0.48398, 0.44897, 0.44508, 0.04107, 0.04688, 1
0.45907, 0.44927, 0.38607, 0.47392, 0.46398, 0.46004, 0.03921, 0.05339, 0
0.45596, 0.44779, 0.37497, 0.46925, 0.46251, 0.45811, 0.04157, 0.02529, 1
0.45591, 0.44396, 0.20375, 0.47328, 0.4647, 0.45605, 0.02088, 0.05582, 0
0.47198, 0.45654, 0.11527, 0.47298, 0.4728, 0.4611, 0.11869, 0.12761, 0
0.45868, 0.4497, 0.10868, 0.48178, 0.45372, 0.44069, 0.08215, 0.09065, 1
0.4443, 0.43586, 0.18857, 0.47875, 0.45107, 0.44688, 0.02573, 0.03988, 1
0.45598, 0.4463, 0.21995, 0.46779, 0.46287, 0.4576, 0.02688, 0.02457, 1
0.46871, 0.45993, 0.20905, 0.46666, 0.47752, 0.47361, 0.1033, 0.13533, 1
0.47821, 0.45953, 0.15194, 0.46977, 0.48299, 0.47131, 0.13083, 0.01718, 0
0.4363, 0.42653, 0.15912, 0.48566, 0.43182, 0.42527, 0.11485, 0.20723, 0
0.45057, 0.44182, 0.16049, 0.47417, 0.45785, 0.45836, 0.03392, 0.0488, 0
0.4471, 0.44055, 0.20527, 0.48312, 0.44836, 0.43933, 0.00354, 0.03256, 1
0.45494, 0.44351, 0.18651, 0.47714, 0.45705, 0.45152, 0.03883, 0.04611, 0
0.45035, 0.44203, 0.1929, 0.48346, 0.44991, 0.44319, 0.02857, 0.035, 0
0.4406, 0.43484, 0.20837, 0.48595, 0.44298, 0.43858, 0.03533, 0.04399, 1
0.44928, 0.44415, 0.21411, 0.47265, 0.46129, 0.46384, 0.10713, 0.07685, 1
0.45037, 0.44118, 0.16632, 0.4829, 0.45364, 0.44703, 0.01415, 0.03693, 1
0.46268, 0.44714, 0.18909, 0.46992, 0.4725, 0.46635, 0.04855, 0.04381, 0
0.44475, 0.43353, 0.19157, 0.4784, 0.45333, 0.44547, 0.04452, 0.03268, 1
0.38371, 0.38872, 0.25727, 0.48924, 0.37889, 0.3696, 0.25378, 0.29692, 1
0.44295, 0.43925, 0.24564, 0.48215, 0.4486, 0.44633, 0.06717, 0.12513, 0
0.40274, 0.40073, 0.27808, 0.49077, 0.40758, 0.39925, 0.1955, 0.16294, 1
0.4604, 0.4498, 0.25715, 0.46932, 0.47132, 0.4719, 0.06259, 0.073, 1
0.44695, 0.44032, 0.22065, 0.48242, 0.45132, 0.44424, 0.01496, 0.04374, 1
0.44042, 0.43237, 0.21909, 0.48713, 0.44469, 0.44125, 0.04256, 0.06387, 0
0.44694, 0.43796, 0.36444, 0.48238, 0.44718, 0.44685, 0.02517, 0.02395, 0
0.43419, 0.42418, 0.23617, 0.48279, 0.43491, 0.43589, 0.08637, 0.04791, 0
0.44039, 0.43232, 0.12902, 0.48581, 0.4438, 0.43609, 0.04459, 0.0732, 1
0.44021, 0.43405, 0.12369, 0.48179, 0.44774, 0.44644, 0.05972, 0.03837, 0
0.45806, 0.43967, 0.14105, 0.48178, 0.45167, 0.43505, 0.19699, 0.29303, 0
0.46039, 0.45197, 0.14883, 0.48215, 0.44976, 0.43586, 0.10407, 0.09764, 0
0.45235, 0.44764, 0.14959, 0.48188, 0.4457, 0.44449, 0.032, 0.05175, 1
0.45134, 0.44506, 0.1606, 0.47844, 0.45306, 0.45324, 0.04056, 0.02104, 1
0.44719, 0.43622, 0.17366, 0.48016, 0.4514, 0.4335, 0.05753, 0.07381, 1
0.4627, 0.44898, 0.21516, 0.47187, 0.46558, 0.45851, 0.06909, 0.03108, 0
0.45215, 0.43772, 0.36111, 0.47235, 0.4674, 0.47072, 0.03038, 0.03887, 1
0.44423, 0.43772, 0.37109, 0.48511, 0.44942, 0.4442, 0.03035, 0.02539, 0
0.4522, 0.44379, 0.2959, 0.47932, 0.457, 0.45155, 0.0145, 0.0223, 1
0.46907, 0.45986, 0.48164, 0.47856, 0.46679, 0.4559, 0.09685, 0.049, 0
0.45079, 0.445, 0.48518, 0.48211, 0.44919, 0.4451, 0.01874, 0.03418, 1
0.44958, 0.44374, 0.25891, 0.47959, 0.45647, 0.45269, 0.04786, 0.03153, 0
0.44913, 0.43628, 0.14186, 0.47339, 0.46231, 0.46625, 0.03071, 0.05145, 0
0.4501, 0.44353, 0.19587, 0.47893, 0.45479, 0.44882, 0.02577, 0.00601, 1
0.45949, 0.43991, 0.2905, 0.47408, 0.46718, 0.46186, 0.08573, 0.07902, 0
0.45689, 0.4446, 0.28819, 0.47044, 0.46408, 0.45786, 0.02427, 0.06711, 1
0.4528, 0.44289, 0.29117, 0.47839, 0.45709, 0.44778, 0.02291, 0.0372, 0
0.45351, 0.4431, 0.24665, 0.47916, 0.45729, 0.45166, 0.02167, 0.00787, 0
0.46574, 0.45484, 0.26395, 0.4658, 0.47363, 0.47042, 0.06931, 0.08043, 1
0.47932, 0.46167, 0.24838, 0.47637, 0.47513, 0.46175, 0.17064, 0.17745, 0
0.45635, 0.44944, 0.10022, 0.47943, 0.45742, 0.45234, 0.04048, 0.0863, 1
0.38343, 0.39695, 0.42779, 0.48143, 0.40453, 0.41951, 0.39301, 0.43738, 0
0.46191, 0.44576, 0.45599, 0.47193, 0.48051, 0.47522, 0.02218, 0.0323, 0
0.44822, 0.4384, 0.43227, 0.48215, 0.45194, 0.44868, 0.02098, 0.02574, 1
0.46347, 0.45491, 0.47198, 0.46791, 0.47252, 0.47285, 0.09, 0.03778, 1
0.44243, 0.43411, 0.45194, 0.47736, 0.45028, 0.44504, 0.03634, 0.03676, 1
0.44507, 0.43775, 0.32849, 0.47611, 0.45366, 0.45089, 0.04607, 0.02095, 1
0.4547, 0.44333, 0.28888, 0.48115, 0.45614, 0.44842, 0.05119, 0.06396, 0
0.47762, 0.46005, 0.13349, 0.47238, 0.47746, 0.46778, 0.14092, 0.13742, 0
0.44794, 0.44396, 0.14045, 0.48319, 0.44677, 0.43663, 0.01445, 0.00603, 0
0.44978, 0.44418, 0.15321, 0.47805, 0.45489, 0.44972, 0.04527, 0.10519, 1
0.45571, 0.44331, 0.31678, 0.48285, 0.44722, 0.43799, 0.1178, 0.06763, 0
0.43638, 0.43035, 0.34658, 0.4861, 0.43033, 0.42475, 0.06858, 0.02996, 1
0.45138, 0.46106, 0.38121, 0.47211, 0.47929, 0.50126, 0.43405, 0.43065, 1
0.42674, 0.42039, 0.39145, 0.48885, 0.43387, 0.42828, 0.10075, 0.21446, 0
0.45991, 0.44788, 0.19682, 0.46929, 0.46458, 0.45901, 0.04215, 0.02655, 1
0.44326, 0.43601, 0.2038, 0.48662, 0.44679, 0.44044, 0.02523, 0.03479, 1
0.4574, 0.44809, 0.2197, 0.47828, 0.45978, 0.45455, 0.03503, 0.03318, 0
0.44493, 0.43536, 0.23381, 0.48479, 0.44803, 0.4437, 0.03438, 0.03798, 0
0.45042, 0.44529, 0.24447, 0.47178, 0.4632, 0.46372, 0.10837, 0.10634, 1
0.46068, 0.44789, 0.25587, 0.46966, 0.4721, 0.4695, 0.0362, 0.02199, 1
0.44134, 0.43904, 0.15799, 0.48387, 0.43428, 0.42994, 0.01261, 0.06663, 0
0.43937, 0.43167, 0.14283, 0.47356, 0.46521, 0.46636, 0.14485, 0.06061, 1
0.42353, 0.42408, 0.15251, 0.47775, 0.44496, 0.43856, 0.18095, 0.038, 1
0.42307, 0.4024, 0.20982, 0.48615, 0.40225, 0.37372, 0.42521, 0.44061, 0
0.42712, 0.43494, 0.20214, 0.48479, 0.40994, 0.39099, 0.03061, 0.07173, 0
0.45813, 0.44788, 0.20062, 0.47644, 0.46224, 0.47433, 0.04982, 0.064, 1
0.44668, 0.43687, 0.22718, 0.47931, 0.44926, 0.44043, 0.03559, 0.05046, 0
0.45235, 0.44032, 0.29025, 0.47824, 0.45583, 0.44971, 0.0435, 0.028, 0
0.44739, 0.4373, 0.30681, 0.47971, 0.45267, 0.44605, 0.02367, 0.00921, 1
0.44466, 0.4344, 0.23541, 0.48452, 0.4472, 0.44252, 0.04573, 0.03511, 0
0.43311, 0.42017, 0.23672, 0.4797, 0.44224, 0.43969, 0.10687, 0.10074, 0
0.45746, 0.44719, 0.3927, 0.47274, 0.46412, 0.46089, 0.02984, 0.07333, 1
0.43782, 0.43564, 0.44658, 0.48309, 0.43725, 0.43991, 0.06295, 0.0099, 0
0.43243, 0.42866, 0.56935, 0.48683, 0.4306, 0.42643, 0.06069, 0.13364, 0
0.44693, 0.44309, 0.57281, 0.47651, 0.45451, 0.45757, 0.09799, 0.05602, 0
0.41525, 0.42175, 0.52863, 0.48509, 0.41776, 0.42028, 0.17546, 0.27044, 0
0.44588, 0.42841, 0.46153, 0.47548, 0.46062, 0.44843, 0.08887, 0.10416, 0
0.42456, 0.42585, 0.4443, 0.47768, 0.44563, 0.44043, 0.18617, 0.02951, 0
0.50489, 0.47793, 0.38677, 0.47231, 0.50236, 0.47549, 0.29784, 0.35312, 1
0.44478, 0.4159, 0.28664, 0.47924, 0.44405, 0.45011, 0.27853, 0.32433, 1
0.44006, 0.4363, 0.26732, 0.47878, 0.44035, 0.42977, 0.02364, 0.06093, 0
0.45214, 0.43792, 0.36831, 0.47515, 0.4602, 0.45643, 0.04126, 0.12438, 1
0.45839, 0.44424, 0.3982, 0.47194, 0.47526, 0.46889, 0.02346, 0.09248, 1
0.46151, 0.43705, 0.41476, 0.48154, 0.45209, 0.43719, 0.26424, 0.31993, 1
0.48015, 0.46928, 0.1719, 0.46538, 0.48847, 0.48337, 0.13906, 0.18646, 1
0.47849, 0.46206, 0.17841, 0.47536, 0.47584, 0.46091, 0.16511, 0.16082, 1
0.44209, 0.43641, 0.14935, 0.48288, 0.44655, 0.43775, 0.03168, 0.04695, 0
0.45525, 0.44509, 0.12349, 0.48102, 0.45499, 0.44511, 0.05073, 0.0575, 1
0.43517, 0.43079, 0.1291, 0.48442, 0.44194, 0.43803, 0.0713, 0.06415, 0
0.45088, 0.44032, 0.12228, 0.47276, 0.46028, 0.45944, 0.02215, 0.02347, 0
0.46484, 0.44662, 0.19973, 0.47442, 0.46922, 0.46764, 0.09638, 0.09654, 1
0.4489, 0.43554, 0.20148, 0.48006, 0.45017, 0.43865, 0.09479, 0.13921, 1
0.45167, 0.44335, 0.1799, 0.48057, 0.45366, 0.45103, 0.01047, 0.01289, 1
0.46211, 0.4514, 0.18571, 0.46705, 0.47004, 0.46789, 0.05468, 0.15614, 1
0.46294, 0.44889, 0.33074, 0.47346, 0.47301, 0.47371, 0.03984, 0.05552, 1
0.45479, 0.4446, 0.33793, 0.48151, 0.45662, 0.44454, 0.04593, 0.05972, 1
0.45407, 0.44311, 0.22012, 0.47703, 0.45713, 0.45192, 0.02836, 0.02279, 1
0.45786, 0.44866, 0.21772, 0.47395, 0.46145, 0.45386, 0.03613, 0.03309, 1
0.44927, 0.44247, 0.22615, 0.47852, 0.45503, 0.45166, 0.03272, 0.06199, 0
0.43322, 0.41474, 0.19064, 0.48396, 0.4291, 0.40785, 0.24295, 0.27886, 0
0.44911, 0.44012, 0.20397, 0.47425, 0.45386, 0.45334, 0.0103, 0.01492, 0
0.45597, 0.44588, 0.16829, 0.4747, 0.46069, 0.45231, 0.02886, 0.07498, 1
0.44758, 0.43756, 0.17562, 0.48116, 0.45163, 0.4417, 0.03198, 0.03613, 0
0.44345, 0.41962, 0.16121, 0.47976, 0.44671, 0.43963, 0.21743, 0.28983, 1
0.44502, 0.43628, 0.1412, 0.48205, 0.44361, 0.42607, 0.06011, 0.07513, 1
0.46635, 0.45616, 0.13398, 0.46827, 0.48036, 0.47929, 0.09922, 0.19241, 1
0.44673, 0.44311, 0.14735, 0.48139, 0.44976, 0.44661, 0.04209, 0.12322, 0
0.44836, 0.4388, 0.34112, 0.4858, 0.45292, 0.44761, 0.01462, 0.00923, 0
0.57208, 0.54791, 0.37319, 0.46768, 0.57897, 0.58441, 0.51517, 0.61734, 1
0.54547, 0.52504, 0.33374, 0.4644, 0.55466, 0.55343, 0.40531, 0.42473, 1
0.50117, 0.50157, 0.29861, 0.46821, 0.53261, 0.54766, 0.47808, 0.50567, 1
0.55211, 0.50683, 0.25916, 0.47401, 0.53848, 0.49628, 0.59653, 0.60593, 1
0.43886, 0.43408, 0.3236, 0.4785, 0.44984, 0.44698, 0.08461, 0.13232, 0
0.44427, 0.43881, 0.40259, 0.47514, 0.45581, 0.4522, 0.07477, 0.06805, 0
0.44867, 0.43924, 0.43804, 0.4731, 0.46092, 0.45613, 0.03556, 0.03485, 0
0.45382, 0.44399, 0.45279, 0.47199, 0.46518, 0.45809, 0.03029, 0.01613, 0
0.7022, 0.67615, 0.45204, 0.43457, 0.69916, 0.67237, 0.23066, 0.23022, 1
0.44896, 0.44226, 0.32296, 0.47691, 0.45643, 0.44803, 0.04512, 0.03369, 0
0.45561, 0.44677, 0.27608, 0.47053, 0.46534, 0.46117, 0.04781, 0.02099, 1
0.43834, 0.43506, 0.27316, 0.47896, 0.44853, 0.44533, 0.09262, 0.07677, 0
0.45565, 0.4473, 0.29387, 0.482, 0.45087, 0.44137, 0.05587, 0.02069, 1
0.45223, 0.44336, 0.26233, 0.47649, 0.45504, 0.4538, 0.01051, 0.02816, 1
0.44882, 0.44162, 0.26286, 0.47243, 0.45906, 0.45856, 0.06564, 0.04454, 0
0.39075, 0.39545, 0.26717, 0.4817, 0.41095, 0.41658, 0.30044, 0.33394, 0
0.45114, 0.42933, 0.1677, 0.47413, 0.47136, 0.46075, 0.09893, 0.04334, 0
0.45206, 0.44294, 0.19951, 0.47553, 0.46681, 0.44931, 0.03057, 0.01768, 0
0.4581, 0.44646, 0.34707, 0.47129, 0.46667, 0.46543, 0.02776, 0.02237, 1
0.47162, 0.48224, 0.3775, 0.4718, 0.4975, 0.50484, 0.42786, 0.51758, 0
0.39325, 0.3932, 0.48112, 0.48872, 0.40182, 0.39636, 0.23691, 0.23825, 0
0.44337, 0.43451, 0.4744, 0.478, 0.45266, 0.44684, 0.03458, 0.03428, 0
0.45118, 0.43043, 0.12565, 0.47942, 0.44431, 0.43968, 0.22528, 0.14947, 1
0.44766, 0.43947, 0.13198, 0.47686, 0.45533, 0.45037, 0.02301, 0.0341, 0
0.45198, 0.4414, 0.12954, 0.47157, 0.45846, 0.4527, 0.00901, 0.0314, 1
0.44828, 0.43861, 0.13097, 0.48484, 0.45235, 0.44453, 0.02479, 0.01425, 0
0.44793, 0.43798, 0.23731, 0.4812, 0.45142, 0.44687, 0.02789, 0.03309, 0
0.45129, 0.43883, 0.17322, 0.47372, 0.45822, 0.45283, 0.02912, 0.02911, 1
0.45115, 0.44075, 0.45704, 0.47422, 0.47018, 0.45182, 0.02554, 0.04424, 0
0.57463, 0.52853, 0.65066, 0.47443, 0.5462, 0.51294, 0.69137, 0.74435, 1
0.44138, 0.44268, 0.76159, 0.48399, 0.42478, 0.42714, 0.01765, 0.01783, 0
0.45019, 0.43947, 0.79096, 0.48142, 0.44812, 0.44777, 0.03671, 0.02592, 1
0.45098, 0.4444, 0.757, 0.47157, 0.45974, 0.4575, 0.06451, 0.07322, 0
0.44606, 0.43819, 0.74852, 0.47339, 0.45743, 0.45738, 0.06256, 0.06896, 0
0.45017, 0.44247, 0.74033, 0.4719, 0.46347, 0.4631, 0.07551, 0.05542, 0
0.45322, 0.44311, 0.73681, 0.47156, 0.46684, 0.46363, 0.0493, 0.05546, 0
0.45686, 0.44455, 0.48052, 0.4763, 0.46014, 0.45292, 0.04855, 0.02365, 1
0.43959, 0.4313, 0.66286, 0.48346, 0.43491, 0.43762, 0.06485, 0.08958, 0
0.45028, 0.44076, 0.67848, 0.48265, 0.4498, 0.44489, 0.03169, 0.04152, 1
0.44735, 0.44034, 0.69785, 0.4802, 0.45216, 0.44858, 0.0284, 0.02545, 0
0.4495, 0.43992, 0.66074, 0.47835, 0.45506, 0.45126, 0.00609, 0.00977, 0
0.4179, 0.41792, 0.50354, 0.48847, 0.42281, 0.42204, 0.13717, 0.09671, 0
0.6498, 0.61379, 0.26869, 0.4643, 0.66571, 0.66035, 0.83293, 1.0, 1
0.44817, 0.43887, 0.12226, 0.48322, 0.45074, 0.44602, 0.01939, 0.0353, 0
0.44889, 0.43992, 0.21464, 0.47415, 0.45698, 0.45266, 0.02201, 0.04103, 0
0.43413, 0.4252, 0.25096, 0.48695, 0.42944, 0.41505, 0.12509, 0.16154, 0
0.45628, 0.44623, 0.27178, 0.47936, 0.45535, 0.451, 0.04279, 0.04854, 1
0.43712, 0.43047, 0.29961, 0.48716, 0.44063, 0.43839, 0.05409, 0.02241, 0
0.44803, 0.44455, 0.27121, 0.4807, 0.45293, 0.44552, 0.05856, 0.08305, 0
0.44918, 0.44118, 0.25229, 0.47851, 0.45553, 0.45228, 0.02814, 0.08308, 0
0.45456, 0.44561, 0.24748, 0.47059, 0.46621, 0.46314, 0.0554, 0.07067, 0
0.45739, 0.44498, 0.26465, 0.47157, 0.46559, 0.45752, 0.02798, 0.0098, 1
0.45421, 0.4454, 0.19583, 0.47264, 0.4601, 0.45625, 0.02477, 0.02976, 1
0.46051, 0.44604, 0.2566, 0.47027, 0.4732, 0.47289, 0.02504, 0.06459, 1
0.44765, 0.43844, 0.29452, 0.48144, 0.45516, 0.44717, 0.01336, 0.00812, 0
0.45568, 0.44393, 0.3399, 0.4749, 0.46037, 0.45344, 0.03606, 0.017, 1
0.44475, 0.43865, 0.27191, 0.47931, 0.45148, 0.44691, 0.04071, 0.03378, 0
0.44806, 0.43691, 0.31543, 0.48049, 0.44983, 0.4479, 0.0413, 0.04741, 0
0.45548, 0.44589, 0.30589, 0.48029, 0.45623, 0.4505, 0.03379, 0.0316, 1
0.45181, 0.44097, 0.24003, 0.47469, 0.45724, 0.45089, 0.01972, 0.0247, 1
0.44975, 0.44226, 0.35518, 0.47317, 0.45821, 0.45544, 0.04518, 0.05386, 0
0.45225, 0.43904, 0.40039, 0.47542, 0.45781, 0.44946, 0.05134, 0.03031, 1
0.45132, 0.44161, 0.36402, 0.48255, 0.45399, 0.44724, 0.02521, 0.02923, 1
0.44806, 0.43839, 0.33211, 0.48487, 0.45016, 0.4436, 0.03336, 0.05355, 1
0.45171, 0.43796, 0.3616, 0.47483, 0.45819, 0.45934, 0.03422, 0.09792, 1
0.45652, 0.44292, 0.41489, 0.47345, 0.4839, 0.46351, 0.05862, 0.10818, 0
0.4601, 0.44552, 0.42529, 0.474, 0.48166, 0.4647, 0.02217, 0.07576, 1
0.44518, 0.43598, 0.43013, 0.48334, 0.45024, 0.4438, 0.02615, 0.01619, 0
0.4703, 0.46206, 0.44025, 0.46693, 0.47712, 0.47053, 0.10837, 0.11028, 1
0.45572, 0.44247, 0.31704, 0.4781, 0.458, 0.44557, 0.07532, 0.05477, 1
0.45364, 0.44525, 0.33451, 0.47872, 0.45786, 0.45451, 0.02325, 0.03794, 1
0.44788, 0.43884, 0.28713, 0.48044, 0.45108, 0.4395, 0.02581, 0.03987, 1
0.45178, 0.44396, 0.17705, 0.48119, 0.45447, 0.44584, 0.01441, 0.01365, 1
0.42821, 0.44097, 0.1658, 0.48422, 0.40196, 0.3842, 0.00539, 0.04718, 0
0.44928, 0.44309, 0.22376, 0.47169, 0.4519, 0.46216, 0.07305, 0.08026, 0
0.44471, 0.43525, 0.28359, 0.4742, 0.45833, 0.45319, 0.0484, 0.02824, 0
0.5083, 0.47885, 0.51913, 0.47669, 0.49303, 0.467, 0.38529, 0.49331, 1
0.45042, 0.44372, 0.35328, 0.48002, 0.44686, 0.45446, 0.02149, 0.06246, 1
0.45441, 0.44182, 0.38007, 0.47641, 0.45604, 0.45126, 0.04779, 0.04006, 1
0.44856, 0.43754, 0.68322, 0.4743, 0.45843, 0.45205, 0.01766, 0.02968, 0
0.43626, 0.42856, 0.69219, 0.4845, 0.44404, 0.43649, 0.06157, 0.06036, 0
0.45218, 0.44697, 0.68863, 0.47328, 0.46099, 0.45608, 0.07189, 0.03198, 0
0.44652, 0.43626, 0.66788, 0.4788, 0.45318, 0.44881, 0.02687, 0.02573, 0
0.39849, 0.39587, 0.62293, 0.48901, 0.40688, 0.40191, 0.22104, 0.27832, 0
0.4613, 0.44803, 0.30717, 0.47013, 0.4646, 0.45815, 0.05704, 0.07117, 1
0.45614, 0.44695, 0.25991, 0.4805, 0.45641, 0.4492, 0.03863, 0.0455, 1
0.43393, 0.43052, 0.23541, 0.48742, 0.4377, 0.43601, 0.06928, 0.07096, 0
0.39136, 0.39981, 0.1802, 0.48364, 0.40913, 0.41624, 0.31134, 0.29395, 0
0.45267, 0.45461, 0.1986, 0.48138, 0.44232, 0.41124, 0.06768, 0.0716, 1
0.45281, 0.44118, 0.21338, 0.4807, 0.4514, 0.4483, 0.05335, 0.18641, 1
0.41564, 0.41779, 0.21009, 0.48348, 0.42512, 0.42897, 0.18155, 0.19762, 0
0.4374, 0.42988, 0.20116, 0.47626, 0.44972, 0.44869, 0.07272, 0.07769, 0
0.45501, 0.44844, 0.20134, 0.47263, 0.46806, 0.45981, 0.08926, 0.04846, 0
0.45003, 0.44054, 0.21802, 0.47291, 0.46286, 0.45891, 0.03763, 0.06914, 0
0.46201, 0.44888, 0.21205, 0.47039, 0.47107, 0.46112, 0.04288, 0.08215, 1
0.45549, 0.44674, 0.19806, 0.47312, 0.4622, 0.45464, 0.03038, 0.04365, 1
0.45456, 0.44225, 0.20129, 0.47804, 0.45907, 0.45283, 0.04139, 0.03355, 1
0.44554, 0.43563, 0.22136, 0.48275, 0.45097, 0.44635, 0.02885, 0.05172, 0
0.40067, 0.38298, 0.21737, 0.48271, 0.41152, 0.41367, 0.29635, 0.38162, 0
0.46685, 0.45363, 0.20696, 0.47244, 0.4852, 0.47819, 0.09632, 0.22815, 1
0.43926, 0.43391, 0.19977, 0.48617, 0.44451, 0.43765, 0.04314, 0.06737, 0
0.45961, 0.45083, 0.20195, 0.47398, 0.46353, 0.45647, 0.04684, 0.08398, 1
0.47098, 0.45509, 0.20064, 0.47694, 0.46755, 0.45374, 0.14047, 0.12782, 1
0.45399, 0.45145, 0.1744, 0.47691, 0.46017, 0.46151, 0.12139, 0.10516, 0
0.44323, 0.43706, 0.57494, 0.48387, 0.43804, 0.42813, 0.043, 0.05474, 1
0.44496, 0.43771, 0.11743, 0.47698, 0.4545, 0.44431, 0.03353, 0.04037, 0
0.51461, 0.49486, 0.15999, 0.46461, 0.52121, 0.51318, 0.2621, 0.3352, 1
0.47477, 0.4667, 0.16262, 0.46709, 0.48242, 0.4805, 0.1404, 0.06033, 1
0.439, 0.42729, 0.14825, 0.48638, 0.4336, 0.42196, 0.1372, 0.10116, 1
0.44884, 0.43795, 0.27708, 0.4786, 0.45458, 0.4556, 0.01572, 0.09368, 0
0.43923, 0.43172, 0.28253, 0.48558, 0.4355, 0.42639, 0.06794, 0.02522, 0
0.42845, 0.40718, 0.3059, 0.47843, 0.43855, 0.43798, 0.20467, 0.21474, 0
0.45378, 0.43924, 0.2091, 0.47583, 0.4626, 0.46267, 0.01876, 0.01967, 0
0.44676, 0.43773, 0.19997, 0.47595, 0.45663, 0.45927, 0.03335, 0.01612, 0
0.43904, 0.43255, 0.16123, 0.48806, 0.446, 0.43951, 0.04695, 0.08237, 0
0.45825, 0.44983, 0.13181, 0.47602, 0.46178, 0.45377, 0.04171, 0.05787, 1
0.44546, 0.43448, 0.12624, 0.47638, 0.45348, 0.44683, 0.03619, 0.04038, 0
0.45324, 0.44118, 0.27802, 0.47845, 0.45617, 0.44758, 0.05137, 0.03447, 1
0.44724, 0.43745, 0.29181, 0.48026, 0.45241, 0.45037, 0.01809, 0.09928, 0
0.45534, 0.44578, 0.31369, 0.4825, 0.45002, 0.4379, 0.08176, 0.07153, 1
0.45374, 0.44447, 0.35639, 0.47904, 0.45394, 0.44056, 0.06239, 0.10622, 1
0.44819, 0.43943, 0.22963, 0.4799, 0.45431, 0.44797, 0.00924, 0.01463, 0
0.45067, 0.4425, 0.14693, 0.4816, 0.45435, 0.44944, 0.00734, 0.01171, 1
0.44826, 0.44032, 0.44696, 0.47521, 0.45701, 0.45063, 0.03619, 0.03378, 0
0.44397, 0.43408, 0.45784, 0.47518, 0.45442, 0.45011, 0.03791, 0.04743, 0
0.44433, 0.44097, 0.48604, 0.48431, 0.44353, 0.43304, 0.00904, 0.00999, 0
0.44615, 0.43689, 0.26399, 0.48735, 0.44842, 0.44504, 0.02739, 0.0337, 0
0.44952, 0.44033, 0.14288, 0.48174, 0.45383, 0.44985, 0.00548, 0.04067, 0
0.4445, 0.43582, 0.12608, 0.47983, 0.45043, 0.44256, 0.02645, 0.03097, 0
0.45446, 0.45734, 0.13811, 0.47261, 0.4722, 0.47413, 0.23484, 0.27675, 0
0.462, 0.44549, 0.13339, 0.47455, 0.46729, 0.46421, 0.07153, 0.07306, 1
0.45325, 0.44333, 0.1455, 0.47497, 0.45754, 0.45584, 0.01038, 0.03033, 1
0.45401, 0.44549, 0.14901, 0.47024, 0.46396, 0.46185, 0.0545, 0.05428, 0
0.44628, 0.43903, 0.14728, 0.47499, 0.45606, 0.45311, 0.04795, 0.07572, 0
0.44958, 0.43903, 0.14646, 0.48264, 0.4476, 0.42962, 0.09059, 0.05643, 1
0.46465, 0.45781, 0.15147, 0.4694, 0.47742, 0.48072, 0.1333, 0.15205, 1
0.44709, 0.43128, 0.15032, 0.48178, 0.44958, 0.44593, 0.1051, 0.18878, 1
0.45028, 0.43969, 0.29399, 0.47232, 0.46154, 0.45903, 0.02429, 0.00394, 0
0.4379, 0.43203, 0.4494, 0.48249, 0.43883, 0.4345, 0.04697, 0.04634, 0
0.44979, 0.43927, 0.31557, 0.47379, 0.45604, 0.4523, 0.01068, 0.02724, 0
0.44971, 0.44182, 0.23684, 0.48167, 0.45213, 0.44843, 0.00615, 0.01262, 0
0.44643, 0.44012, 0.19567, 0.47535, 0.45321, 0.45114, 0.04825, 0.03648, 0
0.45067, 0.44182, 0.1768, 0.47268, 0.45865, 0.45346, 0.02332, 0.01801, 0
0.46299, 0.44567, 0.28636, 0.48099, 0.45507, 0.42381, 0.22797, 0.14859, 1
0.44359, 0.43329, 0.29736, 0.48038, 0.44508, 0.4461, 0.04654, 0.09157, 0
0.44976, 0.43969, 0.28047, 0.47743, 0.45619, 0.4492, 0.01148, 0.03372, 0
0.44644, 0.43883, 0.28028, 0.4781, 0.45374, 0.44791, 0.02584, 0.02197, 0
0.44832, 0.4399, 0.20251, 0.48215, 0.44716, 0.44442, 0.02571, 0.03939, 1
0.4519, 0.4446, 0.18837, 0.47169, 0.45933, 0.45864, 0.05257, 0.1445, 0
0.46292, 0.44887, 0.18658, 0.46854, 0.46737, 0.46265, 0.05662, 0.10984, 1
0.40031, 0.40453, 0.17835, 0.48113, 0.41863, 0.42466, 0.26664, 0.1797, 0
0.46386, 0.45104, 0.19847, 0.47294, 0.47622, 0.45972, 0.0477, 0.04232, 1
0.43168, 0.42109, 0.18405, 0.48584, 0.437, 0.43456, 0.10333, 0.07983, 0
0.45808, 0.44268, 0.25293, 0.47742, 0.46047, 0.45114, 0.09132, 0.05934, 1
0.44548, 0.43756, 0.18289, 0.48041, 0.45118, 0.44843, 0.02626, 0.04695, 0
0.44929, 0.43863, 0.18213, 0.47788, 0.45424, 0.44907, 0.02167, 0.04539, 0
0.45523, 0.44566, 0.1659, 0.47381, 0.45995, 0.45192, 0.02338, 0.02681, 1
0.44861, 0.43734, 0.24032, 0.48157, 0.4529, 0.4492, 0.03712, 0.04447, 0
0.45231, 0.43499, 0.18707, 0.48352, 0.44442, 0.42669, 0.20384, 0.19333, 1
0.43931, 0.43012, 0.2127, 0.48419, 0.43112, 0.42831, 0.10072, 0.09874, 0
0.44407, 0.43568, 0.38784, 0.48295, 0.44826, 0.44049, 0.03008, 0.0851, 0
0.44123, 0.43462, 0.4793, 0.48533, 0.44671, 0.44382, 0.04132, 0.05171, 0
0.45815, 0.44436, 0.47624, 0.47427, 0.46098, 0.45473, 0.06039, 0.08291, 1
0.46343, 0.45219, 0.23885, 0.46807, 0.46848, 0.46384, 0.05361, 0.05089, 1
0.44421, 0.43293, 0.2331, 0.48276, 0.44941, 0.44524, 0.04988, 0.04528, 0
0.4526, 0.4433, 0.17559, 0.47565, 0.4581, 0.4528, 0.01081, 0.0158, 1
0.44855, 0.43928, 0.15895, 0.4769, 0.45437, 0.4496, 0.00936, 0.01128, 0
0.45119, 0.4414, 0.13936, 0.47293, 0.4566, 0.45088, 0.0054, 0.03385, 1
0.42487, 0.4253, 0.14482, 0.48057, 0.43838, 0.43907, 0.16255, 0.21931, 0
0.4653, 0.45924, 0.15819, 0.46859, 0.48004, 0.48061, 0.15321, 0.23987, 1
0.44771, 0.4346, 0.17138, 0.47303, 0.46346, 0.46491, 0.04381, 0.03046, 0
0.44462, 0.43693, 0.20255, 0.47362, 0.46279, 0.45681, 0.0912, 0.10559, 0
0.51627, 0.48547, 0.36683, 0.46955, 0.51622, 0.49432, 0.32778, 0.43682, 1
0.53383, 0.49593, 0.45301, 0.4763, 0.51044, 0.47875, 0.5377, 0.60659, 1
0.39982, 0.39867, 0.41278, 0.48416, 0.39381, 0.4105, 0.2058, 0.22185, 0
0.44461, 0.43759, 0.20556, 0.4813, 0.44972, 0.44434, 0.02354, 0.04773, 0
0.44788, 0.43992, 0.10636, 0.48219, 0.44975, 0.44627, 0.00612, 0.02353, 0
0.45016, 0.44076, 0.09875, 0.4729, 0.45783, 0.45306, 0.01429, 0.01409, 0
0.44535, 0.44034, 0.12147, 0.47864, 0.45297, 0.45165, 0.06731, 0.05692, 0
0.4515, 0.44372, 0.12426, 0.47879, 0.4564, 0.45242, 0.02151, 0.02005, 1
0.45635, 0.45389, 0.17071, 0.47346, 0.46478, 0.4632, 0.12885, 0.01807, 0
0.44508, 0.4361, 0.17115, 0.47651, 0.45308, 0.44562, 0.02673, 0.04443, 0
0.44528, 0.43801, 0.21512, 0.48543, 0.44635, 0.43768, 0.02474, 0.04819, 0
0.44357, 0.434, 0.18902, 0.48757, 0.44623, 0.44204, 0.0426, 0.0477, 0
0.45864, 0.4471, 0.13644, 0.47856, 0.46084, 0.4528, 0.05107, 0.0956, 1
0.45456, 0.44519, 0.152, 0.48141, 0.45521, 0.44628, 0.03865, 0.03114, 1
0.44258, 0.43254, 0.15384, 0.47921, 0.44772, 0.43528, 0.0535, 0.04389, 0
0.45598, 0.44308, 0.16566, 0.47286, 0.46053, 0.45343, 0.04505, 0.08841, 1
0.44705, 0.43866, 0.14713, 0.48515, 0.4473, 0.44208, 0.02436, 0.03481, 0
0.45428, 0.44855, 0.17127, 0.47827, 0.45757, 0.45967, 0.06506, 0.03453, 1
0.45554, 0.44392, 0.1945, 0.47709, 0.45832, 0.44947, 0.04588, 0.08556, 1
0.44907, 0.43866, 0.1874, 0.48404, 0.4506, 0.44183, 0.04726, 0.0404, 1
0.44891, 0.43781, 0.15168, 0.47356, 0.46495, 0.46098, 0.03569, 0.06093, 0
0.45589, 0.44648, 0.27508, 0.47146, 0.46671, 0.45807, 0.03687, 0.06067, 1
0.45059, 0.44034, 0.26499, 0.47698, 0.45768, 0.44947, 0.01474, 0.01581, 1
0.50233, 0.477, 0.25275, 0.47436, 0.49437, 0.47503, 0.29505, 0.39662, 1
0.47473, 0.48081, 0.2193, 0.47427, 0.48048, 0.47644, 0.282, 0.39226, 1
0.43516, 0.41344, 0.21541, 0.47523, 0.45693, 0.45229, 0.15576, 0.19565, 0
0.45265, 0.445, 0.26475, 0.47565, 0.46549, 0.45731, 0.05631, 0.05094, 0
0.4453, 0.43715, 0.27317, 0.4741, 0.45929, 0.4559, 0.05833, 0.05487, 0
0.45539, 0.44565, 0.34716, 0.47056, 0.45987, 0.45423, 0.02219, 0.02014, 1
0.44503, 0.438, 0.29308, 0.4853, 0.44975, 0.44599, 0.02484, 0.01568, 0
0.46048, 0.45327, 0.1996, 0.47971, 0.45943, 0.45139, 0.05833, 0.06102, 1
0.44539, 0.44203, 0.16872, 0.47889, 0.45144, 0.45332, 0.08159, 0.03551, 0
0.46423, 0.45204, 0.13476, 0.47014, 0.48083, 0.47824, 0.07356, 0.1056, 1
0.45665, 0.44629, 0.1231, 0.47484, 0.46417, 0.45062, 0.02846, 0.02454, 1
0.4471, 0.44161, 0.17171, 0.48281, 0.4476, 0.44279, 0.01784, 0.00598, 0
0.45426, 0.44628, 0.16234, 0.47423, 0.46014, 0.46104, 0.04612, 0.04576, 1
0.44016, 0.4327, 0.16857, 0.48627, 0.44371, 0.43546, 0.04153, 0.03108, 0
0.45111, 0.445, 0.17154, 0.48005, 0.45557, 0.45088, 0.03685, 0.01583, 0
0.44863, 0.44246, 0.17954, 0.47475, 0.45937, 0.45307, 0.0536, 0.04965, 0
0.48448, 0.46395, 0.21774, 0.47107, 0.48498, 0.471, 0.17836, 0.20383, 1
0.44678, 0.43822, 0.22212, 0.48217, 0.44332, 0.43431, 0.04822, 0.04111, 1
0.44873, 0.44373, 0.23269, 0.47962, 0.45134, 0.43829, 0.02768, 0.01582, 0
0.44732, 0.4397, 0.21405, 0.48495, 0.44989, 0.4451, 0.00737, 0.03038, 0
0.44519, 0.43716, 0.17036, 0.48471, 0.44997, 0.44677, 0.02135, 0.06442, 0
0.38995, 0.38931, 0.16906, 0.49132, 0.39175, 0.38428, 0.2504, 0.24503, 0
0.45511, 0.44076, 0.17207, 0.47664, 0.4619, 0.4639, 0.01437, 0.00786, 1
0.46867, 0.44672, 0.15202, 0.47106, 0.48359, 0.49073, 0.04168, 0.04376, 1
0.455, 0.44501, 0.13616, 0.47555, 0.46401, 0.45204, 0.01881, 0.01977, 1
0.45529, 0.44415, 0.16199, 0.47198, 0.4604, 0.45564, 0.01784, 0.04517, 1
0.67702, 0.66529, 0.37828, 0.37235, 0.69044, 0.68383, 0.09413, 0.02072, 1
0.45324, 0.44077, 0.3941, 0.47166, 0.463, 0.4614, 0.00404, 0.03093, 0
0.46295, 0.4506, 0.43506, 0.47217, 0.46507, 0.45772, 0.06308, 0.10867, 1
0.45196, 0.44265, 0.32264, 0.48072, 0.45413, 0.44922, 0.02046, 0.02194, 1
0.45874, 0.44855, 0.3552, 0.47044, 0.47223, 0.46657, 0.05934, 0.01347, 1
0.45083, 0.4395, 0.38123, 0.47521, 0.45928, 0.4496, 0.02261, 0.03018, 1
0.45283, 0.44245, 0.44542, 0.47183, 0.46094, 0.45585, 0.00704, 0.0125, 1
0.45048, 0.4416, 0.49989, 0.47314, 0.45813, 0.45177, 0.01423, 0.05953, 0
0.45169, 0.44538, 0.46465, 0.47178, 0.46061, 0.45824, 0.06956, 0.09768, 0
0.44747, 0.43888, 0.44445, 0.47321, 0.45847, 0.45837, 0.05202, 0.02854, 0
0.44201, 0.44203, 0.4086, 0.48409, 0.43353, 0.41912, 0.00812, 0.04504, 1
0.448, 0.44013, 0.22989, 0.47689, 0.45475, 0.4455, 0.02349, 0.01191, 0
0.43571, 0.43279, 0.15061, 0.48375, 0.41896, 0.41463, 0.10299, 0.15971, 1
0.43465, 0.43573, 0.15327, 0.4831, 0.42394, 0.41426, 0.03369, 0.0603, 0
0.4441, 0.44223, 0.15856, 0.48076, 0.43968, 0.44795, 0.05812, 0.06405, 0
0.46142, 0.45042, 0.1653, 0.47892, 0.45761, 0.46335, 0.0527, 0.06447, 1
0.44859, 0.44118, 0.22833, 0.48284, 0.45131, 0.44553, 0.0, 0.02541, 0
0.43001, 0.42775, 0.24637, 0.48062, 0.44078, 0.43777, 0.11479, 0.04657, 0
0.46085, 0.45106, 0.20121, 0.47157, 0.46573, 0.46068, 0.04796, 0.07806, 1
0.45398, 0.44393, 0.27748, 0.46839, 0.45963, 0.45421, 0.01339, 0.01579, 1
0.46361, 0.45198, 0.28084, 0.46756, 0.46789, 0.46063, 0.05694, 0.06529, 1
0.43726, 0.43379, 0.27173, 0.48527, 0.44385, 0.43973, 0.06836, 0.0723, 0
0.48693, 0.46062, 0.31164, 0.47829, 0.47387, 0.45293, 0.31446, 0.33514, 1
0.45403, 0.44013, 0.29877, 0.47515, 0.46129, 0.45088, 0.04448, 0.0635, 1
0.38745, 0.39914, 0.32735, 0.48272, 0.40613, 0.41163, 0.34102, 0.34387, 0
0.44585, 0.44034, 0.20846, 0.48426, 0.44795, 0.43169, 0.01811, 0.0039, 1
0.44421, 0.43865, 0.18546, 0.48346, 0.44717, 0.43681, 0.01617, 0.0039, 0
0.45932, 0.44818, 0.25562, 0.46622, 0.46695, 0.45961, 0.03415, 0.02605, 1
0.46082, 0.44944, 0.25371, 0.47347, 0.46456, 0.4555, 0.04994, 0.00903, 1
0.44399, 0.43669, 0.31969, 0.4824, 0.44962, 0.44777, 0.03449, 0.02631, 0
0.44874, 0.43883, 0.27759, 0.48547, 0.45257, 0.44608, 0.02592, 0.02545, 1
0.44544, 0.43754, 0.30979, 0.47937, 0.45212, 0.44881, 0.02918, 0.02057, 0
0.44364, 0.43112, 0.28408, 0.48511, 0.4459, 0.43752, 0.08803, 0.09047, 0
0.43942, 0.43069, 0.40097, 0.47734, 0.45232, 0.44011, 0.05316, 0.04061, 0
0.45536, 0.44762, 0.22724, 0.47618, 0.4596, 0.45505, 0.03779, 0.02638, 1
0.45022, 0.43947, 0.21351, 0.47945, 0.45444, 0.45167, 0.01975, 0.01954, 1
0.45854, 0.44118, 0.37271, 0.47556, 0.46416, 0.46363, 0.08523, 0.05903, 1
0.43657, 0.42828, 0.20957, 0.4794, 0.44425, 0.44114, 0.06348, 0.02734, 0
0.43718, 0.43105, 0.19136, 0.48505, 0.43666, 0.42874, 0.05329, 0.05956, 0
0.46396, 0.45387, 0.1869, 0.47309, 0.46732, 0.46613, 0.06132, 0.08182, 1
0.45667, 0.44569, 0.39982, 0.48091, 0.45682, 0.44842, 0.05639, 0.05717, 1
0.44633, 0.43904, 0.40947, 0.48479, 0.4456, 0.43907, 0.02386, 0.02319, 1
0.44241, 0.43733, 0.40785, 0.4844, 0.44466, 0.44153, 0.03418, 0.02918, 0
0.458, 0.44634, 0.24974, 0.4783, 0.4583, 0.45024, 0.05937, 0.0298, 1
0.47772, 0.46462, 0.21836, 0.47464, 0.47669, 0.46444, 0.12768, 0.0894, 1
0.45805, 0.45191, 0.19262, 0.47088, 0.46501, 0.46714, 0.09438, 0.01995, 1
0.45804, 0.44763, 0.13257, 0.46836, 0.46615, 0.46013, 0.03291, 0.04242, 1
0.45258, 0.44547, 0.1327, 0.47962, 0.45531, 0.4531, 0.02518, 0.01649, 1
0.48023, 0.4695, 0.15142, 0.46714, 0.48372, 0.48053, 0.1374, 0.17089, 1
0.45221, 0.44309, 0.27406, 0.48061, 0.45467, 0.45049, 0.01544, 0.02071, 1
0.45164, 0.43145, 0.24042, 0.47835, 0.4539, 0.46011, 0.12584, 0.05757, 1
0.44942, 0.438, 0.21678, 0.48294, 0.45445, 0.44651, 0.04355, 0.0275, 1
0.44644, 0.43673, 0.30768, 0.47796, 0.45273, 0.44805, 0.02214, 0.02446, 0
0.44817, 0.44161, 0.29408, 0.48306, 0.45145, 0.44651, 0.01432, 0.01582, 0
0.46301, 0.45435, 0.31363, 0.46793, 0.47165, 0.47147, 0.08289, 0.06682, 1
0.45286, 0.44182, 0.30633, 0.47511, 0.45818, 0.45088, 0.02678, 0.00986, 1
0.44679, 0.43864, 0.24525, 0.48295, 0.45016, 0.44728, 0.01277, 0.02516, 0
0.45358, 0.44505, 0.28988, 0.46957, 0.46009, 0.45714, 0.03134, 0.00917, 1
0.45863, 0.45043, 0.21611, 0.47359, 0.46345, 0.45389, 0.04553, 0.03776, 1
0.45722, 0.44377, 0.21815, 0.47066, 0.46324, 0.45845, 0.03807, 0.02189, 1
0.45135, 0.43581, 0.10523, 0.47819, 0.4549, 0.44724, 0.0883, 0.06464, 1
0.44624, 0.43968, 0.10391, 0.47737, 0.45463, 0.45428, 0.05616, 0.04963, 0
0.4476, 0.44054, 0.15668, 0.47428, 0.4561, 0.45827, 0.06265, 0.04555, 0
0.4391, 0.43002, 0.20761, 0.47408, 0.45771, 0.45843, 0.09853, 0.10003, 0
0.44573, 0.42469, 0.2103, 0.48081, 0.44689, 0.42817, 0.21411, 0.2153, 1
0.45889, 0.44739, 0.219, 0.48219, 0.45175, 0.43273, 0.12003, 0.16571, 1
0.44427, 0.44182, 0.21089, 0.48253, 0.44124, 0.43846, 0.02696, 0.03972, 0
0.44406, 0.43862, 0.18547, 0.47891, 0.44907, 0.45425, 0.062, 0.06657, 0
0.38581, 0.39654, 0.17713, 0.48331, 0.4049, 0.41023, 0.33683, 0.40547, 0
0.43305, 0.42601, 0.29265, 0.47871, 0.4435, 0.43868, 0.08169, 0.06808, 0
0.46862, 0.45152, 0.45262, 0.47368, 0.48443, 0.48703, 0.05587, 0.0481, 1
0.45032, 0.44031, 0.21529, 0.47547, 0.45787, 0.45288, 0.00421, 0.02219, 0
0.43795, 0.42899, 0.25469, 0.48727, 0.44174, 0.4336, 0.06568, 0.02738, 0
0.44316, 0.44315, 0.28171, 0.47502, 0.45589, 0.45791, 0.16257, 0.06979, 0
0.45031, 0.43944, 0.3002, 0.48291, 0.43831, 0.41176, 0.1783, 0.1701, 1
0.43968, 0.4375, 0.23483, 0.48118, 0.43611, 0.44053, 0.03244, 0.04155, 0
0.45582, 0.44653, 0.14544, 0.48202, 0.45303, 0.44505, 0.05476, 0.03219, 1
0.08842, 0.10028, 0.25249, 0.50092, 0.11193, 0.12211, 0.31377, 0.23181, 0
0.4419, 0.43967, 0.24512, 0.47442, 0.45223, 0.45615, 0.12883, 0.12104, 0
0.34788, 0.344, 0.22753, 0.57042, 0.35214, 0.35059, 0.04829, 0.02544, 0
0.44828, 0.44053, 0.25479, 0.48335, 0.45256, 0.44759, 0.00965, 0.00403, 0
0.40353, 0.40307, 0.23464, 0.48376, 0.41737, 0.4208, 0.2207, 0.214, 0
0.45655, 0.45512, 0.12537, 0.4808, 0.45332, 0.4443, 0.08018, 0.07755, 1
0.48076, 0.45715, 0.12063, 0.46953, 0.49435, 0.49742, 0.09351, 0.11892, 1
0.45278, 0.43289, 0.12276, 0.47522, 0.46114, 0.45421, 0.12342, 0.13945, 1
0.44947, 0.439, 0.10536, 0.48103, 0.45582, 0.45037, 0.018, 0.00698, 0
0.44278, 0.43596, 0.13872, 0.48553, 0.44424, 0.43994, 0.02523, 0.02322, 0
0.45854, 0.44622, 0.4187, 0.4689, 0.46678, 0.46085, 0.02745, 0.02436, 1
0.44313, 0.43709, 0.41025, 0.47558, 0.45504, 0.44867, 0.06265, 0.08226, 0
0.45804, 0.4526, 0.34342, 0.47965, 0.45754, 0.44998, 0.05853, 0.06467, 1
0.45453, 0.44614, 0.20081, 0.47253, 0.46221, 0.46042, 0.04173, 0.04712, 1
0.40399, 0.40438, 0.31122, 0.48921, 0.41223, 0.41272, 0.19781, 0.20554, 0
0.43076, 0.4219, 0.21982, 0.48656, 0.4356, 0.42803, 0.09848, 0.10879, 0
0.45931, 0.4414, 0.24299, 0.48191, 0.4502, 0.43416, 0.2057, 0.07848, 1
0.45804, 0.44311, 0.24616, 0.47741, 0.46134, 0.4649, 0.04221, 0.0505, 1
0.44965, 0.44227, 0.27554, 0.47468, 0.46012, 0.45286, 0.04552, 0.0257, 0
0.45432, 0.444, 0.27681, 0.46952, 0.46375, 0.45785, 0.01857, 0.0189, 1
0.44188, 0.42738, 0.26435, 0.48549, 0.43565, 0.42213, 0.17543, 0.20841, 1
0.44624, 0.43773, 0.25508, 0.47439, 0.45438, 0.45286, 0.03337, 0.02831, 0
0.44982, 0.43967, 0.25188, 0.47428, 0.45814, 0.45325, 0.01162, 0.00799, 0
0.44905, 0.43881, 0.24496, 0.47724, 0.45532, 0.44788, 0.01708, 0.01383, 0
0.43897, 0.43053, 0.42745, 0.48525, 0.44487, 0.43298, 0.05819, 0.0242, 0
0.45635, 0.44358, 0.43215, 0.48091, 0.45732, 0.44826, 0.07181, 0.04631, 1
0.45822, 0.44574, 0.28363, 0.4694, 0.46826, 0.46431, 0.02207, 0.05023, 1
0.44063, 0.42612, 0.46737, 0.47857, 0.44781, 0.44085, 0.09561, 0.1074, 0
0.43863, 0.43672, 0.45862, 0.47719, 0.4497, 0.4456, 0.10344, 0.11637, 0
0.45885, 0.44905, 0.34311, 0.46886, 0.46328, 0.45668, 0.03834, 0.03746, 1
0.44663, 0.43991, 0.21994, 0.48251, 0.45168, 0.44469, 0.0155, 0.02163, 0
0.44786, 0.43969, 0.18828, 0.47846, 0.45359, 0.44469, 0.0074, 0.05364, 0
0.4484, 0.43459, 0.21258, 0.48329, 0.44909, 0.4389, 0.0994, 0.07307, 1
0.45037, 0.44075, 0.32285, 0.47344, 0.46242, 0.45442, 0.02892, 0.01593, 0
0.44244, 0.43536, 0.30945, 0.47737, 0.45126, 0.44593, 0.04429, 0.05784, 0
0.44982, 0.44032, 0.19065, 0.47267, 0.45931, 0.45951, 0.03628, 0.05357, 0
0.45303, 0.44054, 0.15878, 0.47416, 0.45928, 0.45115, 0.03438, 0.02759, 1
0.451, 0.44075, 0.14186, 0.48111, 0.45356, 0.44998, 0.0217, 0.04574, 1
0.45906, 0.44636, 0.3238, 0.47405, 0.46274, 0.45351, 0.05312, 0.00609, 1
0.46214, 0.45241, 0.29314, 0.4652, 0.46893, 0.46371, 0.0571, 0.04834, 1
0.44816, 0.4382, 0.19952, 0.48413, 0.45153, 0.43743, 0.04857, 0.06136, 1
0.45587, 0.44738, 0.19567, 0.46992, 0.46703, 0.46591, 0.0661, 0.05669, 0
0.43963, 0.43178, 0.23532, 0.47727, 0.45034, 0.44376, 0.05561, 0.03751, 0
0.44014, 0.43468, 0.4054, 0.47627, 0.45299, 0.45483, 0.10268, 0.0363, 0
0.44861, 0.43837, 0.40066, 0.48436, 0.44615, 0.4358, 0.07543, 0.08845, 1
0.47708, 0.46021, 0.29693, 0.47817, 0.46933, 0.45194, 0.18051, 0.17461, 1
0.44461, 0.44075, 0.24282, 0.47801, 0.4504, 0.45468, 0.08656, 0.09104, 0
0.46595, 0.45288, 0.20623, 0.47038, 0.47803, 0.46835, 0.05691, 0.06351, 1
0.45716, 0.45048, 0.14634, 0.47971, 0.45916, 0.45155, 0.04772, 0.04269, 1
0.45445, 0.44399, 0.13528, 0.48159, 0.45361, 0.44841, 0.04707, 0.03829, 1
0.44647, 0.43794, 0.17795, 0.47676, 0.45402, 0.44801, 0.02255, 0.01401, 0
0.44307, 0.43514, 0.17377, 0.47864, 0.45169, 0.44775, 0.04107, 0.01739, 0
0.4475, 0.43967, 0.18058, 0.48274, 0.4525, 0.44631, 0.01161, 0.01004, 0
0.44498, 0.43686, 0.18125, 0.48337, 0.45101, 0.44749, 0.02537, 0.02492, 0
0.45404, 0.44616, 0.15771, 0.46988, 0.46156, 0.45732, 0.04492, 0.04308, 1
0.45153, 0.44075, 0.15281, 0.47246, 0.45886, 0.45548, 0.00209, 0.044, 0
0.44828, 0.43945, 0.17653, 0.47463, 0.45616, 0.45207, 0.01991, 0.05668, 0
0.44111, 0.43643, 0.14351, 0.48438, 0.44579, 0.43936, 0.03691, 0.01383, 0
0.45436, 0.44681, 0.13628, 0.4772, 0.45914, 0.45181, 0.03475, 0.02397, 1
0.45969, 0.44444, 0.14622, 0.47308, 0.46531, 0.45576, 0.06886, 0.07218, 1
0.4506, 0.44249, 0.39242, 0.4752, 0.45667, 0.45249, 0.01931, 0.01679, 0
0.45679, 0.44511, 0.38611, 0.47468, 0.46026, 0.45421, 0.03792, 0.03381, 1
0.44626, 0.43987, 0.38183, 0.48413, 0.4511, 0.44574, 0.0263, 0.00839, 0
0.44543, 0.43857, 0.34974, 0.48314, 0.45119, 0.44799, 0.03179, 0.02914, 0
0.45032, 0.43966, 0.30665, 0.47938, 0.45441, 0.44799, 0.02833, 0.02326, 1
0.44325, 0.43554, 0.19082, 0.47564, 0.45541, 0.44945, 0.05769, 0.06486, 0
0.65048, 0.63889, 0.39822, 0.27457, 0.65985, 0.6454, 0.01868, 0.04447, 1
0.68964, 0.67477, 0.37978, 0.26087, 0.70053, 0.69036, 0.0243, 0.00806, 1
0.44732, 0.43925, 0.36175, 0.48327, 0.44788, 0.44164, 0.01866, 0.0173, 0
0.45115, 0.44226, 0.31411, 0.47336, 0.45609, 0.45245, 0.01037, 0.01875, 0
0.46971, 0.45623, 0.24098, 0.47356, 0.47012, 0.45987, 0.09965, 0.07941, 1
0.43286, 0.42079, 0.23674, 0.47761, 0.44671, 0.44594, 0.09883, 0.10918, 0
0.45297, 0.44118, 0.22832, 0.47415, 0.4642, 0.45311, 0.0108, 0.02648, 1
0.45883, 0.44592, 0.19592, 0.47634, 0.46125, 0.45454, 0.05864, 0.08212, 1
0.45908, 0.45067, 0.20545, 0.47037, 0.46706, 0.46591, 0.06548, 0.07594, 1
0.44854, 0.44118, 0.16929, 0.47517, 0.45613, 0.45285, 0.03962, 0.01435, 0
0.44725, 0.43559, 0.16775, 0.48228, 0.45137, 0.44463, 0.05095, 0.01506, 0
0.45571, 0.44943, 0.40034, 0.47998, 0.45227, 0.45589, 0.04236, 0.04645, 1
0.44734, 0.43269, 0.29865, 0.47729, 0.45556, 0.44429, 0.08201, 0.04664, 0
0.45185, 0.44314, 0.28889, 0.47918, 0.45758, 0.4435, 0.01893, 0.02679, 1
0.43138, 0.42763, 0.2109, 0.47694, 0.44552, 0.44906, 0.13395, 0.05186, 0
0.45811, 0.44615, 0.23074, 0.47195, 0.47158, 0.46162, 0.02895, 0.06447, 1
0.45021, 0.4595, 0.23958, 0.47908, 0.45581, 0.4552, 0.24181, 0.40653, 0
0.44707, 0.43774, 0.23023, 0.47838, 0.45271, 0.44502, 0.0166, 0.02101, 0
0.44936, 0.44032, 0.22093, 0.47739, 0.45461, 0.44945, 0.00415, 0.00459, 0
0.4476, 0.43946, 0.15293, 0.48422, 0.45075, 0.44345, 0.01363, 0.03534, 0
0.45823, 0.44549, 0.17115, 0.47909, 0.45842, 0.45024, 0.07145, 0.0682, 1
0.45414, 0.44613, 0.16331, 0.47214, 0.45985, 0.45572, 0.03604, 0.05065, 1
0.44322, 0.43093, 0.17618, 0.47844, 0.44985, 0.4337, 0.07794, 0.08785, 0
0.45795, 0.4462, 0.21439, 0.47887, 0.45851, 0.44984, 0.06149, 0.09986, 1
0.43017, 0.42068, 0.29684, 0.48194, 0.43983, 0.43715, 0.0992, 0.11366, 0
0.44525, 0.44009, 0.22171, 0.47993, 0.45212, 0.44944, 0.05686, 0.03749, 0
0.47095, 0.46413, 0.15071, 0.47174, 0.47349, 0.46653, 0.11502, 0.09724, 1
0.44957, 0.43398, 0.14689, 0.48152, 0.45, 0.44244, 0.10615, 0.11569, 1
0.45974, 0.44942, 0.16805, 0.47541, 0.46191, 0.45365, 0.04713, 0.06216, 0
0.44629, 0.43512, 0.33709, 0.4761, 0.45408, 0.44761, 0.03443, 0.03202, 0
0.40445, 0.40098, 0.32668, 0.49132, 0.40878, 0.40334, 0.19403, 0.2065, 1
0.45033, 0.43945, 0.30971, 0.47685, 0.45671, 0.45786, 0.01372, 0.01406, 1
0.24887, 0.23643, 0.29733, 0.52546, 0.2436, 0.23448, 0.15178, 0.17128, 0
0.45611, 0.45549, 0.30269, 0.47381, 0.46757, 0.47638, 0.18716, 0.19584, 1
0.44679, 0.4349, 0.29761, 0.4741, 0.45785, 0.4576, 0.03083, 0.02081, 0
0.44035, 0.43167, 0.1612, 0.48235, 0.4467, 0.44329, 0.04646, 0.06731, 0
0.44972, 0.44205, 0.18212, 0.4747, 0.45837, 0.45089, 0.0293, 0.02543, 1
0.48104, 0.46431, 0.20943, 0.47203, 0.48005, 0.46957, 0.15, 0.17329, 0
0.45071, 0.43862, 0.32798, 0.47985, 0.4553, 0.44829, 0.04468, 0.03622, 0
0.43898, 0.43071, 0.35728, 0.48137, 0.44601, 0.44687, 0.05561, 0.06561, 1
0.41835, 0.41772, 0.31124, 0.48249, 0.42972, 0.43266, 0.16327, 0.18462, 1
0.45631, 0.44781, 0.24612, 0.4755, 0.46288, 0.46253, 0.04407, 0.02987, 0
0.45398, 0.44696, 0.16276, 0.47291, 0.46379, 0.46086, 0.07505, 0.11139, 0
0.47056, 0.45683, 0.34294, 0.46961, 0.4727, 0.46388, 0.09167, 0.0651, 0
0.41994, 0.41897, 0.29129, 0.48944, 0.42172, 0.41528, 0.11192, 0.08126, 1
0.43576, 0.43328, 0.10061, 0.48368, 0.44089, 0.43483, 0.06432, 0.10419, 0
0.44954, 0.44268, 0.11153, 0.47802, 0.45589, 0.45646, 0.0488, 0.04826, 1
0.45703, 0.44332, 0.0974, 0.476, 0.46099, 0.45749, 0.0476, 0.0181, 1
0.4412, 0.43283, 0.16154, 0.47584, 0.45269, 0.44453, 0.05048, 0.02967, 1
0.4579, 0.44562, 0.33758, 0.4776, 0.45831, 0.45062, 0.05878, 0.08188, 0
0.44935, 0.43756, 0.37803, 0.47575, 0.46675, 0.44468, 0.01758, 0.01491, 1
0.44689, 0.44012, 0.36298, 0.47698, 0.45393, 0.45114, 0.04126, 0.04386, 1
0.45451, 0.44502, 0.36307, 0.46847, 0.46154, 0.45837, 0.02569, 0.04388, 1
0.46769, 0.45077, 0.37298, 0.47739, 0.46616, 0.45553, 0.12788, 0.03524, 0
0.40028, 0.39976, 0.35143, 0.48261, 0.41453, 0.41947, 0.2326, 0.18835, 1
0.4396, 0.45346, 0.26302, 0.47758, 0.45177, 0.45402, 0.32055, 0.33545, 0
0.44391, 0.43795, 0.23952, 0.47577, 0.45524, 0.44435, 0.05804, 0.04618, 1
0.44896, 0.44011, 0.45134, 0.48163, 0.45197, 0.44167, 0.02385, 0.01725, 0
0.45585, 0.44552, 0.44913, 0.47836, 0.45857, 0.44827, 0.04184, 0.0403, 1
0.43981, 0.42173, 0.35252, 0.48218, 0.43537, 0.43242, 0.20681, 0.20215, 0
0.44109, 0.43859, 0.33885, 0.48161, 0.43803, 0.42273, 0.01251, 0.02597, 0
0.45274, 0.45117, 0.20853, 0.47323, 0.46278, 0.46023, 0.13243, 0.09793, 1
0.44739, 0.43946, 0.24021, 0.48326, 0.4494, 0.44357, 0.01364, 0.01216, 0
0.45105, 0.44118, 0.23437, 0.48059, 0.45438, 0.45037, 0.01442, 0.01216, 0
0.43406, 0.43255, 0.18382, 0.47822, 0.4461, 0.4437, 0.12949, 0.15432, 1
0.447, 0.43902, 0.20447, 0.48691, 0.45227, 0.44526, 0.01103, 0.01382, 0
0.45355, 0.44378, 0.19289, 0.47536, 0.45897, 0.4539, 0.01302, 0.03439, 1
0.44001, 0.43687, 0.20541, 0.48321, 0.44601, 0.4437, 0.07506, 0.05764, 1
0.44622, 0.43752, 0.21672, 0.47689, 0.45099, 0.4411, 0.01848, 0.01052, 0
0.44958, 0.43946, 0.20028, 0.4736, 0.45719, 0.45429, 0.01101, 0.00796, 0
0.4447, 0.4345, 0.1684, 0.48421, 0.44952, 0.44227, 0.04206, 0.02879, 1
0.45435, 0.44333, 0.24513, 0.48247, 0.45196, 0.44437, 0.06553, 0.10664, 1
0.45482, 0.44593, 0.33096, 0.47279, 0.45888, 0.45442, 0.02318, 0.05183, 1
0.44916, 0.44075, 0.34241, 0.48111, 0.45392, 0.44867, 0.0075, 0.01002, 1
0.44977, 0.44075, 0.31393, 0.4846, 0.45377, 0.44776, 0.0075, 0.00689, 0
0.44973, 0.44097, 0.29725, 0.48408, 0.4539, 0.44841, 0.00208, 0.0046, 0
0.4498, 0.44055, 0.38865, 0.48389, 0.45097, 0.44224, 0.03393, 0.04375, 0
0.45715, 0.44693, 0.296, 0.47758, 0.45903, 0.45088, 0.04106, 0.03179, 1
0.44562, 0.43629, 0.30409, 0.48467, 0.44775, 0.44444, 0.03065, 0.03051, 0
0.44859, 0.43736, 0.26819, 0.48229, 0.45037, 0.44508, 0.04974, 0.00988, 1
0.4385, 0.39833, 0.31835, 0.48111, 0.43084, 0.42094, 0.49196, 0.50431, 0
0.44335, 0.4346, 0.24436, 0.48722, 0.44817, 0.44431, 0.03184, 0.03213, 1
0.44496, 0.43882, 0.45637, 0.48498, 0.44678, 0.44061, 0.0145, 0.01144, 1
0.45566, 0.44614, 0.25956, 0.46957, 0.4656, 0.46185, 0.04171, 0.02647, 1
0.44141, 0.43669, 0.25439, 0.48469, 0.43691, 0.43144, 0.02503, 0.01424, 0
0.44207, 0.43754, 0.22581, 0.47768, 0.44901, 0.45309, 0.08243, 0.05597, 1
0.43858, 0.4352, 0.24782, 0.48523, 0.43997, 0.43262, 0.03597, 0.03419, 1
0.45974, 0.44398, 0.195, 0.47124, 0.46757, 0.4656, 0.04686, 0.07361, 1
0.44449, 0.43883, 0.21296, 0.48397, 0.44357, 0.43493, 0.01971, 0.02372, 0
0.44846, 0.44053, 0.52975, 0.47763, 0.4536, 0.44812, 0.00964, 0.01524, 0
0.45178, 0.44227, 0.3159, 0.4727, 0.45831, 0.45222, 0.00557, 0.00839, 1
0.44069, 0.44075, 0.3783, 0.48434, 0.43195, 0.41932, 0.00755, 0.01225, 0
0.4486, 0.4427, 0.33939, 0.48094, 0.44698, 0.45287, 0.02127, 0.0301, 0
0.45967, 0.45075, 0.29228, 0.46632, 0.46458, 0.4613, 0.05104, 0.04512, 0
0.44449, 0.42207, 0.2386, 0.4779, 0.44952, 0.44721, 0.17825, 0.23288, 1
0.45465, 0.44663, 0.15485, 0.47676, 0.45919, 0.45565, 0.03302, 0.03905, 0
0.45083, 0.44249, 0.13835, 0.48282, 0.45285, 0.44681, 0.0126, 0.01391, 0
0.45229, 0.44204, 0.39219, 0.47926, 0.45468, 0.44776, 0.02551, 0.02865, 0
0.45339, 0.43924, 0.4039, 0.47258, 0.46562, 0.46057, 0.01573, 0.0069, 0
0.45025, 0.43946, 0.33522, 0.4836, 0.44899, 0.44254, 0.06175, 0.03579, 1
0.46543, 0.4541, 0.27102, 0.47023, 0.46758, 0.46446, 0.06489, 0.02984, 0
0.45107, 0.4414, 0.19119, 0.47747, 0.45643, 0.44919, 0.00906, 0.00398, 0
0.44971, 0.44054, 0.18777, 0.48479, 0.45477, 0.44854, 0.00624, 0.00608, 0
0.45111, 0.44226, 0.15207, 0.47054, 0.45728, 0.45259, 0.01363, 0.01794, 1
0.45596, 0.4429, 0.18204, 0.47685, 0.45889, 0.45063, 0.05813, 0.06167, 0
0.45749, 0.44506, 0.17494, 0.47331, 0.46219, 0.45754, 0.03431, 0.02294, 1
0.44802, 0.44075, 0.18114, 0.47923, 0.45417, 0.4518, 0.03242, 0.03857, 0
0.44759, 0.43922, 0.43755, 0.48585, 0.45206, 0.44746, 0.01093, 0.01676, 0
0.41892, 0.4222, 0.24702, 0.48364, 0.43072, 0.43001, 0.18002, 0.15373, 1
0.44616, 0.43944, 0.23905, 0.47967, 0.45, 0.44085, 0.02344, 0.02451, 1
0.4526, 0.44271, 0.17476, 0.4731, 0.4585, 0.45143, 0.00919, 0.01863, 1
0.45071, 0.44162, 0.17113, 0.47918, 0.45569, 0.45063, 0.00211, 0.0, 0
0.24098, 0.23755, 0.18566, 0.66294, 0.24071, 0.24077, 0.0072, 0.01053, 1
0.45631, 0.44445, 0.17628, 0.47394, 0.45994, 0.45354, 0.03806, 0.05408, 0
0.45315, 0.44446, 0.19475, 0.47386, 0.45871, 0.45367, 0.01823, 0.01525, 1
0.44625, 0.43645, 0.44012, 0.47844, 0.45132, 0.44215, 0.02908, 0.01655, 1
0.44625, 0.4339, 0.46348, 0.48147, 0.44442, 0.44063, 0.08302, 0.07883, 1
0.44994, 0.44354, 0.27835, 0.47824, 0.45612, 0.45297, 0.03934, 0.0121, 1
0.43729, 0.43175, 0.22018, 0.48614, 0.44331, 0.43842, 0.05578, 0.0606, 1
0.44097, 0.43169, 0.33757, 0.48742, 0.44396, 0.43912, 0.05066, 0.04847, 1
0.47595, 0.45586, 0.37975, 0.47527, 0.47424, 0.46698, 0.14792, 0.16053, 0
0.45126, 0.44118, 0.29237, 0.4732, 0.45935, 0.45259, 0.0036, 0.00608, 0
0.45011, 0.44097, 0.44372, 0.47774, 0.45633, 0.45182, 0.00557, 0.03078, 1
0.45659, 0.44771, 0.41223, 0.47821, 0.45794, 0.45643, 0.03169, 0.02782, 1
0.4473, 0.43641, 0.27231, 0.48373, 0.45097, 0.44656, 0.03705, 0.08254, 0
0.43382, 0.43142, 0.27065, 0.48134, 0.443, 0.44235, 0.10381, 0.09791, 1
0.46918, 0.45059, 0.41681, 0.47913, 0.46387, 0.45209, 0.16893, 0.1511, 0
0.46555, 0.44928, 0.41605, 0.47652, 0.46521, 0.46177, 0.10785, 0.10611, 1
0.45117, 0.439, 0.25284, 0.47261, 0.46131, 0.46057, 0.01283, 0.01418, 0
0.4521, 0.44206, 0.25735, 0.47279, 0.46187, 0.45819, 0.01876, 0.02749, 1
0.45483, 0.44418, 0.46017, 0.47346, 0.45973, 0.45347, 0.02297, 0.03132, 0
0.44766, 0.43798, 0.49009, 0.4796, 0.45232, 0.44389, 0.0223, 0.02378, 0
0.41959, 0.41304, 0.46479, 0.49012, 0.42217, 0.41716, 0.13749, 0.12279, 1
0.4501, 0.44268, 0.46194, 0.47713, 0.45547, 0.45606, 0.02774, 0.02567, 1
0.44972, 0.43926, 0.3727, 0.48376, 0.45252, 0.4448, 0.03515, 0.01385, 1
0.47501, 0.46512, 0.29027, 0.46892, 0.47823, 0.47316, 0.11601, 0.10071, 0
0.45154, 0.44311, 0.16032, 0.47163, 0.45961, 0.45451, 0.02835, 0.0373, 1
0.45434, 0.44332, 0.15821, 0.47333, 0.45968, 0.45166, 0.02379, 0.02507, 0
0.45593, 0.4472, 0.18869, 0.47136, 0.47656, 0.47771, 0.11855, 0.05179, 1
0.45521, 0.44054, 0.20654, 0.47328, 0.46888, 0.45818, 0.02713, 0.08947, 1
0.43692, 0.43285, 0.22488, 0.48504, 0.42571, 0.41387, 0.08664, 0.10832, 0
0.44659, 0.43948, 0.29852, 0.48327, 0.45061, 0.44739, 0.02295, 0.01043, 1
0.45268, 0.4414, 0.32704, 0.4783, 0.45591, 0.45114, 0.03036, 0.00455, 0
0.46163, 0.44973, 0.36807, 0.47333, 0.46405, 0.45761, 0.05454, 0.06709, 1
0.44975, 0.43713, 0.37494, 0.48392, 0.45032, 0.443, 0.07568, 0.07623, 1
0.44677, 0.43905, 0.37857, 0.48508, 0.44739, 0.43964, 0.02373, 0.00227, 0
0.45078, 0.43905, 0.35573, 0.47313, 0.45765, 0.45528, 0.01486, 0.01807, 0
0.44895, 0.43988, 0.41618, 0.47746, 0.45431, 0.44656, 0.00958, 0.01833, 0
0.44867, 0.43988, 0.39575, 0.48351, 0.45265, 0.44735, 0.00724, 0.01514, 0
0.44817, 0.44032, 0.37095, 0.48257, 0.45315, 0.44919, 0.01507, 0.01743, 1
0.44916, 0.43945, 0.32644, 0.4848, 0.45149, 0.44447, 0.03012, 0.02496, 0
0.44177, 0.43251, 0.18418, 0.47545, 0.45408, 0.45523, 0.06304, 0.11485, 0
0.46538, 0.44685, 0.24565, 0.47279, 0.47536, 0.46053, 0.09505, 0.03484, 0
0.47436, 0.46435, 0.27001, 0.46792, 0.4783, 0.47333, 0.11218, 0.13314, 0
0.45833, 0.44703, 0.12666, 0.47641, 0.4612, 0.45352, 0.04445, 0.00923, 1
0.44636, 0.4386, 0.2303, 0.48329, 0.45064, 0.44606, 0.0165, 0.03191, 1
0.43397, 0.42676, 0.23566, 0.48849, 0.43864, 0.4351, 0.0698, 0.06111, 0
0.47168, 0.45693, 0.23636, 0.47183, 0.47344, 0.462, 0.106, 0.09546, 0
0.4575, 0.45326, 0.23573, 0.47624, 0.46227, 0.45625, 0.08197, 0.07771, 0
0.44766, 0.43968, 0.23149, 0.4787, 0.45342, 0.4522, 0.01777, 0.01824, 1
0.45264, 0.44355, 0.23634, 0.47583, 0.45837, 0.45246, 0.01456, 0.01002, 0
0.44314, 0.43536, 0.21506, 0.48062, 0.45069, 0.44566, 0.03658, 0.04598, 0
0.45105, 0.44399, 0.20447, 0.47197, 0.45969, 0.45638, 0.05055, 0.0439, 1
0.44383, 0.43711, 0.20289, 0.48402, 0.44039, 0.43647, 0.02783, 0.00605, 0
0.41033, 0.40716, 0.24559, 0.48854, 0.41608, 0.41898, 0.17116, 0.24416, 1
0.44346, 0.42278, 0.27324, 0.48324, 0.43916, 0.42923, 0.21584, 0.25488, 1
0.50563, 0.4907, 0.34048, 0.46788, 0.53389, 0.5413, 0.29696, 0.31572, 1
0.43362, 0.42809, 0.32411, 0.47534, 0.45675, 0.44568, 0.1172, 0.14309, 0
0.44252, 0.43516, 0.36941, 0.48262, 0.45247, 0.44672, 0.0435, 0.02865, 0
0.45205, 0.44484, 0.37821, 0.47183, 0.46242, 0.45846, 0.05509, 0.03037, 1
0.47832, 0.45884, 0.37819, 0.47114, 0.47982, 0.46786, 0.1521, 0.14843, 0
0.45483, 0.44226, 0.35829, 0.47549, 0.46175, 0.45793, 0.01362, 0.05733, 1
0.45272, 0.44484, 0.32368, 0.47702, 0.45672, 0.44906, 0.01845, 0.03252, 1
0.45649, 0.44441, 0.31484, 0.48026, 0.4581, 0.45037, 0.0544, 0.03378, 0
0.45171, 0.44419, 0.29041, 0.48172, 0.45374, 0.44724, 0.01452, 0.04462, 0
0.44662, 0.4366, 0.21708, 0.48735, 0.45043, 0.44363, 0.03515, 0.0279, 1
0.47378, 0.45733, 0.25312, 0.47395, 0.47283, 0.46319, 0.12845, 0.13682, 0
0.50674, 0.47928, 0.29095, 0.47685, 0.49072, 0.47531, 0.34896, 0.40055, 1
0.42433, 0.42759, 0.37011, 0.48306, 0.41741, 0.4314, 0.11007, 0.07813, 0
0.53006, 0.50728, 0.38694, 0.46642, 0.54386, 0.53444, 0.31919, 0.38504, 0
0.46069, 0.45988, 0.37927, 0.47451, 0.47293, 0.45972, 0.14436, 0.14859, 1
0.45301, 0.44031, 0.38758, 0.4722, 0.46379, 0.45842, 0.00841, 0.05273, 1
0.45937, 0.4414, 0.31537, 0.47336, 0.4804, 0.46574, 0.00558, 0.03701, 0
0.44948, 0.43769, 0.31632, 0.47486, 0.468, 0.45461, 0.02768, 0.01529, 1
0.44095, 0.43638, 0.25336, 0.48394, 0.44637, 0.44494, 0.05613, 0.04363, 1
0.44816, 0.43681, 0.2498, 0.47779, 0.45325, 0.45037, 0.03041, 0.02432, 1
0.44762, 0.43813, 0.24252, 0.48121, 0.45169, 0.44441, 0.02076, 0.01067, 1
0.46005, 0.44839, 0.23757, 0.47754, 0.46113, 0.45302, 0.06034, 0.07638, 0
0.44137, 0.43726, 0.22059, 0.48574, 0.44498, 0.44085, 0.04438, 0.01629, 0
0.45156, 0.4449, 0.22057, 0.47728, 0.45688, 0.45434, 0.04565, 0.0389, 1
0.46357, 0.44982, 0.19931, 0.47048, 0.4709, 0.46882, 0.04541, 0.01055, 1
0.45517, 0.44316, 0.34741, 0.4728, 0.46165, 0.45581, 0.02228, 0.00618, 0
0.44905, 0.43877, 0.37574, 0.4789, 0.45481, 0.44984, 0.02017, 0.023, 0
0.45716, 0.4438, 0.34507, 0.48032, 0.45609, 0.45063, 0.07771, 0.05427, 0
0.45724, 0.446, 0.36781, 0.47425, 0.46361, 0.45315, 0.03195, 0.04244, 1
0.46771, 0.45452, 0.46414, 0.47595, 0.46801, 0.45675, 0.0965, 0.10254, 1
0.44615, 0.43281, 0.45384, 0.48515, 0.44373, 0.43215, 0.12004, 0.11373, 0
0.45497, 0.44484, 0.28222, 0.4745, 0.45925, 0.45128, 0.02391, 0.02477, 0
0.42272, 0.42418, 0.19825, 0.47601, 0.44472, 0.45089, 0.22925, 0.22238, 0
0.45586, 0.43859, 0.1635, 0.47203, 0.47764, 0.47721, 0.02502, 0.00831, 0
0.45338, 0.44097, 0.16383, 0.47393, 0.46871, 0.45325, 0.00209, 0.02009, 1
0.45081, 0.44075, 0.16734, 0.48037, 0.45838, 0.44827, 0.0146, 0.01886, 0
0.45382, 0.44442, 0.17335, 0.48206, 0.45421, 0.44553, 0.03767, 0.06193, 1
0.4531, 0.4442, 0.24612, 0.47497, 0.45947, 0.46174, 0.03888, 0.03569, 1
0.45669, 0.44442, 0.22168, 0.4705, 0.46218, 0.46069, 0.02251, 0.03989, 0
0.45895, 0.45004, 0.20312, 0.46846, 0.46943, 0.46764, 0.06757, 0.05311, 1
0.69501, 0.67842, 0.22795, 0.3071, 0.70281, 0.68924, 0.05191, 0.03034, 0
0.45228, 0.44401, 0.22525, 0.48043, 0.44951, 0.44892, 0.02423, 0.03225, 1
0.45308, 0.44401, 0.21479, 0.47941, 0.45583, 0.45274, 0.01868, 0.02964, 0
0.45093, 0.4497, 0.1661, 0.47395, 0.4642, 0.45871, 0.13596, 0.17719, 0
0.45423, 0.44991, 0.19985, 0.48094, 0.45229, 0.44151, 0.04457, 0.01861, 0
0.58791, 0.57295, 0.27274, 0.41126, 0.59121, 0.57821, 0.08701, 0.08973, 0
0.44145, 0.43815, 0.27459, 0.48499, 0.44533, 0.44014, 0.04924, 0.03205, 0
0.4311, 0.42976, 0.31635, 0.47676, 0.44363, 0.44593, 0.14594, 0.03988, 0
0.43007, 0.43122, 0.25771, 0.47646, 0.44927, 0.44131, 0.17329, 0.03842, 1
0.47186, 0.46181, 0.26867, 0.46895, 0.48835, 0.4805, 0.12646, 0.14305, 0
0.45723, 0.44183, 0.34037, 0.48294, 0.44727, 0.42704, 0.19347, 0.2217, 0
0.44929, 0.44312, 0.3752, 0.48246, 0.45053, 0.44659, 0.01869, 0.05031, 0
0.4459, 0.43817, 0.38343, 0.478, 0.45163, 0.44841, 0.02602, 0.04, 1
0.44635, 0.43774, 0.25434, 0.48715, 0.44948, 0.44281, 0.02197, 0.0443, 1
0.44198, 0.43732, 0.18128, 0.48254, 0.44309, 0.44634, 0.04691, 0.03632, 0
0.45328, 0.44183, 0.23971, 0.47821, 0.45758, 0.44932, 0.03787, 0.02211, 0
0.45233, 0.44271, 0.24677, 0.47612, 0.45858, 0.45077, 0.00918, 0.00698, 0
0.44597, 0.43769, 0.23776, 0.4865, 0.45278, 0.44693, 0.02009, 0.00839, 1
0.45115, 0.4414, 0.2113, 0.48297, 0.45377, 0.44759, 0.02372, 0.01904, 0
0.45085, 0.44468, 0.18145, 0.47227, 0.45819, 0.45526, 0.05725, 0.05033, 0
0.4416, 0.43459, 0.30937, 0.48487, 0.45115, 0.44357, 0.04333, 0.11226, 1
0.43588, 0.42676, 0.29757, 0.48419, 0.42581, 0.41263, 0.13917, 0.02795, 0
0.44244, 0.44075, 0.30977, 0.48333, 0.43525, 0.4272, 0.00422, 0.0, 1
0.45785, 0.44645, 0.24057, 0.47775, 0.46091, 0.4513, 0.05084, 0.05398, 1
0.46086, 0.448, 0.28515, 0.46968, 0.46988, 0.46981, 0.03333, 0.04237, 1
0.44808, 0.43833, 0.28314, 0.47711, 0.45381, 0.44412, 0.0215, 0.02305, 1
0.44653, 0.43299, 0.30408, 0.47692, 0.45653, 0.44384, 0.07595, 0.07234, 1
0.4393, 0.43215, 0.43966, 0.47643, 0.43918, 0.44737, 0.05223, 0.02981, 0
0.44697, 0.43928, 0.5007, 0.48531, 0.44346, 0.44216, 0.02152, 0.02356, 1
0.44408, 0.43696, 0.4966, 0.48554, 0.44306, 0.43986, 0.023, 0.03411, 0
0.44975, 0.44224, 0.49455, 0.47766, 0.45392, 0.45383, 0.03049, 0.02772, 0
0.46217, 0.44967, 0.50081, 0.4683, 0.47085, 0.4654, 0.04109, 0.04866, 0
0.46435, 0.44756, 0.4926, 0.47725, 0.46573, 0.45577, 0.11088, 0.02892, 1
0.44598, 0.43567, 0.42511, 0.4815, 0.44912, 0.44728, 0.03406, 0.01412, 0
0.49677, 0.46057, 0.31111, 0.47061, 0.54154, 0.56734, 0.11181, 0.12191, 1
0.44738, 0.44247, 0.23168, 0.47421, 0.45826, 0.45715, 0.08653, 0.05481, 0
0.28182, 0.26951, 0.26229, 0.48934, 0.29883, 0.30735, 0.30381, 0.20741, 1
0.46137, 0.45188, 0.28835, 0.47328, 0.47688, 0.46645, 0.07977, 0.04808, 0
0.47826, 0.46417, 0.2794, 0.46792, 0.4957, 0.49203, 0.12106, 0.1689, 1
0.83333, 0.81288, 0.22955, 0.05195, 0.84516, 0.82911, 0.02848, 0.05237, 0
0.44657, 0.43905, 0.19755, 0.4773, 0.45427, 0.45437, 0.04401, 0.03077, 1
0.45367, 0.4446, 0.15902, 0.47788, 0.45806, 0.45114, 0.01686, 0.01204, 0
0.45486, 0.44781, 0.11893, 0.47019, 0.46635, 0.46578, 0.08649, 0.10293, 0
0.44355, 0.42977, 0.26107, 0.47717, 0.45804, 0.43431, 0.08101, 0.08212, 1
0.42644, 0.40948, 0.27382, 0.48639, 0.41541, 0.38884, 0.3153, 0.30102, 1
0.44274, 0.43584, 0.27862, 0.48356, 0.42807, 0.41551, 0.11202, 0.09311, 0
0.43309, 0.43242, 0.28208, 0.48349, 0.42411, 0.42874, 0.04321, 0.06638, 0
0.46098, 0.45274, 0.33846, 0.478, 0.46209, 0.45465, 0.05588, 0.02766, 0
0.44014, 0.43587, 0.30738, 0.48312, 0.44322, 0.44522, 0.06071, 0.05144, 0
0.45544, 0.44735, 0.29177, 0.47375, 0.46071, 0.4599, 0.0424, 0.02452, 0
0.44897, 0.43863, 0.2829, 0.47567, 0.45499, 0.4532, 0.01231, 0.02014, 0
0.44304, 0.43394, 0.19511, 0.48505, 0.44903, 0.44494, 0.03495, 0.09074, 0
0.43131, 0.41148, 0.3096, 0.48211, 0.435, 0.43341, 0.20316, 0.20315, 0
0.39848, 0.39337, 0.22357, 0.48873, 0.40575, 0.3975, 0.23118, 0.22434, 0
0.44584, 0.43187, 0.2476, 0.47428, 0.46105, 0.45772, 0.04528, 0.03234, 0
0.46209, 0.44599, 0.32939, 0.47455, 0.47494, 0.45726, 0.06631, 0.05481, 1
0.44301, 0.43534, 0.31691, 0.48175, 0.43367, 0.43844, 0.05637, 0.09574, 1
0.44908, 0.43967, 0.45895, 0.4734, 0.45557, 0.45233, 0.01461, 0.05451, 1
0.4464, 0.43989, 0.45853, 0.48217, 0.45247, 0.44735, 0.03312, 0.02536, 0
0.44748, 0.44183, 0.4358, 0.47323, 0.45775, 0.45496, 0.07423, 0.04384, 1
0.45327, 0.45024, 0.37829, 0.48083, 0.45007, 0.44423, 0.059, 0.08162, 0
0.45438, 0.44849, 0.34395, 0.47116, 0.46585, 0.46235, 0.09316, 0.11575, 0
0.45335, 0.44183, 0.35665, 0.47154, 0.46463, 0.46275, 0.02001, 0.04246, 0
0.44243, 0.43368, 0.41397, 0.48519, 0.44142, 0.43738, 0.05219, 0.05323, 1
0.44935, 0.43926, 0.3886, 0.48369, 0.44805, 0.44284, 0.04571, 0.0455, 0
0.48574, 0.46587, 0.38739, 0.46806, 0.48638, 0.48054, 0.15934, 0.17243, 0
0.46319, 0.44784, 0.42431, 0.4717, 0.4738, 0.4708, 0.03258, 0.04364, 1
0.44313, 0.43239, 0.44537, 0.48441, 0.44688, 0.4388, 0.05672, 0.06287, 1
0.45711, 0.44526, 0.4461, 0.4793, 0.45857, 0.45024, 0.05225, 0.07362, 1
0.45554, 0.44333, 0.29581, 0.47132, 0.46662, 0.46442, 0.0177, 0.04164, 1
0.4435, 0.43759, 0.20688, 0.48467, 0.44214, 0.43346, 0.02352, 0.04683, 0
0.45659, 0.44732, 0.25444, 0.47889, 0.45805, 0.45664, 0.03007, 0.04133, 1
0.45728, 0.4433, 0.3848, 0.47621, 0.46366, 0.45973, 0.0301, 0.06843, 0
0.19166, 0.18214, 0.37788, 0.60778, 0.18764, 0.18603, 0.10681, 0.10793, 1
0.44558, 0.4399, 0.34598, 0.48377, 0.44971, 0.44505, 0.03278, 0.02315, 1
0.44861, 0.44034, 0.31224, 0.48068, 0.45068, 0.45164, 0.00539, 0.04347, 0
0.45056, 0.44182, 0.30527, 0.47179, 0.45525, 0.45254, 0.01273, 0.02597, 1
0.45232, 0.44414, 0.3816, 0.47093, 0.45781, 0.4528, 0.0227, 0.04291, 1
0.45219, 0.44309, 0.46956, 0.47418, 0.46142, 0.45319, 0.02152, 0.04446, 0
0.44087, 0.43188, 0.41299, 0.48524, 0.44457, 0.43473, 0.05716, 0.06663, 1
0.45187, 0.43907, 0.33486, 0.47918, 0.45555, 0.44536, 0.06454, 0.13358, 1
0.44364, 0.43548, 0.32585, 0.48496, 0.43876, 0.42899, 0.07414, 0.05996, 0
0.46322, 0.44733, 0.16378, 0.47889, 0.46254, 0.45152, 0.11893, 0.15094, 0
0.46069, 0.44669, 0.12573, 0.4718, 0.46373, 0.45845, 0.06257, 0.08939, 0
0.44709, 0.43901, 0.40261, 0.47496, 0.45543, 0.45563, 0.04129, 0.0364, 1
0.46288, 0.44792, 0.44473, 0.47097, 0.46714, 0.4588, 0.07141, 0.12121, 1
0.44116, 0.44314, 0.46719, 0.47978, 0.4482, 0.45116, 0.14711, 0.13053, 0
0.44988, 0.43966, 0.46363, 0.47271, 0.46233, 0.46762, 0.05317, 0.09064, 0
0.44094, 0.4288, 0.46243, 0.47712, 0.45124, 0.44326, 0.06428, 0.02211, 0
0.43259, 0.42201, 0.29633, 0.48587, 0.43396, 0.43574, 0.09866, 0.02987, 1
0.45067, 0.44183, 0.28668, 0.47633, 0.45885, 0.44919, 0.00628, 0.01893, 1
0.44575, 0.4399, 0.26985, 0.48356, 0.44978, 0.4392, 0.01241, 0.03074, 0
0.45774, 0.44397, 0.13018, 0.47066, 0.463, 0.4583, 0.04339, 0.0676, 0
0.48841, 0.46898, 0.13084, 0.48015, 0.46723, 0.43818, 0.31913, 0.32173, 0
0.43137, 0.43098, 0.16354, 0.48042, 0.44012, 0.43646, 0.12387, 0.08017, 1
0.45307, 0.44503, 0.16602, 0.48175, 0.45417, 0.44609, 0.02342, 0.12587, 0
0.45586, 0.45002, 0.26162, 0.47042, 0.46508, 0.46304, 0.08843, 0.0618, 0
0.44681, 0.43709, 0.26179, 0.47396, 0.45785, 0.45821, 0.04269, 0.07169, 0
0.45576, 0.44334, 0.26274, 0.4721, 0.46491, 0.45743, 0.01501, 0.03593, 0
0.45524, 0.44399, 0.26769, 0.47168, 0.46241, 0.45534, 0.02115, 0.04834, 0
0.4417, 0.43386, 0.31142, 0.48744, 0.44465, 0.43992, 0.03609, 0.06625, 1
0.45217, 0.43946, 0.24299, 0.47434, 0.45944, 0.45102, 0.03353, 0.02791, 1
0.45491, 0.44356, 0.23945, 0.4766, 0.45947, 0.45024, 0.03958, 0.03018, 1
0.45037, 0.44248, 0.19555, 0.47916, 0.45522, 0.45063, 0.01907, 0.02216, 0
0.45108, 0.44032, 0.15123, 0.48159, 0.4538, 0.44906, 0.02908, 0.0159, 1
0.4707, 0.45671, 0.27796, 0.47403, 0.47269, 0.4586, 0.10649, 0.15504, 0
0.44388, 0.43486, 0.29275, 0.48213, 0.44821, 0.4472, 0.03102, 0.0282, 0
0.45572, 0.44446, 0.30357, 0.47034, 0.46429, 0.45964, 0.01674, 0.01398, 1
0.43057, 0.43007, 0.26696, 0.48355, 0.43647, 0.43954, 0.11688, 0.13617, 0
0.45635, 0.44511, 0.14409, 0.47901, 0.45624, 0.44521, 0.05107, 0.05817, 1
0.45368, 0.44031, 0.12261, 0.47454, 0.46047, 0.45302, 0.03316, 0.02826, 0
0.45739, 0.44556, 0.11273, 0.47337, 0.46275, 0.45593, 0.03317, 0.05113, 0
0.44837, 0.43965, 0.10521, 0.4821, 0.45339, 0.44759, 0.0076, 0.0252, 0
0.45577, 0.44839, 0.13111, 0.47111, 0.46565, 0.45924, 0.06035, 0.05692, 1
0.45574, 0.44293, 0.15586, 0.4712, 0.4634, 0.45646, 0.02692, 0.02222, 1
0.45469, 0.44031, 0.22032, 0.47431, 0.47676, 0.45116, 0.00842, 0.00403, 1
0.45747, 0.43509, 0.27954, 0.47242, 0.47962, 0.47662, 0.04967, 0.03505, 1
0.45249, 0.44314, 0.25128, 0.4758, 0.46058, 0.45182, 0.00963, 0.01293, 0
0.45471, 0.44249, 0.29524, 0.4826, 0.45285, 0.44246, 0.08383, 0.09308, 1
0.10395, 0.09315, 0.44703, 0.51754, 0.07917, 0.06664, 0.39409, 0.44549, 0
0.44331, 0.43307, 0.44694, 0.48216, 0.43248, 0.44173, 0.09462, 0.0491, 0
0.44413, 0.43943, 0.44754, 0.48132, 0.43719, 0.44001, 0.00922, 0.01826, 1
0.45696, 0.44908, 0.43375, 0.47725, 0.4585, 0.4505, 0.03879, 0.03762, 0
0.48571, 0.46735, 0.3339, 0.46562, 0.49142, 0.48302, 0.14342, 0.09413, 0
0.44343, 0.43389, 0.26944, 0.48622, 0.44502, 0.4343, 0.06408, 0.08774, 0
0.48762, 0.47173, 0.2868, 0.46664, 0.49811, 0.49183, 0.14743, 0.16569, 1
0.45507, 0.45247, 0.16656, 0.47159, 0.46699, 0.46311, 0.13533, 0.16293, 1
0.45313, 0.44448, 0.23903, 0.47342, 0.46137, 0.4537, 0.03178, 0.04557, 0
0.45458, 0.4436, 0.24321, 0.47409, 0.46069, 0.45396, 0.02021, 0.03448, 0
0.45058, 0.44359, 0.18149, 0.47322, 0.45724, 0.45382, 0.04019, 0.03161, 0
0.52001, 0.48531, 0.15671, 0.47291, 0.50973, 0.48776, 0.40383, 0.43188, 0
0.46034, 0.44773, 0.15496, 0.47646, 0.46498, 0.46744, 0.03345, 0.02221, 0
0.45741, 0.44556, 0.15325, 0.46853, 0.46216, 0.45673, 0.03315, 0.04982, 0
0.44936, 0.43944, 0.19479, 0.48138, 0.45108, 0.44984, 0.02007, 0.01013, 1
0.47163, 0.45667, 0.30796, 0.46807, 0.47478, 0.46834, 0.09092, 0.09521, 0
0.43756, 0.42595, 0.30934, 0.48504, 0.44123, 0.43431, 0.09095, 0.09391, 0
0.46086, 0.45116, 0.30518, 0.47016, 0.472, 0.46649, 0.06427, 0.04031, 1
0.44838, 0.43808, 0.30647, 0.47764, 0.4553, 0.44675, 0.02379, 0.01874, 0
0.4246, 0.42439, 0.27422, 0.48355, 0.43206, 0.4347, 0.1229, 0.03519, 0
0.45378, 0.45182, 0.28029, 0.47372, 0.4654, 0.46393, 0.15331, 0.13304, 1
0.46466, 0.44939, 0.28528, 0.47106, 0.47409, 0.47442, 0.04166, 0.10506, 1
0.45478, 0.43941, 0.27195, 0.47543, 0.46097, 0.45574, 0.0672, 0.03332, 1
0.45493, 0.45135, 0.20888, 0.47967, 0.45593, 0.44997, 0.07132, 0.08967, 1
0.45193, 0.4414, 0.17481, 0.47577, 0.45693, 0.45359, 0.01298, 0.04416, 0
0.44976, 0.43875, 0.16917, 0.47992, 0.45471, 0.4493, 0.02673, 0.099, 1
0.44964, 0.43874, 0.32674, 0.47627, 0.45671, 0.44714, 0.02362, 0.02174, 1
0.45102, 0.44185, 0.32575, 0.47948, 0.45699, 0.44848, 0.00644, 0.02337, 1
0.40967, 0.40067, 0.27652, 0.48632, 0.41071, 0.41187, 0.20713, 0.22852, 1
0.4661, 0.46472, 0.27541, 0.4767, 0.46688, 0.45629, 0.13567, 0.09299, 0
0.46042, 0.4463, 0.14376, 0.47892, 0.46004, 0.44741, 0.09435, 0.0773, 0
0.45829, 0.44933, 0.4279, 0.48177, 0.45321, 0.4401, 0.07544, 0.13068, 0
0.44652, 0.44008, 0.31796, 0.48396, 0.4503, 0.44395, 0.01398, 0.00471, 1
0.45834, 0.45865, 0.17761, 0.47156, 0.47311, 0.4761, 0.22176, 0.21031, 1
0.49547, 0.46795, 0.17187, 0.46913, 0.49876, 0.49462, 0.20922, 0.16375, 1
0.45444, 0.44074, 0.1689, 0.47258, 0.46513, 0.45988, 0.0186, 0.03241, 1
0.43994, 0.43942, 0.1466, 0.47694, 0.45216, 0.45318, 0.14069, 0.1925, 0
0.46106, 0.44296, 0.17741, 0.4733, 0.47052, 0.45763, 0.08569, 0.11148, 1
0.46318, 0.44606, 0.17079, 0.47741, 0.46434, 0.44487, 0.14267, 0.12097, 0
0.44625, 0.43897, 0.15083, 0.48246, 0.44786, 0.44421, 0.01067, 0.01872, 1
0.44248, 0.43917, 0.23772, 0.48384, 0.44533, 0.43969, 0.04399, 0.02925, 0
0.44575, 0.43469, 0.25011, 0.477, 0.45412, 0.43544, 0.05029, 0.03369, 1
0.45631, 0.44656, 0.24061, 0.47769, 0.4611, 0.44467, 0.03964, 0.03678, 0
0.45178, 0.44365, 0.2274, 0.47988, 0.45619, 0.45119, 0.01513, 0.01452, 0
0.45948, 0.44993, 0.22195, 0.46783, 0.46582, 0.46233, 0.04543, 0.03051, 1
0.45363, 0.44186, 0.22674, 0.48203, 0.45358, 0.44237, 0.06928, 0.05405, 0
0.45512, 0.447, 0.23648, 0.48127, 0.45518, 0.44847, 0.0318, 0.01239, 0
0.45268, 0.44521, 0.24256, 0.47978, 0.45466, 0.45281, 0.02241, 0.02297, 0
0.44903, 0.44096, 0.21801, 0.47679, 0.4574, 0.4535, 0.03186, 0.03608, 0
0.44934, 0.4394, 0.23767, 0.48342, 0.44875, 0.44456, 0.03828, 0.01236, 0
0.43401, 0.42515, 0.25266, 0.48902, 0.43336, 0.42568, 0.0954, 0.12114, 0
0.44884, 0.44074, 0.1931, 0.4823, 0.45096, 0.4442, 0.0113, 0.01081, 1
0.44098, 0.43587, 0.17409, 0.48191, 0.44763, 0.44648, 0.06112, 0.04266, 1
0.46146, 0.45047, 0.13388, 0.47601, 0.46174, 0.45131, 0.06305, 0.0517, 1
0.41835, 0.41978, 0.12632, 0.48617, 0.42611, 0.42724, 0.15821, 0.16487, 1
0.45917, 0.44627, 0.14613, 0.47176, 0.4659, 0.46043, 0.03706, 0.11621, 1
0.45645, 0.44229, 0.15151, 0.47771, 0.4592, 0.44863, 0.07967, 0.08223, 0
0.4514, 0.44096, 0.13764, 0.47201, 0.46426, 0.46285, 0.04258, 0.02164, 0
0.45758, 0.44659, 0.20115, 0.47225, 0.47127, 0.4643, 0.04277, 0.05197, 1
0.40985, 0.40687, 0.18761, 0.48933, 0.4137, 0.41231, 0.16688, 0.14588, 1
0.45149, 0.44208, 0.15607, 0.4787, 0.45505, 0.45187, 0.00573, 0.00239, 0
0.42974, 0.42573, 0.11286, 0.48663, 0.43215, 0.42445, 0.07736, 0.01264, 1
0.4669, 0.45868, 0.11448, 0.4763, 0.46743, 0.46329, 0.08452, 0.0862, 1
0.80348, 0.79092, 0.20399, 0.43802, 0.80114, 0.80041, 0.04524, 0.02393, 1
0.37942, 0.37948, 0.19848, 0.48644, 0.38398, 0.36586, 0.29791, 0.29713, 1
0.46182, 0.47187, 0.19689, 0.47787, 0.47114, 0.4691, 0.29292, 0.29472, 0
0.44591, 0.43491, 0.2061, 0.4826, 0.45164, 0.44386, 0.04259, 0.05384, 1
0.46017, 0.44903, 0.21558, 0.47777, 0.46248, 0.45336, 0.05734, 0.04608, 0
0.4274, 0.42305, 0.20969, 0.4885, 0.43454, 0.43003, 0.09749, 0.12283, 1
0.45142, 0.44563, 0.31131, 0.47772, 0.45674, 0.44525, 0.02839, 0.02406, 0
0.43963, 0.43897, 0.3263, 0.48322, 0.43807, 0.4309, 0.03856, 0.04259, 0
0.45036, 0.44096, 0.26489, 0.483, 0.45201, 0.44688, 0.02039, 0.00472, 0
0.48691, 0.47078, 0.21159, 0.46549, 0.49751, 0.49124, 0.14295, 0.14429, 0
0.49013, 0.49078, 0.22309, 0.47108, 0.51604, 0.50793, 0.39201, 0.41229, 1
0.44254, 0.42986, 0.20997, 0.4766, 0.45996, 0.45508, 0.05465, 0.01706, 1
0.46612, 0.45219, 0.23856, 0.47258, 0.46907, 0.46704, 0.06459, 0.03776, 0
0.47173, 0.46056, 0.22147, 0.47183, 0.47467, 0.46398, 0.09801, 0.1299, 0
0.45578, 0.448, 0.18313, 0.47601, 0.46008, 0.45637, 0.03533, 0.04456, 1
0.45448, 0.44426, 0.15615, 0.47141, 0.45965, 0.45557, 0.01531, 0.00938, 0
0.44671, 0.43876, 0.14255, 0.47558, 0.45501, 0.44824, 0.02995, 0.01832, 1
0.45901, 0.44801, 0.14218, 0.47012, 0.46524, 0.45851, 0.03419, 0.03842, 1
0.45197, 0.43942, 0.13574, 0.48076, 0.45604, 0.4481, 0.05217, 0.03686, 0
0.41195, 0.41177, 0.12465, 0.48835, 0.41965, 0.41871, 0.1633, 0.15348, 0
0.44674, 0.43875, 0.18237, 0.47316, 0.46465, 0.46028, 0.08029, 0.04731, 1
0.46549, 0.46361, 0.173, 0.4804, 0.45548, 0.4569, 0.10877, 0.11832, 1
0.45864, 0.44118, 0.17107, 0.47252, 0.46591, 0.47184, 0.03678, 0.03456, 1
0.44986, 0.43921, 0.23519, 0.47626, 0.45567, 0.44851, 0.01902, 0.03758, 0
0.44673, 0.43768, 0.15897, 0.48737, 0.45135, 0.44426, 0.02018, 0.01532, 1
0.46518, 0.45672, 0.22209, 0.47785, 0.46384, 0.45952, 0.07553, 0.07062, 0
0.45777, 0.44427, 0.30338, 0.47105, 0.47256, 0.47162, 0.02667, 0.04577, 0
0.4317, 0.42581, 0.3404, 0.48595, 0.43038, 0.42814, 0.07501, 0.071, 0
0.46629, 0.45196, 0.34185, 0.47518, 0.46589, 0.46237, 0.07993, 0.08765, 0
0.44321, 0.43393, 0.24681, 0.4876, 0.4471, 0.43852, 0.0469, 0.02042, 0
0.45026, 0.44031, 0.29365, 0.47959, 0.45424, 0.44917, 0.01525, 0.02037, 1
0.4476, 0.4414, 0.18458, 0.48072, 0.45133, 0.45117, 0.03125, 0.02002, 1
0.45598, 0.4436, 0.22609, 0.4828, 0.45003, 0.43828, 0.11242, 0.03828, 0
0.4396, 0.42572, 0.36731, 0.4812, 0.44396, 0.42828, 0.12452, 0.01433, 0
0.44627, 0.44074, 0.35439, 0.47867, 0.4521, 0.44769, 0.05172, 0.04105, 1
0.43239, 0.43943, 0.34179, 0.48441, 0.42006, 0.40542, 0.03765, 0.03042, 1
0.45628, 0.44932, 0.33761, 0.47736, 0.45851, 0.46529, 0.06326, 0.0638, 0
0.45033, 0.44405, 0.23551, 0.47948, 0.45501, 0.45117, 0.03763, 0.04622, 0
0.44831, 0.4403, 0.20801, 0.47281, 0.45812, 0.45599, 0.04813, 0.09785, 1
0.45916, 0.44758, 0.20246, 0.46939, 0.46734, 0.46254, 0.03094, 0.08012, 1
0.43494, 0.42928, 0.18877, 0.4836, 0.44272, 0.43648, 0.06633, 0.12829, 0
0.44975, 0.44008, 0.17163, 0.476, 0.45654, 0.44863, 0.00768, 0.0147, 0
0.45188, 0.44096, 0.16836, 0.47803, 0.45655, 0.44957, 0.02771, 0.05431, 1
0.45552, 0.44405, 0.16732, 0.47956, 0.45757, 0.4481, 0.05171, 0.0902, 1
0.45428, 0.44207, 0.17141, 0.48252, 0.45321, 0.44248, 0.08124, 0.09592, 1
0.44348, 0.43722, 0.19136, 0.4827, 0.44614, 0.44623, 0.0321, 0.02848, 1
0.44744, 0.43744, 0.21632, 0.4792, 0.45149, 0.44904, 0.02028, 0.01835, 0
0.45947, 0.4489, 0.25882, 0.47199, 0.46524, 0.46239, 0.0394, 0.07531, 0
0.4539, 0.4447, 0.26423, 0.48056, 0.45545, 0.45144, 0.02247, 0.04848, 1
0.47025, 0.45043, 0.20986, 0.4706, 0.47496, 0.47266, 0.10228, 0.12939, 0
0.43506, 0.42597, 0.1889, 0.48496, 0.44056, 0.43981, 0.07363, 0.09827, 0
0.45257, 0.44362, 0.18308, 0.47698, 0.45799, 0.45279, 0.013, 0.03901, 1
0.44337, 0.42945, 0.16301, 0.48155, 0.44768, 0.44098, 0.0917, 0.05895, 1
0.44991, 0.44163, 0.12789, 0.48044, 0.45486, 0.44943, 0.0077, 0.0, 1
0.45295, 0.44141, 0.11862, 0.48193, 0.45475, 0.44756, 0.04994, 0.03174, 0
0.45245, 0.44074, 0.11973, 0.47616, 0.4568, 0.44916, 0.03705, 0.02781, 1
0.45042, 0.43875, 0.12688, 0.47484, 0.45701, 0.4497, 0.02676, 0.01652, 0
0.4426, 0.43386, 0.2402, 0.47829, 0.45257, 0.44499, 0.0391, 0.05744, 0
0.42942, 0.42185, 0.34731, 0.4842, 0.43709, 0.42721, 0.09375, 0.03724, 1
0.4467, 0.44517, 0.33499, 0.48278, 0.44499, 0.44057, 0.05186, 0.05051, 0
0.42915, 0.4102, 0.35875, 0.48405, 0.42845, 0.42234, 0.22652, 0.25066, 1
0.4505, 0.44207, 0.36409, 0.47995, 0.45236, 0.45292, 0.00566, 0.00625, 1
0.44938, 0.44118, 0.19355, 0.47614, 0.45468, 0.44957, 0.01109, 0.0409, 0
0.45678, 0.44205, 0.53696, 0.48082, 0.45651, 0.44417, 0.10925, 0.1076, 0
0.45024, 0.44009, 0.35834, 0.47484, 0.45618, 0.45314, 0.00556, 0.03375, 1
0.44965, 0.43944, 0.31645, 0.47977, 0.45383, 0.44667, 0.02341, 0.03019, 1
0.45381, 0.44577, 0.20877, 0.47276, 0.46524, 0.46069, 0.05069, 0.03658, 0
0.44872, 0.439, 0.21499, 0.47438, 0.46017, 0.45262, 0.02763, 0.04078, 1
0.44514, 0.43138, 0.27087, 0.47682, 0.45189, 0.44812, 0.06566, 0.08402, 1
0.44716, 0.43813, 0.22111, 0.48527, 0.45092, 0.4431, 0.02636, 0.02324, 1
0.45857, 0.44747, 0.24033, 0.47515, 0.4612, 0.45405, 0.04322, 0.03235, 0
0.45083, 0.44162, 0.29171, 0.47337, 0.45941, 0.45736, 0.02554, 0.02443, 1
0.46265, 0.45099, 0.28889, 0.47143, 0.46787, 0.4579, 0.05463, 0.01626, 1
0.41592, 0.41082, 0.2853, 0.4897, 0.41398, 0.40357, 0.1563, 0.14021, 1
0.45223, 0.43728, 0.24228, 0.48, 0.45134, 0.44392, 0.0998, 0.07463, 0
0.44395, 0.43641, 0.2322, 0.48262, 0.4437, 0.43735, 0.03428, 0.06212, 1
0.44841, 0.43988, 0.2087, 0.48242, 0.44965, 0.44656, 0.01256, 0.03561, 0
0.45556, 0.44249, 0.18011, 0.4777, 0.45771, 0.44734, 0.06933, 0.04422, 0
0.45761, 0.44316, 0.38249, 0.47408, 0.46192, 0.45249, 0.0684, 0.064, 0
0.4509, 0.44075, 0.23002, 0.47313, 0.45772, 0.45342, 0.00211, 0.01458, 0
0.4494, 0.43965, 0.22184, 0.47571, 0.45587, 0.45024, 0.00762, 0.03053, 1
0.48525, 0.47338, 0.17822, 0.47281, 0.48392, 0.47573, 0.16099, 0.17206, 1
0.42829, 0.42375, 0.23393, 0.48258, 0.43568, 0.43306, 0.0984, 0.14019, 1
0.38646, 0.38077, 0.29023, 0.48269, 0.39739, 0.38201, 0.29157, 0.31783, 0
0.46914, 0.44929, 0.28133, 0.47194, 0.48842, 0.49394, 0.04118, 0.01636, 0
0.44611, 0.43659, 0.2613, 0.47773, 0.45417, 0.45196, 0.02763, 0.0247, 1
0.45226, 0.44381, 0.25702, 0.47554, 0.45797, 0.45117, 0.01677, 0.01235, 1
0.8835, 0.86268, 0.42225, 0.33116, 0.90247, 0.88472, 0.02904, 0.04939, 0
0.4456, 0.44524, 0.57001, 0.4765, 0.45594, 0.4611, 0.13876, 0.19916, 1
0.44996, 0.4367, 0.32886, 0.47587, 0.45908, 0.46008, 0.02172, 0.05254, 1
0.43109, 0.42818, 0.16567, 0.48301, 0.43962, 0.4399, 0.10467, 0.13874, 1
0.44094, 0.43627, 0.18396, 0.48484, 0.4421, 0.43548, 0.02681, 0.03132, 0
0.47445, 0.45446, 0.18637, 0.47366, 0.47536, 0.45919, 0.16338, 0.2214, 0
0.43794, 0.43221, 0.14516, 0.48154, 0.44314, 0.43728, 0.05002, 0.05601, 1
0.47227, 0.45358, 0.12782, 0.47802, 0.46694, 0.45412, 0.17827, 0.1844, 0
0.43279, 0.42264, 0.13419, 0.48716, 0.42698, 0.41343, 0.14633, 0.17834, 0
0.48443, 0.47824, 0.13755, 0.47029, 0.49368, 0.49762, 0.22151, 0.25128, 0
0.18686, 0.18504, 0.16912, 0.88544, 0.18971, 0.1929, 0.02889, 0.02314, 0
0.43633, 0.42795, 0.20273, 0.48647, 0.4427, 0.43801, 0.0639, 0.04335, 0
0.43642, 0.43359, 0.28733, 0.48684, 0.44059, 0.43498, 0.05833, 0.03616, 1
0.43559, 0.43253, 0.28942, 0.48397, 0.43407, 0.43083, 0.05082, 0.03231, 1
0.44964, 0.44314, 0.27766, 0.47278, 0.46035, 0.45615, 0.07136, 0.05441, 0
0.46214, 0.44836, 0.28981, 0.47961, 0.46127, 0.44391, 0.11615, 0.10474, 0
0.45775, 0.45076, 0.27322, 0.47559, 0.46467, 0.4654, 0.07717, 0.01751, 1
0.43984, 0.43492, 0.31721, 0.48606, 0.4379, 0.43819, 0.03432, 0.03345, 0
0.44929, 0.43837, 0.27416, 0.48436, 0.45211, 0.44603, 0.04039, 0.05646, 0
0.45158, 0.44357, 0.27759, 0.47848, 0.45594, 0.45076, 0.01712, 0.01059, 0
0.2282, 0.21442, 0.25139, 0.55721, 0.22278, 0.21839, 0.16154, 0.18042, 0
0.45229, 0.45507, 0.20202, 0.47505, 0.46179, 0.45931, 0.18649, 0.2216, 0
0.45707, 0.44922, 0.46547, 0.47922, 0.45946, 0.45152, 0.03876, 0.0325, 1
0.45104, 0.44247, 0.45135, 0.48092, 0.45415, 0.45037, 0.00621, 0.03144, 1
0.45521, 0.44419, 0.40799, 0.46989, 0.46355, 0.46117, 0.01807, 0.02412, 0
0.45309, 0.44247, 0.40509, 0.47272, 0.45808, 0.45492, 0.01243, 0.01831, 1
0.4537, 0.44247, 0.39148, 0.47578, 0.45721, 0.45011, 0.03289, 0.02975, 1
0.69339, 0.67998, 0.39843, 0.38136, 0.70807, 0.70262, 0.07411, 0.12482, 1
0.45225, 0.4397, 0.40494, 0.47376, 0.46, 0.45306, 0.02747, 0.04662, 1
0.45085, 0.44224, 0.4163, 0.48038, 0.45392, 0.45241, 0.00539, 0.00596, 0
0.44895, 0.43907, 0.55111, 0.4777, 0.45423, 0.44921, 0.0124, 0.00596, 0
0.44932, 0.44097, 0.54689, 0.47566, 0.45509, 0.45036, 0.0124, 0.02064, 0
0.44649, 0.4338, 0.54252, 0.48061, 0.4507, 0.44653, 0.05946, 0.08427, 0
0.44994, 0.44161, 0.46433, 0.47423, 0.45777, 0.45587, 0.03183, 0.04058, 0
0.45117, 0.43949, 0.1196, 0.4786, 0.45586, 0.45216, 0.03283, 0.0391, 0
0.44621, 0.43823, 0.11156, 0.48007, 0.45156, 0.44537, 0.01593, 0.04112, 0
0.44957, 0.44203, 0.10089, 0.47574, 0.45572, 0.45011, 0.02507, 0.06877, 0
0.45015, 0.44118, 0.10845, 0.47344, 0.45742, 0.45395, 0.01768, 0.04284, 0
0.45194, 0.44478, 0.11267, 0.48136, 0.45459, 0.4464, 0.01742, 0.02509, 0
0.45204, 0.44354, 0.22959, 0.4772, 0.45715, 0.45388, 0.01695, 0.0165, 1
0.45153, 0.44226, 0.17758, 0.48069, 0.45388, 0.44491, 0.03091, 0.02205, 0
0.44636, 0.43845, 0.4177, 0.48373, 0.45028, 0.44245, 0.01423, 0.02551, 1
0.43932, 0.43189, 0.23534, 0.4868, 0.44537, 0.44204, 0.04704, 0.05532, 1
0.4501, 0.44013, 0.27823, 0.47471, 0.45673, 0.45049, 0.0054, 0.00677, 1
0.45309, 0.44351, 0.28352, 0.48079, 0.4564, 0.4496, 0.01947, 0.00596, 1
0.4516, 0.44287, 0.2803, 0.47733, 0.45663, 0.45548, 0.02267, 0.0045, 1
0.46922, 0.45534, 0.17949, 0.47628, 0.46835, 0.45895, 0.10482, 0.13409, 0
0.45431, 0.44591, 0.22115, 0.4695, 0.4593, 0.4544, 0.02693, 0.00998, 0
0.46203, 0.453, 0.27577, 0.46694, 0.46773, 0.46131, 0.05929, 0.06229, 1
0.44883, 0.44075, 0.28261, 0.47959, 0.45405, 0.44724, 0.01097, 0.00687, 0
0.45348, 0.44461, 0.38846, 0.47124, 0.46653, 0.46609, 0.06659, 0.04063, 1
0.46318, 0.45318, 0.22072, 0.4697, 0.46789, 0.46167, 0.05791, 0.05875, 0
0.44459, 0.43326, 0.22397, 0.48467, 0.44928, 0.44375, 0.05115, 0.0712, 1
0.4473, 0.44013, 0.51809, 0.48215, 0.45177, 0.44744, 0.01995, 0.01163, 1
0.43139, 0.43131, 0.51178, 0.47723, 0.44594, 0.4496, 0.16672, 0.17082, 1
0.46834, 0.45909, 0.52368, 0.46811, 0.48283, 0.48406, 0.12715, 0.14617, 1
0.45477, 0.44896, 0.32857, 0.47516, 0.46021, 0.46106, 0.07202, 0.06815, 0
0.44597, 0.43824, 0.28077, 0.47325, 0.45886, 0.45725, 0.07177, 0.04482, 1
0.44843, 0.43908, 0.17517, 0.47806, 0.45251, 0.44986, 0.01072, 0.02421, 1
0.45584, 0.44538, 0.18394, 0.4737, 0.45874, 0.45189, 0.02922, 0.02421, 1
0.44732, 0.4416, 0.20859, 0.47821, 0.45378, 0.451, 0.05267, 0.01989, 1
0.45252, 0.44559, 0.26415, 0.47989, 0.4559, 0.44922, 0.02648, 0.04262, 1
0.45619, 0.4463, 0.59042, 0.47242, 0.45995, 0.45528, 0.02571, 0.01266, 0
0.47733, 0.45936, 0.47134, 0.47386, 0.47574, 0.46462, 0.1513, 0.18241, 0
0.44045, 0.4382, 0.35579, 0.48492, 0.43743, 0.42906, 0.01793, 0.01041, 0
0.451, 0.44225, 0.19136, 0.48054, 0.45404, 0.44389, 0.0203, 0.06064, 1
0.43766, 0.43267, 0.17508, 0.48304, 0.44505, 0.44121, 0.06737, 0.08472, 1
0.44479, 0.43542, 0.14919, 0.48055, 0.45097, 0.44597, 0.02831, 0.02841, 1
0.45914, 0.44759, 0.16301, 0.46735, 0.46503, 0.45891, 0.03406, 0.0241, 0
0.44505, 0.43585, 0.17603, 0.48627, 0.44914, 0.44196, 0.03033, 0.01862, 1
0.44476, 0.43564, 0.17473, 0.48592, 0.44793, 0.44209, 0.03215, 0.0164, 0
0.44356, 0.43719, 0.24533, 0.47616, 0.45336, 0.45087, 0.05783, 0.04853, 1
0.45663, 0.44603, 0.22335, 0.47132, 0.46297, 0.45534, 0.02396, 0.02021, 1
0.44644, 0.43908, 0.21026, 0.48236, 0.45201, 0.44603, 0.02031, 0.01365, 0
0.4513, 0.44308, 0.2042, 0.47548, 0.45733, 0.4533, 0.0214, 0.01695, 0
0.44915, 0.44461, 0.20842, 0.4827, 0.44077, 0.43778, 0.03002, 0.05008, 1
0.46395, 0.46183, 0.18553, 0.47401, 0.46916, 0.45854, 0.13296, 0.13333, 0
0.44088, 0.43443, 0.17476, 0.48433, 0.4321, 0.42198, 0.0809, 0.13681, 0
0.44698, 0.43739, 0.15247, 0.48322, 0.4432, 0.44321, 0.04933, 0.07901, 1
0.44866, 0.44118, 0.14069, 0.48292, 0.44642, 0.44436, 0.01409, 0.03264, 1
0.44653, 0.43802, 0.18584, 0.48486, 0.44606, 0.44347, 0.02464, 0.02058, 1
0.4535, 0.44354, 0.52892, 0.4713, 0.4606, 0.45711, 0.01445, 0.02803, 1
0.4453, 0.4414, 0.44567, 0.48212, 0.45015, 0.4448, 0.05538, 0.03357, 0
0.45229, 0.44161, 0.36625, 0.4726, 0.46183, 0.45673, 0.01094, 0.01389, 1
0.45387, 0.43862, 0.21158, 0.48099, 0.45326, 0.44557, 0.10433, 0.1142, 0
0.45319, 0.44781, 0.15889, 0.47846, 0.45657, 0.45076, 0.05206, 0.01947, 1
0.47336, 0.47935, 0.22907, 0.47289, 0.48427, 0.48849, 0.30586, 0.35383, 0
0.45577, 0.44395, 0.23103, 0.47459, 0.46546, 0.46871, 0.01349, 0.00909, 1
0.45205, 0.44628, 0.14271, 0.48098, 0.4492, 0.45255, 0.02678, 0.01197, 1
0.4463, 0.43843, 0.14347, 0.47889, 0.45164, 0.45024, 0.02662, 0.04316, 1
0.45028, 0.44415, 0.2174, 0.47281, 0.45784, 0.45641, 0.06196, 0.0805, 1
0.46525, 0.46143, 0.24782, 0.47113, 0.48377, 0.48382, 0.1832, 0.19098, 0
0.44645, 0.43457, 0.32504, 0.47429, 0.45936, 0.45619, 0.03314, 0.03986, 1
0.4465, 0.4333, 0.29904, 0.48075, 0.45103, 0.44752, 0.06135, 0.04985, 1
0.45166, 0.44097, 0.3129, 0.48109, 0.45298, 0.4461, 0.04454, 0.03438, 1
0.18852, 0.18953, 0.32791, 0.60707, 0.18665, 0.19421, 0.07384, 0.0571, 1
0.44892, 0.44226, 0.37393, 0.48238, 0.4523, 0.44711, 0.02047, 0.03335, 0
0.41866, 0.4192, 0.35521, 0.47954, 0.435, 0.43887, 0.19377, 0.22639, 0
0.45785, 0.44097, 0.37245, 0.47154, 0.47499, 0.47476, 0.00552, 0.01441, 0
0.46768, 0.45201, 0.39335, 0.47261, 0.47669, 0.45981, 0.07797, 0.10089, 0
0.45151, 0.44291, 0.40655, 0.47703, 0.45951, 0.45299, 0.02325, 0.04817, 1
0.45325, 0.4427, 0.41142, 0.4757, 0.4602, 0.45653, 0.0091, 0.02806, 1
0.44194, 0.43427, 0.42062, 0.48297, 0.44784, 0.44133, 0.03416, 0.0061, 0
0.44919, 0.44205, 0.3741, 0.47927, 0.45386, 0.4446, 0.01163, 0.01403, 0
0.39845, 0.39462, 0.34748, 0.49103, 0.40215, 0.39811, 0.22483, 0.24025, 0
0.45336, 0.44487, 0.32051, 0.47043, 0.46109, 0.45601, 0.03245, 0.05033, 1
0.43962, 0.43817, 0.20619, 0.48458, 0.42639, 0.41057, 0.06289, 0.07641, 0
0.38195, 0.3734, 0.17975, 0.4816, 0.39767, 0.40538, 0.32851, 0.37372, 1
0.44917, 0.4388, 0.17246, 0.47577, 0.46078, 0.44866, 0.01164, 0.0569, 1
0.4488, 0.44246, 0.26793, 0.47698, 0.45486, 0.45359, 0.04671, 0.033, 1
0.45765, 0.44608, 0.2651, 0.46759, 0.46296, 0.4585, 0.02855, 0.04131, 0
0.46624, 0.45268, 0.25286, 0.47412, 0.47719, 0.48766, 0.07952, 0.05731, 1
0.44701, 0.43353, 0.14233, 0.48444, 0.44872, 0.4407, 0.09294, 0.02524, 1
0.39768, 0.40219, 0.13022, 0.48828, 0.40545, 0.4085, 0.22932, 0.24317, 1
0.44699, 0.44161, 0.14551, 0.48054, 0.45247, 0.45011, 0.04984, 0.04328, 0
0.45116, 0.44267, 0.18632, 0.47327, 0.45828, 0.45243, 0.02086, 0.01041, 0
0.45342, 0.44053, 0.21843, 0.47475, 0.45896, 0.45102, 0.04531, 0.03712, 1
0.45345, 0.44183, 0.24522, 0.4732, 0.45953, 0.45234, 0.02374, 0.00832, 1
0.43366, 0.45607, 0.26692, 0.47952, 0.44227, 0.45364, 0.42271, 0.36792, 0
0.45358, 0.44464, 0.21992, 0.48023, 0.45712, 0.44932, 0.01991, 0.0144, 1
0.44517, 0.43643, 0.22295, 0.47571, 0.45329, 0.45233, 0.03691, 0.06596, 0
0.45307, 0.44464, 0.21583, 0.47088, 0.46189, 0.45968, 0.04314, 0.04682, 0
0.45428, 0.44422, 0.19818, 0.47176, 0.46238, 0.45497, 0.01509, 0.01618, 1
0.4607, 0.44678, 0.36774, 0.47251, 0.46831, 0.45781, 0.04795, 0.0242, 1
0.44795, 0.42888, 0.29891, 0.47339, 0.46901, 0.48006, 0.06259, 0.03925, 0
0.46508, 0.45156, 0.29893, 0.47215, 0.48294, 0.48206, 0.06173, 0.04267, 1
0.44703, 0.44011, 0.20921, 0.47773, 0.45304, 0.44893, 0.03455, 0.03086, 0
0.45265, 0.44377, 0.19049, 0.47178, 0.45922, 0.45558, 0.02493, 0.04206, 0
0.45127, 0.44463, 0.19231, 0.47539, 0.45755, 0.4548, 0.04291, 0.0379, 0
0.44828, 0.43903, 0.1796, 0.48496, 0.45269, 0.44489, 0.01774, 0.02482, 0
0.44857, 0.43968, 0.16715, 0.48136, 0.45396, 0.44815, 0.00749, 0.02866, 0
0.45008, 0.43674, 0.2419, 0.47472, 0.45793, 0.46333, 0.02154, 0.03918, 0
0.44912, 0.44012, 0.30548, 0.47408, 0.45582, 0.45255, 0.01341, 0.0193, 0
0.44247, 0.43399, 0.35232, 0.48753, 0.44378, 0.43562, 0.04711, 0.04964, 0
0.44738, 0.44182, 0.36044, 0.48346, 0.4501, 0.44446, 0.0232, 0.01806, 0
0.45152, 0.44245, 0.3789, 0.47307, 0.45749, 0.45447, 0.01543, 0.01481, 0
0.45567, 0.4433, 0.27577, 0.47796, 0.45818, 0.45114, 0.05061, 0.03476, 1
0.44152, 0.43632, 0.15601, 0.4801, 0.44649, 0.4478, 0.05636, 0.02003, 0
0.45164, 0.44267, 0.13188, 0.47193, 0.4633, 0.45962, 0.04488, 0.04907, 0
0.46468, 0.45009, 0.14403, 0.46978, 0.47195, 0.46283, 0.06048, 0.02383, 1
0.45966, 0.44839, 0.16715, 0.47461, 0.46478, 0.46129, 0.03637, 0.03862, 1
0.46971, 0.45816, 0.18468, 0.46554, 0.47683, 0.4721, 0.08262, 0.05871, 1
0.45773, 0.4397, 0.18637, 0.47668, 0.46, 0.45191, 0.1189, 0.11547, 1
0.44493, 0.43526, 0.17816, 0.4839, 0.44572, 0.43497, 0.06344, 0.06073, 1
0.45052, 0.44033, 0.16072, 0.48345, 0.45262, 0.44586, 0.03224, 0.04909, 1
0.45342, 0.44504, 0.28999, 0.47342, 0.46197, 0.46426, 0.05348, 0.02634, 0
0.44958, 0.44396, 0.26345, 0.48304, 0.44445, 0.42953, 0.04659, 0.0241, 1
0.44138, 0.44011, 0.2561, 0.47717, 0.45201, 0.45957, 0.1484, 0.22005, 0
0.45464, 0.44438, 0.21298, 0.47793, 0.45891, 0.47271, 0.03399, 0.03277, 0
0.45184, 0.44076, 0.19814, 0.47567, 0.45754, 0.46225, 0.00742, 0.01574, 0
0.46662, 0.44843, 0.1909, 0.47715, 0.46556, 0.45334, 0.14331, 0.12656, 1
0.45069, 0.44395, 0.43294, 0.47267, 0.45939, 0.4545, 0.05332, 0.06631, 0
0.45987, 0.44942, 0.31198, 0.47995, 0.46119, 0.45273, 0.05631, 0.04619, 1
0.47554, 0.46797, 0.2361, 0.46917, 0.49839, 0.5087, 0.23374, 0.23315, 1
0.44986, 0.44587, 0.24922, 0.47795, 0.45635, 0.46109, 0.08845, 0.09334, 0
0.42013, 0.42207, 0.24258, 0.47888, 0.43484, 0.42076, 0.15994, 0.09408, 0
0.39333, 0.40546, 0.30806, 0.48762, 0.4003, 0.40155, 0.26198, 0.22339, 0
0.44939, 0.44118, 0.3402, 0.48289, 0.44751, 0.44644, 0.01444, 0.0249, 1
0.43844, 0.42823, 0.33801, 0.48035, 0.44537, 0.44435, 0.0625, 0.12463, 0
0.21519, 0.20946, 0.33575, 0.54177, 0.21842, 0.22312, 0.18723, 0.18788, 0
0.45191, 0.44205, 0.19278, 0.47785, 0.45665, 0.45836, 0.01162, 0.01597, 0
0.46238, 0.45288, 0.17007, 0.46905, 0.47139, 0.46848, 0.0712, 0.07798, 1
0.45203, 0.43837, 0.1542, 0.47364, 0.45978, 0.45496, 0.03361, 0.04023, 1
0.45589, 0.44378, 0.12702, 0.47693, 0.45942, 0.45076, 0.04868, 0.02947, 1
0.44828, 0.44032, 0.28632, 0.47982, 0.45425, 0.44814, 0.01503, 0.02392, 0
0.45389, 0.44335, 0.28115, 0.47087, 0.46275, 0.45875, 0.01782, 0.04268, 1
0.44731, 0.4414, 0.35093, 0.47758, 0.45294, 0.46132, 0.07734, 0.0679, 0
0.44384, 0.43859, 0.2411, 0.47968, 0.4508, 0.4505, 0.06266, 0.07612, 0
0.45028, 0.43863, 0.29548, 0.48134, 0.45368, 0.44521, 0.04438, 0.05945, 1
0.43876, 0.42888, 0.2949, 0.48633, 0.43638, 0.42581, 0.09802, 0.10883, 0
0.45582, 0.44564, 0.27041, 0.48056, 0.45465, 0.45229, 0.04299, 0.01583, 1
0.45297, 0.4465, 0.22147, 0.47272, 0.46256, 0.4568, 0.06397, 0.07418, 0
0.46339, 0.44629, 0.19809, 0.47207, 0.4748, 0.48273, 0.02464, 0.06603, 1
0.44732, 0.43927, 0.18093, 0.47784, 0.45275, 0.44135, 0.0094, 0.01854, 0
0.45171, 0.44033, 0.1697, 0.47436, 0.45734, 0.45281, 0.01823, 0.00453, 1
0.45215, 0.4431, 0.17942, 0.47396, 0.45786, 0.45127, 0.01066, 0.01039, 1
0.44804, 0.43924, 0.27491, 0.47929, 0.45308, 0.44893, 0.01081, 0.01149, 0
0.45896, 0.44356, 0.27363, 0.4708, 0.46823, 0.46489, 0.03275, 0.02939, 1
0.45702, 0.44658, 0.24767, 0.4714, 0.46337, 0.45639, 0.02757, 0.0151, 1
0.45235, 0.44032, 0.23648, 0.48006, 0.45647, 0.44723, 0.04709, 0.01827, 1
0.44961, 0.43794, 0.1877, 0.48012, 0.45364, 0.44474, 0.04775, 0.03655, 1
0.46092, 0.44831, 0.18751, 0.47922, 0.46054, 0.44906, 0.08487, 0.07236, 1
0.45131, 0.44161, 0.20217, 0.47572, 0.45724, 0.45448, 0.00739, 0.01632, 0
0.49021, 0.4688, 0.29437, 0.47545, 0.48339, 0.4671, 0.23352, 0.26179, 1
0.45096, 0.44313, 0.30622, 0.47625, 0.45579, 0.4505, 0.01874, 0.0, 0
0.451, 0.44097, 0.31899, 0.4807, 0.45502, 0.44998, 0.01626, 0.0046, 1
0.44902, 0.44075, 0.31116, 0.47964, 0.45452, 0.4505, 0.01457, 0.01054, 0
0.45266, 0.44162, 0.29171, 0.47149, 0.45909, 0.45403, 0.01102, 0.01281, 1
0.45001, 0.44246, 0.21491, 0.47263, 0.45814, 0.45308, 0.03615, 0.07476, 0
0.4686, 0.45888, 0.22911, 0.47196, 0.47102, 0.46174, 0.08586, 0.09209, 1
0.44868, 0.43799, 0.20259, 0.48265, 0.44988, 0.44495, 0.04371, 0.04764, 1
0.45674, 0.44799, 0.21154, 0.46968, 0.46332, 0.45836, 0.03916, 0.04905, 1
0.4534, 0.44373, 0.21179, 0.48004, 0.45698, 0.45049, 0.0188, 0.02757, 1
0.43387, 0.42971, 0.20471, 0.48168, 0.44293, 0.44135, 0.09004, 0.13142, 0
0.45446, 0.44352, 0.19918, 0.48139, 0.45717, 0.44663, 0.04585, 0.03151, 1
0.45044, 0.43991, 0.19114, 0.48401, 0.4513, 0.44174, 0.05365, 0.03731, 1
0.45561, 0.44544, 0.18922, 0.47035, 0.46366, 0.45811, 0.02316, 0.01802, 1
0.44904, 0.43906, 0.17975, 0.4807, 0.45403, 0.44598, 0.02368, 0.04201, 1
0.43869, 0.43276, 0.27931, 0.4775, 0.44904, 0.44736, 0.07513, 0.07487, 0
0.44729, 0.44205, 0.19961, 0.48245, 0.45039, 0.44069, 0.02205, 0.02938, 0
0.45372, 0.44421, 0.1031, 0.4724, 0.46282, 0.45483, 0.02325, 0.05375, 1
0.44849, 0.43967, 0.103, 0.47325, 0.45634, 0.45351, 0.02461, 0.04859, 0
0.43004, 0.42973, 0.13756, 0.48651, 0.43086, 0.42117, 0.06702, 0.03657, 0
0.50077, 0.48475, 0.14558, 0.46656, 0.50242, 0.49622, 0.2125, 0.18463, 1
0.45129, 0.45135, 0.14662, 0.47629, 0.45831, 0.4543, 0.12402, 0.1179, 0
0.45309, 0.44378, 0.15364, 0.48156, 0.4553, 0.44722, 0.02507, 0.03778, 1
0.4572, 0.44335, 0.16143, 0.47711, 0.45906, 0.45352, 0.06594, 0.0657, 1
0.44116, 0.43208, 0.24233, 0.48412, 0.44689, 0.4417, 0.04452, 0.0295, 0
0.46225, 0.44877, 0.25235, 0.47833, 0.46198, 0.4526, 0.08279, 0.10769, 1
0.45172, 0.44162, 0.20428, 0.47495, 0.45748, 0.45024, 0.01107, 0.03127, 1
0.44591, 0.43621, 0.31494, 0.47439, 0.45689, 0.45325, 0.03358, 0.09001, 0
0.44225, 0.43272, 0.34682, 0.4753, 0.45789, 0.45182, 0.06105, 0.03027, 0
0.47042, 0.45334, 0.36054, 0.47716, 0.46893, 0.45155, 0.15653, 0.14128, 1
0.45258, 0.44356, 0.2964, 0.47949, 0.45539, 0.45233, 0.01159, 0.01399, 1
0.45112, 0.43515, 0.2831, 0.48002, 0.45282, 0.44527, 0.10504, 0.11557, 1
0.44676, 0.4386, 0.28884, 0.48337, 0.44788, 0.43927, 0.0314, 0.01216, 1
0.44146, 0.43688, 0.27297, 0.48416, 0.44633, 0.44476, 0.05449, 0.03902, 0
0.45136, 0.44395, 0.37885, 0.48306, 0.44939, 0.44159, 0.02985, 0.01859, 1
0.4466, 0.43842, 0.38651, 0.48378, 0.44545, 0.44056, 0.02984, 0.03652, 1
0.42059, 0.42077, 0.41592, 0.48526, 0.42901, 0.43143, 0.15045, 0.1625, 0
0.44951, 0.4399, 0.39468, 0.48102, 0.45426, 0.44856, 0.01235, 0.0142, 0
0.4473, 0.43948, 0.39551, 0.48138, 0.45289, 0.44778, 0.01646, 0.02562, 0
0.41374, 0.42015, 0.2242, 0.48739, 0.41593, 0.4125, 0.15915, 0.18241, 0
0.487, 0.477, 0.22971, 0.47467, 0.48489, 0.48021, 0.17284, 0.19516, 1
0.44413, 0.42525, 0.23776, 0.48277, 0.43989, 0.43865, 0.18222, 0.23437, 1
0.47238, 0.45464, 0.22638, 0.47711, 0.47099, 0.45205, 0.16835, 0.17678, 1
0.50753, 0.49713, 0.22007, 0.47298, 0.50346, 0.50045, 0.26999, 0.26713, 1
0.43077, 0.421, 0.20727, 0.48284, 0.43106, 0.42216, 0.10707, 0.12683, 0
0.4469, 0.43779, 0.14827, 0.48687, 0.44866, 0.44291, 0.02685, 0.02157, 0
0.44869, 0.43355, 0.15865, 0.48085, 0.45126, 0.44612, 0.09275, 0.08885, 1
0.44798, 0.43928, 0.16645, 0.4828, 0.44898, 0.43906, 0.02813, 0.03413, 1
0.45214, 0.44097, 0.40068, 0.47402, 0.46277, 0.45222, 0.0021, 0.04047, 0
0.43784, 0.43728, 0.37298, 0.48204, 0.44274, 0.43447, 0.08548, 0.01156, 0
0.45301, 0.44683, 0.13876, 0.47121, 0.46526, 0.468, 0.10169, 0.0653, 0
0.45026, 0.43553, 0.12436, 0.47847, 0.45426, 0.43681, 0.09829, 0.10895, 1
0.44816, 0.43988, 0.12379, 0.48241, 0.45146, 0.44747, 0.00726, 0.00835, 0
0.43652, 0.42772, 0.12595, 0.48209, 0.44433, 0.44037, 0.06539, 0.06231, 0
0.45091, 0.44336, 0.15428, 0.47515, 0.45801, 0.45063, 0.02753, 0.01521, 0
0.46176, 0.45228, 0.17983, 0.47054, 0.4697, 0.4658, 0.06375, 0.09116, 1
0.44115, 0.43597, 0.18116, 0.48724, 0.44539, 0.44129, 0.04122, 0.02232, 0
0.45856, 0.44662, 0.17944, 0.47047, 0.46357, 0.46078, 0.0309, 0.04565, 1
0.45075, 0.44397, 0.38629, 0.47166, 0.4714, 0.47605, 0.14556, 0.17928, 0
0.45722, 0.44225, 0.25013, 0.48093, 0.45595, 0.45075, 0.10184, 0.04993, 1
0.45212, 0.44418, 0.11876, 0.47899, 0.45651, 0.44402, 0.01612, 0.02089, 1
0.44926, 0.4399, 0.11094, 0.48268, 0.45283, 0.4457, 0.02231, 0.02244, 1
0.45203, 0.44204, 0.12477, 0.47177, 0.4612, 0.45711, 0.02186, 0.02282, 0
0.44827, 0.44482, 0.25136, 0.47565, 0.45731, 0.45724, 0.10348, 0.0974, 0
0.44233, 0.43733, 0.22917, 0.48515, 0.44663, 0.44246, 0.04029, 0.01368, 0
0.45443, 0.44396, 0.24387, 0.47714, 0.45726, 0.45127, 0.02999, 0.05592, 1
0.44719, 0.4414, 0.25493, 0.47857, 0.45312, 0.4527, 0.05182, 0.05374, 0
0.45301, 0.45198, 0.29764, 0.47835, 0.4576, 0.44998, 0.10107, 0.15262, 1
0.46112, 0.44909, 0.52201, 0.46626, 0.46665, 0.46022, 0.04407, 0.03063, 1
0.4452, 0.43109, 0.49261, 0.48274, 0.4488, 0.44066, 0.09117, 0.03069, 0
0.74443, 0.7344, 0.30222, 0.38298, 0.76057, 0.75226, 0.13535, 0.13593, 1
0.48449, 0.48179, 0.18966, 0.4685, 0.50786, 0.51051, 0.31375, 0.23154, 1
0.44651, 0.4349, 0.1831, 0.48308, 0.44913, 0.44104, 0.06382, 0.05224, 1
0.45309, 0.44422, 0.18699, 0.48116, 0.45418, 0.44498, 0.03247, 0.02276, 1
0.46986, 0.45919, 0.17987, 0.47284, 0.47197, 0.46706, 0.0878, 0.09845, 1
0.44903, 0.43858, 0.18963, 0.47292, 0.46208, 0.46169, 0.05235, 0.05172, 0
0.44064, 0.43644, 0.31619, 0.48579, 0.44342, 0.43808, 0.03972, 0.05581, 0
0.45306, 0.44378, 0.3333, 0.47422, 0.45977, 0.46018, 0.0282, 0.0283, 0
0.44786, 0.44097, 0.40745, 0.47648, 0.45458, 0.4522, 0.03798, 0.04196, 0
0.46838, 0.45373, 0.39225, 0.47026, 0.47041, 0.46256, 0.08892, 0.07426, 1
0.4511, 0.44295, 0.37506, 0.47205, 0.45997, 0.45693, 0.03789, 0.0962, 0
0.47512, 0.47962, 0.35671, 0.47581, 0.47695, 0.46925, 0.24416, 0.26237, 1
0.48166, 0.46792, 0.34951, 0.47407, 0.48318, 0.48545, 0.13472, 0.15263, 1
0.45021, 0.44493, 0.23712, 0.47393, 0.45894, 0.45291, 0.07045, 0.05501, 0
0.45422, 0.44052, 0.24228, 0.47246, 0.46377, 0.45759, 0.02417, 0.02116, 1
0.46677, 0.45254, 0.28193, 0.47018, 0.47272, 0.46373, 0.06523, 0.06455, 1
0.44386, 0.43162, 0.27429, 0.48074, 0.44892, 0.44269, 0.06818, 0.06201, 0
0.44509, 0.43585, 0.27943, 0.4835, 0.4502, 0.44646, 0.02681, 0.0132, 0
0.44897, 0.44141, 0.2259, 0.47553, 0.45591, 0.45051, 0.02793, 0.02028, 0
0.47795, 0.46639, 0.27895, 0.46991, 0.47964, 0.4699, 0.12471, 0.17924, 1
0.4366, 0.42894, 0.38309, 0.4874, 0.44086, 0.43725, 0.05909, 0.07792, 0
0.44875, 0.43965, 0.41823, 0.47472, 0.45611, 0.45382, 0.02491, 0.02299, 0
0.45822, 0.44797, 0.44237, 0.47375, 0.463, 0.46005, 0.0328, 0.0263, 1
0.45182, 0.44274, 0.45753, 0.48202, 0.45279, 0.44808, 0.02178, 0.01086, 1
0.44396, 0.43659, 0.26822, 0.47635, 0.45665, 0.43792, 0.04118, 0.03983, 0
0.45163, 0.43834, 0.23699, 0.47575, 0.45865, 0.44957, 0.05133, 0.04907, 1
0.44437, 0.43659, 0.21935, 0.48263, 0.44733, 0.446, 0.02283, 0.05271, 0
0.45932, 0.45075, 0.21827, 0.47111, 0.46431, 0.45887, 0.04796, 0.02736, 1
0.44583, 0.45139, 0.32497, 0.47406, 0.4647, 0.46422, 0.24972, 0.30242, 0
0.40165, 0.39138, 0.30323, 0.4825, 0.41338, 0.40879, 0.2409, 0.34883, 0
0.45637, 0.44496, 0.23334, 0.46883, 0.4637, 0.4594, 0.01908, 0.00711, 1
0.45745, 0.44385, 0.21173, 0.47405, 0.46142, 0.45293, 0.06084, 0.04504, 1
0.43376, 0.42808, 0.19367, 0.48552, 0.44073, 0.43462, 0.0691, 0.05354, 0
0.44887, 0.43874, 0.10285, 0.48459, 0.45243, 0.44647, 0.02687, 0.0308, 1
0.43625, 0.42763, 0.14999, 0.4885, 0.43353, 0.42707, 0.05374, 0.06992, 0
0.44818, 0.44118, 0.14843, 0.48216, 0.44934, 0.44727, 0.01115, 0.01442, 0
0.44399, 0.42494, 0.17027, 0.47835, 0.44978, 0.44242, 0.14408, 0.1818, 0
0.48774, 0.46417, 0.16727, 0.47052, 0.49272, 0.48689, 0.16434, 0.22978, 1
0.41158, 0.40381, 0.17297, 0.48287, 0.42194, 0.42072, 0.18033, 0.24826, 0
0.4539, 0.44364, 0.1525, 0.46922, 0.46068, 0.45335, 0.01311, 0.0126, 1
0.44917, 0.44029, 0.15281, 0.48499, 0.45446, 0.44753, 0.0057, 0.03777, 0
0.45028, 0.44185, 0.15046, 0.48361, 0.45165, 0.44429, 0.02075, 0.04855, 1
0.45032, 0.43919, 0.24687, 0.48292, 0.44609, 0.44244, 0.07293, 0.0, 1
0.44876, 0.43364, 0.30881, 0.48079, 0.45035, 0.44123, 0.11351, 0.00473, 1
0.43559, 0.43209, 0.30353, 0.48448, 0.43985, 0.42968, 0.054, 0.03073, 0
0.45198, 0.44407, 0.305, 0.47463, 0.45843, 0.45104, 0.02175, 0.03691, 1
0.44747, 0.43963, 0.25089, 0.4805, 0.45252, 0.44553, 0.00934, 0.00627, 0
0.45885, 0.44696, 0.16306, 0.47743, 0.46109, 0.45212, 0.05576, 0.04501, 1
0.4593, 0.44819, 0.21023, 0.48009, 0.45774, 0.44997, 0.0645, 0.06675, 1
0.44406, 0.43418, 0.20669, 0.4855, 0.44266, 0.43738, 0.06442, 0.01822, 0
0.46577, 0.46645, 0.30232, 0.47144, 0.47981, 0.477, 0.21583, 0.24139, 1
0.44661, 0.43701, 0.29428, 0.48649, 0.44921, 0.44279, 0.03409, 0.01828, 0
0.45037, 0.44293, 0.22619, 0.48114, 0.4504, 0.44865, 0.01115, 0.04809, 1
0.4469, 0.43528, 0.2254, 0.47426, 0.45563, 0.45355, 0.02853, 0.05278, 0
0.43676, 0.43311, 0.2582, 0.48639, 0.44053, 0.43331, 0.04979, 0.11848, 0
0.46928, 0.4565, 0.25232, 0.46953, 0.47551, 0.47436, 0.07398, 0.04275, 1
0.46317, 0.44905, 0.18976, 0.47665, 0.46383, 0.45421, 0.08559, 0.06829, 1
0.45066, 0.44031, 0.12038, 0.48081, 0.45578, 0.44918, 0.01876, 0.02689, 1
0.4477, 0.44075, 0.11969, 0.48441, 0.44979, 0.44322, 0.00211, 0.0084, 0
0.45313, 0.44316, 0.20595, 0.47206, 0.45878, 0.45357, 0.01102, 0.03047, 1
0.45056, 0.43899, 0.20617, 0.48229, 0.45265, 0.44451, 0.05247, 0.067, 1
0.45309, 0.44668, 0.26403, 0.47801, 0.45732, 0.45064, 0.0357, 0.02704, 1
0.45917, 0.44844, 0.23409, 0.47278, 0.46471, 0.46276, 0.0362, 0.08522, 1
0.45461, 0.44316, 0.19031, 0.47634, 0.45856, 0.45144, 0.03264, 0.03451, 1
0.44573, 0.43679, 0.18786, 0.48687, 0.45, 0.44465, 0.02388, 0.01858, 0
0.1605, 0.15809, 0.38533, 0.84406, 0.16218, 0.16403, 0.00635, 0.0, 0
0.45038, 0.44163, 0.41567, 0.47536, 0.45644, 0.45024, 0.00777, 0.0, 0
0.45146, 0.4423, 0.47666, 0.47122, 0.45806, 0.45376, 0.01413, 0.0, 0
0.45298, 0.44185, 0.48646, 0.48244, 0.45425, 0.44564, 0.05045, 0.05035, 1
0.44858, 0.43918, 0.49822, 0.48471, 0.4491, 0.44145, 0.04032, 0.03804, 1
0.44997, 0.44074, 0.39617, 0.47371, 0.45582, 0.45091, 0.00431, 0.00629, 0
0.45029, 0.44185, 0.23239, 0.47544, 0.45572, 0.4501, 0.00986, 0.00857, 0
0.44443, 0.4365, 0.21429, 0.48692, 0.45029, 0.44605, 0.02609, 0.03453, 0
0.45972, 0.44453, 0.19941, 0.4755, 0.46248, 0.45917, 0.07457, 0.05157, 1
0.44115, 0.43739, 0.23666, 0.48387, 0.44563, 0.44213, 0.05707, 0.06658, 0
0.76028, 0.74488, 0.28813, 0.35611, 0.76692, 0.75048, 0.01347, 0.01092, 1
0.45039, 0.43894, 0.19974, 0.47639, 0.45998, 0.46452, 0.01083, 0.01244, 0
0.45278, 0.44276, 0.18871, 0.4757, 0.46129, 0.45024, 0.00945, 0.038, 1
0.44951, 0.44231, 0.11271, 0.47392, 0.45764, 0.45432, 0.03979, 0.0259, 0
0.44774, 0.44253, 0.1292, 0.48136, 0.45263, 0.44901, 0.0418, 0.05251, 0
0.41502, 0.39573, 0.15397, 0.48677, 0.39386, 0.37029, 0.4227, 0.48686, 0
0.44792, 0.44386, 0.15818, 0.48054, 0.44161, 0.44808, 0.02907, 0.02879, 0
0.45531, 0.45299, 0.27968, 0.47615, 0.46622, 0.45132, 0.07598, 0.11594, 1
0.46304, 0.44943, 0.23747, 0.47274, 0.4661, 0.45672, 0.07323, 0.07726, 1
0.45437, 0.44586, 0.23361, 0.48189, 0.45441, 0.44444, 0.03884, 0.03921, 1
0.45556, 0.44854, 0.21438, 0.46907, 0.46333, 0.45982, 0.06153, 0.06535, 1
0.4511, 0.43854, 0.24176, 0.48209, 0.44916, 0.43462, 0.09658, 0.04481, 1
0.44897, 0.43875, 0.31119, 0.48523, 0.4517, 0.44515, 0.0335, 0.02093, 1
0.42818, 0.42043, 0.20821, 0.48902, 0.43415, 0.42856, 0.10042, 0.0863, 0
0.42418, 0.42168, 0.24867, 0.48555, 0.4054, 0.38822, 0.14891, 0.04995, 0
0.45868, 0.44864, 0.33057, 0.47802, 0.45855, 0.45621, 0.04036, 0.04772, 1
0.44779, 0.43724, 0.38319, 0.48333, 0.45042, 0.44586, 0.03805, 0.05963, 0
0.45088, 0.44075, 0.41877, 0.48279, 0.45195, 0.44466, 0.03666, 0.08786, 1
0.44912, 0.44075, 0.36702, 0.47709, 0.45551, 0.45276, 0.02208, 0.01071, 0
0.03313, 0.01589, 0.24055, 0.50708, 0.05599, 0.07503, 0.01691, 0.0142, 0
0.6104, 0.59918, 0.23623, 0.36968, 0.62147, 0.613, 0.04514, 0.04572, 1
0.45062, 0.44207, 0.23359, 0.47205, 0.46023, 0.45834, 0.04119, 0.06284, 0
0.45359, 0.44519, 0.2355, 0.48154, 0.45473, 0.44862, 0.0244, 0.03193, 1
0.44947, 0.4394, 0.22771, 0.47991, 0.45349, 0.44983, 0.01409, 0.0303, 0
0.44627, 0.43673, 0.21047, 0.47589, 0.45411, 0.45145, 0.02615, 0.01035, 0
0.4466, 0.43829, 0.16678, 0.48411, 0.44701, 0.4404, 0.02789, 0.02874, 0
0.44126, 0.43585, 0.16271, 0.48467, 0.44543, 0.44404, 0.04518, 0.05571, 0
0.44633, 0.43963, 0.17332, 0.48351, 0.44982, 0.44296, 0.01502, 0.01441, 0
0.44582, 0.43607, 0.18427, 0.47921, 0.45162, 0.44781, 0.02474, 0.01232, 0
0.44359, 0.43338, 0.21752, 0.4745, 0.45702, 0.45267, 0.04918, 0.04053, 0
0.44155, 0.43272, 0.24681, 0.48501, 0.44658, 0.43647, 0.04844, 0.05288, 0
0.45299, 0.44163, 0.27996, 0.47294, 0.45816, 0.45226, 0.0224, 0.00855, 1
0.45472, 0.44563, 0.29754, 0.47077, 0.46176, 0.45496, 0.02612, 0.04762, 1
0.45174, 0.44073, 0.48553, 0.47748, 0.45681, 0.44667, 0.03414, 0.04118, 1
0.43893, 0.43373, 0.15464, 0.48536, 0.44329, 0.44285, 0.05351, 0.05312, 0
0.45378, 0.44277, 0.16728, 0.47144, 0.46185, 0.45928, 0.00951, 0.01051, 1
0.44481, 0.43508, 0.21203, 0.47866, 0.45083, 0.4475, 0.02949, 0.02409, 0
0.44245, 0.43463, 0.22428, 0.48595, 0.44841, 0.44257, 0.03299, 0.03018, 0
0.44038, 0.43145, 0.27702, 0.47947, 0.44657, 0.43556, 0.05136, 0.05674, 0
0.17839, 0.18217, 0.25924, 0.57741, 0.18089, 0.18597, 0.11944, 0.1773, 0
0.44209, 0.43599, 0.22292, 0.48433, 0.43951, 0.42575, 0.04373, 0.02928, 0
0.4476, 0.44209, 0.21003, 0.48243, 0.44624, 0.43902, 0.00436, 0.01736, 1
0.45636, 0.44616, 0.20989, 0.46943, 0.46514, 0.46243, 0.03302, 0.03243, 1
0.42934, 0.42741, 0.19351, 0.48267, 0.43883, 0.44175, 0.12323, 0.14017, 0
0.45675, 0.44834, 0.18739, 0.47337, 0.46281, 0.46, 0.0457, 0.02656, 1
0.45676, 0.44544, 0.14738, 0.47335, 0.46188, 0.45254, 0.03477, 0.04536, 1
0.45168, 0.44409, 0.12542, 0.47825, 0.45675, 0.45376, 0.02808, 0.0438, 0
0.44431, 0.43895, 0.16834, 0.48361, 0.4445, 0.43928, 0.01077, 0.05122, 0
0.4444, 0.43784, 0.19426, 0.48465, 0.44289, 0.43808, 0.01862, 0.00629, 0
0.41166, 0.4122, 0.2109, 0.47924, 0.42997, 0.43848, 0.22711, 0.20566, 0
0.44849, 0.4385, 0.25757, 0.47497, 0.45786, 0.45105, 0.0135, 0.03283, 0
0.45161, 0.44118, 0.25908, 0.48021, 0.45592, 0.45037, 0.01872, 0.02351, 1
0.44503, 0.43595, 0.53929, 0.48373, 0.45052, 0.44652, 0.02531, 0.03394, 0
0.44473, 0.43573, 0.30331, 0.4866, 0.44716, 0.43923, 0.03738, 0.02384, 0
0.45121, 0.44391, 0.25487, 0.47628, 0.45745, 0.45506, 0.0402, 0.04287, 0
0.4556, 0.44573, 0.16627, 0.47735, 0.45869, 0.4523, 0.02474, 0.10827, 1
0.45754, 0.44957, 0.17434, 0.47027, 0.46202, 0.45944, 0.05172, 0.08011, 1
0.48117, 0.47735, 0.15617, 0.47057, 0.49038, 0.48028, 0.2015, 0.21902, 1
0.45052, 0.4405, 0.11714, 0.47382, 0.46505, 0.46238, 0.0401, 0.07024, 0
0.4494, 0.43868, 0.12732, 0.48051, 0.45616, 0.44541, 0.03099, 0.02341, 1
0.44815, 0.44005, 0.12261, 0.47882, 0.45412, 0.45051, 0.01798, 0.02521, 0
0.45959, 0.44802, 0.11164, 0.46641, 0.46506, 0.45962, 0.03631, 0.01113, 1
0.45048, 0.44186, 0.37541, 0.4821, 0.4563, 0.44725, 0.00375, 0.01332, 1
0.45386, 0.44343, 0.34685, 0.48055, 0.4579, 0.44983, 0.0284, 0.05641, 1
0.45072, 0.44029, 0.31986, 0.4835, 0.45336, 0.44602, 0.03774, 0.04782, 1
0.44916, 0.44029, 0.29168, 0.48435, 0.45127, 0.44399, 0.0229, 0.00717, 1
0.44596, 0.43872, 0.26955, 0.48556, 0.44918, 0.44385, 0.01316, 0.01673, 0
0.45092, 0.44208, 0.26497, 0.48197, 0.45335, 0.44888, 0.00864, 0.02491, 1
0.40176, 0.39488, 0.32337, 0.48205, 0.41702, 0.42136, 0.22991, 0.22988, 0
0.43473, 0.42684, 0.31809, 0.47507, 0.45055, 0.45363, 0.10765, 0.09129, 0
0.44455, 0.42215, 0.17383, 0.48297, 0.44053, 0.43165, 0.24086, 0.27938, 1
0.40612, 0.41435, 0.11947, 0.48436, 0.41505, 0.41337, 0.2336, 0.20985, 0
0.44784, 0.44006, 0.11163, 0.48016, 0.45476, 0.44833, 0.01774, 0.01808, 0
0.44141, 0.43581, 0.13753, 0.48377, 0.444, 0.44317, 0.0369, 0.02585, 0
0.42994, 0.42346, 0.3559, 0.4883, 0.43592, 0.4293, 0.08629, 0.09387, 0
0.4545, 0.44096, 0.38131, 0.4776, 0.45877, 0.45313, 0.04755, 0.07574, 1
0.45307, 0.44619, 0.36916, 0.47137, 0.46434, 0.465, 0.08717, 0.09063, 0
0.44144, 0.43323, 0.30188, 0.48496, 0.4377, 0.41911, 0.09718, 0.08975, 1
0.46368, 0.46103, 0.28662, 0.47247, 0.47781, 0.48797, 0.20487, 0.25783, 0
0.45597, 0.44506, 0.25283, 0.47863, 0.46128, 0.4519, 0.03104, 0.05053, 1
0.45923, 0.44461, 0.30629, 0.47144, 0.47308, 0.4692, 0.01909, 0.05084, 1
0.44459, 0.43413, 0.26103, 0.48573, 0.44271, 0.43535, 0.07473, 0.03029, 1
0.45074, 0.4405, 0.11507, 0.47473, 0.46161, 0.46269, 0.02125, 0.0148, 0
0.45686, 0.44529, 0.11391, 0.47479, 0.4655, 0.45453, 0.02125, 0.09248, 1
0.44869, 0.44255, 0.08921, 0.48289, 0.44923, 0.44278, 0.00762, 0.01683, 1
0.45976, 0.44756, 0.09624, 0.47663, 0.46318, 0.46266, 0.0362, 0.08755, 1
0.44666, 0.43669, 0.30754, 0.48119, 0.45043, 0.44738, 0.0264, 0.0209, 0
0.44727, 0.43871, 0.23156, 0.48662, 0.45031, 0.44465, 0.01518, 0.01044, 0
0.44893, 0.43804, 0.1615, 0.47523, 0.45518, 0.45065, 0.01892, 0.02433, 0
0.4493, 0.44028, 0.12369, 0.4749, 0.4562, 0.4516, 0.01208, 0.05815, 0
0.4867, 0.47281, 0.17986, 0.46565, 0.4988, 0.49404, 0.15634, 0.17654, 1
0.45961, 0.45542, 0.20846, 0.47157, 0.47544, 0.4705, 0.14064, 0.17414, 0
0.45842, 0.44503, 0.28927, 0.47798, 0.4617, 0.44805, 0.07598, 0.1511, 1
0.45759, 0.44435, 0.30947, 0.47516, 0.46154, 0.44969, 0.06235, 0.05683, 1
0.45512, 0.44456, 0.34195, 0.48318, 0.44477, 0.43141, 0.12714, 0.08095, 1
0.46123, 0.45812, 0.33031, 0.47131, 0.47334, 0.47227, 0.15699, 0.13766, 1
0.45068, 0.44231, 0.2226, 0.4803, 0.4537, 0.44682, 0.00784, 0.04251, 1
0.45865, 0.4475, 0.17775, 0.47866, 0.46088, 0.45297, 0.0456, 0.03542, 1
0.45918, 0.45133, 0.17073, 0.47417, 0.46343, 0.45844, 0.05318, 0.04569, 1
0.45268, 0.43983, 0.17101, 0.47891, 0.45539, 0.44928, 0.05315, 0.04566, 1
0.45673, 0.44416, 0.25725, 0.47356, 0.46152, 0.45246, 0.0463, 0.00732, 1
0.45483, 0.44758, 0.26692, 0.48192, 0.45365, 0.4447, 0.03631, 0.02125, 1
0.45361, 0.44621, 0.27059, 0.4753, 0.45697, 0.45425, 0.03088, 0.02473, 1
0.46965, 0.45857, 0.34203, 0.46509, 0.47677, 0.47367, 0.08606, 0.11635, 1
0.4597, 0.45059, 0.2707, 0.46739, 0.46696, 0.46511, 0.05818, 0.0575, 1
0.4521, 0.43958, 0.21965, 0.4792, 0.45472, 0.44816, 0.05225, 0.00488, 1
0.45319, 0.44457, 0.24465, 0.47732, 0.45724, 0.44969, 0.01644, 0.02511, 1
0.45296, 0.44502, 0.23704, 0.4741, 0.45892, 0.45543, 0.03072, 0.03071, 1
0.41028, 0.40634, 0.25978, 0.49124, 0.41216, 0.40678, 0.1684, 0.13927, 0
0.46806, 0.45268, 0.30149, 0.4687, 0.47821, 0.4777, 0.05628, 0.07881, 1
0.44659, 0.43959, 0.30778, 0.48139, 0.45043, 0.44996, 0.02594, 0.01835, 0
0.45267, 0.44392, 0.32202, 0.47661, 0.45733, 0.4559, 0.02017, 0.02161, 1
0.44865, 0.44073, 0.33017, 0.4733, 0.45575, 0.45273, 0.03058, 0.02762, 0
0.44852, 0.43867, 0.34372, 0.47486, 0.45545, 0.45079, 0.01226, 0.0, 0
0.44699, 0.4389, 0.34026, 0.48275, 0.44863, 0.44553, 0.01591, 0.0184, 0
0.4522, 0.44279, 0.30566, 0.47276, 0.46056, 0.45828, 0.02242, 0.05352, 0
0.44764, 0.44187, 0.29396, 0.47279, 0.46116, 0.45968, 0.0939, 0.12091, 0
0.44739, 0.43591, 0.22005, 0.4853, 0.45248, 0.44093, 0.05422, 0.03195, 1
0.45204, 0.44073, 0.23275, 0.47481, 0.46029, 0.44926, 0.01928, 0.03177, 1
0.42784, 0.42943, 0.342, 0.48063, 0.42747, 0.39805, 0.08017, 0.06888, 0
0.44359, 0.43552, 0.30554, 0.4766, 0.44992, 0.44516, 0.03218, 0.05023, 0
0.46188, 0.44889, 0.30098, 0.46749, 0.46707, 0.46095, 0.04797, 0.08043, 1
0.44942, 0.44209, 0.274, 0.47856, 0.4545, 0.45463, 0.02684, 0.0274, 0
0.456, 0.44413, 0.12181, 0.48177, 0.45497, 0.44544, 0.07514, 0.07324, 1
0.45733, 0.45478, 0.12422, 0.47247, 0.4661, 0.46658, 0.13788, 0.1536, 0
0.44816, 0.44209, 0.17117, 0.47233, 0.46821, 0.47105, 0.13315, 0.06915, 0
0.44121, 0.43255, 0.1932, 0.48203, 0.44767, 0.43329, 0.04751, 0.04078, 0
0.453, 0.438, 0.2237, 0.48138, 0.45283, 0.44487, 0.10745, 0.07588, 1
0.45045, 0.44548, 0.24856, 0.47865, 0.45263, 0.43996, 0.03823, 0.0217, 1
0.44866, 0.44005, 0.24191, 0.47928, 0.45217, 0.45243, 0.00787, 0.02652, 0
0.44047, 0.4353, 0.2305, 0.47981, 0.4481, 0.44996, 0.07024, 0.09329, 0
0.44684, 0.43717, 0.21723, 0.47319, 0.45861, 0.45766, 0.0487, 0.01234, 0
0.45887, 0.44787, 0.21707, 0.47039, 0.4694, 0.46618, 0.03927, 0.04206, 1
0.45152, 0.44341, 0.21322, 0.47356, 0.45667, 0.45267, 0.02149, 0.01885, 0
0.44681, 0.43807, 0.21007, 0.4868, 0.45117, 0.44471, 0.01678, 0.01088, 0
0.4489, 0.4394, 0.23818, 0.47591, 0.45647, 0.44767, 0.00861, 0.01559, 0
0.47231, 0.46422, 0.24869, 0.46756, 0.48586, 0.48819, 0.15397, 0.15613, 1
0.45067, 0.43426, 0.2428, 0.47335, 0.46317, 0.46283, 0.04361, 0.05572, 0
0.44021, 0.43448, 0.24792, 0.47478, 0.4555, 0.45295, 0.09182, 0.14352, 0
0.45387, 0.43828, 0.25152, 0.48033, 0.45355, 0.44644, 0.11486, 0.09292, 1
0.45097, 0.44254, 0.50801, 0.47843, 0.45604, 0.45229, 0.01649, 0.02172, 1
0.45518, 0.44413, 0.53446, 0.47255, 0.45915, 0.4549, 0.02519, 0.0, 0
0.44916, 0.44569, 0.46987, 0.47373, 0.45877, 0.4572, 0.10028, 0.1189, 1
0.43305, 0.42568, 0.42644, 0.48661, 0.42921, 0.41402, 0.11008, 0.11336, 0
0.44343, 0.43916, 0.28674, 0.48049, 0.44554, 0.45024, 0.05525, 0.02696, 0
0.44893, 0.43737, 0.22087, 0.48186, 0.45323, 0.44615, 0.04351, 0.03222, 0
0.45186, 0.44388, 0.18669, 0.47115, 0.46175, 0.45923, 0.05058, 0.03629, 1
0.45296, 0.44005, 0.26462, 0.47311, 0.47564, 0.46907, 0.0402, 0.02852, 0
0.44241, 0.43479, 0.28902, 0.48343, 0.44665, 0.44581, 0.03626, 0.00487, 0
0.45507, 0.43913, 0.21652, 0.47905, 0.45698, 0.44927, 0.09787, 0.10613, 1
0.45743, 0.44985, 0.11461, 0.48044, 0.45011, 0.44858, 0.06784, 0.06954, 0
0.73453, 0.71173, 0.10867, 0.45919, 0.72421, 0.71967, 0.20645, 0.21231, 0
0.45052, 0.45291, 0.10041, 0.47184, 0.484, 0.49021, 0.34089, 0.26412, 0
0.42842, 0.42484, 0.11343, 0.48755, 0.44097, 0.43084, 0.09664, 0.08113, 1
0.45116, 0.4451, 0.20347, 0.4722, 0.45997, 0.45695, 0.06637, 0.06604, 1
0.44495, 0.4375, 0.19721, 0.48058, 0.45123, 0.44507, 0.02623, 0.03307, 0
0.458, 0.46716, 0.23479, 0.48052, 0.45231, 0.44118, 0.18808, 0.23343, 0
0.44627, 0.4405, 0.26703, 0.48172, 0.4398, 0.43928, 0.03649, 0.02084, 0
0.44141, 0.43409, 0.25921, 0.48042, 0.44619, 0.44178, 0.03676, 0.02196, 1
0.45272, 0.44578, 0.202, 0.47078, 0.46329, 0.4597, 0.06527, 0.06663, 1
0.45859, 0.44578, 0.21243, 0.46939, 0.4669, 0.46067, 0.02696, 0.03769, 1
0.45227, 0.4396, 0.38966, 0.48293, 0.45324, 0.44447, 0.0743, 0.057, 1
0.46038, 0.45139, 0.39259, 0.46957, 0.46642, 0.46646, 0.05885, 0.09293, 1
0.44987, 0.44028, 0.34455, 0.47788, 0.45501, 0.44886, 0.00875, 0.00419, 1
0.44914, 0.443, 0.15183, 0.47947, 0.45491, 0.45037, 0.0389, 0.03411, 0
0.43462, 0.42941, 0.11409, 0.48871, 0.43685, 0.42939, 0.05693, 0.06728, 1
0.43526, 0.43101, 0.25969, 0.48659, 0.43974, 0.43079, 0.05487, 0.01882, 0
0.44279, 0.44118, 0.2621, 0.47922, 0.4518, 0.44928, 0.10968, 0.11266, 0
0.44468, 0.43796, 0.46101, 0.48395, 0.44911, 0.44577, 0.02783, 0.03614, 0
0.44698, 0.44003, 0.47792, 0.4734, 0.45634, 0.45498, 0.05611, 0.05807, 1
0.44816, 0.44095, 0.35894, 0.48431, 0.45197, 0.44507, 0.00588, 0.02369, 1
0.45031, 0.44187, 0.34244, 0.48174, 0.45434, 0.44884, 0.00385, 0.00886, 0
0.46161, 0.45179, 0.20875, 0.47117, 0.46597, 0.46197, 0.05131, 0.04915, 1
0.4542, 0.44003, 0.19407, 0.47947, 0.456, 0.4494, 0.07527, 0.0707, 0
0.44019, 0.43315, 0.16587, 0.48598, 0.44168, 0.4391, 0.03883, 0.04414, 0
0.45517, 0.44464, 0.14353, 0.47056, 0.46447, 0.46502, 0.03332, 0.06366, 1
0.45192, 0.43843, 0.14917, 0.48145, 0.45267, 0.43993, 0.09318, 0.02696, 0
0.43455, 0.43039, 0.14532, 0.48834, 0.43809, 0.43019, 0.05621, 0.09239, 0
0.44035, 0.44026, 0.19209, 0.48194, 0.44013, 0.44271, 0.08466, 0.08345, 0
0.45414, 0.44417, 0.209, 0.47851, 0.45645, 0.44815, 0.02886, 0.02584, 0
0.45165, 0.44463, 0.21436, 0.47832, 0.45655, 0.45289, 0.0333, 0.05009, 1
0.454, 0.4478, 0.21547, 0.48112, 0.44965, 0.45024, 0.03331, 0.01991, 0
0.45255, 0.44027, 0.2882, 0.48261, 0.45488, 0.4451, 0.06903, 0.05045, 1
0.45707, 0.44485, 0.24634, 0.47144, 0.46267, 0.45565, 0.03534, 0.05753, 1
0.40714, 0.39709, 0.26672, 0.48852, 0.39618, 0.3786, 0.28527, 0.5848, 0
0.449, 0.43936, 0.22144, 0.4829, 0.45174, 0.44761, 0.02101, 0.06364, 1
0.45974, 0.44575, 0.16877, 0.47631, 0.46098, 0.45093, 0.07938, 0.14747, 1
0.45365, 0.44327, 0.23644, 0.47248, 0.46116, 0.45515, 0.01025, 0.0622, 1
0.85384, 0.81695, 0.24133, 0.45265, 0.84075, 0.82075, 0.49377, 0.54965, 0
0.44838, 0.44118, 0.1707, 0.48049, 0.45425, 0.44855, 0.02326, 0.03089, 1
0.44437, 0.43562, 0.14941, 0.48563, 0.44466, 0.43381, 0.05367, 0.04822, 1
0.44761, 0.4391, 0.13452, 0.48353, 0.44762, 0.44252, 0.0271, 0.02153, 0
0.46323, 0.46252, 0.13538, 0.47442, 0.47258, 0.48074, 0.20929, 0.56258, 1
0.10847, 0.10887, 0.27177, 0.4936, 0.11706, 0.16561, 0.87793, 0.87592, 0
0.3641, 0.35018, 0.25823, 0.47852, 0.39148, 0.36723, 0.4392, 0.55449, 0
0.45119, 0.44049, 0.25261, 0.47514, 0.46779, 0.45263, 0.01776, 0.02113, 0
0.4586, 0.45349, 0.28381, 0.47593, 0.46355, 0.45221, 0.06991, 0.07332, 1
0.48779, 0.47469, 0.34272, 0.46504, 0.49617, 0.49474, 0.16458, 0.19087, 0
0.40478, 0.39683, 0.34521, 0.48353, 0.4153, 0.40742, 0.21409, 0.21227, 0
0.45776, 0.44532, 0.28706, 0.47338, 0.46921, 0.46917, 0.02031, 0.04414, 1
0.45136, 0.44164, 0.23564, 0.48217, 0.45703, 0.44718, 0.01551, 0.00979, 0
0.44627, 0.4382, 0.21967, 0.48643, 0.45222, 0.44551, 0.0155, 0.00979, 0
0.45198, 0.4421, 0.13016, 0.4818, 0.45122, 0.4476, 0.03473, 0.02773, 0
0.47216, 0.47591, 0.23456, 0.47096, 0.49131, 0.49302, 0.30888, 0.29547, 0
0.44727, 0.44347, 0.27811, 0.48132, 0.44651, 0.44761, 0.04345, 0.03899, 1
0.44572, 0.4421, 0.28236, 0.47486, 0.45362, 0.45315, 0.09184, 0.01219, 0
0.4323, 0.41966, 0.16055, 0.48358, 0.43443, 0.41887, 0.15772, 0.17522, 1
0.44062, 0.43569, 0.14343, 0.48302, 0.44235, 0.44191, 0.0327, 0.01359, 1
0.50317, 0.49711, 0.12416, 0.47093, 0.50983, 0.50087, 0.28715, 0.28956, 1
0.44235, 0.43774, 0.11113, 0.48255, 0.44565, 0.43855, 0.0366, 0.01363, 1
0.38538, 0.37104, 0.18305, 0.48223, 0.40189, 0.40537, 0.34211, 0.35689, 0
0.44219, 0.43957, 0.20236, 0.47586, 0.45657, 0.44898, 0.11011, 0.09625, 0
0.45079, 0.43957, 0.21227, 0.47255, 0.46485, 0.46283, 0.02998, 0.03962, 1
0.456, 0.44508, 0.27049, 0.47318, 0.45886, 0.45871, 0.0189, 0.01222, 1
0.45317, 0.44118, 0.27704, 0.47466, 0.45559, 0.45329, 0.03448, 0.04168, 0
0.45403, 0.44279, 0.23811, 0.47269, 0.45919, 0.45233, 0.02614, 0.02363, 0
0.45378, 0.44463, 0.29476, 0.46984, 0.46255, 0.45916, 0.0333, 0.01366, 0
0.42742, 0.42582, 0.29408, 0.48195, 0.42864, 0.41259, 0.08096, 0.03841, 1
0.42662, 0.42082, 0.25155, 0.48773, 0.42183, 0.41045, 0.11888, 0.08027, 1
0.46136, 0.44601, 0.13768, 0.47245, 0.46417, 0.46458, 0.05335, 0.06604, 0
0.44396, 0.43705, 0.14651, 0.4783, 0.44986, 0.44565, 0.0366, 0.04007, 1
0.45129, 0.44325, 0.1822, 0.47483, 0.45774, 0.45483, 0.03045, 0.01765, 1
0.45689, 0.44417, 0.12842, 0.47388, 0.4615, 0.45247, 0.05013, 0.05116, 0
0.47314, 0.45496, 0.12995, 0.47801, 0.46843, 0.45678, 0.16727, 0.13, 0
0.44924, 0.43799, 0.21679, 0.47709, 0.45485, 0.44968, 0.02762, 0.01521, 1
0.44156, 0.43639, 0.2658, 0.47798, 0.45055, 0.45176, 0.07795, 0.10612, 1
0.44305, 0.43319, 0.2852, 0.47491, 0.45361, 0.4519, 0.04589, 0.06861, 0
0.44353, 0.43913, 0.29567, 0.47371, 0.4578, 0.45675, 0.10943, 0.07686, 1
0.46588, 0.47071, 0.43881, 0.47305, 0.47511, 0.47428, 0.26192, 0.27629, 1
0.49372, 0.48659, 0.3846, 0.47504, 0.4903, 0.47748, 0.21914, 0.23549, 0
0.4328, 0.4157, 0.37742, 0.48469, 0.42871, 0.42019, 0.20426, 0.2147, 1
0.45082, 0.44026, 0.23656, 0.47557, 0.4568, 0.45316, 0.00888, 0.02652, 0
0.40981, 0.40533, 0.15091, 0.49073, 0.41484, 0.40636, 0.1732, 0.27216, 1
0.44477, 0.43822, 0.27847, 0.47492, 0.45615, 0.45328, 0.06455, 0.02742, 1
0.44755, 0.43685, 0.2969, 0.47402, 0.458, 0.45342, 0.02301, 0.01902, 0
0.45012, 0.43867, 0.30066, 0.48392, 0.45198, 0.44083, 0.0641, 0.08273, 1
0.44431, 0.43617, 0.18288, 0.48938, 0.44847, 0.44208, 0.0245, 0.01594, 0
0.45338, 0.44415, 0.1046, 0.4712, 0.45921, 0.45452, 0.0172, 0.019, 1
0.53704, 0.53054, 0.12945, 0.47212, 0.53016, 0.51783, 0.43243, 0.45355, 1
0.43948, 0.43412, 0.18814, 0.48354, 0.44365, 0.44209, 0.05254, 0.03444, 1
0.44638, 0.43574, 0.3057, 0.47935, 0.45337, 0.44872, 0.02735, 0.01745, 1
0.4531, 0.44345, 0.31292, 0.48, 0.45695, 0.44955, 0.01871, 0.04041, 1
0.43659, 0.43168, 0.32501, 0.48507, 0.43554, 0.42816, 0.0496, 0.06155, 0
0.45137, 0.44435, 0.25075, 0.47329, 0.45734, 0.45271, 0.03734, 0.01885, 1
0.44496, 0.43756, 0.17789, 0.48544, 0.44935, 0.44379, 0.02083, 0.02301, 1
0.45954, 0.44821, 0.19329, 0.47558, 0.46331, 0.45257, 0.05227, 0.03086, 0
0.45167, 0.443, 0.41667, 0.47141, 0.45981, 0.45615, 0.03161, 0.02563, 0
0.44408, 0.43221, 0.39583, 0.48447, 0.44823, 0.4433, 0.06244, 0.07009, 1
0.44366, 0.43535, 0.35617, 0.48099, 0.45012, 0.44738, 0.03382, 0.02758, 0
0.4458, 0.43804, 0.28068, 0.47918, 0.45195, 0.44725, 0.0241, 0.01724, 1
0.45256, 0.44298, 0.23819, 0.47754, 0.4568, 0.44969, 0.0142, 0.04191, 1
0.44872, 0.44477, 0.23875, 0.47707, 0.45534, 0.45404, 0.07695, 0.01674, 1
0.44486, 0.43401, 0.2644, 0.48057, 0.4494, 0.44413, 0.04126, 0.08006, 0
0.45415, 0.44433, 0.23808, 0.47141, 0.47142, 0.47504, 0.09149, 0.07661, 1
0.46123, 0.44703, 0.23647, 0.4709, 0.47618, 0.47342, 0.03199, 0.06084, 0
0.4392, 0.43039, 0.23366, 0.47479, 0.45594, 0.4501, 0.07679, 0.12256, 0
0.4614, 0.45086, 0.20758, 0.46751, 0.4666, 0.46237, 0.04671, 0.05422, 1
0.44412, 0.43916, 0.18496, 0.47896, 0.45125, 0.45174, 0.06651, 0.06646, 1
0.44961, 0.44028, 0.14353, 0.47445, 0.45558, 0.45051, 0.00574, 0.01269, 0
0.4486, 0.44073, 0.14963, 0.47333, 0.45662, 0.45283, 0.03392, 0.03119, 0
0.45412, 0.44434, 0.14789, 0.47207, 0.46015, 0.45269, 0.01567, 0.01336, 1
0.44584, 0.43692, 0.18895, 0.48515, 0.44391, 0.43513, 0.05821, 0.01916, 0
0.4484, 0.43871, 0.20288, 0.47772, 0.45382, 0.4546, 0.01519, 0.0, 1
0.45973, 0.44793, 0.20656, 0.47142, 0.46326, 0.45937, 0.04185, 0.0, 0
0.43122, 0.42568, 0.20322, 0.48162, 0.43941, 0.43662, 0.08831, 0.09342, 1
0.4705, 0.46054, 0.19939, 0.46697, 0.47587, 0.46988, 0.09461, 0.08918, 1
0.45896, 0.44883, 0.23151, 0.47301, 0.46537, 0.46509, 0.0453, 0.01678, 0
0.44217, 0.43331, 0.20961, 0.47654, 0.4527, 0.45174, 0.05213, 0.04336, 0
0.45529, 0.44411, 0.19716, 0.47175, 0.4652, 0.45952, 0.01522, 0.01575, 0
0.45053, 0.43893, 0.21855, 0.4746, 0.45836, 0.45092, 0.02174, 0.01101, 1
0.45033, 0.44591, 0.20627, 0.47967, 0.45465, 0.44887, 0.05231, 0.03538, 1
0.4518, 0.44073, 0.1733, 0.47591, 0.45738, 0.44832, 0.02647, 0.03971, 1
0.44386, 0.43579, 0.1838, 0.48666, 0.44957, 0.44356, 0.02631, 0.04215, 1
0.45628, 0.44704, 0.17207, 0.46823, 0.4638, 0.46047, 0.03617, 0.05059, 1
0.40136, 0.40519, 0.24961, 0.47958, 0.42343, 0.4396, 0.28773, 0.2987, 1
0.50807, 0.47673, 0.27108, 0.47273, 0.50334, 0.48797, 0.32357, 0.33573, 0
0.4497, 0.43757, 0.24638, 0.48374, 0.44625, 0.43792, 0.09972, 0.03372, 0
0.45348, 0.44412, 0.20559, 0.47471, 0.46011, 0.46271, 0.03513, 0.03649, 1
0.45586, 0.44593, 0.18235, 0.474, 0.46054, 0.45257, 0.02479, 0.01688, 0
0.49567, 0.47262, 0.18916, 0.47538, 0.48728, 0.47011, 0.26509, 0.29766, 0
0.43759, 0.44073, 0.19716, 0.48431, 0.43008, 0.41914, 0.03393, 0.03965, 1
0.42941, 0.4252, 0.21569, 0.48297, 0.43864, 0.43632, 0.10145, 0.11557, 1
0.69379, 0.68944, 0.45276, 0.42345, 0.71708, 0.71181, 0.21287, 0.23137, 1
0.50506, 0.48519, 0.45775, 0.46483, 0.51327, 0.50519, 0.21741, 0.2511, 1
0.44171, 0.41783, 0.46537, 0.48104, 0.44389, 0.43204, 0.24492, 0.25727, 0
0.45861, 0.44831, 0.47001, 0.46962, 0.46684, 0.46334, 0.03913, 0.02411, 0
0.44608, 0.43786, 0.26263, 0.4868, 0.44997, 0.4442, 0.01614, 0.04486, 0
0.45699, 0.44609, 0.22843, 0.47494, 0.47107, 0.45456, 0.02799, 0.03037, 0
0.46475, 0.44924, 0.19375, 0.47119, 0.4775, 0.46962, 0.04312, 0.04371, 1
0.49059, 0.47381, 0.17966, 0.47499, 0.48697, 0.46798, 0.2023, 0.19517, 0
0.46815, 0.47363, 0.17382, 0.4727, 0.48074, 0.4836, 0.29076, 0.30909, 1
0.43423, 0.41911, 0.16736, 0.48181, 0.43499, 0.43065, 0.16985, 0.16729, 0
0.44816, 0.43918, 0.1478, 0.4808, 0.45188, 0.45227, 0.00987, 0.00412, 1
0.45492, 0.44542, 0.13547, 0.47811, 0.45779, 0.45145, 0.02426, 0.03037, 0
0.46576, 0.46355, 0.12069, 0.46939, 0.48152, 0.48562, 0.21588, 0.21464, 1
0.44516, 0.43785, 0.17233, 0.47483, 0.45444, 0.45064, 0.04564, 0.06127, 0
0.41813, 0.41589, 0.17775, 0.48929, 0.42062, 0.41702, 0.12561, 0.14248, 0
0.43728, 0.43564, 0.18701, 0.48383, 0.43106, 0.42793, 0.03363, 0.04884, 1
0.46594, 0.45875, 0.30273, 0.4693, 0.47886, 0.48311, 0.14755, 0.18959, 1
0.46561, 0.4503, 0.30137, 0.47379, 0.47024, 0.45455, 0.08794, 0.09141, 0
0.44729, 0.4374, 0.28496, 0.47842, 0.4528, 0.44269, 0.02739, 0.02053, 1
0.45121, 0.44274, 0.28179, 0.48126, 0.45601, 0.44862, 0.00774, 0.02475, 1
0.44973, 0.44052, 0.30532, 0.48347, 0.44835, 0.44271, 0.03905, 0.03181, 0
0.45351, 0.44584, 0.34259, 0.47408, 0.45952, 0.45414, 0.03873, 0.0256, 1
