@relation /home/othavioaset_perfeito_keel
@attribute EMA_3 real[-0.01,1.01]
@attribute SMA_3 real[-0.01,1.01]
@attribute ADXR real[-0.01,1.01]
@attribute Bollinger_Norm real[-0.01,1.01]
@attribute EMA_5 real[-0.01,1.01]
@attribute SMA_5 real[-0.01,1.01]
@attribute std_close3 real[-0.01,1.01]
@attribute std_open3 real[-0.01,1.01]
@attribute trend{0,1}
@inputs EMA_3, SMA_3, ADXR, Bollinger_Norm, EMA_5, SMA_5, std_close3, std_open3
@outputs trend
@data
0.46265, 0.45244, 0.36648, 0.46648, 0.46862, 0.4649, 0.05533, 0.07576, 1
0.43029, 0.42673, 0.38506, 0.48435, 0.41728, 0.41858, 0.08484, 0.10444, 1
0.44636, 0.43024, 0.42629, 0.47947, 0.44851, 0.44148, 0.12085, 0.0022, 0
0.4469, 0.43974, 0.40392, 0.48042, 0.45144, 0.44774, 0.02347, 0.01539, 1
0.45401, 0.44469, 0.40163, 0.47104, 0.45858, 0.45474, 0.0177, 0.01143, 0
0.44901, 0.43912, 0.39784, 0.47934, 0.4539, 0.45011, 0.01211, 0.02286, 0
0.45398, 0.4416, 0.28012, 0.47406, 0.46117, 0.45162, 0.03468, 0.02678, 0
0.442, 0.4418, 0.28247, 0.48057, 0.44512, 0.45061, 0.1121, 0.08871, 1
0.45127, 0.44507, 0.25951, 0.47974, 0.4577, 0.45383, 0.04985, 0.01091, 0
0.45021, 0.44282, 0.24226, 0.47246, 0.45968, 0.45421, 0.04525, 0.0322, 0
0.45311, 0.44303, 0.23203, 0.47104, 0.46212, 0.45707, 0.01782, 0.0179, 1
0.44872, 0.44139, 0.22596, 0.48276, 0.45217, 0.44316, 0.00198, 0.01575, 0
0.44418, 0.4377, 0.22452, 0.48414, 0.44944, 0.44428, 0.0307, 0.02462, 1
0.44556, 0.43808, 0.39222, 0.48166, 0.45191, 0.44886, 0.02998, 0.05173, 1
0.45232, 0.44409, 0.20055, 0.47983, 0.45542, 0.44509, 0.02506, 0.04566, 1
0.44686, 0.43251, 0.14466, 0.48427, 0.4369, 0.42283, 0.18098, 0.24223, 1
0.44958, 0.44056, 0.13281, 0.47553, 0.45269, 0.45274, 0.00598, 0.01662, 0
0.45523, 0.44842, 0.13611, 0.47679, 0.46006, 0.44535, 0.03498, 0.03644, 0
0.46226, 0.44761, 0.19743, 0.47065, 0.4731, 0.46696, 0.03642, 0.07854, 1
0.46574, 0.44202, 0.32106, 0.47148, 0.48741, 0.48805, 0.035, 0.04231, 1
0.45708, 0.44056, 0.31663, 0.47356, 0.47352, 0.46347, 0.03662, 0.0384, 1
0.43448, 0.42914, 0.31629, 0.47883, 0.44729, 0.43538, 0.07579, 0.04272, 0
0.4589, 0.45118, 0.33134, 0.4705, 0.46813, 0.45982, 0.06379, 0.04635, 0
0.4546, 0.44202, 0.33569, 0.47186, 0.46489, 0.46222, 0.00402, 0.05957, 1
0.4279, 0.41489, 0.30224, 0.48698, 0.4192, 0.40068, 0.2273, 0.17609, 1
0.45633, 0.4471, 0.41791, 0.47255, 0.4641, 0.4647, 0.04317, 0.03773, 0
0.4238, 0.40525, 0.42762, 0.48606, 0.41826, 0.40631, 0.27138, 0.31847, 0
0.45082, 0.44159, 0.28535, 0.48143, 0.45483, 0.44962, 0.0104, 0.02721, 1
0.45058, 0.44118, 0.26765, 0.48212, 0.4542, 0.44789, 0.01362, 0.06409, 1
0.45422, 0.44363, 0.24874, 0.48028, 0.45632, 0.4495, 0.03603, 0.0548, 1
0.42897, 0.42574, 0.17978, 0.48878, 0.43282, 0.43103, 0.08662, 0.15577, 0
0.45351, 0.4422, 0.1851, 0.47592, 0.45822, 0.44925, 0.03271, 0.02632, 1
0.39912, 0.40606, 0.21597, 0.48678, 0.41023, 0.41406, 0.2484, 0.24127, 1
0.471, 0.44628, 0.20353, 0.47184, 0.47847, 0.47792, 0.12682, 0.08866, 0
0.43741, 0.42282, 0.23278, 0.48427, 0.4411, 0.42686, 0.14869, 0.16241, 0
0.4554, 0.44466, 0.26194, 0.47332, 0.46883, 0.47319, 0.05564, 0.05198, 0
0.44456, 0.43729, 0.29984, 0.47595, 0.4558, 0.44813, 0.04364, 0.08021, 1
0.45739, 0.43955, 0.29397, 0.48117, 0.4564, 0.44255, 0.15417, 0.10234, 0
0.45098, 0.44409, 0.27375, 0.47509, 0.45515, 0.45187, 0.03422, 0.01014, 1
0.45782, 0.45152, 0.31681, 0.47884, 0.46197, 0.45086, 0.05277, 0.11008, 1
0.43542, 0.42819, 0.31609, 0.4865, 0.43628, 0.43112, 0.06919, 0.05417, 0
0.45574, 0.44739, 0.21946, 0.47101, 0.46739, 0.46465, 0.06596, 0.06139, 1
0.4495, 0.44242, 0.20205, 0.48312, 0.45172, 0.44248, 0.0069, 0.05299, 0
0.45215, 0.44282, 0.23613, 0.48215, 0.45008, 0.44726, 0.0318, 0.08663, 1
0.44963, 0.44404, 0.40168, 0.4808, 0.45104, 0.4511, 0.03681, 0.04931, 0
0.64603, 0.64988, 0.4489, 0.4579, 0.6889, 0.70572, 0.52981, 0.55708, 1
0.45123, 0.44406, 0.43561, 0.47401, 0.45865, 0.45647, 0.04354, 0.06371, 1
0.45493, 0.44098, 0.37921, 0.47245, 0.46157, 0.45734, 0.03957, 0.06658, 1
0.44995, 0.44223, 0.42728, 0.47596, 0.46166, 0.45354, 0.03719, 0.03883, 0
0.45153, 0.44181, 0.46268, 0.47152, 0.46165, 0.45584, 0.01609, 0.02911, 0
0.43755, 0.43049, 0.50029, 0.48652, 0.43769, 0.43195, 0.05638, 0.05478, 0
0.528, 0.48573, 0.48364, 0.47451, 0.51155, 0.4822, 0.51427, 0.58149, 0
0.46041, 0.44981, 0.15112, 0.46944, 0.4701, 0.4686, 0.05125, 0.03395, 1
0.46616, 0.44496, 0.10791, 0.48096, 0.45652, 0.44287, 0.22149, 0.18614, 0
0.44109, 0.43532, 0.11831, 0.47623, 0.4504, 0.45861, 0.09863, 0.07048, 1
0.48478, 0.46842, 0.15297, 0.47599, 0.47957, 0.46382, 0.1797, 0.21002, 1
0.44065, 0.43868, 0.1531, 0.48419, 0.43389, 0.4247, 0.01845, 0.01112, 0
0.45249, 0.43972, 0.13811, 0.4766, 0.45858, 0.45074, 0.04777, 0.03333, 0
0.44961, 0.44014, 0.12208, 0.48432, 0.4508, 0.44302, 0.03355, 0.01543, 0
0.44028, 0.43367, 0.16296, 0.48759, 0.44353, 0.4415, 0.03887, 0.04692, 0
0.44481, 0.43954, 0.27743, 0.48319, 0.4415, 0.43751, 0.01589, 0.07433, 0
0.44166, 0.4325, 0.28036, 0.47324, 0.46243, 0.46829, 0.11508, 0.10105, 1
0.45726, 0.45259, 0.24353, 0.47166, 0.46653, 0.46079, 0.09546, 0.14041, 0
0.46433, 0.45213, 0.23196, 0.47146, 0.48115, 0.47499, 0.0616, 0.19426, 1
0.46237, 0.45567, 0.33063, 0.47574, 0.46514, 0.46067, 0.08073, 0.12095, 1
0.45056, 0.44097, 0.34987, 0.48095, 0.45074, 0.4416, 0.03681, 0.02577, 1
0.43977, 0.43319, 0.34657, 0.47744, 0.45131, 0.43596, 0.04991, 0.05398, 0
0.44865, 0.43909, 0.29908, 0.47625, 0.45213, 0.45859, 0.02326, 0.06064, 1
0.45464, 0.4466, 0.38022, 0.48106, 0.45078, 0.4462, 0.04081, 0.02351, 1
0.45476, 0.45638, 0.2708, 0.48229, 0.43263, 0.41875, 0.0783, 0.13289, 0
0.45947, 0.44531, 0.33865, 0.47103, 0.47006, 0.46748, 0.02421, 0.03078, 0
0.4268, 0.4241, 0.36097, 0.48904, 0.43444, 0.4304, 0.10209, 0.12284, 1
0.46612, 0.45913, 0.35707, 0.47032, 0.47274, 0.46811, 0.10177, 0.12024, 1
0.46234, 0.44386, 0.34595, 0.47655, 0.46376, 0.45661, 0.11954, 0.1162, 1
0.43829, 0.4346, 0.26637, 0.48432, 0.44505, 0.43864, 0.06356, 0.06813, 0
0.48106, 0.45621, 0.21722, 0.47803, 0.4713, 0.45111, 0.28303, 0.31404, 1
0.43603, 0.42192, 0.22285, 0.48549, 0.42122, 0.39781, 0.25406, 0.28553, 1
0.47307, 0.45869, 0.24978, 0.46668, 0.48195, 0.47483, 0.0866, 0.09291, 0
0.43704, 0.42514, 0.25508, 0.48032, 0.44615, 0.4389, 0.08336, 0.07903, 0
0.45607, 0.45043, 0.39506, 0.47629, 0.46206, 0.46489, 0.08325, 0.08514, 0
0.44094, 0.4332, 0.40968, 0.47656, 0.45113, 0.45482, 0.07109, 0.08105, 1
0.45256, 0.44098, 0.48101, 0.48276, 0.44795, 0.44012, 0.08201, 0.01902, 0
0.45696, 0.44704, 0.52004, 0.47313, 0.46305, 0.46506, 0.03973, 0.03283, 1
0.44863, 0.43847, 0.5158, 0.4765, 0.45349, 0.44707, 0.02046, 0.00803, 0
0.44657, 0.43535, 0.41606, 0.48423, 0.44397, 0.43888, 0.07835, 0.01175, 0
0.44952, 0.44014, 0.35399, 0.48396, 0.45014, 0.44254, 0.03691, 0.0571, 0
0.43298, 0.43015, 0.34405, 0.48716, 0.43872, 0.43648, 0.08357, 0.10021, 0
0.45228, 0.4546, 0.34049, 0.47324, 0.46618, 0.46523, 0.20329, 0.28953, 0
0.45184, 0.44411, 0.36931, 0.4719, 0.45656, 0.45454, 0.03448, 0.00804, 1
0.45972, 0.44996, 0.3253, 0.47016, 0.46489, 0.45682, 0.04237, 0.04339, 0
0.40497, 0.4086, 0.32273, 0.48118, 0.4233, 0.42935, 0.25366, 0.31322, 0
0.44409, 0.4379, 0.32887, 0.48514, 0.44501, 0.43917, 0.01585, 0.05889, 0
0.45041, 0.43994, 0.284, 0.47523, 0.46379, 0.44461, 0.00913, 0.01144, 0
0.47069, 0.44966, 0.36563, 0.47173, 0.47547, 0.46401, 0.13255, 0.13993, 0
0.4438, 0.43457, 0.30571, 0.47672, 0.45299, 0.44736, 0.03477, 0.05347, 1
0.45436, 0.44559, 0.56541, 0.48001, 0.45444, 0.45151, 0.02298, 0.05034, 1
0.4372, 0.4288, 0.4289, 0.48046, 0.44501, 0.44523, 0.06324, 0.07934, 0
0.45989, 0.44265, 0.42807, 0.4749, 0.46229, 0.45329, 0.10375, 0.05427, 0
0.45568, 0.44789, 0.25212, 0.46963, 0.46066, 0.45722, 0.04281, 0.02365, 1
0.45076, 0.44139, 0.21287, 0.47671, 0.45634, 0.45061, 0.00527, 0.03325, 0
0.43824, 0.42799, 0.23159, 0.48798, 0.43863, 0.42874, 0.09135, 0.10092, 1
0.452, 0.44222, 0.1935, 0.47429, 0.46045, 0.45475, 0.0072, 0.02646, 0
0.43135, 0.42137, 0.23886, 0.48938, 0.43321, 0.42359, 0.11402, 0.1003, 1
0.4264, 0.41357, 0.25403, 0.48696, 0.42639, 0.4194, 0.16447, 0.14722, 1
0.461, 0.44881, 0.28085, 0.46915, 0.4646, 0.45811, 0.04927, 0.06191, 0
0.44921, 0.44345, 0.28697, 0.47734, 0.45518, 0.45024, 0.04443, 0.04193, 1
0.43645, 0.42944, 0.30519, 0.48444, 0.44364, 0.44187, 0.06227, 0.01584, 0
0.44842, 0.44036, 0.27419, 0.48202, 0.45066, 0.43836, 0.02446, 0.05283, 0
0.19256, 0.18589, 0.30811, 0.66216, 0.1914, 0.18887, 0.0688, 0.04079, 0
0.45063, 0.4458, 0.3084, 0.47924, 0.45603, 0.45062, 0.05391, 0.01342, 1
0.45295, 0.44244, 0.30304, 0.47276, 0.45992, 0.45367, 0.00929, 0.05062, 1
0.45286, 0.45063, 0.27431, 0.47419, 0.46089, 0.46029, 0.11958, 0.02582, 1
0.47089, 0.4578, 0.18468, 0.46914, 0.47349, 0.46849, 0.08608, 0.06981, 1
0.48863, 0.45943, 0.19058, 0.47747, 0.47588, 0.45765, 0.33421, 0.36123, 0
0.43913, 0.43225, 0.18805, 0.48878, 0.44841, 0.43978, 0.05039, 0.04644, 0
0.45435, 0.44118, 0.17449, 0.47839, 0.45757, 0.44822, 0.06259, 0.0244, 0
0.4509, 0.43952, 0.18687, 0.48342, 0.45147, 0.44268, 0.06304, 0.08341, 1
0.44403, 0.43911, 0.17313, 0.4829, 0.44765, 0.44596, 0.04285, 0.07486, 1
0.45123, 0.44305, 0.12419, 0.47164, 0.45907, 0.45679, 0.03759, 0.0596, 0
0.452, 0.44326, 0.11634, 0.4715, 0.4622, 0.45919, 0.04293, 0.02116, 1
0.4498, 0.4389, 0.1262, 0.47474, 0.45746, 0.45049, 0.01644, 0.03415, 1
0.45582, 0.44493, 0.12556, 0.47399, 0.46113, 0.45162, 0.03032, 0.05421, 1
0.45299, 0.44305, 0.12695, 0.48248, 0.45489, 0.44608, 0.03759, 0.05751, 1
0.44422, 0.43747, 0.15712, 0.48504, 0.44406, 0.44099, 0.01824, 0.04863, 1
0.4894, 0.47866, 0.21909, 0.46861, 0.51908, 0.52606, 0.27099, 0.32812, 0
0.44714, 0.43807, 0.27163, 0.4835, 0.45099, 0.44395, 0.02709, 0.03774, 0
0.47911, 0.4824, 0.55039, 0.47138, 0.50186, 0.49777, 0.32996, 0.4422, 0
0.44484, 0.43401, 0.38874, 0.48623, 0.44599, 0.43873, 0.06619, 0.01841, 1
0.45745, 0.4452, 0.31389, 0.4707, 0.46536, 0.45958, 0.02298, 0.03708, 1
0.44393, 0.4376, 0.25533, 0.48466, 0.45038, 0.4441, 0.03463, 0.04434, 0
0.45254, 0.44372, 0.24025, 0.47084, 0.46095, 0.45754, 0.0308, 0.05034, 1
0.40413, 0.41496, 0.27465, 0.487, 0.39693, 0.38476, 0.15102, 0.02461, 0
0.4585, 0.44668, 0.22165, 0.47701, 0.46404, 0.45536, 0.04144, 0.02175, 1
0.38598, 0.38502, 0.14358, 0.49112, 0.38664, 0.38013, 0.27115, 0.22085, 1
0.5112, 0.50185, 0.15828, 0.47493, 0.50123, 0.48726, 0.29607, 0.30443, 1
0.44323, 0.43845, 0.22688, 0.47879, 0.4483, 0.45763, 0.08365, 0.04681, 1
0.45228, 0.44476, 0.24746, 0.47312, 0.45943, 0.4547, 0.04078, 0.04156, 1
0.4269, 0.42603, 0.25472, 0.47831, 0.44199, 0.44526, 0.16803, 0.155, 1
0.45203, 0.44245, 0.24262, 0.48023, 0.45415, 0.45113, 0.01223, 0.03154, 0
0.44306, 0.44139, 0.29282, 0.4817, 0.44859, 0.44397, 0.08295, 0.07879, 1
0.41997, 0.41873, 0.37673, 0.48117, 0.43363, 0.43587, 0.16032, 0.19183, 1
0.44961, 0.43514, 0.36229, 0.47313, 0.46395, 0.463, 0.02964, 0.03465, 0
0.44696, 0.43576, 0.37139, 0.47575, 0.45708, 0.44531, 0.02817, 0.02991, 0
0.44704, 0.43598, 0.28302, 0.4846, 0.4451, 0.437, 0.07888, 0.12501, 0
0.44726, 0.44034, 0.23899, 0.47927, 0.45391, 0.45088, 0.03208, 0.03133, 1
0.46359, 0.45134, 0.24342, 0.47168, 0.46712, 0.46203, 0.05659, 0.02152, 1
0.44515, 0.434, 0.27697, 0.48213, 0.44869, 0.44166, 0.05474, 0.01192, 0
0.44567, 0.43848, 0.30688, 0.48482, 0.44483, 0.44142, 0.01783, 0.06941, 1
0.44173, 0.43849, 0.28279, 0.48511, 0.44361, 0.43942, 0.04529, 0.08886, 0
0.44778, 0.44288, 0.34677, 0.48076, 0.45253, 0.44882, 0.0468, 0.06741, 1
0.22648, 0.21351, 0.37018, 0.54429, 0.21835, 0.21428, 0.17661, 0.14144, 1
0.73634, 0.70551, 0.37851, 0.43687, 0.74273, 0.72913, 0.35861, 0.43028, 0
0.46654, 0.4566, 0.40384, 0.47637, 0.46979, 0.45996, 0.07447, 0.12148, 1
0.43613, 0.4445, 0.40266, 0.48054, 0.43627, 0.42987, 0.12933, 0.1655, 0
0.49271, 0.46684, 0.22066, 0.47309, 0.49076, 0.47362, 0.25365, 0.22931, 0
0.38979, 0.38804, 0.22345, 0.48835, 0.39665, 0.38658, 0.25667, 0.20327, 1
0.47151, 0.47477, 0.22013, 0.47353, 0.47941, 0.47186, 0.23934, 0.1749, 0
0.51338, 0.50433, 0.0911, 0.44427, 0.52431, 0.52082, 0.08019, 0.0645, 0
0.30565, 0.30454, 0.16384, 0.51086, 0.31549, 0.32703, 0.12777, 0.12057, 1
0.4492, 0.43635, 0.18447, 0.47347, 0.46053, 0.45737, 0.0234, 0.06026, 1
0.44764, 0.43782, 0.20923, 0.47351, 0.45967, 0.45559, 0.03559, 0.0744, 0
0.45029, 0.44203, 0.21513, 0.47226, 0.46287, 0.45943, 0.05297, 0.04086, 0
0.45014, 0.44076, 0.34039, 0.48319, 0.45469, 0.44318, 0.02838, 0.03632, 1
0.4515, 0.44308, 0.27104, 0.48124, 0.45542, 0.44819, 0.00933, 0.02215, 0
0.45637, 0.4452, 0.24936, 0.47105, 0.46566, 0.4661, 0.02742, 0.07494, 1
0.45052, 0.44477, 0.20644, 0.48071, 0.45519, 0.4487, 0.0377, 0.0362, 0
0.45497, 0.44948, 0.28786, 0.48085, 0.44953, 0.44433, 0.0402, 0.04441, 0
0.44288, 0.43186, 0.49514, 0.48274, 0.44775, 0.43906, 0.06011, 0.04786, 1
0.44295, 0.43331, 0.22076, 0.48275, 0.44448, 0.43277, 0.0644, 0.06642, 1
0.44209, 0.43601, 0.12657, 0.48315, 0.44489, 0.44333, 0.03603, 0.02686, 1
0.44551, 0.43644, 0.1753, 0.48431, 0.44039, 0.4351, 0.07108, 0.1164, 1
0.4577, 0.44742, 0.27471, 0.47236, 0.47465, 0.46258, 0.05428, 0.01234, 1
0.4506, 0.44201, 0.32459, 0.48323, 0.44757, 0.43429, 0.05903, 0.03255, 1
0.4547, 0.445, 0.49093, 0.47526, 0.45981, 0.45306, 0.01873, 0.02604, 1
0.45202, 0.44245, 0.45297, 0.48232, 0.45381, 0.44588, 0.02895, 0.03035, 1
0.44605, 0.43822, 0.43537, 0.4851, 0.44771, 0.44242, 0.01779, 0.03724, 1
0.46136, 0.46024, 0.46145, 0.47059, 0.4728, 0.47231, 0.17786, 0.11193, 1
0.45266, 0.44394, 0.22316, 0.47124, 0.46205, 0.45576, 0.03293, 0.03261, 1
0.45088, 0.44288, 0.22366, 0.47232, 0.45956, 0.45358, 0.03295, 0.03737, 1
0.45145, 0.43949, 0.24782, 0.48036, 0.45575, 0.4478, 0.0468, 0.03735, 1
0.44967, 0.43971, 0.52387, 0.48109, 0.4536, 0.45011, 0.01423, 0.02946, 0
0.44795, 0.43844, 0.31927, 0.47673, 0.4543, 0.44781, 0.01334, 0.01783, 1
0.43923, 0.43161, 0.35551, 0.48788, 0.44346, 0.43511, 0.04823, 0.05014, 1
0.44305, 0.43329, 0.35225, 0.48571, 0.44136, 0.43399, 0.0762, 0.02182, 0
0.45695, 0.45264, 0.3811, 0.47215, 0.46775, 0.47308, 0.13538, 0.14828, 1
0.45191, 0.44222, 0.35968, 0.47835, 0.45601, 0.44544, 0.02316, 0.04331, 1
0.4489, 0.44014, 0.34027, 0.48387, 0.45191, 0.44734, 0.01003, 0.03788, 0
0.4427, 0.43411, 0.21962, 0.48502, 0.44528, 0.43914, 0.04193, 0.0214, 1
0.44857, 0.44556, 0.12548, 0.47397, 0.45792, 0.45831, 0.10824, 0.06011, 1
0.4542, 0.44014, 0.12136, 0.48094, 0.45618, 0.44734, 0.08193, 0.05191, 0
0.52606, 0.48644, 0.15011, 0.47535, 0.50832, 0.47665, 0.51093, 0.55157, 0
0.45417, 0.44408, 0.32849, 0.4692, 0.46031, 0.45827, 0.01742, 0.03398, 0
0.45325, 0.44367, 0.3986, 0.47976, 0.45623, 0.45124, 0.01584, 0.02238, 0
0.45875, 0.44284, 0.40046, 0.47116, 0.47248, 0.47274, 0.00801, 0.06693, 1
0.44976, 0.4416, 0.43965, 0.4741, 0.45539, 0.45099, 0.01745, 0.01345, 1
0.61654, 0.6052, 0.24008, 0.32394, 0.6276, 0.61351, 0.0251, 0.04305, 1
0.44894, 0.43972, 0.21121, 0.48311, 0.45029, 0.4411, 0.03401, 0.04753, 0
0.43983, 0.43306, 0.25099, 0.48245, 0.42828, 0.41538, 0.08454, 0.13143, 0
0.45304, 0.44472, 0.21244, 0.47943, 0.4552, 0.45352, 0.01786, 0.02339, 0
0.43155, 0.42807, 0.20359, 0.48168, 0.44015, 0.44242, 0.10616, 0.05834, 0
0.46651, 0.44599, 0.17318, 0.47186, 0.47403, 0.46681, 0.10893, 0.04821, 0
0.46797, 0.43908, 0.17603, 0.47189, 0.49088, 0.49389, 0.07442, 0.0543, 0
0.44894, 0.44118, 0.3329, 0.48382, 0.44948, 0.44413, 0.01405, 0.03879, 1
0.44064, 0.43509, 0.33409, 0.4851, 0.44503, 0.444, 0.04714, 0.02359, 0
0.44998, 0.44224, 0.3453, 0.47244, 0.4595, 0.45559, 0.04774, 0.00809, 1
0.45452, 0.44455, 0.34252, 0.47148, 0.46127, 0.45394, 0.01625, 0.02141, 0
0.4291, 0.42236, 0.0951, 0.49005, 0.43137, 0.42576, 0.09167, 0.09717, 1
0.43814, 0.43589, 0.20845, 0.48197, 0.44508, 0.44651, 0.09389, 0.06958, 0
0.39859, 0.41147, 0.21794, 0.47808, 0.42603, 0.44342, 0.40913, 0.37686, 1
0.45139, 0.43776, 0.32414, 0.47749, 0.45924, 0.4422, 0.07343, 0.05759, 1
0.45365, 0.44503, 0.33257, 0.47224, 0.46157, 0.45516, 0.03116, 0.03995, 0
0.4476, 0.44076, 0.28654, 0.47559, 0.45566, 0.45231, 0.04297, 0.03769, 1
0.44722, 0.4414, 0.26636, 0.48211, 0.44795, 0.44455, 0.01965, 0.02241, 1
0.44579, 0.43777, 0.24527, 0.47992, 0.44977, 0.4492, 0.0218, 0.01183, 0
0.46197, 0.44953, 0.19826, 0.47504, 0.46897, 0.46438, 0.04033, 0.04012, 0
0.44695, 0.43519, 0.20392, 0.47848, 0.45379, 0.45529, 0.036, 0.04658, 0
0.4581, 0.44931, 0.20261, 0.47709, 0.46101, 0.45568, 0.03922, 0.03768, 1
0.44228, 0.43841, 0.2031, 0.47987, 0.44934, 0.44687, 0.07446, 0.07021, 1
0.43962, 0.4361, 0.26518, 0.47992, 0.4477, 0.4469, 0.085, 0.06283, 0
0.4544, 0.44351, 0.1685, 0.47089, 0.46092, 0.45627, 0.01138, 0.00452, 1
0.45687, 0.45028, 0.15646, 0.47902, 0.45845, 0.45216, 0.04668, 0.0358, 0
0.46198, 0.45154, 0.16599, 0.47979, 0.45877, 0.44908, 0.07415, 0.06637, 0
0.46933, 0.45555, 0.17434, 0.47514, 0.46788, 0.46202, 0.09409, 0.08096, 0
0.45768, 0.44499, 0.18487, 0.47065, 0.46967, 0.47086, 0.03371, 0.05243, 1
0.44197, 0.43633, 0.1335, 0.48423, 0.44311, 0.43323, 0.02349, 0.08551, 0
0.45636, 0.44837, 0.15161, 0.47555, 0.4628, 0.4633, 0.05477, 0.03098, 0
0.4518, 0.44013, 0.14958, 0.47774, 0.45747, 0.45523, 0.02353, 0.03033, 0
0.44589, 0.43801, 0.15103, 0.47487, 0.45522, 0.45267, 0.04346, 0.04403, 1
0.45396, 0.44743, 0.45836, 0.48072, 0.45578, 0.4488, 0.03265, 0.0226, 0
0.44286, 0.43387, 0.37969, 0.4826, 0.44637, 0.4398, 0.04554, 0.0939, 1
0.4506, 0.44097, 0.18019, 0.48202, 0.45512, 0.44972, 0.00906, 0.01377, 0
0.45651, 0.44527, 0.12448, 0.48093, 0.45526, 0.44398, 0.0763, 0.08633, 0
0.45205, 0.44656, 0.11895, 0.481, 0.45345, 0.44919, 0.03491, 0.01985, 0
0.4754, 0.46207, 0.11062, 0.474, 0.47618, 0.47034, 0.1104, 0.10364, 0
0.46089, 0.45129, 0.11455, 0.47999, 0.45751, 0.44698, 0.07675, 0.0655, 0
0.44259, 0.44011, 0.10985, 0.48283, 0.44433, 0.44347, 0.05587, 0.09527, 1
0.46137, 0.44634, 0.15642, 0.47272, 0.47003, 0.46183, 0.03538, 0.07882, 0
0.45906, 0.45171, 0.12915, 0.47266, 0.46404, 0.45948, 0.06326, 0.00826, 0
0.46258, 0.4502, 0.15171, 0.4741, 0.46517, 0.45896, 0.06124, 0.09958, 0
0.45251, 0.44698, 0.16441, 0.47404, 0.46004, 0.45779, 0.06553, 0.03812, 0
0.45801, 0.44477, 0.32173, 0.48001, 0.44849, 0.4533, 0.09152, 0.03357, 0
0.45279, 0.44456, 0.30187, 0.47401, 0.45662, 0.4542, 0.02399, 0.02592, 1
0.43622, 0.43149, 0.28462, 0.48023, 0.44474, 0.44423, 0.08166, 0.01959, 0
0.46128, 0.4505, 0.26542, 0.47082, 0.47577, 0.4696, 0.0643, 0.06567, 0
0.46026, 0.44903, 0.31727, 0.46936, 0.47421, 0.46875, 0.05312, 0.12346, 0
0.46817, 0.44502, 0.40782, 0.47116, 0.49114, 0.48929, 0.03707, 0.0082, 0
0.4556, 0.44332, 0.5579, 0.47243, 0.46042, 0.45347, 0.03714, 0.03368, 1
0.44904, 0.43862, 0.56513, 0.48112, 0.45278, 0.44455, 0.03439, 0.053, 1
0.45596, 0.44545, 0.51395, 0.46808, 0.46187, 0.45645, 0.02091, 0.01384, 1
0.44802, 0.44289, 0.31008, 0.48334, 0.4483, 0.43822, 0.00823, 0.02238, 0
0.44348, 0.43009, 0.22797, 0.47578, 0.45199, 0.45101, 0.05908, 0.10065, 0
0.44408, 0.43819, 0.15783, 0.48104, 0.45065, 0.44804, 0.0486, 0.02377, 1
0.4564, 0.44717, 0.15225, 0.47087, 0.46293, 0.46086, 0.03597, 0.04108, 1
0.45744, 0.44574, 0.37088, 0.47163, 0.46753, 0.4605, 0.02207, 0.03207, 1
0.4868, 0.46461, 0.40786, 0.47673, 0.48003, 0.46049, 0.24197, 0.3262, 0
0.45021, 0.43926, 0.36564, 0.47721, 0.45194, 0.44868, 0.02842, 0.0203, 0
0.46015, 0.44956, 0.34824, 0.46988, 0.47419, 0.47654, 0.08087, 0.16289, 0
0.44435, 0.43409, 0.34696, 0.47344, 0.46058, 0.46183, 0.06843, 0.0855, 1
0.4479, 0.43988, 0.56035, 0.47627, 0.45485, 0.45313, 0.02968, 0.02842, 1
0.45441, 0.44422, 0.45498, 0.46965, 0.46081, 0.45826, 0.01635, 0.04334, 0
0.1977, 0.19721, 0.26177, 0.59289, 0.19883, 0.19884, 0.10275, 0.13111, 0
0.44794, 0.439, 0.23996, 0.48648, 0.45226, 0.44521, 0.0152, 0.03081, 1
0.52572, 0.49079, 0.26083, 0.47461, 0.50907, 0.48626, 0.4537, 0.49532, 0
0.45273, 0.44617, 0.3113, 0.48054, 0.44534, 0.45931, 0.02414, 0.04619, 0
0.42573, 0.41972, 0.35318, 0.48445, 0.43266, 0.42935, 0.10708, 0.04893, 0
0.44964, 0.43922, 0.27625, 0.47266, 0.46813, 0.46504, 0.06812, 0.08298, 1
0.50737, 0.4718, 0.27872, 0.47299, 0.506, 0.4945, 0.35068, 0.35256, 0
0.45155, 0.44574, 0.18929, 0.4799, 0.45239, 0.44511, 0.02205, 0.03059, 0
0.45015, 0.43988, 0.16223, 0.48167, 0.45413, 0.44721, 0.02615, 0.01976, 1
0.4712, 0.46785, 0.21644, 0.47011, 0.49709, 0.49566, 0.26049, 0.30985, 0
0.45854, 0.44511, 0.33136, 0.48132, 0.46144, 0.44481, 0.08962, 0.05147, 0
0.45249, 0.44358, 0.30385, 0.482, 0.45615, 0.44773, 0.01721, 0.04577, 1
0.45331, 0.44379, 0.33024, 0.4789, 0.45597, 0.45591, 0.0126, 0.05701, 1
0.45683, 0.43925, 0.31419, 0.4749, 0.47048, 0.44659, 0.08486, 0.06194, 0
0.44971, 0.44011, 0.29412, 0.4784, 0.45589, 0.44646, 0.0136, 0.02185, 0
0.46552, 0.45561, 0.34575, 0.46627, 0.47463, 0.47085, 0.07755, 0.04982, 1
0.43783, 0.43088, 0.38633, 0.4893, 0.4408, 0.43606, 0.04973, 0.03851, 0
0.49225, 0.46438, 0.37294, 0.47645, 0.48138, 0.46482, 0.31164, 0.39087, 1
0.44269, 0.43478, 0.39266, 0.4809, 0.4413, 0.43639, 0.03975, 0.08661, 1
0.45525, 0.45169, 0.36638, 0.47228, 0.47219, 0.46947, 0.14705, 0.16509, 0
0.44694, 0.43904, 0.31818, 0.47948, 0.45216, 0.45167, 0.0305, 0.02547, 1
0.49809, 0.47338, 0.32258, 0.47433, 0.48964, 0.47833, 0.27132, 0.18642, 1
0.48252, 0.47113, 0.30831, 0.47376, 0.48262, 0.46981, 0.14489, 0.16136, 0
0.45245, 0.44375, 0.29013, 0.4778, 0.45705, 0.45218, 0.01428, 0.01594, 1
0.44072, 0.41825, 0.22988, 0.48348, 0.43685, 0.42919, 0.24707, 0.28648, 0
0.4395, 0.43725, 0.23566, 0.48333, 0.43716, 0.4292, 0.01931, 0.03515, 1
0.45048, 0.44009, 0.25936, 0.48121, 0.44795, 0.44667, 0.05317, 0.04441, 1
0.4485, 0.43878, 0.29858, 0.47747, 0.45383, 0.44653, 0.01725, 0.06068, 0
0.45601, 0.44688, 0.28495, 0.48006, 0.45993, 0.4505, 0.02843, 0.03486, 1
0.44353, 0.43659, 0.27477, 0.48232, 0.44753, 0.44281, 0.02398, 0.01761, 0
0.45644, 0.44557, 0.23438, 0.46965, 0.46552, 0.46007, 0.02385, 0.02231, 1
0.48176, 0.45962, 0.35355, 0.47829, 0.47325, 0.44984, 0.25799, 0.20535, 1
0.49272, 0.46435, 0.35822, 0.47753, 0.48131, 0.48667, 0.25265, 0.34955, 1
0.46734, 0.45792, 0.37758, 0.47521, 0.46461, 0.46881, 0.08077, 0.07587, 0
0.44249, 0.43055, 0.38643, 0.48246, 0.44193, 0.44379, 0.07093, 0.02121, 0
0.47696, 0.46101, 0.41079, 0.46972, 0.48858, 0.48351, 0.09612, 0.20142, 1
0.43564, 0.42491, 0.37805, 0.48317, 0.43538, 0.41828, 0.12695, 0.03723, 0
0.44338, 0.43648, 0.43691, 0.47755, 0.45353, 0.45516, 0.06824, 0.09874, 0
0.45798, 0.44611, 0.40224, 0.47067, 0.46969, 0.46634, 0.03328, 0.05628, 1
0.45733, 0.44784, 0.28358, 0.48072, 0.45854, 0.44776, 0.04687, 0.07879, 1
0.43912, 0.42132, 0.27237, 0.4851, 0.41901, 0.39834, 0.31993, 0.34241, 0
0.39334, 0.39696, 0.33129, 0.47753, 0.42354, 0.4185, 0.31878, 0.41958, 1
0.53683, 0.51616, 0.32699, 0.46761, 0.54998, 0.53312, 0.36216, 0.43532, 0
0.45169, 0.43493, 0.32787, 0.4751, 0.46833, 0.45533, 0.03425, 0.06908, 0
0.39539, 0.40661, 0.25066, 0.48267, 0.40818, 0.4298, 0.3183, 0.30348, 1
0.4471, 0.44614, 0.22336, 0.47645, 0.45405, 0.44854, 0.09134, 0.06762, 1
0.44642, 0.43794, 0.15884, 0.47638, 0.44972, 0.45142, 0.02259, 0.04419, 0
0.45784, 0.4466, 0.20235, 0.46877, 0.46298, 0.45916, 0.02668, 0.03629, 1
0.44339, 0.4401, 0.34281, 0.48454, 0.44364, 0.43529, 0.02056, 0.0381, 0
0.45709, 0.44422, 0.26892, 0.47197, 0.46617, 0.45799, 0.02329, 0.03632, 1
0.46928, 0.44946, 0.30961, 0.47382, 0.47251, 0.45736, 0.14395, 0.12098, 0
0.44379, 0.43009, 0.3265, 0.47815, 0.45056, 0.44747, 0.07023, 0.143, 0
0.43603, 0.434, 0.34269, 0.47669, 0.44767, 0.44562, 0.11279, 0.11762, 0
0.44555, 0.43901, 0.22552, 0.47985, 0.45172, 0.44536, 0.02753, 0.06828, 0
0.46156, 0.44293, 0.1774, 0.47685, 0.46248, 0.44984, 0.13853, 0.09533, 1
0.45664, 0.44618, 0.14877, 0.48265, 0.44986, 0.43326, 0.10624, 0.0713, 0
0.45809, 0.44662, 0.11498, 0.47052, 0.47092, 0.47121, 0.05251, 0.02127, 1
0.44301, 0.43842, 0.16781, 0.48035, 0.44094, 0.44637, 0.03633, 0.02526, 0
0.44269, 0.4331, 0.23529, 0.4871, 0.44569, 0.43786, 0.05048, 0.08395, 0
0.47544, 0.46594, 0.32788, 0.47136, 0.47762, 0.46886, 0.11946, 0.18857, 0
0.41799, 0.38869, 0.30693, 0.48412, 0.4134, 0.40258, 0.42913, 0.36639, 1
0.45111, 0.44097, 0.17523, 0.47183, 0.46304, 0.46199, 0.04099, 0.03394, 0
0.46291, 0.46298, 0.14982, 0.47182, 0.47647, 0.47872, 0.20417, 0.31172, 0
0.45398, 0.44611, 0.15365, 0.4727, 0.47239, 0.4763, 0.10816, 0.01782, 0
0.45699, 0.4414, 0.23893, 0.4716, 0.46977, 0.46767, 0.01618, 0.01501, 0
0.46868, 0.44761, 0.20547, 0.47375, 0.4699, 0.4631, 0.15014, 0.18626, 0
0.46422, 0.45254, 0.14684, 0.47095, 0.46921, 0.46114, 0.05621, 0.08002, 1
0.44636, 0.44225, 0.08953, 0.48016, 0.44898, 0.45192, 0.05557, 0.10231, 0
0.4517, 0.43819, 0.09875, 0.47304, 0.4628, 0.45854, 0.01801, 0.06691, 1
0.44124, 0.436, 0.25843, 0.47836, 0.45045, 0.4454, 0.06292, 0.04921, 1
0.45682, 0.45149, 0.2138, 0.47149, 0.46187, 0.46155, 0.08438, 0.06983, 1
0.44949, 0.43797, 0.20482, 0.47979, 0.452, 0.44738, 0.04742, 0.05169, 0
0.44152, 0.43346, 0.17466, 0.47878, 0.44858, 0.44829, 0.04701, 0.05153, 0
0.45453, 0.44574, 0.26768, 0.47252, 0.46654, 0.45563, 0.03499, 0.04055, 1
0.45236, 0.43946, 0.20949, 0.47835, 0.45423, 0.44762, 0.06191, 0.04225, 1
0.44737, 0.43817, 0.20019, 0.48478, 0.44641, 0.43704, 0.04906, 0.06198, 1
0.44862, 0.44334, 0.2077, 0.48029, 0.45242, 0.44971, 0.04444, 0.04861, 0
0.44121, 0.4358, 0.21501, 0.47803, 0.44941, 0.45011, 0.07489, 0.0508, 1
0.44403, 0.43567, 0.54786, 0.48394, 0.44146, 0.43918, 0.04157, 0.08224, 1
0.45632, 0.44713, 0.56887, 0.48094, 0.4532, 0.45024, 0.04562, 0.1052, 1
0.4791, 0.49064, 0.31806, 0.4788, 0.46974, 0.4667, 0.31632, 0.32354, 0
0.45142, 0.44393, 0.41438, 0.48107, 0.45005, 0.451, 0.01336, 0.05028, 1
0.44721, 0.44161, 0.44044, 0.47297, 0.45727, 0.45907, 0.08832, 0.04111, 1
0.45443, 0.44161, 0.44748, 0.47196, 0.46361, 0.45946, 0.0108, 0.05331, 1
0.4595, 0.44735, 0.28993, 0.47488, 0.4661, 0.455, 0.0477, 0.04901, 0
0.44614, 0.438, 0.22268, 0.47845, 0.45266, 0.44831, 0.02485, 0.07574, 0
0.45458, 0.4448, 0.26307, 0.47434, 0.45963, 0.45552, 0.01752, 0.03865, 1
0.42396, 0.41375, 0.16689, 0.48882, 0.4224, 0.40991, 0.1655, 0.14167, 1
0.45229, 0.44162, 0.18986, 0.48327, 0.45196, 0.44304, 0.05781, 0.04394, 1
0.45917, 0.44746, 0.22548, 0.47235, 0.46309, 0.45548, 0.04317, 0.05825, 0
0.46353, 0.45439, 0.22011, 0.46892, 0.46817, 0.46165, 0.06438, 0.08324, 0
0.44297, 0.4321, 0.2331, 0.48368, 0.44819, 0.44303, 0.05062, 0.06506, 1
0.45719, 0.44529, 0.26628, 0.48153, 0.45375, 0.44527, 0.08357, 0.02196, 0
0.45943, 0.44949, 0.37705, 0.46906, 0.46711, 0.46146, 0.04459, 0.02236, 0
0.44501, 0.43757, 0.4141, 0.486, 0.4483, 0.4398, 0.01824, 0.05704, 0
0.45015, 0.44438, 0.40493, 0.4739, 0.45989, 0.46043, 0.08156, 0.03873, 1
0.46072, 0.448, 0.39385, 0.46901, 0.46884, 0.46689, 0.03309, 0.06517, 1
0.4413, 0.43246, 0.38259, 0.48203, 0.44809, 0.44547, 0.04303, 0.04715, 1
0.4376, 0.42355, 0.32055, 0.48431, 0.43838, 0.43299, 0.12424, 0.20724, 0
0.45818, 0.44843, 0.24762, 0.47151, 0.47073, 0.46949, 0.06389, 0.03983, 0
0.44644, 0.43479, 0.11529, 0.47703, 0.45417, 0.44972, 0.03564, 0.11237, 1
0.4446, 0.4414, 0.13931, 0.47759, 0.45049, 0.4514, 0.08701, 0.05298, 1
0.46282, 0.45118, 0.14415, 0.46764, 0.46785, 0.46699, 0.04826, 0.02786, 0
0.45459, 0.43522, 0.18323, 0.47589, 0.46148, 0.45707, 0.1003, 0.12011, 0
0.46013, 0.45141, 0.17482, 0.47369, 0.46619, 0.46405, 0.05378, 0.04982, 1
0.45905, 0.44544, 0.17464, 0.47597, 0.46158, 0.45462, 0.0639, 0.02677, 1
0.44783, 0.43672, 0.16234, 0.48451, 0.44892, 0.44121, 0.0625, 0.04719, 0
0.4569, 0.44822, 0.14047, 0.47035, 0.4691, 0.47104, 0.08057, 0.12553, 0
0.43745, 0.42933, 0.19032, 0.48542, 0.44293, 0.43395, 0.05817, 0.04393, 0
0.44854, 0.43843, 0.22119, 0.47984, 0.45404, 0.44921, 0.01817, 0.06958, 1
0.45888, 0.44733, 0.21183, 0.47536, 0.46157, 0.4528, 0.05038, 0.08198, 0
0.44453, 0.42911, 0.21028, 0.48126, 0.44588, 0.43047, 0.13856, 0.16351, 1
0.46153, 0.44881, 0.21543, 0.46931, 0.47236, 0.47168, 0.04085, 0.02739, 1
0.45638, 0.44605, 0.17896, 0.47557, 0.46148, 0.45049, 0.03052, 0.05324, 0
0.46733, 0.44862, 0.18519, 0.47189, 0.48091, 0.47149, 0.04928, 0.10724, 0
0.43135, 0.42636, 0.16845, 0.48875, 0.43356, 0.43112, 0.07369, 0.06075, 0
0.43301, 0.43609, 0.16181, 0.47876, 0.44438, 0.44972, 0.18598, 0.13658, 0
0.4558, 0.4414, 0.15255, 0.47167, 0.47007, 0.47356, 0.01958, 0.0349, 0
0.45486, 0.43629, 0.26182, 0.48042, 0.4519, 0.43179, 0.18474, 0.12117, 1
0.44987, 0.43839, 0.28965, 0.48407, 0.45024, 0.44085, 0.06787, 0.02645, 0
0.45827, 0.44637, 0.27843, 0.47086, 0.46772, 0.45914, 0.02727, 0.02793, 1
0.4431, 0.44097, 0.2612, 0.48202, 0.44082, 0.44242, 0.04131, 0.05387, 1
0.45555, 0.44742, 0.21545, 0.46947, 0.46264, 0.46067, 0.04831, 0.02524, 0
0.4462, 0.43495, 0.21518, 0.48234, 0.4499, 0.44099, 0.05407, 0.00458, 0
0.45659, 0.44313, 0.27761, 0.47337, 0.47084, 0.45653, 0.01305, 0.02662, 1
0.45161, 0.4427, 0.29585, 0.48166, 0.4535, 0.44867, 0.01459, 0.03099, 1
0.45635, 0.45715, 0.34646, 0.47902, 0.45734, 0.45311, 0.12699, 0.19587, 1
0.46991, 0.45197, 0.35977, 0.47804, 0.46592, 0.45978, 0.13315, 0.13887, 0
0.45471, 0.44616, 0.24968, 0.47141, 0.46478, 0.45862, 0.04799, 0.06007, 1
0.46647, 0.45026, 0.24045, 0.47112, 0.47112, 0.46124, 0.08763, 0.0719, 1
0.43058, 0.42761, 0.21291, 0.47805, 0.44185, 0.44449, 0.13415, 0.16118, 0
0.46459, 0.45224, 0.18067, 0.47078, 0.4861, 0.48714, 0.10355, 0.07208, 0
0.13332, 0.13572, 0.16316, 0.53121, 0.125, 0.12595, 0.15146, 0.23109, 0
0.46194, 0.4479, 0.11953, 0.46911, 0.46855, 0.46362, 0.04468, 0.0703, 0
0.45735, 0.4479, 0.13263, 0.46929, 0.46564, 0.46284, 0.04228, 0.06215, 1
0.44982, 0.4442, 0.16409, 0.48228, 0.4494, 0.44462, 0.01812, 0.03822, 1
0.44366, 0.43795, 0.15083, 0.48068, 0.44871, 0.4475, 0.04762, 0.02214, 1
0.44724, 0.43924, 0.17113, 0.48306, 0.45385, 0.4442, 0.00958, 0.05095, 1
0.44156, 0.43145, 0.2048, 0.48785, 0.44443, 0.43673, 0.06275, 0.04844, 1
0.45476, 0.44551, 0.2985, 0.47775, 0.458, 0.45771, 0.02208, 0.06317, 1
0.45535, 0.4466, 0.37865, 0.4754, 0.46028, 0.45536, 0.02766, 0.02275, 1
0.44829, 0.44183, 0.36082, 0.47559, 0.4555, 0.45313, 0.04899, 0.0947, 1
0.44167, 0.43403, 0.35233, 0.47645, 0.45128, 0.44971, 0.05409, 0.04852, 1
0.43044, 0.42486, 0.47481, 0.48908, 0.43209, 0.42288, 0.08035, 0.07347, 1
0.44349, 0.43822, 0.44251, 0.48131, 0.44765, 0.4469, 0.04819, 0.0141, 1
0.39342, 0.38034, 0.42549, 0.47995, 0.41431, 0.42133, 0.29374, 0.33115, 1
0.45062, 0.44161, 0.24239, 0.47555, 0.45814, 0.45514, 0.02145, 0.06926, 1
0.4578, 0.44566, 0.14874, 0.47065, 0.46494, 0.45708, 0.03167, 0.14421, 1
0.45139, 0.43672, 0.1476, 0.48371, 0.44605, 0.42976, 0.15605, 0.12539, 1
0.45072, 0.45459, 0.12983, 0.47596, 0.46203, 0.47191, 0.23502, 0.25837, 1
0.44974, 0.44118, 0.14706, 0.47348, 0.46381, 0.45721, 0.06059, 0.0473, 1
0.44858, 0.4414, 0.14332, 0.48069, 0.45475, 0.44998, 0.02674, 0.02621, 1
0.47258, 0.47105, 0.29435, 0.46936, 0.48402, 0.47907, 0.21046, 0.20345, 1
0.44117, 0.43224, 0.28476, 0.47881, 0.44932, 0.44701, 0.04316, 0.03219, 1
0.45533, 0.44225, 0.28052, 0.47372, 0.46097, 0.45205, 0.0449, 0.04103, 1
0.45356, 0.44358, 0.36622, 0.47882, 0.45684, 0.45156, 0.01721, 0.01229, 0
0.45501, 0.44358, 0.34713, 0.47931, 0.45644, 0.44918, 0.04694, 0.05247, 1
0.449, 0.43879, 0.35401, 0.48475, 0.44956, 0.44246, 0.0469, 0.02444, 1
0.45445, 0.44619, 0.29394, 0.47415, 0.45969, 0.45367, 0.02733, 0.01451, 0
0.44394, 0.43531, 0.20591, 0.48665, 0.44589, 0.43916, 0.03692, 0.0329, 0
0.45138, 0.44097, 0.19176, 0.48071, 0.4543, 0.4505, 0.02367, 0.02445, 0
0.45701, 0.44466, 0.13101, 0.47562, 0.45787, 0.45234, 0.05357, 0.04524, 0
0.43966, 0.43206, 0.12157, 0.49011, 0.44262, 0.43852, 0.04417, 0.09909, 1
0.45472, 0.44708, 0.57554, 0.47016, 0.4647, 0.45857, 0.05376, 0.01613, 0
0.45219, 0.44097, 0.59695, 0.472, 0.46118, 0.45619, 0.00211, 0.03636, 1
0.45529, 0.4438, 0.60865, 0.47225, 0.462, 0.455, 0.02528, 0.03258, 0
0.45535, 0.44577, 0.61198, 0.46841, 0.46219, 0.45752, 0.02394, 0.05107, 0
0.46367, 0.44729, 0.52854, 0.48117, 0.45698, 0.44192, 0.16658, 0.05865, 0
0.44281, 0.43835, 0.44864, 0.48178, 0.44466, 0.44654, 0.05098, 0.06448, 0
0.44675, 0.43582, 0.47514, 0.48261, 0.4581, 0.44647, 0.03049, 0.00792, 1
0.45382, 0.44462, 0.46642, 0.47436, 0.46258, 0.45154, 0.01656, 0.03521, 1
0.44188, 0.43219, 0.46129, 0.48804, 0.4447, 0.43791, 0.05627, 0.02249, 0
0.45989, 0.44997, 0.42307, 0.47252, 0.46561, 0.45543, 0.04245, 0.01427, 0
0.44458, 0.43433, 0.39258, 0.48086, 0.45042, 0.44414, 0.03761, 0.02203, 1
0.45273, 0.44461, 0.36319, 0.47828, 0.45813, 0.45231, 0.01973, 0.0225, 0
0.45001, 0.44118, 0.30721, 0.47852, 0.4548, 0.44712, 0.00717, 0.03451, 1
0.45248, 0.44268, 0.29747, 0.48001, 0.45614, 0.44751, 0.02099, 0.0436, 1
0.44835, 0.43819, 0.23787, 0.48325, 0.4512, 0.44738, 0.02893, 0.03363, 0
0.45092, 0.44183, 0.17077, 0.4728, 0.45859, 0.45348, 0.01642, 0.03224, 1
0.44548, 0.43818, 0.13438, 0.48707, 0.45108, 0.44465, 0.02036, 0.08176, 0
0.44824, 0.43905, 0.14595, 0.48069, 0.45048, 0.44803, 0.01488, 0.0299, 0
0.44869, 0.44054, 0.22798, 0.48355, 0.44641, 0.44106, 0.03757, 0.0731, 1
0.39172, 0.40169, 0.37907, 0.48384, 0.40552, 0.41935, 0.31884, 0.30681, 0
0.46517, 0.44762, 0.38983, 0.47385, 0.48509, 0.49263, 0.03107, 0.03463, 0
0.45713, 0.44419, 0.38897, 0.47306, 0.46432, 0.45987, 0.02309, 0.04506, 0
0.4379, 0.43234, 0.23932, 0.47835, 0.44752, 0.44801, 0.0792, 0.13252, 0
0.45551, 0.44118, 0.26986, 0.47278, 0.46408, 0.4577, 0.03974, 0.00831, 0
0.49181, 0.49217, 0.29919, 0.46877, 0.52541, 0.53408, 0.43951, 0.55661, 1
0.45602, 0.43901, 0.34592, 0.47363, 0.47846, 0.47068, 0.01795, 0.05526, 0
0.45274, 0.44227, 0.48413, 0.47959, 0.44792, 0.43198, 0.07446, 0.12443, 0
0.4464, 0.40033, 0.40279, 0.48101, 0.4306, 0.4019, 0.65713, 0.61077, 1
0.4668, 0.45024, 0.23858, 0.477, 0.45919, 0.45037, 0.14718, 0.04978, 1
0.45627, 0.44356, 0.21035, 0.47411, 0.45893, 0.45194, 0.04655, 0.02655, 0
0.46524, 0.4535, 0.32252, 0.46669, 0.47098, 0.46635, 0.06013, 0.0061, 0
0.44513, 0.43622, 0.2783, 0.48755, 0.44952, 0.44317, 0.0256, 0.01841, 0
0.45435, 0.44421, 0.24254, 0.47486, 0.45904, 0.4539, 0.01628, 0.03011, 0
0.9005, 0.87719, 0.23724, 0.23308, 0.90918, 0.89561, 0.03142, 0.06753, 1
0.45283, 0.44182, 0.21333, 0.48169, 0.45472, 0.44895, 0.03739, 0.02396, 1
0.44613, 0.44054, 0.37245, 0.48024, 0.45372, 0.45244, 0.05203, 0.01498, 0
0.45446, 0.44458, 0.23458, 0.47906, 0.45605, 0.45474, 0.02418, 0.03744, 1
0.44199, 0.43566, 0.16157, 0.47874, 0.45055, 0.44869, 0.05956, 0.06911, 0
0.43996, 0.43354, 0.15376, 0.48589, 0.44495, 0.43789, 0.04092, 0.01797, 0
0.42506, 0.42295, 0.37898, 0.48594, 0.43393, 0.4309, 0.11639, 0.03948, 0
0.44218, 0.43162, 0.33211, 0.47921, 0.44436, 0.43562, 0.07419, 0.04952, 0
0.46533, 0.45531, 0.16631, 0.47076, 0.46854, 0.46432, 0.06817, 0.02893, 1
0.4518, 0.44314, 0.18707, 0.47392, 0.45792, 0.45274, 0.02208, 0.0395, 0
0.45219, 0.44335, 0.18487, 0.48066, 0.45316, 0.44918, 0.01274, 0.08004, 1
0.45429, 0.44661, 0.15247, 0.47295, 0.45939, 0.45484, 0.03776, 0.05091, 1
0.45278, 0.44205, 0.19468, 0.47188, 0.46477, 0.46394, 0.03657, 0.05691, 0
0.45162, 0.44184, 0.21397, 0.47283, 0.46346, 0.45696, 0.03107, 0.11706, 0
0.44633, 0.43988, 0.18083, 0.48292, 0.44767, 0.44445, 0.0096, 0.0162, 0
0.44178, 0.43862, 0.35275, 0.47436, 0.45666, 0.46139, 0.14363, 0.13113, 0
0.4095, 0.41278, 0.19508, 0.48011, 0.42715, 0.43057, 0.23508, 0.26667, 0
0.46309, 0.44802, 0.14425, 0.47712, 0.46445, 0.44713, 0.10873, 0.04031, 1
0.45288, 0.44161, 0.15511, 0.47212, 0.46443, 0.46307, 0.02867, 0.06269, 0
0.45313, 0.44417, 0.15295, 0.47905, 0.45633, 0.44998, 0.01443, 0.11047, 1
0.45042, 0.4401, 0.33914, 0.47405, 0.45452, 0.45142, 0.00753, 0.02496, 0
0.45369, 0.44356, 0.33515, 0.47189, 0.45805, 0.4522, 0.01462, 0.01599, 1
0.44498, 0.4414, 0.31137, 0.47941, 0.44744, 0.42727, 0.03383, 0.03406, 0
0.44791, 0.4386, 0.2862, 0.47548, 0.45997, 0.45076, 0.02492, 0.01606, 0
0.44409, 0.43365, 0.31972, 0.48422, 0.45117, 0.44307, 0.0432, 0.10588, 0
0.20286, 0.19874, 0.46258, 0.67158, 0.20146, 0.20327, 0.05196, 0.0347, 0
0.4432, 0.43769, 0.24169, 0.48271, 0.44624, 0.44256, 0.03692, 0.02861, 0
0.73909, 0.71927, 0.261, 0.44149, 0.74835, 0.7354, 0.44614, 0.48216, 1
0.44516, 0.43572, 0.2728, 0.48147, 0.4512, 0.4448, 0.02792, 0.10316, 0
0.44137, 0.42655, 0.29583, 0.48475, 0.43744, 0.42019, 0.17381, 0.21485, 1
0.44648, 0.43966, 0.31334, 0.48282, 0.44293, 0.43967, 0.02481, 0.11338, 1
0.44619, 0.43988, 0.3106, 0.48105, 0.44958, 0.44958, 0.03695, 0.07442, 0
0.40544, 0.40913, 0.30438, 0.47828, 0.42731, 0.43649, 0.27836, 0.31658, 0
0.46764, 0.45561, 0.21733, 0.47732, 0.46875, 0.46798, 0.07549, 0.10114, 1
0.44724, 0.43792, 0.11118, 0.48008, 0.44949, 0.44879, 0.0182, 0.02678, 0
0.44998, 0.44206, 0.10871, 0.47187, 0.46136, 0.46121, 0.06578, 0.04722, 0
0.45364, 0.44272, 0.23312, 0.47657, 0.46341, 0.4541, 0.01181, 0.02147, 1
0.4603, 0.44734, 0.27944, 0.46792, 0.46685, 0.45903, 0.04445, 0.0598, 1
0.45489, 0.4447, 0.33054, 0.47964, 0.45812, 0.4509, 0.03081, 0.03608, 1
0.42014, 0.39618, 0.44218, 0.48432, 0.4063, 0.36711, 0.45626, 0.47894, 1
0.44641, 0.4356, 0.49533, 0.47465, 0.45385, 0.45089, 0.02694, 0.03684, 0
0.45488, 0.44678, 0.46497, 0.47389, 0.46608, 0.45964, 0.0572, 0.01148, 0
0.42084, 0.39701, 0.15967, 0.48604, 0.39623, 0.36824, 0.48973, 0.57525, 1
0.45485, 0.44118, 0.15607, 0.47464, 0.46442, 0.46126, 0.00358, 0.04443, 0
0.45295, 0.44375, 0.13169, 0.4693, 0.46028, 0.4553, 0.01895, 0.01187, 1
0.45412, 0.44311, 0.13468, 0.47447, 0.45881, 0.45141, 0.02842, 0.02384, 1
0.4479, 0.44161, 0.2369, 0.47844, 0.45284, 0.44687, 0.02153, 0.03357, 0
0.45948, 0.44953, 0.18857, 0.46688, 0.4676, 0.46385, 0.0465, 0.06075, 1
0.45267, 0.44377, 0.23427, 0.47267, 0.47571, 0.4741, 0.10503, 0.04656, 0
0.46209, 0.44807, 0.24289, 0.47246, 0.48129, 0.46707, 0.04172, 0.06705, 1
0.429, 0.42312, 0.26995, 0.48191, 0.44324, 0.43213, 0.09724, 0.20196, 0
0.45546, 0.44467, 0.5262, 0.46995, 0.46888, 0.46053, 0.02478, 0.03906, 1
0.4553, 0.44271, 0.58344, 0.47628, 0.46128, 0.44918, 0.05327, 0.03044, 1
0.43059, 0.42749, 0.63215, 0.48652, 0.43836, 0.43614, 0.09428, 0.09788, 0
0.44831, 0.44055, 0.62765, 0.47818, 0.45196, 0.4496, 0.01958, 0.0178, 0
0.45882, 0.44855, 0.59021, 0.46697, 0.46512, 0.46096, 0.03664, 0.03021, 1
0.53952, 0.5202, 0.48579, 0.46446, 0.54729, 0.5401, 0.38131, 0.35902, 1
0.34292, 0.3609, 0.51733, 0.47852, 0.39071, 0.40747, 0.6478, 0.73784, 0
0.45194, 0.44204, 0.50668, 0.48331, 0.46174, 0.44363, 0.0289, 0.03585, 1
0.43901, 0.43231, 0.48379, 0.48513, 0.43533, 0.4323, 0.0478, 0.11714, 0
0.45305, 0.44392, 0.69285, 0.47227, 0.4583, 0.45584, 0.01804, 0.03502, 1
0.46217, 0.45947, 0.47456, 0.47219, 0.4697, 0.47138, 0.14994, 0.10871, 1
0.44205, 0.43761, 0.39865, 0.47443, 0.45583, 0.45253, 0.1086, 0.08296, 0
0.46042, 0.45045, 0.37784, 0.47102, 0.47389, 0.47142, 0.07471, 0.0741, 1
0.45364, 0.44245, 0.3139, 0.47386, 0.46205, 0.45317, 0.01535, 0.00979, 1
0.44288, 0.43782, 0.18241, 0.48385, 0.44816, 0.44463, 0.04852, 0.05581, 0
0.44854, 0.43908, 0.19497, 0.48401, 0.45228, 0.44807, 0.01466, 0.02212, 0
0.45622, 0.44392, 0.21298, 0.46986, 0.46225, 0.45726, 0.02645, 0.04428, 1
0.44946, 0.44076, 0.32208, 0.47326, 0.45799, 0.45776, 0.04227, 0.06415, 0
0.4552, 0.44414, 0.17128, 0.47542, 0.4587, 0.45177, 0.03479, 0.01475, 1
0.45075, 0.44203, 0.14889, 0.48309, 0.4529, 0.44564, 0.01808, 0.04341, 1
0.44684, 0.43992, 0.23593, 0.48362, 0.44897, 0.44603, 0.01219, 0.03484, 0
0.45573, 0.44708, 0.2539, 0.46838, 0.46253, 0.46045, 0.04261, 0.05854, 1
0.45946, 0.44795, 0.40899, 0.46875, 0.46742, 0.46241, 0.03265, 0.04114, 1
0.44686, 0.43865, 0.32857, 0.48461, 0.44997, 0.44435, 0.01412, 0.04342, 0
0.4558, 0.44668, 0.29321, 0.47047, 0.46116, 0.45792, 0.03004, 0.05017, 1
0.4532, 0.44161, 0.30358, 0.47813, 0.45687, 0.44751, 0.03947, 0.0556, 1
0.45062, 0.44247, 0.3366, 0.48261, 0.45275, 0.44686, 0.00947, 0.02806, 1
0.44579, 0.43883, 0.36633, 0.4762, 0.45294, 0.45115, 0.04272, 0.02093, 0
0.45366, 0.44483, 0.36468, 0.46943, 0.46136, 0.45868, 0.03517, 0.05831, 0
0.44734, 0.43689, 0.38865, 0.47367, 0.45824, 0.45427, 0.0274, 0.06926, 0
0.43944, 0.42835, 0.34876, 0.4858, 0.43454, 0.42146, 0.12697, 0.17714, 1
0.4538, 0.44418, 0.30872, 0.47772, 0.45483, 0.44881, 0.02891, 0.05167, 1
0.44754, 0.43904, 0.27624, 0.47491, 0.45635, 0.45335, 0.03382, 0.03196, 0
0.44988, 0.43947, 0.21294, 0.47702, 0.45476, 0.44985, 0.01656, 0.0299, 0
0.44727, 0.43862, 0.21145, 0.48464, 0.44743, 0.4422, 0.02794, 0.04406, 1
0.44581, 0.43776, 0.24377, 0.47932, 0.45198, 0.44492, 0.01971, 0.02029, 0
0.46076, 0.44871, 0.3922, 0.46846, 0.4687, 0.46353, 0.03671, 0.04171, 1
0.44899, 0.43968, 0.40645, 0.48026, 0.45346, 0.44412, 0.02104, 0.04809, 1
0.4474, 0.43859, 0.1697, 0.47698, 0.45472, 0.44303, 0.01304, 0.04964, 0
0.45044, 0.44269, 0.24003, 0.47684, 0.45174, 0.45349, 0.0279, 0.05953, 0
0.45704, 0.44785, 0.29449, 0.471, 0.46126, 0.45662, 0.03339, 0.04055, 1
0.43035, 0.42341, 0.37663, 0.48925, 0.42978, 0.42454, 0.091, 0.12564, 0
0.43737, 0.43925, 0.36996, 0.48162, 0.44368, 0.44439, 0.13473, 0.10983, 0
0.4411, 0.43489, 0.46195, 0.48298, 0.44779, 0.4413, 0.04326, 0.02606, 0
0.46537, 0.45161, 0.46745, 0.46805, 0.46974, 0.46327, 0.06656, 0.02579, 1
0.46601, 0.45422, 0.40257, 0.47371, 0.46894, 0.46117, 0.07452, 0.07238, 1
0.45149, 0.44184, 0.24343, 0.47257, 0.4606, 0.45643, 0.02023, 0.01062, 0
0.4552, 0.44466, 0.13056, 0.47311, 0.46047, 0.45472, 0.02002, 0.03508, 1
0.46228, 0.44771, 0.17284, 0.47227, 0.46663, 0.45657, 0.07266, 0.02445, 1
0.45298, 0.44183, 0.31586, 0.47888, 0.4564, 0.45322, 0.02698, 0.02735, 1
0.4451, 0.43691, 0.29561, 0.48314, 0.44965, 0.44545, 0.02093, 0.04347, 0
0.45736, 0.4478, 0.35138, 0.47981, 0.45791, 0.45153, 0.03948, 0.04253, 1
0.45514, 0.44609, 0.26592, 0.4787, 0.45922, 0.45451, 0.02377, 0.03762, 1
0.40673, 0.38882, 0.14206, 0.48654, 0.37521, 0.34223, 0.50236, 0.46513, 0
0.44535, 0.43863, 0.3593, 0.47523, 0.45815, 0.44792, 0.05473, 0.02187, 0
0.47888, 0.48697, 0.49884, 0.47345, 0.49654, 0.50199, 0.43881, 0.57226, 1
0.45816, 0.44353, 0.43086, 0.47427, 0.47026, 0.45153, 0.0323, 0.04806, 1
0.44833, 0.4395, 0.37538, 0.48408, 0.449, 0.44371, 0.02601, 0.04293, 1
0.45784, 0.44547, 0.67869, 0.47117, 0.46472, 0.45894, 0.02736, 0.03174, 1
0.45258, 0.44461, 0.63915, 0.4708, 0.46211, 0.45959, 0.04945, 0.04344, 0
0.4485, 0.43925, 0.63766, 0.47298, 0.45901, 0.45622, 0.03531, 0.05563, 0
0.43877, 0.43242, 0.43465, 0.48784, 0.44011, 0.43159, 0.04409, 0.02687, 0
0.45029, 0.43926, 0.25088, 0.48373, 0.44944, 0.44209, 0.0596, 0.06671, 1
0.4542, 0.44311, 0.18426, 0.475, 0.45838, 0.45425, 0.025, 0.02367, 1
0.46222, 0.44354, 0.20613, 0.47388, 0.47596, 0.47688, 0.04972, 0.05945, 1
0.46063, 0.44804, 0.20234, 0.47613, 0.46619, 0.4592, 0.04622, 0.05728, 1
0.4486, 0.42922, 0.16105, 0.48123, 0.44545, 0.42862, 0.20812, 0.24263, 1
0.14264, 0.14136, 0.33132, 0.6565, 0.14794, 0.15399, 0.04668, 0.04344, 0
0.44667, 0.4377, 0.36086, 0.47354, 0.45813, 0.45551, 0.04338, 0.06833, 0
0.45846, 0.44663, 0.41626, 0.47026, 0.4692, 0.46291, 0.02781, 0.02357, 1
0.46107, 0.44881, 0.43895, 0.47153, 0.46709, 0.45631, 0.05049, 0.03962, 1
0.44879, 0.44379, 0.56605, 0.48354, 0.44251, 0.42693, 0.05239, 0.03065, 1
0.45361, 0.44227, 0.49351, 0.47362, 0.46331, 0.45393, 0.00556, 0.05721, 1
0.44736, 0.43727, 0.27317, 0.48229, 0.44646, 0.44208, 0.05422, 0.01749, 1
0.44385, 0.43793, 0.26255, 0.48518, 0.44495, 0.44089, 0.01815, 0.03826, 0
0.45089, 0.43923, 0.23352, 0.48303, 0.4502, 0.4455, 0.06061, 0.06518, 1
0.44681, 0.44097, 0.13391, 0.48044, 0.44486, 0.44774, 0.01993, 0.02308, 0
0.41236, 0.40568, 0.09844, 0.48216, 0.42281, 0.41337, 0.17166, 0.19798, 0
0.44025, 0.43315, 0.12873, 0.48598, 0.44719, 0.44142, 0.04206, 0.03362, 0
0.47048, 0.46516, 0.15021, 0.47101, 0.484, 0.48312, 0.16423, 0.2838, 1
0.4209, 0.42248, 0.16293, 0.48572, 0.42997, 0.43073, 0.15302, 0.11246, 0
0.45632, 0.44684, 0.15719, 0.47641, 0.45975, 0.44786, 0.03096, 0.0506, 1
0.45318, 0.45075, 0.1294, 0.47697, 0.45938, 0.46118, 0.12178, 0.1032, 0
0.4455, 0.43192, 0.28611, 0.48296, 0.44404, 0.43249, 0.11522, 0.09766, 1
0.45337, 0.44678, 0.28557, 0.48208, 0.44976, 0.44528, 0.03242, 0.06242, 1
0.4632, 0.46538, 0.21827, 0.47494, 0.47222, 0.46922, 0.20601, 0.27757, 1
0.4598, 0.44745, 0.13555, 0.46954, 0.46632, 0.46163, 0.03434, 0.03709, 1
0.44478, 0.43449, 0.12277, 0.48014, 0.45147, 0.44723, 0.03469, 0.01799, 0
0.44856, 0.44183, 0.1255, 0.47514, 0.45618, 0.45011, 0.03806, 0.01219, 0
0.44387, 0.43622, 0.12286, 0.48435, 0.44844, 0.44566, 0.02708, 0.10404, 0
0.44652, 0.43791, 0.3412, 0.48304, 0.44372, 0.44083, 0.03814, 0.09486, 1
0.44705, 0.42302, 0.36868, 0.47774, 0.45113, 0.44108, 0.20452, 0.27754, 1
0.44991, 0.44272, 0.16742, 0.47373, 0.45687, 0.45383, 0.03928, 0.02002, 0
0.44204, 0.42894, 0.45237, 0.47972, 0.44885, 0.44386, 0.07423, 0.0525, 0
0.44858, 0.43817, 0.46945, 0.47453, 0.4577, 0.45076, 0.01499, 0.0023, 0
0.46238, 0.45537, 0.45926, 0.4783, 0.46155, 0.4574, 0.06881, 0.07374, 1
0.46618, 0.45451, 0.15912, 0.46592, 0.47176, 0.46652, 0.0647, 0.08753, 1
0.44836, 0.43474, 0.13343, 0.47942, 0.45226, 0.44464, 0.07168, 0.09729, 1
0.46064, 0.44957, 0.13309, 0.46734, 0.46908, 0.46613, 0.04356, 0.05389, 1
0.4067, 0.40922, 0.12986, 0.48417, 0.42097, 0.42384, 0.21939, 0.19101, 0
0.45771, 0.44463, 0.13572, 0.47236, 0.47561, 0.47089, 0.06004, 0.13699, 0
0.44677, 0.44097, 0.14666, 0.48231, 0.44889, 0.44659, 0.02697, 0.02643, 0
0.44955, 0.44183, 0.16008, 0.4793, 0.45354, 0.45402, 0.02357, 0.0179, 0
0.46079, 0.45717, 0.16011, 0.47001, 0.47428, 0.47039, 0.14804, 0.18624, 1
0.44408, 0.43817, 0.14678, 0.4815, 0.44774, 0.44371, 0.02047, 0.0597, 0
0.45589, 0.44481, 0.31072, 0.47112, 0.46552, 0.45956, 0.01832, 0.00602, 1
0.44938, 0.43691, 0.37467, 0.47486, 0.45782, 0.45192, 0.03241, 0.01986, 0
0.45726, 0.44587, 0.2998, 0.47228, 0.46139, 0.45372, 0.03636, 0.02724, 1
0.44819, 0.43627, 0.29378, 0.47456, 0.4562, 0.45541, 0.02431, 0.03013, 0
0.45377, 0.44311, 0.28553, 0.47315, 0.46088, 0.45477, 0.01072, 0.02174, 1
0.44739, 0.43969, 0.18852, 0.48577, 0.44984, 0.44559, 0.00742, 0.0099, 0
0.49221, 0.48057, 0.23037, 0.44139, 0.5002, 0.49356, 0.00547, 0.00995, 1
0.43913, 0.43137, 0.2591, 0.48802, 0.44217, 0.43356, 0.05196, 0.03502, 0
0.45174, 0.44289, 0.19582, 0.47917, 0.45568, 0.45256, 0.00897, 0.01203, 1
0.44636, 0.43607, 0.1661, 0.47857, 0.45254, 0.44675, 0.02851, 0.0268, 0
0.45624, 0.44354, 0.21159, 0.47287, 0.46737, 0.45983, 0.01149, 0.00684, 1
0.44365, 0.432, 0.24149, 0.48538, 0.4474, 0.44234, 0.06289, 0.04931, 0
0.43364, 0.42967, 0.19018, 0.4861, 0.42684, 0.41329, 0.07708, 0.07514, 0
0.44953, 0.44118, 0.27372, 0.47992, 0.45094, 0.45037, 0.00356, 0.00393, 0
0.45124, 0.44204, 0.29521, 0.46961, 0.45356, 0.45114, 0.00544, 0.00393, 1
0.44966, 0.44395, 0.38466, 0.47604, 0.4568, 0.4523, 0.05337, 0.04091, 0
0.4547, 0.43949, 0.37394, 0.47686, 0.45885, 0.45267, 0.07477, 0.0897, 1
0.45528, 0.44818, 0.40905, 0.47169, 0.46476, 0.46359, 0.07372, 0.09297, 0
0.45387, 0.44458, 0.44665, 0.47397, 0.46039, 0.45268, 0.01674, 0.05846, 1
0.44834, 0.44118, 0.45639, 0.48405, 0.45153, 0.44421, 0.00354, 0.00391, 0
0.44807, 0.43547, 0.44797, 0.48225, 0.451, 0.44498, 0.06138, 0.02881, 1
0.44836, 0.43991, 0.19278, 0.47912, 0.45412, 0.45037, 0.01225, 0.00677, 0
0.46584, 0.47842, 0.3931, 0.47304, 0.4833, 0.47929, 0.38126, 0.48122, 0
0.32123, 0.33023, 0.45478, 0.49142, 0.31935, 0.31408, 0.53555, 0.59306, 0
0.40029, 0.41302, 0.4389, 0.48409, 0.38445, 0.36106, 0.13728, 0.21956, 0
0.44992, 0.43695, 0.21468, 0.4786, 0.45377, 0.44921, 0.05355, 0.01703, 1
0.42048, 0.41853, 0.20683, 0.48296, 0.4317, 0.43022, 0.13953, 0.15264, 0
0.44882, 0.4359, 0.15538, 0.48424, 0.44789, 0.44011, 0.0903, 0.03337, 1
0.44544, 0.4304, 0.1241, 0.48189, 0.44781, 0.44498, 0.09803, 0.07434, 0
0.45795, 0.44245, 0.10799, 0.47358, 0.46402, 0.46128, 0.05346, 0.09423, 1
0.44991, 0.43843, 0.10448, 0.47887, 0.45435, 0.44741, 0.0428, 0.07643, 1
0.4379, 0.42893, 0.10405, 0.48636, 0.43748, 0.4277, 0.08179, 0.1222, 0
0.44619, 0.43928, 0.10265, 0.48084, 0.45034, 0.45075, 0.02804, 0.04684, 0
0.44664, 0.43717, 0.1134, 0.48628, 0.44901, 0.44037, 0.03876, 0.0251, 0
0.45468, 0.44563, 0.1227, 0.47111, 0.46305, 0.46268, 0.04291, 0.06368, 0
0.4533, 0.44267, 0.15483, 0.47083, 0.46183, 0.45858, 0.01431, 0.04516, 0
0.45394, 0.44394, 0.15725, 0.48046, 0.45704, 0.4478, 0.03288, 0.1068, 1
0.45884, 0.44626, 0.15371, 0.47613, 0.46182, 0.45601, 0.04904, 0.05492, 1
0.47691, 0.45918, 0.22851, 0.47634, 0.47295, 0.46204, 0.16162, 0.17992, 1
0.45796, 0.45919, 0.20993, 0.47493, 0.46427, 0.46217, 0.16765, 0.14384, 1
0.44114, 0.43441, 0.2033, 0.48278, 0.44844, 0.4428, 0.04323, 0.02881, 0
0.45444, 0.44732, 0.14437, 0.47395, 0.46036, 0.45485, 0.04478, 0.06779, 1
0.45573, 0.44688, 0.14982, 0.47489, 0.46049, 0.45995, 0.03364, 0.01757, 1
0.45867, 0.44477, 0.15901, 0.47915, 0.45885, 0.44806, 0.09157, 0.08267, 1
0.44229, 0.43571, 0.13625, 0.485, 0.44129, 0.43621, 0.03381, 0.03708, 0
0.45334, 0.4435, 0.14968, 0.48065, 0.45348, 0.45049, 0.02866, 0.03776, 1
0.44424, 0.43992, 0.18163, 0.47282, 0.46216, 0.46481, 0.14467, 0.16943, 0
0.43561, 0.43488, 0.17502, 0.48333, 0.43632, 0.43738, 0.07015, 0.06988, 0
0.45234, 0.4416, 0.17993, 0.47414, 0.45745, 0.45215, 0.0177, 0.04795, 1
0.44093, 0.43485, 0.25439, 0.48501, 0.44708, 0.44321, 0.04405, 0.0474, 0
0.425, 0.43319, 0.20577, 0.48377, 0.41812, 0.40292, 0.09284, 0.04192, 0
0.45845, 0.44756, 0.31582, 0.47077, 0.46909, 0.46144, 0.03257, 0.02524, 1
0.44959, 0.43991, 0.33873, 0.47837, 0.45615, 0.44689, 0.01548, 0.01769, 1
0.4487, 0.43821, 0.36117, 0.47581, 0.45659, 0.45268, 0.01436, 0.04377, 0
0.43784, 0.42975, 0.18456, 0.48433, 0.43984, 0.43972, 0.05563, 0.06461, 0
0.44477, 0.43693, 0.13657, 0.4729, 0.46326, 0.46441, 0.10858, 0.11611, 0
0.44728, 0.43672, 0.12328, 0.47579, 0.45789, 0.4465, 0.02332, 0.04139, 0
0.44253, 0.43716, 0.16911, 0.48199, 0.44692, 0.4478, 0.05165, 0.0351, 0
0.44916, 0.44097, 0.18974, 0.47465, 0.46051, 0.45088, 0.0444, 0.03531, 0
0.45138, 0.44225, 0.20174, 0.47412, 0.46281, 0.45964, 0.03766, 0.03148, 0
0.45446, 0.45692, 0.22053, 0.47525, 0.46358, 0.45874, 0.17711, 0.20653, 0
0.42323, 0.42719, 0.21996, 0.48009, 0.43545, 0.44355, 0.20966, 0.22462, 0
0.49165, 0.47693, 0.22124, 0.46497, 0.49894, 0.50001, 0.1734, 0.23246, 1
0.45366, 0.42994, 0.22696, 0.47734, 0.45525, 0.44895, 0.1939, 0.2425, 1
0.45222, 0.44203, 0.22015, 0.48029, 0.45445, 0.45139, 0.02514, 0.03775, 1
0.45263, 0.4414, 0.20526, 0.47157, 0.46137, 0.45769, 0.00542, 0.02362, 0
0.4512, 0.44373, 0.16933, 0.48068, 0.45498, 0.45049, 0.01875, 0.02445, 1
0.49806, 0.48543, 0.17778, 0.46981, 0.50153, 0.48763, 0.21498, 0.23244, 1
0.45402, 0.44225, 0.16142, 0.47402, 0.46393, 0.45617, 0.01347, 0.02617, 1
0.45862, 0.44821, 0.15732, 0.47318, 0.46588, 0.45669, 0.03432, 0.03938, 1
0.45313, 0.44331, 0.15784, 0.4811, 0.45535, 0.44946, 0.02365, 0.03487, 1
0.5023, 0.47032, 0.13448, 0.47177, 0.49835, 0.48981, 0.29675, 0.27787, 1
0.39585, 0.40649, 0.15649, 0.48413, 0.40717, 0.42114, 0.28723, 0.33974, 0
0.4493, 0.44034, 0.1494, 0.4785, 0.45365, 0.45884, 0.02165, 0.04905, 0
0.44661, 0.43867, 0.42627, 0.48354, 0.45191, 0.44821, 0.01851, 0.04022, 0
0.44546, 0.43701, 0.47048, 0.47756, 0.45133, 0.4491, 0.02666, 0.03679, 0
0.45207, 0.4439, 0.46157, 0.47123, 0.4588, 0.45568, 0.03245, 0.00589, 0
0.44861, 0.43805, 0.37767, 0.48061, 0.45388, 0.44935, 0.02181, 0.02228, 0
0.45305, 0.44349, 0.53948, 0.47831, 0.45401, 0.45316, 0.01415, 0.00805, 1
0.45133, 0.44139, 0.3651, 0.47706, 0.45737, 0.4482, 0.01231, 0.06515, 1
0.47396, 0.45902, 0.34872, 0.47248, 0.47523, 0.46499, 0.11443, 0.11908, 1
0.44826, 0.44203, 0.36317, 0.47545, 0.45577, 0.45408, 0.05316, 0.02733, 0
0.4456, 0.43719, 0.441, 0.48334, 0.44781, 0.44335, 0.02, 0.06999, 0
0.39753, 0.40835, 0.43168, 0.48019, 0.41797, 0.42932, 0.34158, 0.40115, 0
0.45267, 0.44203, 0.33135, 0.4763, 0.45954, 0.46419, 0.01135, 0.06496, 0
0.47315, 0.47647, 0.26003, 0.47301, 0.47947, 0.47559, 0.24919, 0.31772, 1
0.46467, 0.45051, 0.15382, 0.46939, 0.47472, 0.46539, 0.04977, 0.07986, 1
0.45101, 0.44475, 0.1824, 0.4751, 0.45265, 0.45087, 0.03444, 0.11191, 0
0.44891, 0.44076, 0.23589, 0.4801, 0.45276, 0.44171, 0.00731, 0.01614, 1
0.44653, 0.43677, 0.22202, 0.48389, 0.45002, 0.44133, 0.03665, 0.00807, 0
0.4467, 0.43738, 0.27408, 0.48243, 0.45211, 0.44703, 0.0187, 0.02982, 0
0.45875, 0.45092, 0.26839, 0.47085, 0.46532, 0.4605, 0.06101, 0.05762, 1
0.45129, 0.43907, 0.26909, 0.47601, 0.4572, 0.45447, 0.02678, 0.02344, 1
0.45107, 0.43992, 0.26193, 0.48076, 0.4531, 0.44306, 0.04985, 0.07584, 1
0.45608, 0.44372, 0.30136, 0.47609, 0.45979, 0.4455, 0.05785, 0.06987, 1
0.44588, 0.43612, 0.2905, 0.48471, 0.44292, 0.43362, 0.07461, 0.02432, 1
0.45904, 0.44838, 0.20845, 0.46967, 0.47004, 0.46807, 0.05216, 0.02177, 1
0.45202, 0.44183, 0.28939, 0.48246, 0.45327, 0.44673, 0.03416, 0.0376, 1
0.4359, 0.43005, 0.29078, 0.47936, 0.44531, 0.44349, 0.07593, 0.07542, 0
0.45174, 0.4429, 0.29732, 0.47096, 0.45679, 0.45232, 0.01095, 0.016, 1
0.45291, 0.44332, 0.36279, 0.48059, 0.44909, 0.44933, 0.0371, 0.0, 1
0.44454, 0.43777, 0.37746, 0.48408, 0.44578, 0.43668, 0.01793, 0.01818, 0
0.44061, 0.43561, 0.24269, 0.48742, 0.4446, 0.43971, 0.03931, 0.02251, 0
0.44261, 0.43695, 0.3606, 0.48379, 0.44521, 0.44306, 0.027, 0.00813, 0
0.44972, 0.4433, 0.37782, 0.47891, 0.45413, 0.45011, 0.03681, 0.01762, 0
0.44362, 0.43609, 0.40012, 0.47676, 0.45341, 0.44394, 0.03249, 0.03109, 0
0.46674, 0.45224, 0.39307, 0.47213, 0.47646, 0.47562, 0.05383, 0.05195, 1
0.45922, 0.45093, 0.21026, 0.472, 0.46467, 0.45614, 0.04913, 0.0193, 1
0.47801, 0.4643, 0.18256, 0.46797, 0.48117, 0.47234, 0.1176, 0.13816, 1
0.37585, 0.38195, 0.17338, 0.48988, 0.38239, 0.38419, 0.30414, 0.10299, 0
0.45515, 0.44118, 0.18849, 0.4791, 0.45292, 0.44383, 0.106, 0.12499, 1
0.44927, 0.4414, 0.42373, 0.4732, 0.45575, 0.45388, 0.0305, 0.03202, 0
0.44519, 0.43818, 0.41764, 0.47431, 0.45432, 0.45232, 0.05572, 0.04986, 0
0.44428, 0.43346, 0.41552, 0.47753, 0.45192, 0.44686, 0.0388, 0.02183, 0
0.43079, 0.42506, 0.40258, 0.49012, 0.43687, 0.42991, 0.07881, 0.10662, 0
0.44393, 0.43796, 0.23368, 0.47996, 0.45022, 0.45037, 0.05091, 0.0375, 0
0.44624, 0.43002, 0.21644, 0.48197, 0.44738, 0.43761, 0.13341, 0.0902, 1
0.43283, 0.43262, 0.20798, 0.48323, 0.43734, 0.43816, 0.10515, 0.08307, 0
0.4532, 0.44526, 0.1465, 0.47305, 0.46099, 0.45414, 0.03935, 0.03574, 0
0.45012, 0.44011, 0.13935, 0.4745, 0.45804, 0.45297, 0.01036, 0.04987, 0
0.45243, 0.43284, 0.1649, 0.48021, 0.45179, 0.4444, 0.1573, 0.1274, 1
0.45025, 0.44247, 0.19268, 0.48158, 0.45399, 0.4479, 0.00947, 0.01388, 1
0.42799, 0.42302, 0.2014, 0.48995, 0.43304, 0.43055, 0.09167, 0.09003, 0
0.42007, 0.42876, 0.20742, 0.47793, 0.43871, 0.44647, 0.28906, 0.19689, 0
0.44749, 0.43482, 0.246, 0.4785, 0.45246, 0.44368, 0.0614, 0.08547, 0
0.40231, 0.41606, 0.2516, 0.48656, 0.40615, 0.40558, 0.23943, 0.18513, 0
0.44449, 0.43695, 0.23833, 0.47871, 0.44783, 0.44588, 0.02042, 0.05099, 0
0.46537, 0.4397, 0.20556, 0.47818, 0.46183, 0.44921, 0.23882, 0.24278, 1
0.46178, 0.4509, 0.18575, 0.47997, 0.4583, 0.45497, 0.07615, 0.03761, 1
0.46325, 0.45448, 0.16353, 0.47801, 0.46061, 0.45497, 0.06941, 0.03118, 1
0.44628, 0.44076, 0.16147, 0.48344, 0.44607, 0.4436, 0.01076, 0.07788, 0
0.42759, 0.43231, 0.14539, 0.4757, 0.44719, 0.45997, 0.26826, 0.26099, 0
0.45245, 0.43567, 0.12774, 0.47236, 0.47397, 0.47747, 0.04152, 0.01794, 0
0.45452, 0.44203, 0.15379, 0.47495, 0.46579, 0.45229, 0.02515, 0.02181, 1
0.44728, 0.43949, 0.22589, 0.48441, 0.45215, 0.44394, 0.00818, 0.01971, 0
0.45239, 0.44352, 0.25075, 0.47984, 0.45657, 0.44921, 0.01245, 0.02382, 1
0.45232, 0.44521, 0.29541, 0.47293, 0.45972, 0.45705, 0.04841, 0.05771, 0
0.45341, 0.43906, 0.31078, 0.47358, 0.46052, 0.45705, 0.04034, 0.00599, 1
0.45083, 0.43906, 0.30909, 0.48329, 0.45235, 0.44484, 0.05763, 0.04224, 1
0.4561, 0.4459, 0.25447, 0.47109, 0.4676, 0.46349, 0.04246, 0.05979, 1
0.44317, 0.43668, 0.26694, 0.48029, 0.44928, 0.43789, 0.0218, 0.00457, 0
0.45251, 0.44828, 0.28567, 0.47311, 0.46732, 0.4699, 0.13553, 0.13877, 0
0.44915, 0.43903, 0.24131, 0.47871, 0.45696, 0.44776, 0.01496, 0.00688, 0
0.45655, 0.44613, 0.24834, 0.46789, 0.46233, 0.4561, 0.02551, 0.02864, 1
0.45256, 0.44333, 0.2799, 0.47887, 0.45674, 0.44959, 0.01496, 0.02257, 1
0.45493, 0.44312, 0.28717, 0.47093, 0.46012, 0.45545, 0.02516, 0.02063, 1
0.44151, 0.4356, 0.24169, 0.47991, 0.44982, 0.44893, 0.0635, 0.04785, 0
0.45451, 0.44678, 0.22847, 0.47057, 0.46401, 0.46367, 0.06357, 0.08186, 0
0.44347, 0.43839, 0.21732, 0.47794, 0.45146, 0.44985, 0.06433, 0.0278, 0
0.45616, 0.44721, 0.22076, 0.46949, 0.46444, 0.46185, 0.04626, 0.04175, 1
0.44777, 0.43989, 0.21952, 0.48009, 0.45267, 0.44424, 0.00719, 0.01146, 0
0.44956, 0.44183, 0.11718, 0.47804, 0.45422, 0.45154, 0.01999, 0.00916, 0
0.45885, 0.44699, 0.10577, 0.47711, 0.46185, 0.45428, 0.04993, 0.0391, 1
0.43456, 0.42872, 0.1055, 0.48162, 0.44327, 0.44282, 0.08072, 0.04506, 0
0.46888, 0.4584, 0.105, 0.46526, 0.47507, 0.47071, 0.08431, 0.06118, 1
0.46005, 0.44613, 0.10094, 0.46999, 0.46592, 0.45975, 0.04775, 0.0182, 1
0.44963, 0.44161, 0.1057, 0.48065, 0.45371, 0.44451, 0.00415, 0.02257, 1
0.45465, 0.44525, 0.17905, 0.47104, 0.4634, 0.45712, 0.03045, 0.12217, 1
0.43624, 0.42922, 0.21274, 0.48476, 0.43012, 0.42396, 0.08906, 0.11043, 0
0.44664, 0.43733, 0.18109, 0.47345, 0.45545, 0.45529, 0.03717, 0.01185, 0
0.44175, 0.40998, 0.16664, 0.48086, 0.44107, 0.43132, 0.34865, 0.39956, 1
0.44146, 0.43819, 0.17439, 0.4816, 0.43944, 0.42577, 0.03201, 0.06378, 1
0.44387, 0.43583, 0.16222, 0.47461, 0.45307, 0.45361, 0.04857, 0.06506, 0
0.47618, 0.45582, 0.10811, 0.46992, 0.49593, 0.49968, 0.07289, 0.0982, 1
0.45636, 0.44575, 0.33207, 0.47069, 0.47033, 0.46815, 0.0571, 0.06839, 0
0.61852, 0.61309, 0.45159, 0.45808, 0.63145, 0.60762, 0.34428, 0.43658, 1
0.43256, 0.43925, 0.34928, 0.47708, 0.44822, 0.45298, 0.24658, 0.33896, 0
0.45906, 0.44054, 0.27058, 0.47368, 0.47149, 0.45718, 0.0741, 0.09562, 1
0.36993, 0.36457, 0.24216, 0.51371, 0.37014, 0.3681, 0.01041, 0.0023, 0
0.44293, 0.42572, 0.1926, 0.47346, 0.46483, 0.47043, 0.07946, 0.01064, 0
0.45952, 0.44618, 0.26215, 0.47045, 0.46314, 0.46235, 0.03916, 0.05215, 1
0.44711, 0.43901, 0.1274, 0.47426, 0.45514, 0.45142, 0.03427, 0.02206, 0
0.4929, 0.48022, 0.16158, 0.46878, 0.49379, 0.48988, 0.18869, 0.19696, 1
0.4507, 0.4414, 0.21929, 0.47743, 0.4572, 0.45983, 0.02683, 0.0259, 0
0.45473, 0.43858, 0.24301, 0.47353, 0.46125, 0.45681, 0.06645, 0.04856, 1
0.44621, 0.43707, 0.23476, 0.47755, 0.45234, 0.44341, 0.02184, 0.05415, 0
0.45289, 0.4414, 0.18887, 0.48181, 0.45688, 0.44481, 0.05299, 0.07142, 1
0.48749, 0.46587, 0.17852, 0.47732, 0.47894, 0.46374, 0.23826, 0.17848, 1
0.4712, 0.44925, 0.12964, 0.47992, 0.46354, 0.44997, 0.22029, 0.04881, 1
0.45111, 0.43966, 0.13284, 0.48164, 0.44794, 0.44536, 0.06045, 0.02213, 1
0.45452, 0.4438, 0.10017, 0.47542, 0.45888, 0.45235, 0.02528, 0.00931, 1
0.42821, 0.42572, 0.14963, 0.48261, 0.43735, 0.44007, 0.12199, 0.0711, 0
0.44524, 0.43397, 0.40869, 0.48438, 0.44981, 0.44123, 0.05457, 0.03048, 0
0.4538, 0.44162, 0.3969, 0.48202, 0.45386, 0.44534, 0.06942, 0.07472, 1
0.41495, 0.40638, 0.38408, 0.48999, 0.41451, 0.40701, 0.18127, 0.20043, 0
0.44426, 0.44032, 0.39137, 0.47497, 0.45852, 0.45102, 0.1045, 0.0491, 0
0.43525, 0.42761, 0.46289, 0.48569, 0.44229, 0.4347, 0.06573, 0.04142, 0
0.44776, 0.44334, 0.38913, 0.47695, 0.45518, 0.44854, 0.06575, 0.05497, 0
0.47359, 0.45716, 0.37879, 0.47338, 0.47481, 0.46672, 0.11593, 0.14189, 1
0.45275, 0.44549, 0.25852, 0.48029, 0.4571, 0.45011, 0.02528, 0.01656, 1
0.4435, 0.43322, 0.20202, 0.47844, 0.4508, 0.45258, 0.03946, 0.04359, 0
0.44463, 0.43671, 0.29691, 0.48772, 0.44857, 0.44145, 0.02225, 0.01968, 0
0.45229, 0.43969, 0.3262, 0.47399, 0.4645, 0.47003, 0.03118, 0.02906, 0
0.45405, 0.44608, 0.20727, 0.48183, 0.4526, 0.44546, 0.03307, 0.02753, 1
0.44259, 0.4331, 0.13332, 0.48146, 0.4473, 0.44199, 0.04288, 0.02079, 0
0.40693, 0.41001, 0.24391, 0.48926, 0.40668, 0.39886, 0.15968, 0.12877, 0
0.45983, 0.46154, 0.24463, 0.47724, 0.46361, 0.46296, 0.17517, 0.13338, 1
0.47841, 0.4763, 0.28393, 0.47569, 0.47783, 0.46321, 0.17887, 0.16156, 1
0.45429, 0.44573, 0.27597, 0.47539, 0.46017, 0.45483, 0.02732, 0.02621, 1
0.47745, 0.45221, 0.30188, 0.47064, 0.48237, 0.47462, 0.16604, 0.15033, 1
0.45144, 0.44031, 0.37642, 0.47443, 0.46798, 0.45564, 0.02222, 0.08198, 0
0.46034, 0.44249, 0.41568, 0.47441, 0.46704, 0.45419, 0.10572, 0.0803, 1
0.45501, 0.44793, 0.4314, 0.47923, 0.45926, 0.44694, 0.033, 0.0351, 1
0.45071, 0.44032, 0.40523, 0.47384, 0.46145, 0.46458, 0.05822, 0.05339, 0
0.44422, 0.43772, 0.32296, 0.47832, 0.44783, 0.44565, 0.03035, 0.03813, 0
0.45112, 0.44161, 0.4891, 0.48092, 0.4526, 0.44702, 0.02137, 0.01375, 1
0.44741, 0.43502, 0.43355, 0.47602, 0.4566, 0.45397, 0.03377, 0.03561, 0
0.45786, 0.4482, 0.2971, 0.47475, 0.46131, 0.45488, 0.03607, 0.01587, 1
0.47266, 0.45693, 0.22025, 0.47603, 0.47086, 0.45746, 0.13096, 0.15462, 1
0.44995, 0.43714, 0.18749, 0.47639, 0.45595, 0.44895, 0.04856, 0.03857, 1
0.45302, 0.44374, 0.1879, 0.47767, 0.45776, 0.44921, 0.01423, 0.02164, 1
0.45051, 0.44438, 0.20185, 0.47489, 0.45686, 0.4532, 0.04706, 0.04469, 0
0.4513, 0.44225, 0.12909, 0.47403, 0.45889, 0.4514, 0.01347, 0.01773, 0
0.47697, 0.47046, 0.11666, 0.46722, 0.49269, 0.49271, 0.19714, 0.30137, 1
0.44222, 0.43417, 0.11532, 0.4858, 0.43774, 0.42964, 0.07076, 0.16178, 1
0.45549, 0.44713, 0.11287, 0.48045, 0.4543, 0.45204, 0.03063, 0.02162, 1
0.44078, 0.43796, 0.30546, 0.47534, 0.45319, 0.45245, 0.1144, 0.14821, 0
0.47379, 0.45499, 0.35819, 0.47601, 0.47254, 0.45664, 0.16543, 0.16372, 1
0.45242, 0.44011, 0.32198, 0.47299, 0.45957, 0.45377, 0.024, 0.02591, 1
0.43266, 0.42224, 0.28662, 0.48901, 0.43644, 0.4291, 0.1044, 0.14361, 0
0.45459, 0.44442, 0.26533, 0.47729, 0.45868, 0.45612, 0.02006, 0.02004, 1
0.45014, 0.44464, 0.22914, 0.47176, 0.46831, 0.46858, 0.1312, 0.03549, 0
0.44681, 0.43752, 0.27361, 0.48644, 0.44892, 0.44384, 0.02655, 0.01963, 0
0.44743, 0.43666, 0.3278, 0.47567, 0.45448, 0.45037, 0.02364, 0.02788, 0
0.44124, 0.43693, 0.2535, 0.48603, 0.44399, 0.43992, 0.04106, 0.0275, 0
0.44953, 0.43905, 0.2693, 0.47404, 0.45712, 0.4554, 0.0125, 0.01265, 0
0.47035, 0.46063, 0.25159, 0.46599, 0.47797, 0.47199, 0.09978, 0.05338, 1
0.45139, 0.44246, 0.16068, 0.48168, 0.45379, 0.44856, 0.01555, 0.03575, 1
0.44883, 0.44182, 0.18809, 0.47409, 0.45579, 0.45218, 0.03758, 0.01944, 0
0.72666, 0.73639, 0.42472, 0.44312, 0.73493, 0.72122, 0.26044, 0.19302, 1
0.44815, 0.44032, 0.38477, 0.48393, 0.44522, 0.43712, 0.04361, 0.04539, 1
0.44994, 0.44075, 0.12121, 0.48278, 0.45031, 0.4454, 0.02534, 0.02219, 1
0.45583, 0.44356, 0.17617, 0.47096, 0.46335, 0.46307, 0.01161, 0.06231, 1
0.25453, 0.25185, 0.17826, 0.56486, 0.2593, 0.26038, 0.10539, 0.10597, 0
0.45545, 0.44616, 0.17967, 0.47429, 0.46177, 0.45627, 0.02407, 0.01997, 1
0.45417, 0.44638, 0.13833, 0.47342, 0.46221, 0.46034, 0.05014, 0.05807, 0
0.44177, 0.4336, 0.14719, 0.4761, 0.4529, 0.45024, 0.05277, 0.02228, 0
0.45819, 0.44621, 0.38711, 0.47386, 0.46195, 0.45474, 0.04231, 0.03027, 1
0.45132, 0.44315, 0.37632, 0.47592, 0.45688, 0.45275, 0.02219, 0.00233, 0
0.44856, 0.44009, 0.3461, 0.48422, 0.45245, 0.44654, 0.00557, 0.00403, 0
0.44648, 0.439, 0.27242, 0.48416, 0.45146, 0.44614, 0.01799, 0.03885, 0
0.45042, 0.44206, 0.11885, 0.4802, 0.45416, 0.45222, 0.00842, 0.01677, 0
0.47265, 0.45451, 0.11468, 0.47273, 0.47354, 0.46136, 0.1382, 0.1468, 1
0.50843, 0.48104, 0.16025, 0.47808, 0.48792, 0.46436, 0.38465, 0.44237, 1
0.43423, 0.43341, 0.17606, 0.48347, 0.41914, 0.41632, 0.04022, 0.0, 0
0.43929, 0.43924, 0.18195, 0.48166, 0.43236, 0.44722, 0.06751, 0.0, 0
0.46245, 0.44964, 0.17179, 0.46989, 0.47147, 0.47521, 0.04905, 0.07445, 1
0.4457, 0.44053, 0.16327, 0.47344, 0.46041, 0.4576, 0.10708, 0.06031, 0
0.4484, 0.43792, 0.22945, 0.4738, 0.46005, 0.45498, 0.02545, 0.03732, 0
0.45324, 0.44445, 0.36669, 0.47225, 0.46172, 0.45367, 0.02549, 0.01293, 1
0.43602, 0.42596, 0.39524, 0.48904, 0.43817, 0.43008, 0.08935, 0.04757, 0
0.64743, 0.63586, 0.38873, 0.29755, 0.65809, 0.64779, 0.03694, 0.03574, 1
0.24157, 0.24436, 0.3825, 0.53191, 0.25194, 0.26322, 0.1458, 0.19438, 0
0.42317, 0.4058, 0.21723, 0.48597, 0.40077, 0.37338, 0.37592, 0.40192, 1
0.43355, 0.44033, 0.2383, 0.48196, 0.4301, 0.43485, 0.15701, 0.11397, 0
0.44515, 0.41635, 0.25407, 0.47703, 0.45207, 0.44167, 0.25536, 0.29318, 1
0.47808, 0.46914, 0.2388, 0.46606, 0.48926, 0.48491, 0.15288, 0.2429, 1
0.45167, 0.44183, 0.21079, 0.47191, 0.45984, 0.45468, 0.00953, 0.02067, 0
0.45464, 0.44355, 0.21177, 0.47071, 0.46107, 0.45494, 0.01983, 0.02191, 1
0.44489, 0.43731, 0.19316, 0.48584, 0.4481, 0.44033, 0.01903, 0.03154, 0
0.43869, 0.43537, 0.19923, 0.48221, 0.44631, 0.44502, 0.08229, 0.08169, 0
0.45669, 0.44248, 0.19842, 0.47192, 0.46253, 0.45885, 0.04367, 0.11034, 1
0.42159, 0.43792, 0.35286, 0.48105, 0.43096, 0.43373, 0.31548, 0.29059, 0
0.46386, 0.45425, 0.36682, 0.47003, 0.47814, 0.47954, 0.10196, 0.06747, 1
0.4163, 0.41853, 0.28936, 0.48234, 0.43129, 0.42898, 0.19095, 0.20917, 0
0.45343, 0.44334, 0.20058, 0.47076, 0.45942, 0.45403, 0.01041, 0.01992, 1
0.45045, 0.44097, 0.19303, 0.47633, 0.45665, 0.45311, 0.00907, 0.03929, 0
0.45139, 0.44183, 0.19115, 0.47475, 0.45761, 0.45468, 0.00624, 0.03614, 0
0.40622, 0.3953, 0.20326, 0.48908, 0.39774, 0.38345, 0.28261, 0.34249, 0
0.45101, 0.45601, 0.21389, 0.4819, 0.44528, 0.43552, 0.11066, 0.13761, 1
0.45407, 0.44764, 0.21397, 0.47407, 0.46135, 0.45923, 0.06543, 0.05817, 0
0.44188, 0.42742, 0.21463, 0.48064, 0.44303, 0.44593, 0.11179, 0.1033, 0
0.43988, 0.42657, 0.2307, 0.48131, 0.44523, 0.44203, 0.08663, 0.0927, 0
0.45758, 0.45001, 0.223, 0.46797, 0.4646, 0.4608, 0.05938, 0.07225, 1
0.44798, 0.44054, 0.15257, 0.48277, 0.45188, 0.44724, 0.00952, 0.03382, 0
0.50688, 0.47822, 0.16948, 0.4744, 0.49613, 0.47529, 0.3389, 0.40597, 1
0.44803, 0.44075, 0.18063, 0.48253, 0.45202, 0.44746, 0.00759, 0.01209, 0
0.45735, 0.44687, 0.19237, 0.47233, 0.46161, 0.45421, 0.03296, 0.01632, 1
0.44941, 0.44097, 0.19068, 0.48153, 0.45003, 0.44601, 0.01643, 0.00838, 1
0.4599, 0.44925, 0.17383, 0.47469, 0.46166, 0.45473, 0.04756, 0.0702, 1
0.14883, 0.15141, 0.16424, 0.64639, 0.15099, 0.15755, 0.0697, 0.06851, 0
0.44696, 0.43595, 0.1726, 0.47945, 0.45163, 0.44773, 0.03855, 0.05581, 0
0.66238, 0.64803, 0.18884, 0.08004, 0.66983, 0.65724, 0.01164, 0.03487, 0
0.45592, 0.44314, 0.16106, 0.47253, 0.46183, 0.45799, 0.02877, 0.03421, 0
0.44116, 0.42691, 0.14774, 0.4857, 0.43733, 0.42455, 0.15689, 0.15563, 0
0.44177, 0.43859, 0.14466, 0.48485, 0.43934, 0.42993, 0.01252, 0.0174, 0
0.44524, 0.43751, 0.13583, 0.48599, 0.4474, 0.44356, 0.01782, 0.01004, 0
0.45339, 0.44227, 0.16853, 0.47145, 0.46506, 0.46062, 0.02061, 0.02501, 1
0.45138, 0.44161, 0.37704, 0.48223, 0.45432, 0.44842, 0.02155, 0.03421, 0
0.44744, 0.43734, 0.37077, 0.48449, 0.44742, 0.43794, 0.06008, 0.04707, 0
0.4555, 0.44824, 0.34678, 0.47102, 0.4634, 0.46217, 0.06206, 0.07311, 1
0.44205, 0.43521, 0.34827, 0.48204, 0.44438, 0.44713, 0.03216, 0.0366, 0
0.45209, 0.44503, 0.33561, 0.47776, 0.45607, 0.45502, 0.03708, 0.02976, 1
0.44601, 0.4414, 0.27432, 0.48049, 0.4493, 0.44157, 0.01964, 0.03397, 0
0.44223, 0.43627, 0.20711, 0.47633, 0.45175, 0.44791, 0.0635, 0.0296, 1
0.43472, 0.42284, 0.17105, 0.48782, 0.43852, 0.43123, 0.10934, 0.11051, 0
0.44616, 0.43553, 0.26789, 0.47781, 0.45312, 0.44023, 0.04257, 0.03365, 1
0.44624, 0.43576, 0.31317, 0.48523, 0.44724, 0.43932, 0.06204, 0.03182, 0
0.44665, 0.43988, 0.33858, 0.48337, 0.44964, 0.44524, 0.01581, 0.01669, 0
0.45643, 0.44661, 0.37289, 0.47196, 0.46177, 0.45945, 0.02773, 0.03792, 1
0.4512, 0.44097, 0.45, 0.47261, 0.4668, 0.46064, 0.04841, 0.04192, 0
0.46031, 0.45233, 0.4078, 0.47439, 0.46417, 0.46128, 0.05669, 0.02695, 0
0.44378, 0.43754, 0.38605, 0.47993, 0.44932, 0.4466, 0.03514, 0.06394, 1
0.44031, 0.43435, 0.24375, 0.48358, 0.4402, 0.43768, 0.03375, 0.01808, 0
0.43347, 0.4305, 0.10263, 0.48147, 0.44295, 0.4422, 0.10316, 0.15822, 1
0.47874, 0.46517, 0.08421, 0.46515, 0.48319, 0.47775, 0.11773, 0.16146, 1
0.4446, 0.43654, 0.27663, 0.47586, 0.44303, 0.45049, 0.02651, 0.01759, 1
0.45454, 0.44478, 0.35758, 0.47839, 0.45776, 0.45203, 0.02606, 0.07351, 0
0.45175, 0.4433, 0.36358, 0.47404, 0.45881, 0.45396, 0.02043, 0.0783, 1
0.48161, 0.46108, 0.36511, 0.47475, 0.47839, 0.46268, 0.19201, 0.20991, 0
0.36384, 0.39035, 0.35193, 0.48392, 0.38572, 0.39693, 0.50908, 0.38386, 0
0.45948, 0.43628, 0.37522, 0.47309, 0.48748, 0.48849, 0.03312, 0.06366, 1
0.45082, 0.4414, 0.36024, 0.4806, 0.45506, 0.45153, 0.0125, 0.00908, 1
0.47754, 0.4612, 0.36342, 0.46961, 0.47992, 0.47579, 0.11398, 0.04254, 0
0.54259, 0.51761, 0.34946, 0.46843, 0.53659, 0.51777, 0.40664, 0.44327, 1
0.42714, 0.39632, 0.35903, 0.48492, 0.41248, 0.39021, 0.47972, 0.52883, 0
0.44866, 0.43967, 0.20189, 0.47953, 0.45442, 0.44566, 0.00908, 0.0083, 1
0.41454, 0.41083, 0.19105, 0.4911, 0.41913, 0.41449, 0.14735, 0.0023, 1
0.5143, 0.4945, 0.20033, 0.47421, 0.50346, 0.48517, 0.31118, 0.36252, 1
0.4626, 0.45684, 0.21928, 0.48242, 0.44151, 0.42373, 0.16363, 0.15266, 0
0.44735, 0.43968, 0.45332, 0.48429, 0.45069, 0.44388, 0.00745, 0.01047, 1
0.4554, 0.44574, 0.17695, 0.47468, 0.46279, 0.45352, 0.02536, 0.02402, 1
0.45297, 0.44487, 0.18465, 0.47181, 0.46123, 0.45602, 0.03876, 0.02205, 0
0.45333, 0.44335, 0.19199, 0.47081, 0.46112, 0.45602, 0.01273, 0.00463, 0
0.46992, 0.45824, 0.20406, 0.46451, 0.47616, 0.47209, 0.0825, 0.07692, 0
0.44834, 0.44097, 0.208, 0.48129, 0.45446, 0.44958, 0.0235, 0.03657, 1
0.45294, 0.44183, 0.19293, 0.47505, 0.45736, 0.4522, 0.02367, 0.01828, 0
0.44733, 0.43838, 0.19392, 0.48426, 0.45202, 0.44605, 0.01459, 0.03165, 1
0.45411, 0.4455, 0.21005, 0.47416, 0.46141, 0.45808, 0.03556, 0.05531, 0
0.45029, 0.4414, 0.18746, 0.47281, 0.45819, 0.45377, 0.01985, 0.02217, 1
0.45174, 0.44247, 0.22597, 0.48299, 0.45121, 0.4445, 0.0365, 0.04478, 1
0.45752, 0.44744, 0.27658, 0.47016, 0.47178, 0.46594, 0.0543, 0.07046, 0
0.45028, 0.43881, 0.28122, 0.473, 0.46343, 0.45756, 0.01705, 0.014, 1
0.45761, 0.44593, 0.28165, 0.47139, 0.46775, 0.45848, 0.02404, 0.03321, 1
0.44707, 0.43946, 0.30791, 0.48415, 0.45063, 0.44436, 0.00832, 0.00796, 1
0.45108, 0.44205, 0.33721, 0.47597, 0.45601, 0.45167, 0.00551, 0.01796, 1
0.37127, 0.36442, 0.24735, 0.49045, 0.36233, 0.35007, 0.40749, 0.41743, 1
0.45433, 0.44437, 0.39176, 0.47518, 0.4585, 0.45075, 0.02221, 0.03001, 0
0.44777, 0.43948, 0.39347, 0.47806, 0.45491, 0.44585, 0.01088, 0.02168, 0
0.44807, 0.44054, 0.38701, 0.48101, 0.45576, 0.44972, 0.0269, 0.04147, 1
0.45936, 0.44779, 0.37927, 0.47134, 0.46454, 0.45786, 0.03942, 0.04564, 1
0.43916, 0.43544, 0.29709, 0.48223, 0.44568, 0.44547, 0.07467, 0.07526, 1
0.46015, 0.445, 0.24836, 0.48021, 0.45743, 0.44972, 0.10802, 0.13785, 1
0.43898, 0.42955, 0.28845, 0.48566, 0.43207, 0.42409, 0.10619, 0.04961, 1
0.35892, 0.37621, 0.31974, 0.48539, 0.37588, 0.39399, 0.45117, 0.49109, 1
0.44744, 0.43863, 0.27264, 0.4821, 0.45079, 0.44264, 0.02462, 0.03141, 1
0.44922, 0.4414, 0.27057, 0.48175, 0.45258, 0.44367, 0.00205, 0.01937, 0
0.45674, 0.44591, 0.48113, 0.477, 0.45994, 0.45858, 0.0314, 0.0391, 1
0.43185, 0.42788, 0.42796, 0.48402, 0.43927, 0.44074, 0.09365, 0.08989, 0
0.42896, 0.41887, 0.40798, 0.48652, 0.43265, 0.42358, 0.12039, 0.12294, 0
0.45055, 0.44118, 0.33485, 0.47625, 0.45755, 0.45766, 0.01438, 0.02393, 0
0.44752, 0.44225, 0.24407, 0.48256, 0.44577, 0.44453, 0.0169, 0.03445, 0
0.46925, 0.45619, 0.21668, 0.46547, 0.47368, 0.47128, 0.07382, 0.048, 0
0.44532, 0.43177, 0.2076, 0.479, 0.44912, 0.44427, 0.07593, 0.03543, 0
0.48679, 0.45559, 0.28296, 0.47011, 0.5007, 0.50003, 0.15812, 0.16037, 0
0.45943, 0.4502, 0.24866, 0.47655, 0.46401, 0.43879, 0.05637, 0.00686, 0
0.25284, 0.25393, 0.216, 0.50712, 0.26862, 0.27917, 0.19845, 0.25139, 0
0.45252, 0.439, 0.29539, 0.47324, 0.46966, 0.4653, 0.01517, 0.02514, 0
0.70997, 0.70227, 0.58004, 0.42591, 0.73316, 0.7314, 0.22295, 0.23997, 1
0.44931, 0.43903, 0.60751, 0.47473, 0.46187, 0.44841, 0.01497, 0.01432, 0
0.61124, 0.59815, 0.56625, 0.44004, 0.6248, 0.60878, 0.0192, 0.03426, 0
0.4485, 0.439, 0.35562, 0.47631, 0.45508, 0.44786, 0.01052, 0.01452, 0
0.45474, 0.44533, 0.33419, 0.46795, 0.46219, 0.45711, 0.02588, 0.01904, 0
0.43237, 0.41687, 0.3875, 0.48647, 0.42186, 0.40602, 0.24419, 0.28038, 1
0.45753, 0.4462, 0.13964, 0.47013, 0.4686, 0.46464, 0.03142, 0.06043, 0
0.45063, 0.44249, 0.14234, 0.47272, 0.462, 0.45566, 0.0442, 0.03128, 1
0.45682, 0.44576, 0.13171, 0.46933, 0.46207, 0.45604, 0.02548, 0.02815, 1
0.44731, 0.43836, 0.13394, 0.4854, 0.44949, 0.44167, 0.02729, 0.02821, 1
0.44669, 0.43817, 0.39618, 0.48375, 0.4498, 0.44581, 0.01621, 0.02102, 0
0.4353, 0.43258, 0.39809, 0.48178, 0.44387, 0.44333, 0.09902, 0.08953, 1
0.44013, 0.42849, 0.37712, 0.47892, 0.44801, 0.44606, 0.06337, 0.07023, 0
0.44756, 0.43838, 0.41311, 0.47427, 0.45955, 0.45246, 0.03026, 0.00921, 1
0.45008, 0.44075, 0.16434, 0.47732, 0.45532, 0.45076, 0.00208, 0.00689, 0
0.44606, 0.43839, 0.16858, 0.48385, 0.45054, 0.44711, 0.01846, 0.02646, 1
0.44106, 0.43065, 0.19174, 0.48393, 0.44586, 0.43943, 0.0593, 0.06239, 0
0.45701, 0.44926, 0.442, 0.46881, 0.46583, 0.46175, 0.06284, 0.05355, 1
0.44368, 0.43661, 0.24914, 0.48537, 0.44192, 0.43584, 0.03239, 0.0528, 0
0.44973, 0.44053, 0.16968, 0.48275, 0.45478, 0.44971, 0.00365, 0.0, 1
0.44985, 0.44075, 0.17641, 0.48172, 0.45494, 0.44971, 0.00211, 0.0, 1
0.44513, 0.43704, 0.16806, 0.48843, 0.44851, 0.44376, 0.02007, 0.0213, 1
0.44804, 0.439, 0.16637, 0.48309, 0.45246, 0.44865, 0.01052, 0.01414, 1
0.46022, 0.451, 0.20616, 0.46887, 0.46563, 0.46108, 0.05013, 0.04245, 0
0.4567, 0.44398, 0.45361, 0.47597, 0.46199, 0.46133, 0.03677, 0.03586, 0
0.44962, 0.44204, 0.4719, 0.48293, 0.44811, 0.44271, 0.02188, 0.00604, 0
0.47545, 0.46179, 0.19855, 0.47183, 0.4757, 0.46571, 0.11663, 0.13924, 0
0.46573, 0.46895, 0.2038, 0.47033, 0.48426, 0.49015, 0.29642, 0.315, 0
0.43189, 0.42673, 0.25955, 0.48962, 0.43363, 0.42722, 0.06978, 0.05045, 0
0.45049, 0.44054, 0.38182, 0.47349, 0.45506, 0.45141, 0.00624, 0.02331, 1
0.15831, 0.15584, 0.34366, 0.54401, 0.16865, 0.18039, 0.09012, 0.04589, 0
0.45665, 0.4438, 0.37731, 0.47249, 0.4686, 0.46042, 0.01316, 0.03079, 0
0.44239, 0.4364, 0.38813, 0.48237, 0.44731, 0.4455, 0.04303, 0.07657, 1
0.45231, 0.44357, 0.34345, 0.48137, 0.45295, 0.4459, 0.01999, 0.00401, 0
0.45434, 0.44553, 0.31559, 0.47903, 0.45654, 0.45274, 0.02126, 0.01837, 1
0.4601, 0.45292, 0.26702, 0.46868, 0.4702, 0.46829, 0.09504, 0.02021, 1
0.42295, 0.42206, 0.25153, 0.47871, 0.43913, 0.43983, 0.16912, 0.17226, 1
0.45606, 0.45672, 0.42314, 0.47688, 0.46065, 0.45766, 0.14676, 0.14592, 1
0.44736, 0.44012, 0.49198, 0.48005, 0.45293, 0.44752, 0.02031, 0.02587, 0
0.47537, 0.46107, 0.47308, 0.47577, 0.47341, 0.45957, 0.13234, 0.11848, 0
0.45501, 0.44503, 0.38849, 0.47631, 0.4587, 0.45179, 0.02575, 0.02627, 1
0.45423, 0.44332, 0.15188, 0.47101, 0.46112, 0.45477, 0.01255, 0.01386, 1
0.44402, 0.43563, 0.13997, 0.47967, 0.4515, 0.44933, 0.03665, 0.01578, 1
0.45057, 0.4399, 0.15341, 0.47383, 0.45808, 0.45309, 0.00619, 0.01423, 1
0.4529, 0.44247, 0.16816, 0.47086, 0.46061, 0.45659, 0.00946, 0.06174, 1
0.44808, 0.43841, 0.27475, 0.4857, 0.45017, 0.44726, 0.02091, 0.04671, 0
0.45193, 0.44247, 0.32274, 0.47352, 0.45874, 0.45179, 0.00944, 0.03063, 0
0.42688, 0.4205, 0.28357, 0.49032, 0.43292, 0.42775, 0.1002, 0.1107, 0
0.22561, 0.22414, 0.43667, 0.68062, 0.22731, 0.23079, 0.03201, 0.03952, 0
0.44389, 0.4388, 0.43438, 0.47654, 0.45261, 0.45273, 0.07508, 0.06821, 1
0.45346, 0.44552, 0.43721, 0.47612, 0.45828, 0.45404, 0.02766, 0.05222, 1
0.4483, 0.43967, 0.20766, 0.47429, 0.45488, 0.45129, 0.01784, 0.05007, 0
0.45322, 0.44227, 0.1631, 0.47645, 0.45924, 0.45562, 0.00553, 0.02202, 0
0.4562, 0.44465, 0.16265, 0.47248, 0.46118, 0.45286, 0.03345, 0.02772, 0
0.44163, 0.43361, 0.16381, 0.48573, 0.4478, 0.44171, 0.03697, 0.05203, 0
0.44709, 0.43902, 0.25523, 0.48668, 0.44887, 0.44552, 0.01105, 0.0061, 1
0.45518, 0.45027, 0.23983, 0.47354, 0.46277, 0.46021, 0.08155, 0.11888, 1
0.44907, 0.43902, 0.15449, 0.47837, 0.45399, 0.44683, 0.02088, 0.03172, 0
0.45516, 0.44507, 0.20132, 0.46662, 0.46118, 0.45573, 0.01873, 0.01736, 0
0.45752, 0.4487, 0.16079, 0.48078, 0.45201, 0.44972, 0.06055, 0.09849, 1
0.44083, 0.43711, 0.22234, 0.4838, 0.44208, 0.44322, 0.05222, 0.15211, 1
0.45714, 0.42766, 0.3304, 0.47314, 0.47882, 0.47678, 0.13999, 0.14998, 0
0.45915, 0.45237, 0.32431, 0.47336, 0.48094, 0.46276, 0.12714, 0.14811, 1
0.4607, 0.44506, 0.32328, 0.47355, 0.47783, 0.46889, 0.02159, 0.02706, 1
0.45321, 0.44441, 0.35683, 0.47573, 0.46203, 0.45089, 0.01798, 0.01792, 0
0.4358, 0.43708, 0.34276, 0.48457, 0.41353, 0.39513, 0.09417, 0.05297, 1
0.45946, 0.45072, 0.3847, 0.47065, 0.46898, 0.48294, 0.11137, 0.10063, 0
0.40698, 0.41256, 0.38438, 0.47595, 0.43473, 0.44524, 0.3278, 0.39671, 1
0.44763, 0.44118, 0.37325, 0.47823, 0.45769, 0.45024, 0.05087, 0.02442, 0
0.44747, 0.43093, 0.32638, 0.47396, 0.47364, 0.49745, 0.12511, 0.11603, 1
0.4494, 0.44009, 0.29568, 0.483, 0.45816, 0.44719, 0.00761, 0.01992, 1
0.44608, 0.4379, 0.25272, 0.48505, 0.45319, 0.44666, 0.01827, 0.00404, 0
0.4472, 0.44053, 0.23116, 0.47788, 0.45554, 0.4513, 0.04216, 0.02457, 1
0.4565, 0.44622, 0.23014, 0.46668, 0.46371, 0.45872, 0.0249, 0.0269, 1
0.44632, 0.43747, 0.24764, 0.48465, 0.44828, 0.44256, 0.02691, 0.01679, 0
0.45941, 0.45015, 0.25156, 0.47072, 0.46441, 0.46124, 0.04628, 0.04429, 0
0.44816, 0.43594, 0.21231, 0.47888, 0.45418, 0.45037, 0.03597, 0.02825, 1
0.44995, 0.44118, 0.21472, 0.47732, 0.45619, 0.45116, 0.01096, 0.00932, 0
0.45411, 0.44337, 0.20133, 0.47055, 0.45898, 0.45275, 0.0211, 0.01068, 0
0.64061, 0.63033, 0.21069, 0.41004, 0.65342, 0.64538, 0.08356, 0.11095, 1
0.45626, 0.44959, 0.2333, 0.48012, 0.45783, 0.45193, 0.04247, 0.0604, 1
0.45396, 0.44161, 0.2349, 0.4813, 0.45391, 0.44893, 0.06123, 0.0233, 0
0.46003, 0.45412, 0.26456, 0.47022, 0.46652, 0.46409, 0.09267, 0.04915, 1
0.42894, 0.42002, 0.39256, 0.48365, 0.43629, 0.43741, 0.1023, 0.10118, 0
0.44195, 0.44312, 0.39429, 0.4839, 0.43655, 0.42498, 0.0285, 0.03458, 0
0.45367, 0.44204, 0.32982, 0.4717, 0.45943, 0.45453, 0.01843, 0.02209, 0
0.45555, 0.44871, 0.24072, 0.46997, 0.46567, 0.46431, 0.08215, 0.12913, 0
0.44692, 0.43881, 0.17375, 0.48866, 0.45427, 0.44644, 0.0146, 0.03201, 1
0.44658, 0.44291, 0.24055, 0.47978, 0.45104, 0.4552, 0.0761, 0.11259, 0
0.22763, 0.22937, 0.21176, 0.58828, 0.2335, 0.23956, 0.09825, 0.13191, 1
0.4292, 0.41462, 0.22868, 0.4864, 0.41947, 0.39982, 0.24701, 0.26937, 0
0.43843, 0.44031, 0.23454, 0.48437, 0.43125, 0.41803, 0.01868, 0.0145, 1
0.45208, 0.44619, 0.22578, 0.48192, 0.44612, 0.4402, 0.02921, 0.01754, 0
0.44575, 0.43879, 0.22055, 0.48415, 0.44924, 0.44694, 0.02309, 0.01227, 0
0.44215, 0.41527, 0.22227, 0.47863, 0.44662, 0.43797, 0.25639, 0.30179, 0
0.44743, 0.43901, 0.21231, 0.48656, 0.45114, 0.44654, 0.0105, 0.00402, 0
0.45466, 0.44381, 0.17145, 0.4733, 0.46766, 0.45937, 0.03866, 0.03479, 0
0.41393, 0.40779, 0.2102, 0.48727, 0.42297, 0.41531, 0.16118, 0.15847, 1
0.48287, 0.47424, 0.2094, 0.47165, 0.48565, 0.47133, 0.15964, 0.1658, 1
0.45516, 0.43376, 0.20642, 0.48186, 0.45102, 0.43648, 0.21108, 0.19665, 0
0.44396, 0.43857, 0.17869, 0.48266, 0.44452, 0.43571, 0.01457, 0.03971, 0
0.44929, 0.44183, 0.25486, 0.47403, 0.45597, 0.45116, 0.03093, 0.03584, 1
0.42794, 0.43408, 0.28465, 0.48485, 0.41268, 0.39444, 0.0365, 0.01589, 1
0.43978, 0.43645, 0.30386, 0.48156, 0.43533, 0.44789, 0.04262, 0.03981, 0
0.44229, 0.43452, 0.37396, 0.48652, 0.44202, 0.43668, 0.03976, 0.04203, 0
0.40764, 0.41409, 0.24494, 0.48181, 0.42367, 0.43069, 0.25841, 0.29519, 0
0.45534, 0.44031, 0.3411, 0.47903, 0.45659, 0.44918, 0.08752, 0.09727, 1
0.44648, 0.43705, 0.35998, 0.48486, 0.44694, 0.43863, 0.04968, 0.07381, 1
0.45644, 0.44641, 0.3695, 0.48147, 0.45454, 0.44338, 0.06012, 0.04184, 0
0.45089, 0.4438, 0.31596, 0.47192, 0.46174, 0.46423, 0.08111, 0.09257, 1
0.45285, 0.44009, 0.28522, 0.47235, 0.46278, 0.45659, 0.01381, 0.01629, 1
0.45226, 0.44162, 0.26566, 0.47379, 0.46057, 0.45328, 0.0076, 0.00839, 0
0.44963, 0.44009, 0.25587, 0.4762, 0.45706, 0.44772, 0.00557, 0.00839, 1
0.45315, 0.4438, 0.1619, 0.47094, 0.46267, 0.46069, 0.03521, 0.00699, 1
0.4475, 0.44293, 0.17113, 0.4744, 0.45753, 0.45355, 0.08079, 0.04729, 1
0.4252, 0.43265, 0.18312, 0.47618, 0.44649, 0.45116, 0.28276, 0.27005, 0
0.4664, 0.45985, 0.20269, 0.47002, 0.49079, 0.49655, 0.21605, 0.23781, 0
0.45095, 0.43635, 0.22331, 0.4723, 0.47652, 0.48339, 0.08409, 0.09436, 0
0.44578, 0.43459, 0.28639, 0.47842, 0.45687, 0.44171, 0.04093, 0.01305, 1
0.43787, 0.43133, 0.31928, 0.484, 0.4444, 0.43922, 0.05319, 0.0344, 1
0.44437, 0.43861, 0.31903, 0.48402, 0.44644, 0.44491, 0.03123, 0.02179, 0
0.43662, 0.43474, 0.325, 0.47568, 0.45144, 0.45037, 0.13992, 0.19124, 1
0.47256, 0.46012, 0.33287, 0.46675, 0.48434, 0.48062, 0.09695, 0.15377, 0
0.4654, 0.44936, 0.31829, 0.478, 0.46396, 0.45741, 0.11158, 0.05295, 1
0.47561, 0.44184, 0.31246, 0.47226, 0.51027, 0.53966, 0.00364, 0.03647, 0
0.42437, 0.44054, 0.38136, 0.48421, 0.3936, 0.38096, 0.03069, 0.02256, 0
0.44157, 0.43291, 0.45029, 0.47671, 0.45235, 0.44857, 0.05003, 0.08623, 0
0.44407, 0.43864, 0.47161, 0.48467, 0.4435, 0.43289, 0.01624, 0.09157, 0
0.45855, 0.44925, 0.44465, 0.47806, 0.46082, 0.45962, 0.03891, 0.01413, 0
0.47083, 0.45738, 0.39628, 0.46933, 0.49018, 0.49506, 0.11586, 0.22206, 1
0.45668, 0.44012, 0.3383, 0.47273, 0.4685, 0.46162, 0.05198, 0.04476, 1
0.49774, 0.46998, 0.32948, 0.47483, 0.49144, 0.46627, 0.31569, 0.0923, 0
0.46142, 0.45012, 0.23478, 0.46925, 0.46051, 0.46597, 0.04328, 0.0312, 0
0.45583, 0.46829, 0.26658, 0.47289, 0.4753, 0.47779, 0.38175, 0.35335, 1
0.44891, 0.43457, 0.22519, 0.48307, 0.45064, 0.44223, 0.09633, 0.11976, 0
0.4465, 0.4382, 0.17434, 0.48246, 0.45169, 0.4439, 0.01441, 0.01983, 1
0.50023, 0.47587, 0.26848, 0.47675, 0.49549, 0.46434, 0.30411, 0.20584, 1
0.50921, 0.48378, 0.35468, 0.4737, 0.49871, 0.48124, 0.31172, 0.28447, 0
0.4639, 0.4495, 0.35083, 0.47942, 0.45879, 0.45205, 0.09612, 0.09155, 1
0.45611, 0.44501, 0.28905, 0.48006, 0.45717, 0.44379, 0.05642, 0.0491, 1
0.4416, 0.43651, 0.29399, 0.48412, 0.44609, 0.44406, 0.04821, 0.02161, 1
0.46489, 0.45697, 0.24675, 0.47053, 0.47649, 0.46937, 0.09519, 0.0566, 0
0.4468, 0.43415, 0.24244, 0.47565, 0.4575, 0.44791, 0.03755, 0.04425, 1
0.45437, 0.44182, 0.25876, 0.47802, 0.45971, 0.44791, 0.04821, 0.02531, 1
0.4519, 0.44182, 0.24144, 0.47915, 0.45632, 0.45282, 0.00942, 0.01265, 0
0.38449, 0.39302, 0.20658, 0.48192, 0.40659, 0.4133, 0.34351, 0.59936, 0
0.45206, 0.44767, 0.35102, 0.47502, 0.4593, 0.45391, 0.07546, 0.07157, 0
0.45054, 0.44075, 0.34555, 0.47431, 0.45848, 0.45535, 0.01819, 0.0234, 1
0.44972, 0.44291, 0.28946, 0.47578, 0.45832, 0.44984, 0.05829, 0.04752, 0
0.45338, 0.44357, 0.26559, 0.47247, 0.46887, 0.46036, 0.05385, 0.07225, 1
0.45163, 0.43158, 0.28861, 0.47248, 0.47985, 0.48384, 0.06132, 0.06489, 0
0.51055, 0.47656, 0.32821, 0.47684, 0.49886, 0.46334, 0.43292, 0.38781, 1
0.45034, 0.44205, 0.35294, 0.48298, 0.44608, 0.44474, 0.0292, 0.03487, 0
0.4457, 0.43816, 0.37928, 0.4842, 0.44383, 0.44199, 0.01818, 0.01152, 0
0.45246, 0.44421, 0.46203, 0.47021, 0.45798, 0.45548, 0.02922, 0.02429, 0
0.44651, 0.43366, 0.37044, 0.47884, 0.45248, 0.44255, 0.06647, 0.03688, 1
0.44942, 0.44183, 0.36004, 0.48144, 0.4546, 0.44503, 0.00359, 0.03688, 1
0.44532, 0.44268, 0.38723, 0.47593, 0.45396, 0.45595, 0.11313, 0.07005, 1
0.43533, 0.4251, 0.4491, 0.4879, 0.4418, 0.43568, 0.08215, 0.08384, 1
0.46295, 0.45428, 0.44416, 0.47503, 0.46667, 0.45817, 0.06323, 0.06604, 0
0.44911, 0.43797, 0.10499, 0.47848, 0.4539, 0.45518, 0.01563, 0.04006, 0
0.44676, 0.43925, 0.10238, 0.47667, 0.45398, 0.45791, 0.04228, 0.04569, 1
0.47009, 0.45666, 0.12052, 0.4663, 0.47628, 0.46821, 0.07879, 0.09157, 0
0.45954, 0.45128, 0.11571, 0.47302, 0.46565, 0.46312, 0.05748, 0.04563, 1
0.45489, 0.44415, 0.37262, 0.47997, 0.45678, 0.44819, 0.04478, 0.03933, 1
0.45093, 0.44183, 0.36349, 0.48155, 0.45095, 0.44933, 0.01992, 0.00604, 0
0.45823, 0.44611, 0.34721, 0.47376, 0.45985, 0.45491, 0.04752, 0.06052, 0
0.68086, 0.66949, 0.32949, 0.41211, 0.6848, 0.67159, 0.0197, 0.01388, 0
0.44883, 0.44076, 0.29197, 0.47935, 0.4525, 0.45177, 0.01426, 0.04108, 0
0.45016, 0.44415, 0.39939, 0.48113, 0.45392, 0.44395, 0.02274, 0.02773, 0
0.4542, 0.44605, 0.37435, 0.47581, 0.46074, 0.45935, 0.03818, 0.03937, 0
0.63654, 0.61984, 0.17523, 0.4179, 0.64826, 0.63839, 0.02913, 0.05451, 0
0.44289, 0.43483, 0.14844, 0.4849, 0.44983, 0.44357, 0.03243, 0.0474, 0
0.44842, 0.44097, 0.15248, 0.47696, 0.45598, 0.44805, 0.01953, 0.05092, 1
0.00791, 0.01069, 0.37981, 0.80922, 0.00733, 0.01896, 0.03629, 0.06006, 0
0.45084, 0.44314, 0.44347, 0.47977, 0.45542, 0.44918, 0.01584, 0.02612, 0
0.45033, 0.44249, 0.38682, 0.47381, 0.45758, 0.45261, 0.02622, 0.04638, 0
0.46053, 0.44749, 0.349, 0.47305, 0.46426, 0.4567, 0.05777, 0.14895, 0
0.45137, 0.44184, 0.27694, 0.47981, 0.45575, 0.45037, 0.0063, 0.00695, 1
0.45143, 0.44097, 0.23322, 0.48178, 0.45372, 0.44668, 0.03453, 0.04247, 0
0.48888, 0.46958, 0.19166, 0.47946, 0.47341, 0.45838, 0.2555, 0.28733, 0
0.42831, 0.42739, 0.27465, 0.4834, 0.42737, 0.43169, 0.09292, 0.01149, 1
0.45502, 0.44916, 0.36269, 0.47845, 0.45675, 0.45337, 0.04701, 0.03091, 0
0.46662, 0.4608, 0.36873, 0.47537, 0.46853, 0.45533, 0.09753, 0.04989, 1
0.45697, 0.44465, 0.31806, 0.47423, 0.46847, 0.45707, 0.01997, 0.02576, 0
0.46265, 0.46961, 0.23522, 0.47431, 0.47236, 0.4718, 0.27432, 0.35647, 0
0.4993, 0.4796, 0.14932, 0.46909, 0.49731, 0.48588, 0.22167, 0.29772, 0
0.4456, 0.4384, 0.27469, 0.47488, 0.45421, 0.45296, 0.05018, 0.07756, 0
0.19799, 0.21203, 0.31002, 0.51228, 0.21128, 0.2228, 0.34103, 0.43204, 1
0.45282, 0.44247, 0.22923, 0.47502, 0.45912, 0.45596, 0.00621, 0.01048, 1
0.45584, 0.44483, 0.20118, 0.47204, 0.46128, 0.45466, 0.02644, 0.03963, 1
0.47345, 0.46334, 0.15896, 0.47639, 0.47031, 0.47089, 0.10785, 0.02019, 0
0.43183, 0.42163, 0.163, 0.48295, 0.43264, 0.43517, 0.10083, 0.01586, 1
0.4504, 0.43566, 0.17975, 0.48144, 0.45005, 0.442, 0.09948, 0.17145, 0
0.42396, 0.42399, 0.18086, 0.4843, 0.4309, 0.4339, 0.12539, 0.23607, 0
0.45139, 0.44054, 0.15788, 0.47333, 0.46923, 0.46099, 0.03767, 0.02314, 1
0.39353, 0.39178, 0.15982, 0.49128, 0.39871, 0.38893, 0.23843, 0.25583, 1
0.46223, 0.4675, 0.16288, 0.47558, 0.47063, 0.46553, 0.2326, 0.24861, 1
0.43826, 0.43243, 0.16903, 0.48486, 0.44262, 0.44079, 0.05003, 0.1418, 1
0.46607, 0.4491, 0.17579, 0.47057, 0.47057, 0.46191, 0.08911, 0.0835, 0
0.31576, 0.31361, 0.27538, 0.5207, 0.32575, 0.3241, 0.09822, 0.10473, 1
0.4482, 0.43967, 0.31396, 0.48493, 0.45144, 0.44383, 0.01457, 0.04846, 1
0.43479, 0.42526, 0.28554, 0.48862, 0.43471, 0.42845, 0.09392, 0.14594, 0
0.45902, 0.44917, 0.25271, 0.46996, 0.46808, 0.46463, 0.04925, 0.07397, 0
0.45627, 0.44356, 0.25614, 0.48104, 0.45702, 0.44449, 0.07836, 0.04582, 0
0.44641, 0.43451, 0.2439, 0.48462, 0.44793, 0.44175, 0.06758, 0.06969, 1
0.44338, 0.43278, 0.26005, 0.47756, 0.45204, 0.44227, 0.04367, 0.03241, 1
0.44961, 0.43878, 0.31959, 0.47625, 0.4564, 0.44798, 0.02323, 0.00808, 1
0.44486, 0.43595, 0.287, 0.48183, 0.45126, 0.44667, 0.02554, 0.0436, 0
0.44482, 0.43879, 0.16248, 0.48475, 0.44363, 0.43796, 0.01278, 0.0, 1
0.48366, 0.47595, 0.14857, 0.46646, 0.4947, 0.49781, 0.20347, 0.19655, 0
0.44709, 0.44271, 0.14298, 0.47358, 0.4626, 0.46242, 0.11531, 0.16866, 1
0.45972, 0.45387, 0.11923, 0.47094, 0.46809, 0.46296, 0.08987, 0.07329, 1
0.44564, 0.43703, 0.11882, 0.47815, 0.4529, 0.44918, 0.02202, 0.03878, 0
0.45119, 0.44162, 0.09035, 0.47756, 0.45622, 0.45116, 0.00422, 0.0385, 0
0.44741, 0.439, 0.0775, 0.47946, 0.45325, 0.44891, 0.01521, 0.04849, 1
0.45391, 0.44446, 0.07837, 0.46571, 0.45922, 0.45381, 0.01593, 0.05481, 0
0.47834, 0.4672, 0.1351, 0.45933, 0.49024, 0.48655, 0.02203, 0.02749, 1
0.45626, 0.44031, 0.15684, 0.47576, 0.4682, 0.48703, 0.0152, 0.0203, 0
0.46094, 0.45121, 0.25561, 0.47388, 0.47324, 0.46093, 0.05307, 0.02129, 0
0.4531, 0.44444, 0.31813, 0.48282, 0.44942, 0.44116, 0.05147, 0.03283, 0
0.43724, 0.43176, 0.43499, 0.48013, 0.44344, 0.44572, 0.07567, 0.03537, 1
0.44523, 0.43571, 0.43497, 0.48356, 0.44724, 0.43895, 0.03812, 0.06685, 0
0.45839, 0.44709, 0.22338, 0.4719, 0.46393, 0.4562, 0.0329, 0.09087, 0
0.44396, 0.43441, 0.21855, 0.48341, 0.44997, 0.44362, 0.03394, 0.06884, 1
0.46407, 0.46384, 0.14198, 0.47019, 0.48992, 0.49542, 0.2915, 0.32352, 0
0.42407, 0.41961, 0.162, 0.47391, 0.46107, 0.47598, 0.28123, 0.28172, 1
0.4671, 0.47063, 0.19103, 0.47203, 0.49815, 0.49008, 0.3267, 0.38964, 0
0.46281, 0.44384, 0.20598, 0.47229, 0.4897, 0.47789, 0.02892, 0.02059, 1
0.45893, 0.44605, 0.26528, 0.48064, 0.46186, 0.44916, 0.0776, 0.06334, 0
0.90189, 0.88616, 0.28567, 0.44912, 0.89585, 0.89496, 0.07758, 0.0826, 0
0.8216, 0.79645, 0.3829, 0.36453, 0.82615, 0.80281, 0.12209, 0.08617, 0
0.44218, 0.43589, 0.27488, 0.48112, 0.44668, 0.43406, 0.0266, 0.02117, 1
0.4323, 0.43351, 0.30669, 0.48286, 0.44036, 0.44041, 0.13173, 0.13306, 1
0.44095, 0.4265, 0.28474, 0.48149, 0.44527, 0.44333, 0.10063, 0.10512, 0
0.44412, 0.44336, 0.15865, 0.48221, 0.43427, 0.43332, 0.02104, 0.07001, 0
0.45628, 0.4462, 0.16881, 0.46784, 0.45814, 0.45817, 0.02482, 0.12446, 1
0.44899, 0.44118, 0.17903, 0.47889, 0.45363, 0.44931, 0.01823, 0.09228, 0
0.46043, 0.44906, 0.18204, 0.47119, 0.47035, 0.46482, 0.03955, 0.12977, 1
0.45252, 0.43617, 0.16689, 0.48293, 0.44786, 0.43041, 0.17484, 0.08371, 0
0.43526, 0.42943, 0.20569, 0.48982, 0.43794, 0.43401, 0.05777, 0.04566, 0
0.23012, 0.2277, 0.30993, 0.56866, 0.23447, 0.24109, 0.05173, 0.07567, 1
0.4115, 0.40585, 0.28878, 0.49082, 0.41669, 0.41222, 0.17069, 0.17349, 1
0.47626, 0.46157, 0.23412, 0.4743, 0.47662, 0.46662, 0.12315, 0.08646, 1
0.43385, 0.42816, 0.19393, 0.48336, 0.43762, 0.43873, 0.06729, 0.04961, 1
0.45284, 0.44118, 0.17094, 0.4737, 0.45834, 0.456, 0.01109, 0.05559, 1
0.46155, 0.44586, 0.19856, 0.47135, 0.48547, 0.48475, 0.06887, 0.05048, 1
0.45492, 0.44363, 0.22674, 0.48035, 0.46075, 0.44714, 0.04074, 0.02507, 0
0.46401, 0.44897, 0.31721, 0.4793, 0.4624, 0.45091, 0.11591, 0.12593, 0
0.49288, 0.47766, 0.3093, 0.47523, 0.486, 0.47207, 0.20839, 0.22822, 0
0.40247, 0.39623, 0.29885, 0.48977, 0.40321, 0.40059, 0.22037, 0.23958, 0
0.44083, 0.43585, 0.16039, 0.4795, 0.44975, 0.45199, 0.0787, 0.0753, 1
0.46298, 0.45267, 0.4533, 0.47261, 0.47023, 0.46121, 0.05651, 0.08401, 1
0.45155, 0.44493, 0.42363, 0.48058, 0.45446, 0.44997, 0.02716, 0.05616, 1
0.45556, 0.44758, 0.18253, 0.48084, 0.45681, 0.44863, 0.03223, 0.01647, 0
0.44769, 0.43237, 0.16646, 0.48378, 0.4462, 0.43782, 0.12532, 0.05056, 0
0.45229, 0.44779, 0.19125, 0.47965, 0.45252, 0.4509, 0.0545, 0.05643, 1
0.44844, 0.43854, 0.24129, 0.48339, 0.44932, 0.44344, 0.03548, 0.01306, 0
0.4279, 0.42669, 0.26706, 0.48679, 0.42964, 0.42122, 0.08266, 0.06288, 0
0.45125, 0.44273, 0.25061, 0.47267, 0.46137, 0.46385, 0.05389, 0.03506, 1
0.46163, 0.44823, 0.23295, 0.47066, 0.46926, 0.46319, 0.03869, 0.02475, 0
0.44177, 0.43514, 0.22658, 0.48124, 0.44897, 0.44793, 0.04895, 0.04422, 1
0.45181, 0.43917, 0.22596, 0.47498, 0.45678, 0.45105, 0.0405, 0.0497, 1
0.45486, 0.44365, 0.22715, 0.47781, 0.45751, 0.44929, 0.04466, 0.07095, 1
0.45548, 0.44118, 0.22462, 0.47267, 0.466, 0.46042, 0.02623, 0.03471, 1
0.44733, 0.43961, 0.21758, 0.47238, 0.46522, 0.46631, 0.10358, 0.08241, 1
0.43354, 0.42572, 0.22541, 0.48673, 0.43342, 0.41682, 0.09934, 0.05569, 1
0.49029, 0.46675, 0.18547, 0.4759, 0.48115, 0.46723, 0.25329, 0.24957, 0
0.43351, 0.44007, 0.18721, 0.48395, 0.43207, 0.42599, 0.12155, 0.08071, 0
0.44401, 0.43739, 0.24175, 0.48637, 0.44566, 0.44294, 0.02054, 0.02573, 1
0.44825, 0.43895, 0.24447, 0.48193, 0.45174, 0.44943, 0.01139, 0.06343, 1
0.43921, 0.42869, 0.20964, 0.47775, 0.44745, 0.44172, 0.06313, 0.05848, 1
0.44498, 0.4383, 0.25304, 0.47814, 0.45266, 0.4544, 0.06265, 0.02873, 1
0.45809, 0.44074, 0.25299, 0.47215, 0.47343, 0.4763, 0.00771, 0.00709, 0
0.45737, 0.44251, 0.21971, 0.47708, 0.46215, 0.454, 0.06698, 0.07579, 1
0.45027, 0.44163, 0.17704, 0.4822, 0.45247, 0.44796, 0.0113, 0.01081, 0
0.46761, 0.46287, 0.12734, 0.46942, 0.47703, 0.48015, 0.15803, 0.15135, 1
0.45738, 0.44696, 0.16068, 0.47218, 0.47168, 0.46519, 0.05258, 0.05016, 1
0.44716, 0.43342, 0.16589, 0.48144, 0.45106, 0.43733, 0.09829, 0.0466, 0
0.4475, 0.44207, 0.15965, 0.48116, 0.45329, 0.44674, 0.04103, 0.01878, 1
0.44708, 0.4352, 0.16237, 0.48319, 0.44874, 0.44271, 0.06764, 0.1318, 1
0.47136, 0.45376, 0.19714, 0.47352, 0.47237, 0.45977, 0.1313, 0.11528, 0
0.44818, 0.43444, 0.19388, 0.48171, 0.45142, 0.43729, 0.09947, 0.05495, 0
0.45109, 0.44208, 0.14929, 0.47008, 0.45639, 0.45201, 0.00867, 0.00633, 0
0.46467, 0.45129, 0.11402, 0.46905, 0.46809, 0.46031, 0.06768, 0.04913, 0
0.49834, 0.47546, 0.19491, 0.47522, 0.49368, 0.45363, 0.29275, 0.26176, 0
0.41267, 0.40608, 0.18651, 0.48806, 0.41991, 0.41853, 0.16967, 0.16571, 1
0.4439, 0.43469, 0.16118, 0.47841, 0.45018, 0.44834, 0.03185, 0.04772, 0
0.44506, 0.43984, 0.15689, 0.47737, 0.45358, 0.4463, 0.0603, 0.07923, 0
0.4448, 0.4354, 0.32505, 0.47699, 0.45262, 0.44727, 0.02816, 0.00712, 0
0.49411, 0.47722, 0.33895, 0.47299, 0.49126, 0.48556, 0.19063, 0.21833, 0
0.45482, 0.44473, 0.30525, 0.47869, 0.45642, 0.45844, 0.02042, 0.02457, 1
0.44803, 0.44185, 0.24196, 0.4783, 0.45428, 0.45064, 0.04271, 0.05, 0
0.44714, 0.43985, 0.23507, 0.47584, 0.4556, 0.4544, 0.04859, 0.07809, 0
0.44143, 0.43298, 0.21642, 0.47631, 0.45147, 0.44715, 0.04838, 0.04256, 0
0.54679, 0.5117, 0.22203, 0.47315, 0.53075, 0.49823, 0.51372, 0.4964, 1
0.45253, 0.44492, 0.27618, 0.4794, 0.4472, 0.4517, 0.01813, 0.03655, 0
0.44647, 0.44096, 0.25005, 0.47635, 0.45432, 0.45091, 0.05719, 0.06131, 1
0.45317, 0.43985, 0.20323, 0.4766, 0.46263, 0.44862, 0.045, 0.02472, 0
0.43898, 0.42866, 0.23519, 0.48233, 0.44351, 0.44171, 0.06499, 0.03046, 1
0.4507, 0.4425, 0.15182, 0.47288, 0.45688, 0.45184, 0.01946, 0.02448, 1
0.45255, 0.4425, 0.1547, 0.47187, 0.45824, 0.45264, 0.00735, 0.02262, 1
0.4614, 0.45219, 0.12445, 0.47048, 0.46618, 0.45904, 0.05362, 0.06034, 1
0.46695, 0.46606, 0.17163, 0.47312, 0.47456, 0.47998, 0.209, 0.20076, 1
0.4371, 0.43262, 0.22437, 0.48466, 0.44246, 0.44172, 0.06454, 0.11821, 1
0.47614, 0.4623, 0.22758, 0.4725, 0.47629, 0.46996, 0.11584, 0.13156, 0
0.44842, 0.44009, 0.23118, 0.47832, 0.45447, 0.44878, 0.01057, 0.03294, 0
0.45106, 0.44228, 0.2315, 0.47552, 0.45709, 0.45103, 0.01057, 0.03295, 1
0.45474, 0.44381, 0.22113, 0.47379, 0.45929, 0.45316, 0.02537, 0.03504, 1
0.43644, 0.43004, 0.21124, 0.4851, 0.43874, 0.43527, 0.05407, 0.07555, 0
0.4476, 0.43239, 0.24022, 0.47399, 0.46639, 0.46503, 0.04244, 0.00234, 1
0.44595, 0.43547, 0.25875, 0.48595, 0.45257, 0.43985, 0.04892, 0.01406, 0
0.4379, 0.43178, 0.3596, 0.47981, 0.44078, 0.4505, 0.06977, 0.04318, 0
0.43915, 0.43308, 0.35116, 0.47415, 0.4522, 0.45661, 0.11145, 0.12511, 0
0.49292, 0.46798, 0.3408, 0.46831, 0.49787, 0.48618, 0.19295, 0.16796, 0
0.45988, 0.44998, 0.25981, 0.47246, 0.46495, 0.45997, 0.04262, 0.0417, 1
0.44664, 0.43833, 0.28662, 0.48288, 0.45097, 0.44771, 0.01387, 0.00234, 1
0.4603, 0.43504, 0.2706, 0.47753, 0.46025, 0.44585, 0.22554, 0.15222, 0
0.46923, 0.47132, 0.26806, 0.47129, 0.48453, 0.48063, 0.26888, 0.23939, 0
0.44769, 0.43876, 0.23938, 0.47585, 0.4569, 0.44957, 0.02026, 0.01219, 0
0.45422, 0.44162, 0.20626, 0.48241, 0.45209, 0.44172, 0.0881, 0.02257, 1
0.45027, 0.43721, 0.36022, 0.48166, 0.45261, 0.44836, 0.06919, 0.04729, 1
0.51381, 0.48382, 0.35254, 0.47448, 0.50101, 0.48398, 0.36461, 0.35655, 0
0.44642, 0.44448, 0.34193, 0.482, 0.43848, 0.43387, 0.02867, 0.03938, 0
0.45243, 0.44295, 0.23421, 0.47375, 0.46582, 0.45973, 0.04869, 0.01776, 1
0.45731, 0.44383, 0.21606, 0.47221, 0.46229, 0.45732, 0.04252, 0.03528, 0
0.45299, 0.44207, 0.2283, 0.48104, 0.4546, 0.44636, 0.04441, 0.03256, 0
0.4496, 0.43942, 0.17418, 0.48421, 0.44663, 0.43648, 0.07418, 0.05057, 0
0.45092, 0.44251, 0.21807, 0.47352, 0.45557, 0.45184, 0.01276, 0.01835, 0
0.44874, 0.43898, 0.26571, 0.48257, 0.45043, 0.4465, 0.02784, 0.05988, 1
0.44859, 0.43854, 0.20238, 0.47433, 0.46167, 0.45224, 0.02556, 0.02245, 1
0.46662, 0.45267, 0.2168, 0.47129, 0.47018, 0.46202, 0.07581, 0.09361, 1
0.45015, 0.44604, 0.18744, 0.47535, 0.45815, 0.45706, 0.08452, 0.11185, 0
0.40712, 0.39943, 0.20305, 0.49514, 0.41437, 0.41356, 0.09422, 0.06124, 1
0.44532, 0.4445, 0.16517, 0.47881, 0.45295, 0.45211, 0.11765, 0.03885, 1
0.44946, 0.44096, 0.14523, 0.47687, 0.45471, 0.44715, 0.00214, 0.00708, 0
0.45037, 0.44052, 0.12165, 0.48052, 0.4536, 0.44474, 0.02791, 0.03882, 1
0.45901, 0.45365, 0.34842, 0.47455, 0.46565, 0.45482, 0.07718, 0.05651, 1
0.45522, 0.44318, 0.33481, 0.48153, 0.45429, 0.44835, 0.06568, 0.17373, 1
0.44092, 0.43366, 0.33786, 0.4902, 0.44508, 0.44152, 0.03797, 0.02721, 1
0.45333, 0.44163, 0.28126, 0.48254, 0.45202, 0.44354, 0.07397, 0.07764, 0
0.45572, 0.44641, 0.39171, 0.46993, 0.46314, 0.45907, 0.03108, 0.05398, 0
0.44735, 0.43748, 0.41101, 0.47535, 0.45515, 0.44945, 0.01866, 0.01411, 1
0.44561, 0.43879, 0.50089, 0.47492, 0.45511, 0.45288, 0.05403, 0.06234, 1
0.45335, 0.4438, 0.53554, 0.47171, 0.46187, 0.45578, 0.01928, 0.02217, 1
0.45431, 0.4438, 0.34048, 0.47267, 0.45912, 0.45367, 0.01928, 0.01754, 1
0.42986, 0.42027, 0.1974, 0.47727, 0.44333, 0.44311, 0.10502, 0.16276, 1
0.46973, 0.46256, 0.26157, 0.48015, 0.45787, 0.46293, 0.11203, 0.16589, 0
0.45973, 0.44424, 0.25435, 0.47065, 0.4684, 0.46637, 0.03599, 0.03257, 0
0.45198, 0.44227, 0.33297, 0.47263, 0.45802, 0.45208, 0.00554, 0.01008, 0
0.44788, 0.43837, 0.32345, 0.48092, 0.4537, 0.44853, 0.01372, 0.00801, 1
0.45877, 0.44553, 0.27137, 0.47461, 0.46559, 0.45801, 0.04516, 0.04102, 0
0.46228, 0.4488, 0.2902, 0.46974, 0.46738, 0.46078, 0.05567, 0.06614, 1
0.44138, 0.43161, 0.29577, 0.47667, 0.45178, 0.45274, 0.05458, 0.0, 0
0.45379, 0.44227, 0.29272, 0.4722, 0.46448, 0.45855, 0.01378, 0.0, 1
0.44171, 0.43619, 0.20372, 0.48239, 0.4464, 0.44616, 0.04816, 0.03561, 1
0.45026, 0.43879, 0.17943, 0.4731, 0.45982, 0.45577, 0.01168, 0.02733, 0
0.42158, 0.41579, 0.1722, 0.48926, 0.42836, 0.42222, 0.12287, 0.14464, 0
0.44494, 0.43597, 0.17562, 0.48645, 0.44657, 0.43773, 0.04417, 0.03855, 1
0.35027, 0.34483, 0.29058, 0.54278, 0.35379, 0.35243, 0.02366, 0.03732, 0
0.46384, 0.4517, 0.32561, 0.46669, 0.46918, 0.46444, 0.0528, 0.0214, 0
0.44984, 0.43965, 0.33946, 0.479, 0.45451, 0.44719, 0.01804, 0.021, 0
0.44417, 0.43746, 0.35237, 0.4812, 0.45096, 0.44692, 0.03911, 0.02629, 0
0.45155, 0.44272, 0.35644, 0.47172, 0.45736, 0.45276, 0.01479, 0.01457, 0
0.45306, 0.4414, 0.18908, 0.48226, 0.44685, 0.44244, 0.09295, 0.05959, 0
0.50851, 0.49537, 0.30229, 0.47204, 0.50965, 0.49301, 0.26645, 0.26433, 0
0.45198, 0.44009, 0.25222, 0.4755, 0.45748, 0.44984, 0.03155, 0.0247, 0
0.44612, 0.4379, 0.25748, 0.47872, 0.45204, 0.44573, 0.01677, 0.01617, 1
0.45378, 0.44381, 0.23154, 0.47802, 0.45741, 0.45037, 0.02226, 0.09221, 0
0.45266, 0.4414, 0.16669, 0.4769, 0.45679, 0.44904, 0.03478, 0.04472, 1
0.44858, 0.44012, 0.53221, 0.4843, 0.45296, 0.44675, 0.00742, 0.01806, 0
0.44916, 0.4382, 0.12448, 0.47925, 0.45278, 0.44507, 0.04516, 0.07183, 0
0.45056, 0.43647, 0.13234, 0.47277, 0.46627, 0.46297, 0.02386, 0.13349, 1
0.46428, 0.45019, 0.14623, 0.47163, 0.47494, 0.46388, 0.05207, 0.02252, 1
0.43574, 0.42836, 0.16301, 0.4875, 0.43722, 0.42575, 0.07147, 0.04677, 0
0.44761, 0.44247, 0.18537, 0.48007, 0.45122, 0.44661, 0.04333, 0.03015, 1
0.44954, 0.43663, 0.28617, 0.47433, 0.45578, 0.45208, 0.03494, 0.02665, 0
0.43389, 0.42664, 0.27449, 0.4873, 0.43361, 0.4213, 0.08558, 0.081, 0
0.4506, 0.44508, 0.28102, 0.48257, 0.44151, 0.43411, 0.04076, 0.03229, 1
0.4494, 0.44399, 0.32341, 0.47933, 0.45094, 0.45273, 0.04716, 0.03023, 0
0.44662, 0.44053, 0.3272, 0.47315, 0.45616, 0.45942, 0.08145, 0.09217, 0
0.44852, 0.4401, 0.35493, 0.476, 0.45673, 0.44866, 0.01712, 0.02895, 0
0.44606, 0.43923, 0.38554, 0.4743, 0.45702, 0.45431, 0.06054, 0.06823, 1
0.4442, 0.4427, 0.39174, 0.48116, 0.4501, 0.44656, 0.09266, 0.11433, 0
0.45892, 0.44987, 0.36462, 0.47249, 0.46694, 0.45853, 0.04567, 0.0235, 1
0.45665, 0.44466, 0.18824, 0.47335, 0.46691, 0.46826, 0.03352, 0.02208, 1
0.44343, 0.43775, 0.45398, 0.48001, 0.45018, 0.44777, 0.05285, 0.05445, 0
0.4439, 0.43302, 0.39526, 0.47964, 0.45108, 0.4462, 0.04329, 0.04071, 1
0.44855, 0.43517, 0.42989, 0.48287, 0.45075, 0.44477, 0.07741, 0.08543, 1
0.44523, 0.43992, 0.41209, 0.48464, 0.44638, 0.43769, 0.00706, 0.04003, 0
0.4517, 0.44182, 0.49922, 0.47253, 0.456, 0.45113, 0.00934, 0.00225, 1
0.44674, 0.43823, 0.56598, 0.4823, 0.45216, 0.44883, 0.01777, 0.02383, 1
0.46533, 0.45428, 0.56386, 0.46569, 0.47004, 0.46611, 0.06318, 0.09138, 0
0.44679, 0.44013, 0.51872, 0.47928, 0.45208, 0.44666, 0.02348, 0.0507, 0
0.69408, 0.68021, 0.25236, 0.29628, 0.70476, 0.69504, 0.03789, 0.05764, 0
0.43977, 0.43295, 0.21898, 0.47692, 0.45004, 0.44768, 0.06763, 0.05683, 0
0.45642, 0.44859, 0.18938, 0.47017, 0.46724, 0.46523, 0.07143, 0.04976, 0
0.43681, 0.42957, 0.13856, 0.48655, 0.44151, 0.43258, 0.05674, 0.07247, 0
0.19936, 0.20429, 0.13141, 0.56135, 0.20302, 0.20695, 0.15912, 0.17991, 1
0.73946, 0.71929, 0.12559, 0.25929, 0.7471, 0.73092, 0.06801, 0.09965, 0
0.44251, 0.43189, 0.11867, 0.48677, 0.44558, 0.43756, 0.06418, 0.05747, 1
0.45263, 0.44414, 0.10292, 0.47008, 0.45951, 0.45575, 0.02857, 0.01926, 1
0.45199, 0.44372, 0.10101, 0.47166, 0.46216, 0.46037, 0.05445, 0.05204, 1
0.44603, 0.43754, 0.27883, 0.47922, 0.4505, 0.44803, 0.0184, 0.015, 1
0.45247, 0.44397, 0.29534, 0.47811, 0.45729, 0.45453, 0.01841, 0.00825, 1
0.44995, 0.44247, 0.29979, 0.48091, 0.45431, 0.44855, 0.01563, 0.00824, 1
0.45407, 0.44011, 0.399, 0.47232, 0.46216, 0.45869, 0.03094, 0.02859, 0
0.43094, 0.42789, 0.29548, 0.48607, 0.4387, 0.43763, 0.09619, 0.07358, 1
0.45152, 0.4414, 0.22323, 0.47868, 0.45637, 0.45219, 0.00902, 0.00997, 0
0.46595, 0.45785, 0.28152, 0.46771, 0.47434, 0.47441, 0.10584, 0.12081, 1
0.45328, 0.43802, 0.25566, 0.47377, 0.46037, 0.45944, 0.04663, 0.08021, 0
0.44872, 0.43886, 0.26201, 0.4745, 0.45597, 0.45242, 0.01429, 0.01578, 1
0.4459, 0.43818, 0.19628, 0.4864, 0.44896, 0.44322, 0.01449, 0.02033, 0
0.44672, 0.43754, 0.25059, 0.47864, 0.45267, 0.44855, 0.01841, 0.00825, 0
0.4436, 0.43582, 0.25498, 0.48744, 0.44811, 0.44321, 0.02596, 0.03524, 1
0.45159, 0.44419, 0.25328, 0.47756, 0.4566, 0.45089, 0.02597, 0.02641, 1
0.45816, 0.44785, 0.22251, 0.46457, 0.46361, 0.45844, 0.03219, 0.0105, 0
0.4491, 0.44439, 0.29011, 0.48093, 0.4486, 0.45153, 0.04061, 0.02688, 1
0.4674, 0.45552, 0.35517, 0.46913, 0.47006, 0.4623, 0.07559, 0.06279, 0
0.45428, 0.44653, 0.14991, 0.47802, 0.45756, 0.45179, 0.02869, 0.01045, 1
0.44278, 0.43615, 0.50182, 0.4818, 0.44937, 0.44579, 0.04268, 0.03101, 0
0.44874, 0.43971, 0.58796, 0.47601, 0.45485, 0.44973, 0.00885, 0.02588, 1
0.448, 0.43908, 0.57053, 0.4781, 0.45425, 0.44922, 0.01235, 0.02332, 1
0.46237, 0.46329, 0.47497, 0.47398, 0.46933, 0.46593, 0.18089, 0.19405, 1
0.44672, 0.43761, 0.42165, 0.47697, 0.45441, 0.45623, 0.02342, 0.02803, 1
0.44513, 0.43635, 0.31668, 0.47441, 0.45339, 0.4538, 0.04364, 0.04039, 0
0.46304, 0.45087, 0.26744, 0.46979, 0.47372, 0.46913, 0.04883, 0.03399, 1
0.43556, 0.43068, 0.20772, 0.48711, 0.43946, 0.43356, 0.05489, 0.11537, 0
0.44591, 0.43656, 0.1584, 0.47858, 0.45173, 0.44934, 0.02232, 0.04665, 0
0.44302, 0.43657, 0.20269, 0.4877, 0.44704, 0.44236, 0.02834, 0.02712, 0
0.44716, 0.44012, 0.50222, 0.47859, 0.45359, 0.45205, 0.03776, 0.0411, 0
0.44842, 0.44097, 0.48633, 0.47357, 0.45688, 0.45605, 0.04813, 0.03207, 0
0.44962, 0.44076, 0.40682, 0.476, 0.45578, 0.45192, 0.01091, 0.01269, 1
0.45279, 0.44204, 0.43687, 0.47408, 0.4574, 0.45101, 0.02183, 0.01386, 0
0.45058, 0.44118, 0.4495, 0.47586, 0.45653, 0.44855, 0.00357, 0.03357, 0
0.45829, 0.44846, 0.44684, 0.46608, 0.46462, 0.45918, 0.03582, 0.03313, 1
0.44479, 0.43542, 0.20081, 0.47705, 0.45322, 0.44635, 0.02835, 0.01986, 1
0.44022, 0.43586, 0.21556, 0.48358, 0.44192, 0.44198, 0.04245, 0.03545, 1
0.68564, 0.67475, 0.1536, 0.33223, 0.69548, 0.68382, 0.08646, 0.01576, 0
0.45224, 0.44353, 0.14009, 0.47222, 0.45731, 0.45386, 0.01686, 0.00788, 1
0.44825, 0.44076, 0.14022, 0.47527, 0.45614, 0.45308, 0.03575, 0.03505, 1
0.44621, 0.43563, 0.18401, 0.48025, 0.45186, 0.44597, 0.03429, 0.02769, 1
0.45143, 0.44097, 0.20442, 0.48124, 0.45132, 0.43851, 0.058, 0.05272, 1
0.45413, 0.44539, 0.25647, 0.47739, 0.45783, 0.44935, 0.02147, 0.03177, 0
0.44069, 0.43257, 0.26585, 0.47951, 0.44842, 0.44565, 0.04586, 0.03607, 1
0.46312, 0.45171, 0.24175, 0.46706, 0.47049, 0.46364, 0.05081, 0.04705, 0
0.45121, 0.44266, 0.19273, 0.47178, 0.45988, 0.4556, 0.03077, 0.03392, 1
0.44777, 0.43862, 0.18367, 0.47483, 0.45727, 0.44933, 0.02174, 0.06394, 1
0.48381, 0.48473, 0.1931, 0.46932, 0.52047, 0.53399, 0.44234, 0.38621, 1
0.13268, 0.12583, 0.21199, 0.53596, 0.12227, 0.10952, 0.17803, 0.18086, 1
0.48066, 0.48066, 0.19808, 0.46967, 0.51437, 0.52663, 0.40893, 0.45543, 0
0.46335, 0.44649, 0.18674, 0.47397, 0.48054, 0.45487, 0.05433, 0.05855, 1
0.45217, 0.44393, 0.17581, 0.48352, 0.44309, 0.42668, 0.10851, 0.07524, 1
0.44205, 0.43886, 0.17607, 0.48342, 0.43639, 0.43503, 0.01133, 0.07803, 1
0.45527, 0.44709, 0.16427, 0.48108, 0.45021, 0.44934, 0.0401, 0.05454, 1
0.45213, 0.44413, 0.2593, 0.48151, 0.45308, 0.44922, 0.01465, 0.01188, 0
0.45503, 0.44632, 0.3256, 0.47568, 0.45978, 0.45866, 0.03056, 0.01369, 1
0.44395, 0.43841, 0.40536, 0.48348, 0.44854, 0.44493, 0.03983, 0.05858, 1
0.7157, 0.70293, 0.5465, 0.27249, 0.72425, 0.71462, 0.04564, 0.08068, 0
0.43848, 0.429, 0.30816, 0.48837, 0.43983, 0.43042, 0.07835, 0.07907, 1
0.45164, 0.44589, 0.28516, 0.48214, 0.45305, 0.44557, 0.02511, 0.03554, 0
0.44807, 0.43947, 0.15393, 0.47953, 0.4538, 0.44998, 0.01352, 0.01206, 1
0.4537, 0.44268, 0.22695, 0.47198, 0.46784, 0.45889, 0.02087, 0.01382, 1
0.50765, 0.49277, 0.22705, 0.47333, 0.50243, 0.48499, 0.2656, 0.32533, 0
0.43811, 0.43503, 0.15102, 0.48384, 0.43316, 0.4253, 0.02973, 0.01631, 1
0.44772, 0.4397, 0.18032, 0.48469, 0.4504, 0.44356, 0.01139, 0.0185, 1
0.46209, 0.44822, 0.27103, 0.47323, 0.47516, 0.46858, 0.03617, 0.00909, 0
0.43609, 0.43309, 0.30091, 0.47705, 0.45056, 0.44417, 0.10713, 0.08258, 1
0.45594, 0.44609, 0.33332, 0.47165, 0.46717, 0.46059, 0.03317, 0.04444, 1
0.44961, 0.44438, 0.31761, 0.47647, 0.45625, 0.45553, 0.0677, 0.01265, 1
0.45029, 0.44161, 0.38586, 0.47979, 0.45448, 0.45154, 0.00749, 0.03984, 1
0.45488, 0.4611, 0.3422, 0.47495, 0.46435, 0.46362, 0.23744, 0.26235, 1
0.45167, 0.44291, 0.34803, 0.47676, 0.45632, 0.44591, 0.01105, 0.01615, 0
0.45375, 0.44335, 0.34781, 0.47223, 0.46016, 0.45601, 0.01045, 0.004, 0
0.43939, 0.42608, 0.15996, 0.47815, 0.44632, 0.45625, 0.07323, 0.11015, 0
0.45437, 0.44292, 0.11165, 0.47232, 0.47163, 0.47294, 0.0657, 0.11894, 0
0.44958, 0.43842, 0.21048, 0.48197, 0.4514, 0.44495, 0.04984, 0.04754, 0
0.37513, 0.37903, 0.27654, 0.49087, 0.37257, 0.36491, 0.29995, 0.36976, 0
0.45535, 0.43927, 0.24077, 0.47516, 0.46552, 0.47642, 0.02491, 0.0237, 1
0.45906, 0.44523, 0.21235, 0.47466, 0.46594, 0.45488, 0.04533, 0.03777, 0
0.43734, 0.41511, 0.14166, 0.48307, 0.43537, 0.43019, 0.2365, 0.24643, 0
0.44755, 0.43442, 0.11545, 0.48176, 0.44682, 0.44037, 0.09423, 0.13086, 1
0.44508, 0.43841, 0.20505, 0.47502, 0.45474, 0.45192, 0.0568, 0.06397, 0
0.37003, 0.38812, 0.30327, 0.48644, 0.37801, 0.38657, 0.38086, 0.40136, 0
0.5489, 0.53169, 0.30862, 0.47114, 0.54302, 0.54511, 0.43749, 0.4445, 1
0.44868, 0.43037, 0.20178, 0.47516, 0.4626, 0.44971, 0.09813, 0.11323, 0
0.44839, 0.44118, 0.21498, 0.48106, 0.45719, 0.45076, 0.02891, 0.0122, 0
0.46525, 0.45548, 0.23048, 0.46713, 0.47129, 0.46362, 0.06982, 0.08257, 1
0.44675, 0.44097, 0.23396, 0.47794, 0.45418, 0.45011, 0.04523, 0.03491, 0
0.45455, 0.44487, 0.24027, 0.47144, 0.46223, 0.45706, 0.02182, 0.02013, 1
0.46644, 0.44032, 0.26859, 0.48268, 0.44177, 0.41289, 0.41419, 0.36338, 1
0.45789, 0.44162, 0.26697, 0.4741, 0.46695, 0.45718, 0.05428, 0.04321, 1
0.44882, 0.44183, 0.24296, 0.47672, 0.45762, 0.45509, 0.04891, 0.05992, 0
0.44618, 0.43664, 0.2071, 0.48328, 0.45085, 0.44251, 0.02958, 0.03252, 0
0.47536, 0.46888, 0.19008, 0.47379, 0.47706, 0.46768, 0.13675, 0.15081, 1
0.44841, 0.43773, 0.17268, 0.47688, 0.45539, 0.45299, 0.01669, 0.03578, 0
0.44347, 0.43361, 0.17361, 0.4767, 0.45277, 0.44893, 0.03696, 0.04819, 0
0.47438, 0.46456, 0.39889, 0.46626, 0.48638, 0.48462, 0.13329, 0.19816, 1
0.44379, 0.43779, 0.43349, 0.47511, 0.45611, 0.45139, 0.06594, 0.11187, 0
0.45387, 0.44011, 0.35654, 0.47881, 0.45754, 0.4458, 0.07752, 0.08496, 1
0.46406, 0.46507, 0.25534, 0.47934, 0.46072, 0.45428, 0.14295, 0.20383, 1
0.45295, 0.44678, 0.23535, 0.47794, 0.45595, 0.4621, 0.0509, 0.01433, 1
0.45269, 0.44161, 0.19522, 0.47215, 0.4591, 0.45259, 0.01455, 0.01607, 1
0.44925, 0.44118, 0.18983, 0.48393, 0.45172, 0.44489, 0.00719, 0.01276, 1
0.44717, 0.43796, 0.16829, 0.47516, 0.45485, 0.45037, 0.02003, 0.01433, 0
0.4557, 0.4457, 0.15915, 0.46948, 0.46223, 0.45598, 0.02189, 0.02556, 1
0.45449, 0.44549, 0.15569, 0.46933, 0.46094, 0.45506, 0.02342, 0.04374, 1
0.44924, 0.44011, 0.18501, 0.48151, 0.45436, 0.44906, 0.0055, 0.03333, 0
0.44642, 0.44204, 0.22157, 0.48314, 0.45, 0.44267, 0.03622, 0.05168, 0
0.45275, 0.44183, 0.20542, 0.47919, 0.45533, 0.44932, 0.03432, 0.03757, 1
0.45055, 0.44054, 0.19747, 0.48224, 0.45225, 0.44476, 0.03431, 0.04078, 1
0.44577, 0.43547, 0.28897, 0.48564, 0.45063, 0.44189, 0.04083, 0.06548, 0
0.4567, 0.44415, 0.34376, 0.47992, 0.45774, 0.44805, 0.06879, 0.05767, 1
0.44919, 0.4414, 0.36568, 0.4808, 0.45322, 0.45037, 0.01596, 0.02223, 0
0.45119, 0.44394, 0.3696, 0.4762, 0.45708, 0.45011, 0.02358, 0.02822, 1
0.4451, 0.43907, 0.12172, 0.47681, 0.45417, 0.45126, 0.06102, 0.02882, 0
0.44838, 0.43906, 0.11054, 0.4729, 0.4596, 0.45769, 0.04028, 0.06075, 0
0.43945, 0.43356, 0.15553, 0.4867, 0.444, 0.4342, 0.03745, 0.02389, 0
0.44684, 0.44246, 0.16486, 0.48013, 0.45355, 0.4478, 0.06052, 0.04141, 0
0.44623, 0.43545, 0.24475, 0.48562, 0.44649, 0.43634, 0.07128, 0.03336, 1
0.4383, 0.4352, 0.28337, 0.48554, 0.44119, 0.4352, 0.04597, 0.04398, 0
0.42328, 0.41144, 0.23279, 0.48614, 0.40809, 0.38457, 0.27183, 0.27557, 0
0.7196, 0.70186, 0.35925, 0.42399, 0.71962, 0.69938, 0.19047, 0.20762, 1
0.43679, 0.4193, 0.35461, 0.48537, 0.43107, 0.42152, 0.21121, 0.20951, 0
0.45021, 0.44097, 0.50806, 0.47606, 0.45806, 0.45463, 0.02318, 0.03123, 0
0.45433, 0.44994, 0.34306, 0.47128, 0.47129, 0.4787, 0.16779, 0.17678, 0
0.17777, 0.19868, 0.34098, 0.50218, 0.2031, 0.225, 0.44333, 0.43234, 0
0.47011, 0.43684, 0.36022, 0.47216, 0.48976, 0.48989, 0.15765, 0.09966, 1
0.44903, 0.43923, 0.23778, 0.47259, 0.45811, 0.461, 0.0427, 0.04408, 0
0.45701, 0.44595, 0.23654, 0.47109, 0.4658, 0.46548, 0.02929, 0.05332, 1
0.42418, 0.42237, 0.23451, 0.48958, 0.42992, 0.42494, 0.10671, 0.13659, 0
0.41858, 0.42904, 0.24195, 0.47812, 0.43908, 0.448, 0.32067, 0.35524, 0
0.44906, 0.44587, 0.26285, 0.48316, 0.44731, 0.4354, 0.02288, 0.03873, 1
0.14078, 0.12173, 0.25714, 0.51624, 0.14956, 0.15874, 0.12439, 0.10938, 0
0.5001, 0.48344, 0.23438, 0.47096, 0.50374, 0.48746, 0.21311, 0.11936, 1
0.42037, 0.42404, 0.20359, 0.48193, 0.4311, 0.42854, 0.1846, 0.07044, 0
0.46271, 0.44728, 0.25215, 0.47297, 0.46895, 0.46092, 0.07176, 0.06138, 1
0.47061, 0.46044, 0.29411, 0.4732, 0.47408, 0.46413, 0.09501, 0.11872, 1
0.419, 0.41419, 0.27315, 0.48242, 0.42857, 0.42053, 0.13783, 0.15486, 0
0.45017, 0.43772, 0.24084, 0.47523, 0.45884, 0.44971, 0.0274, 0.0277, 0
0.46637, 0.45569, 0.11699, 0.47321, 0.46864, 0.46021, 0.07386, 0.06833, 1
0.45338, 0.44226, 0.25224, 0.47438, 0.45911, 0.45233, 0.01706, 0.01004, 1
0.44917, 0.43946, 0.30429, 0.48233, 0.45449, 0.44945, 0.01103, 0.01967, 0
0.45552, 0.44442, 0.29437, 0.47593, 0.45893, 0.45168, 0.03443, 0.03045, 1
0.44593, 0.43816, 0.288, 0.47646, 0.45379, 0.45155, 0.03893, 0.02393, 0
0.4276, 0.42305, 0.2957, 0.47672, 0.44551, 0.44069, 0.13364, 0.06634, 0
0.45408, 0.44399, 0.23819, 0.48261, 0.45544, 0.44356, 0.05061, 0.04608, 1
0.4688, 0.45502, 0.2742, 0.46626, 0.47412, 0.46649, 0.0765, 0.08154, 1
0.44429, 0.43546, 0.2655, 0.48407, 0.44435, 0.4406, 0.03832, 0.05212, 0
0.45376, 0.44161, 0.23255, 0.47154, 0.46344, 0.46272, 0.01085, 0.01132, 0
0.40144, 0.40879, 0.20365, 0.48822, 0.40626, 0.40777, 0.21693, 0.2028, 0
0.45017, 0.43821, 0.18455, 0.47611, 0.45603, 0.44199, 0.04498, 0.02784, 1
0.45864, 0.44756, 0.1835, 0.47895, 0.4597, 0.45152, 0.05256, 0.02553, 1
0.48194, 0.46925, 0.23061, 0.4706, 0.48268, 0.47797, 0.13716, 0.10481, 1
0.46027, 0.45436, 0.28563, 0.46884, 0.47192, 0.47091, 0.11788, 0.09132, 1
0.44599, 0.43989, 0.20798, 0.47594, 0.45395, 0.4505, 0.04734, 0.04301, 0
0.45189, 0.44225, 0.18047, 0.47217, 0.45788, 0.4523, 0.00542, 0.01633, 1
0.78218, 0.75774, 0.32172, 0.43243, 0.77685, 0.75075, 0.2532, 0.2588, 1
0.45283, 0.44162, 0.32969, 0.47947, 0.45616, 0.45154, 0.02892, 0.0, 1
0.47334, 0.46482, 0.22957, 0.47026, 0.47688, 0.47386, 0.11899, 0.09546, 1
0.44125, 0.42779, 0.22749, 0.4817, 0.44562, 0.4447, 0.08267, 0.04162, 0
0.44043, 0.43352, 0.21998, 0.48567, 0.44287, 0.43476, 0.03765, 0.02391, 0
0.44678, 0.42756, 0.20725, 0.47828, 0.45112, 0.44688, 0.13773, 0.16364, 1
0.44223, 0.4329, 0.20968, 0.479, 0.44933, 0.44728, 0.04096, 0.04322, 0
0.45325, 0.44331, 0.22092, 0.47504, 0.45838, 0.4523, 0.0148, 0.01963, 1
0.45102, 0.44161, 0.20134, 0.47665, 0.4559, 0.45204, 0.00205, 0.02266, 1
0.45245, 0.4431, 0.18307, 0.47124, 0.46042, 0.45746, 0.0249, 0.0431, 0
0.44381, 0.43946, 0.44184, 0.48143, 0.44941, 0.44788, 0.06193, 0.03655, 0
0.44817, 0.43838, 0.44539, 0.48346, 0.45029, 0.44357, 0.03353, 0.02938, 1
0.44819, 0.43989, 0.31999, 0.47434, 0.45496, 0.45155, 0.02254, 0.01885, 0
0.45938, 0.44183, 0.23953, 0.47562, 0.4622, 0.45246, 0.1102, 0.11407, 1
0.45064, 0.44032, 0.10672, 0.47491, 0.45599, 0.45285, 0.00833, 0.00609, 0
0.44817, 0.43967, 0.10691, 0.47648, 0.45425, 0.44971, 0.01459, 0.0166, 0
0.44692, 0.43967, 0.09082, 0.48065, 0.45302, 0.4505, 0.02807, 0.03808, 0
0.4432, 0.43923, 0.14039, 0.47394, 0.45712, 0.45628, 0.11444, 0.08337, 0
0.44824, 0.43729, 0.14088, 0.47635, 0.45448, 0.44866, 0.02371, 0.00692, 0
0.44976, 0.44162, 0.15341, 0.47216, 0.4594, 0.45732, 0.04349, 0.02343, 0
0.43624, 0.42691, 0.15098, 0.48342, 0.4429, 0.43647, 0.0704, 0.06046, 0
0.45258, 0.43945, 0.24081, 0.47433, 0.46308, 0.45693, 0.00912, 0.02665, 0
0.45812, 0.44552, 0.24254, 0.4744, 0.46618, 0.46455, 0.02767, 0.02345, 1
0.44756, 0.44334, 0.23371, 0.48279, 0.44277, 0.43872, 0.01103, 0.014, 1
0.44163, 0.43299, 0.29328, 0.48701, 0.43964, 0.43639, 0.0535, 0.02193, 0
0.45441, 0.44399, 0.3255, 0.47611, 0.45488, 0.4556, 0.02403, 0.03987, 1
0.45238, 0.44118, 0.31946, 0.47982, 0.45239, 0.44775, 0.04329, 0.03788, 1
0.47048, 0.45889, 0.28655, 0.46465, 0.47505, 0.47052, 0.08553, 0.10113, 1
0.45086, 0.44442, 0.25179, 0.47405, 0.45811, 0.45781, 0.06144, 0.01149, 0
0.47692, 0.47064, 0.25425, 0.46867, 0.49914, 0.50562, 0.24169, 0.25094, 1
0.45619, 0.44609, 0.32741, 0.47351, 0.46095, 0.45412, 0.02531, 0.04939, 1
0.4534, 0.44353, 0.40717, 0.46896, 0.45957, 0.45476, 0.01146, 0.0164, 1
0.45157, 0.44118, 0.28755, 0.47297, 0.45855, 0.45269, 0.00357, 0.0082, 1
0.46147, 0.45267, 0.25507, 0.46888, 0.47084, 0.47254, 0.08469, 0.01772, 1
0.44119, 0.43671, 0.23526, 0.47398, 0.45663, 0.45669, 0.11764, 0.16877, 0
0.4691, 0.45887, 0.21994, 0.48108, 0.45933, 0.44262, 0.14097, 0.17604, 1
0.46833, 0.45927, 0.19174, 0.47711, 0.46573, 0.463, 0.09127, 0.09084, 1
0.45092, 0.44097, 0.15636, 0.47994, 0.45304, 0.45037, 0.016, 0.01484, 1
0.44459, 0.44055, 0.1603, 0.482, 0.4491, 0.44767, 0.05853, 0.05177, 0
0.47023, 0.45249, 0.44925, 0.47995, 0.46334, 0.44563, 0.18627, 0.22235, 1
0.43704, 0.43166, 0.20077, 0.4849, 0.43958, 0.4358, 0.0494, 0.0, 0
0.43836, 0.43273, 0.16569, 0.47829, 0.44781, 0.45024, 0.08474, 0.00924, 0
0.4495, 0.44075, 0.18396, 0.48424, 0.45332, 0.44826, 0.00419, 0.00835, 0
0.68256, 0.67, 0.42418, 0.36747, 0.6889, 0.67982, 0.01993, 0.03105, 1
0.44613, 0.43905, 0.45241, 0.47894, 0.45156, 0.45192, 0.03716, 0.04339, 0
0.45563, 0.44504, 0.53093, 0.47153, 0.46704, 0.46088, 0.02843, 0.05874, 1
0.45518, 0.43606, 0.5585, 0.48317, 0.44654, 0.42758, 0.22989, 0.26609, 1
0.49105, 0.46755, 0.35658, 0.46796, 0.50111, 0.49246, 0.16093, 0.15948, 1
0.42737, 0.42582, 0.29154, 0.484, 0.43107, 0.41429, 0.07625, 0.04262, 0
0.46788, 0.44525, 0.12073, 0.47101, 0.48124, 0.48061, 0.07597, 0.04584, 1
0.45286, 0.44439, 0.09967, 0.47741, 0.45749, 0.45283, 0.01787, 0.03766, 1
0.44478, 0.43626, 0.20222, 0.48422, 0.45121, 0.44414, 0.02382, 0.01949, 0
0.45183, 0.44397, 0.19821, 0.47429, 0.4582, 0.45166, 0.02383, 0.01826, 1
0.45324, 0.44097, 0.23759, 0.47862, 0.45755, 0.45063, 0.04475, 0.03652, 1
0.4537, 0.44204, 0.23941, 0.48097, 0.45444, 0.44544, 0.05734, 0.07238, 1
0.43929, 0.43263, 0.48122, 0.48541, 0.44286, 0.43495, 0.04165, 0.04928, 0
0.44953, 0.44426, 0.47098, 0.47848, 0.45505, 0.45316, 0.05348, 0.04373, 0
0.45851, 0.44799, 0.39756, 0.47889, 0.45993, 0.4501, 0.05065, 0.05293, 1
0.48302, 0.46466, 0.18329, 0.47164, 0.48114, 0.46934, 0.16761, 0.22516, 1
0.45764, 0.4455, 0.27706, 0.46931, 0.46043, 0.46032, 0.03007, 0.02492, 1
0.45619, 0.44442, 0.31701, 0.47374, 0.46018, 0.45299, 0.03771, 0.05731, 1
0.45633, 0.444, 0.37097, 0.47077, 0.46904, 0.46676, 0.02716, 0.01285, 0
0.45633, 0.444, 0.39173, 0.47335, 0.46436, 0.45338, 0.03034, 0.05806, 1
0.44645, 0.43751, 0.35316, 0.48326, 0.44904, 0.44592, 0.02404, 0.01994, 0
0.45893, 0.43743, 0.35554, 0.47214, 0.47638, 0.47537, 0.05297, 0.02651, 1
0.45089, 0.4392, 0.38516, 0.47797, 0.45793, 0.44756, 0.03633, 0.03675, 1
0.44837, 0.44096, 0.33859, 0.4742, 0.45662, 0.45158, 0.03511, 0.02321, 0
0.38216, 0.37943, 0.35418, 0.49131, 0.38332, 0.37645, 0.30049, 0.32876, 0
0.45744, 0.44863, 0.3771, 0.46817, 0.46613, 0.46351, 0.05398, 0.05664, 1
0.45221, 0.44184, 0.32902, 0.47285, 0.45893, 0.45157, 0.00969, 0.02695, 1
0.4415, 0.43274, 0.26299, 0.4856, 0.43853, 0.43166, 0.07511, 0.00627, 0
0.44831, 0.44319, 0.27895, 0.47359, 0.45806, 0.4555, 0.07688, 0.0622, 0
0.44988, 0.44096, 0.34226, 0.47952, 0.45283, 0.44891, 0.0165, 0.02839, 1
0.44407, 0.43244, 0.43667, 0.48372, 0.44704, 0.43871, 0.0692, 0.06953, 0
0.44524, 0.43878, 0.44106, 0.48174, 0.45105, 0.44652, 0.03663, 0.03882, 0
0.11807, 0.11351, 0.4401, 0.69574, 0.11437, 0.11482, 0.0698, 0.06451, 0
0.46188, 0.45164, 0.3549, 0.47542, 0.46509, 0.46871, 0.05161, 0.0544, 1
0.44449, 0.43505, 0.26529, 0.47423, 0.4567, 0.45263, 0.04707, 0.01635, 0
0.44559, 0.43768, 0.21946, 0.48492, 0.44503, 0.43565, 0.04363, 0.04432, 1
0.45067, 0.44319, 0.23963, 0.47384, 0.45774, 0.45239, 0.03306, 0.00237, 0
0.43206, 0.43163, 0.28661, 0.48512, 0.43847, 0.43327, 0.09547, 0.10023, 0
0.4101, 0.39143, 0.32471, 0.47951, 0.4227, 0.42652, 0.25531, 0.28614, 0
0.44719, 0.43874, 0.11854, 0.48311, 0.45225, 0.44673, 0.01194, 0.02671, 0
0.45204, 0.44475, 0.163, 0.4781, 0.45649, 0.45402, 0.03127, 0.03119, 1
0.44955, 0.44074, 0.17163, 0.47343, 0.45704, 0.45267, 0.01878, 0.01236, 0
0.4408, 0.43498, 0.25795, 0.48505, 0.43931, 0.43533, 0.03018, 0.0, 0
0.44772, 0.43741, 0.2967, 0.48413, 0.4516, 0.4458, 0.03021, 0.0626, 0
0.43145, 0.42898, 0.30242, 0.4814, 0.44161, 0.44109, 0.1146, 0.10059, 0
0.4525, 0.44118, 0.27497, 0.47539, 0.45835, 0.45078, 0.02971, 0.03187, 1
0.44928, 0.43896, 0.22246, 0.48403, 0.4524, 0.44647, 0.03156, 0.03105, 1
0.44606, 0.43874, 0.20643, 0.48632, 0.4502, 0.44512, 0.015, 0.02966, 0
0.45218, 0.44274, 0.17125, 0.47242, 0.45897, 0.45253, 0.00935, 0.00821, 1
0.45125, 0.44162, 0.25318, 0.47764, 0.45502, 0.45236, 0.00422, 0.01419, 1
0.45755, 0.44666, 0.29328, 0.46818, 0.46333, 0.4578, 0.02796, 0.03487, 1
0.40378, 0.39371, 0.30612, 0.48361, 0.41641, 0.4155, 0.22926, 0.23822, 0
0.45134, 0.43701, 0.28631, 0.4761, 0.46094, 0.44864, 0.05012, 0.01021, 1
0.44949, 0.44031, 0.28489, 0.47635, 0.45752, 0.44704, 0.00561, 0.0062, 0
0.44585, 0.43811, 0.28092, 0.48332, 0.45226, 0.44691, 0.02087, 0.01073, 0
0.44835, 0.43965, 0.27353, 0.47698, 0.45468, 0.44997, 0.0118, 0.00468, 0
0.44465, 0.43702, 0.27585, 0.48621, 0.44828, 0.44479, 0.02085, 0.0102, 0
0.4536, 0.4447, 0.23736, 0.46966, 0.46078, 0.45836, 0.03079, 0.00937, 1
0.44, 0.4283, 0.25543, 0.47969, 0.44724, 0.44547, 0.06657, 0.07068, 0
0.4617, 0.44818, 0.22133, 0.4727, 0.46637, 0.45686, 0.05536, 0.09927, 1
0.41888, 0.41653, 0.18995, 0.48851, 0.42656, 0.42604, 0.13502, 0.09294, 0
0.45895, 0.45124, 0.15809, 0.47278, 0.46617, 0.45898, 0.06543, 0.06834, 1
0.45101, 0.44271, 0.13875, 0.47195, 0.45913, 0.45607, 0.03551, 0.03363, 0
0.44959, 0.44075, 0.15532, 0.47453, 0.45667, 0.45024, 0.01117, 0.01166, 0
0.44683, 0.43856, 0.12457, 0.48347, 0.45008, 0.44719, 0.01265, 0.01397, 0
0.45112, 0.44162, 0.18238, 0.47498, 0.45675, 0.44984, 0.00424, 0.01171, 1
0.44984, 0.43965, 0.21802, 0.47439, 0.45632, 0.4517, 0.00765, 0.01172, 0
0.44167, 0.4346, 0.19894, 0.48941, 0.44598, 0.44012, 0.03263, 0.0574, 0
0.43895, 0.42998, 0.26837, 0.48792, 0.44316, 0.43519, 0.05911, 0.03073, 0
0.46286, 0.44646, 0.24998, 0.47612, 0.46391, 0.45956, 0.09885, 0.12939, 1
0.44044, 0.43723, 0.24497, 0.48231, 0.44619, 0.44465, 0.07582, 0.07431, 0
0.43941, 0.42889, 0.28011, 0.48712, 0.44005, 0.42776, 0.09434, 0.08929, 0
0.44446, 0.43503, 0.2097, 0.48514, 0.45024, 0.44491, 0.03057, 0.02701, 0
0.45145, 0.44272, 0.17657, 0.47463, 0.45721, 0.4537, 0.01484, 0.01918, 0
0.45022, 0.44074, 0.18201, 0.47409, 0.45618, 0.4517, 0.00424, 0.02377, 0
0.44961, 0.44074, 0.18808, 0.47362, 0.45595, 0.45144, 0.01122, 0.04937, 0
0.45026, 0.44426, 0.19398, 0.48235, 0.45146, 0.44212, 0.01483, 0.02257, 1
0.46241, 0.45056, 0.21066, 0.46553, 0.46873, 0.4639, 0.04586, 0.03095, 1
0.45327, 0.44297, 0.22157, 0.47732, 0.45984, 0.45417, 0.0094, 0.05372, 1
0.44376, 0.43316, 0.26059, 0.4824, 0.44801, 0.44591, 0.04474, 0.0475, 0
0.44617, 0.43761, 0.21471, 0.48031, 0.45129, 0.44794, 0.01878, 0.00952, 0
0.44787, 0.43873, 0.21479, 0.47904, 0.45365, 0.44997, 0.0131, 0.01486, 0
0.42299, 0.41925, 0.19658, 0.47779, 0.43935, 0.44264, 0.15977, 0.23898, 0
0.49663, 0.48025, 0.19549, 0.46547, 0.50422, 0.49636, 0.18984, 0.24849, 1
0.44522, 0.43378, 0.11691, 0.47807, 0.45241, 0.44996, 0.03808, 0.02665, 0
0.45268, 0.44298, 0.1118, 0.47261, 0.46066, 0.45432, 0.01734, 0.03058, 0
0.45837, 0.4472, 0.16062, 0.47798, 0.45272, 0.45523, 0.05484, 0.03212, 1
0.4516, 0.44052, 0.17014, 0.47876, 0.45266, 0.4501, 0.02809, 0.05611, 1
0.78226, 0.76324, 0.21076, 0.37302, 0.79079, 0.76908, 0.06618, 0.04095, 1
0.42452, 0.42488, 0.21181, 0.48657, 0.4343, 0.43154, 0.12974, 0.13327, 0
0.45026, 0.4414, 0.31258, 0.48079, 0.45506, 0.4505, 0.00213, 0.03921, 0
0.44686, 0.41706, 0.5391, 0.4748, 0.46298, 0.45928, 0.21407, 0.14103, 0
0.44322, 0.4333, 0.46988, 0.48728, 0.44471, 0.4359, 0.06094, 0.00809, 0
0.43953, 0.42652, 0.4396, 0.48573, 0.44096, 0.4367, 0.10583, 0.1011, 0
0.46104, 0.44623, 0.24631, 0.47232, 0.46499, 0.45901, 0.06518, 0.07292, 1
0.44898, 0.43918, 0.24039, 0.48252, 0.45284, 0.442, 0.0331, 0.03213, 1
0.44206, 0.43473, 0.22922, 0.48587, 0.44526, 0.44174, 0.03163, 0.04316, 0
0.45107, 0.44453, 0.19248, 0.47325, 0.4588, 0.45523, 0.05281, 0.02411, 0
0.4471, 0.44007, 0.15989, 0.48401, 0.44942, 0.4396, 0.01073, 0.07254, 0
0.4528, 0.44274, 0.1755, 0.4719, 0.45908, 0.45361, 0.00774, 0.04525, 1
0.46492, 0.4532, 0.17072, 0.47232, 0.46727, 0.45846, 0.06886, 0.08953, 1
0.44903, 0.44719, 0.17227, 0.47421, 0.4591, 0.4586, 0.12432, 0.17232, 0
0.47118, 0.45744, 0.22497, 0.47579, 0.46981, 0.46009, 0.10946, 0.12369, 1
0.43946, 0.43474, 0.22904, 0.48467, 0.44001, 0.43543, 0.03719, 0.03941, 0
0.44786, 0.43963, 0.31232, 0.48451, 0.45253, 0.44781, 0.00935, 0.02732, 0
0.45661, 0.44697, 0.32756, 0.46782, 0.46435, 0.46116, 0.03573, 0.01034, 1
0.45942, 0.44776, 0.50047, 0.46919, 0.46908, 0.46452, 0.03437, 0.02557, 1
0.45453, 0.44096, 0.49281, 0.47325, 0.46172, 0.456, 0.03977, 0.03655, 1
0.45034, 0.44073, 0.45754, 0.4834, 0.45051, 0.44393, 0.03786, 0.0388, 1
0.42275, 0.42378, 0.44746, 0.48413, 0.43205, 0.43463, 0.15503, 0.1843, 0
0.45265, 0.43462, 0.43896, 0.47544, 0.45815, 0.45531, 0.09437, 0.0907, 1
0.44553, 0.43847, 0.43576, 0.47887, 0.45087, 0.44037, 0.02001, 0.03245, 0
0.45002, 0.44254, 0.43786, 0.47756, 0.45617, 0.45202, 0.02728, 0.0403, 0
0.45235, 0.44254, 0.15753, 0.47118, 0.46079, 0.46065, 0.03094, 0.03162, 0
0.45468, 0.44322, 0.21923, 0.47392, 0.45933, 0.45325, 0.02999, 0.02299, 1
0.42418, 0.41567, 0.2423, 0.4858, 0.4317, 0.4267, 0.1235, 0.1293, 0
0.45805, 0.44797, 0.25273, 0.48099, 0.45734, 0.44914, 0.05906, 0.13589, 1
0.44978, 0.43508, 0.2383, 0.48222, 0.447, 0.43723, 0.13357, 0.16875, 1
0.45269, 0.44254, 0.18681, 0.47343, 0.45661, 0.45489, 0.00755, 0.00482, 1
0.46044, 0.44616, 0.18538, 0.47364, 0.46425, 0.45558, 0.06858, 0.06055, 1
0.44264, 0.43622, 0.17571, 0.48631, 0.44443, 0.43519, 0.02512, 0.00963, 0
0.64727, 0.63352, 0.24743, 0.20074, 0.65572, 0.6436, 0.00578, 0.01822, 1
0.45617, 0.44253, 0.24913, 0.47178, 0.46237, 0.45594, 0.04169, 0.01452, 1
0.44669, 0.43694, 0.20584, 0.48244, 0.45026, 0.4482, 0.02432, 0.01719, 0
0.45693, 0.44521, 0.1959, 0.4775, 0.45925, 0.45078, 0.05234, 0.04417, 1
0.44408, 0.43761, 0.12376, 0.48516, 0.44831, 0.44238, 0.02545, 0.03304, 0
0.45965, 0.44921, 0.20675, 0.4767, 0.46086, 0.45889, 0.04151, 0.06593, 1
0.45228, 0.43917, 0.21783, 0.47395, 0.46615, 0.45919, 0.01349, 0.03611, 0
0.44769, 0.44006, 0.26609, 0.47422, 0.45753, 0.45146, 0.03598, 0.05206, 0
0.45515, 0.44387, 0.30645, 0.47742, 0.45863, 0.4539, 0.03264, 0.03049, 1
0.4458, 0.4376, 0.25118, 0.4812, 0.45106, 0.44467, 0.01769, 0.0204, 0
0.45452, 0.44232, 0.53151, 0.47368, 0.45939, 0.45217, 0.03653, 0.02155, 1
0.45048, 0.443, 0.54687, 0.4759, 0.45667, 0.45217, 0.02803, 0.03395, 0
0.45509, 0.44391, 0.3452, 0.4699, 0.45995, 0.4552, 0.02011, 0.05249, 1
0.4437, 0.43869, 0.27943, 0.48387, 0.44851, 0.44349, 0.04164, 0.05694, 0
0.44882, 0.43686, 0.18285, 0.4806, 0.45318, 0.44555, 0.05191, 0.04292, 1
0.46065, 0.44619, 0.16826, 0.47907, 0.45975, 0.45299, 0.09434, 0.08145, 1
0.44538, 0.4346, 0.1697, 0.48491, 0.44321, 0.434, 0.08403, 0.03566, 1
0.42451, 0.42622, 0.16995, 0.47678, 0.4423, 0.44639, 0.20994, 0.2914, 0
0.45704, 0.44574, 0.1269, 0.47825, 0.4605, 0.45355, 0.04069, 0.03441, 1
0.44455, 0.43379, 0.40572, 0.47635, 0.45338, 0.44657, 0.03687, 0.06411, 0
0.44951, 0.44029, 0.45742, 0.4838, 0.45255, 0.44413, 0.02286, 0.02387, 1
0.45474, 0.44432, 0.46045, 0.48135, 0.45586, 0.4478, 0.04384, 0.07397, 1
0.46038, 0.45126, 0.45583, 0.47693, 0.46209, 0.45634, 0.0495, 0.08535, 1
0.45203, 0.4423, 0.3128, 0.48192, 0.45423, 0.44902, 0.02127, 0.0104, 1
0.50707, 0.494, 0.3259, 0.46752, 0.51221, 0.5024, 0.25487, 0.25216, 1
0.42439, 0.42684, 0.22295, 0.4832, 0.43386, 0.43733, 0.16509, 0.26318, 0
0.46679, 0.46635, 0.11232, 0.4724, 0.48073, 0.49149, 0.24284, 0.23383, 0
0.45839, 0.44791, 0.19205, 0.47424, 0.46085, 0.45445, 0.03748, 0.06932, 1
0.41723, 0.42351, 0.21509, 0.4838, 0.42734, 0.42922, 0.20726, 0.22622, 0
0.41618, 0.42164, 0.28823, 0.48359, 0.42576, 0.43247, 0.20529, 0.2422, 0
0.44973, 0.43845, 0.27359, 0.47543, 0.45838, 0.44499, 0.02318, 0.01286, 0
0.45105, 0.43982, 0.24302, 0.48342, 0.45437, 0.44596, 0.04619, 0.03045, 1
0.45699, 0.4446, 0.20149, 0.4799, 0.45762, 0.4512, 0.06127, 0.07606, 1
0.44807, 0.43914, 0.25283, 0.48603, 0.45056, 0.44542, 0.01656, 0.01984, 0
0.44417, 0.43161, 0.29836, 0.47515, 0.45765, 0.45134, 0.04762, 0.04504, 0
0.48477, 0.4656, 0.29706, 0.47324, 0.4866, 0.46227, 0.17953, 0.23305, 1
0.43193, 0.42547, 0.30041, 0.47792, 0.44469, 0.45203, 0.1144, 0.11787, 0
0.45052, 0.4421, 0.30993, 0.47847, 0.45351, 0.44084, 0.01225, 0.01898, 1
0.44988, 0.44482, 0.12295, 0.48138, 0.4512, 0.44817, 0.03844, 0.03027, 0
0.45699, 0.44681, 0.32401, 0.47352, 0.46335, 0.46224, 0.02773, 0.04218, 1
0.45118, 0.44141, 0.26348, 0.48029, 0.45453, 0.44928, 0.01695, 0.02906, 1
0.4518, 0.44186, 0.25206, 0.48212, 0.45438, 0.44779, 0.02464, 0.00479, 1
0.46011, 0.44951, 0.13922, 0.4664, 0.46766, 0.46252, 0.04128, 0.05645, 1
0.42598, 0.42767, 0.16883, 0.4773, 0.44334, 0.44573, 0.19561, 0.2204, 0
0.44693, 0.43847, 0.23946, 0.47418, 0.46264, 0.46037, 0.06185, 0.04598, 0
0.45279, 0.44005, 0.27127, 0.47393, 0.46384, 0.45503, 0.01787, 0.00241, 1
0.45228, 0.44637, 0.14851, 0.47184, 0.46247, 0.46282, 0.08849, 0.12873, 0
0.14638, 0.14493, 0.19738, 0.6996, 0.14781, 0.1486, 0.01693, 0.01267, 0
0.44625, 0.43752, 0.22524, 0.47494, 0.45486, 0.45121, 0.02896, 0.0122, 0
0.44746, 0.43936, 0.35975, 0.4861, 0.45147, 0.44636, 0.00961, 0.01288, 0
0.44922, 0.44004, 0.31599, 0.47491, 0.45558, 0.45245, 0.01103, 0.04873, 0
0.45817, 0.44991, 0.30769, 0.47091, 0.47696, 0.47931, 0.12255, 0.11571, 0
0.44509, 0.43476, 0.30914, 0.47759, 0.4511, 0.45177, 0.03192, 0.03602, 0
0.45878, 0.44989, 0.22767, 0.47404, 0.46291, 0.45788, 0.04271, 0.00489, 1
0.44358, 0.43113, 0.20774, 0.48467, 0.43491, 0.41493, 0.17123, 0.15781, 1
0.43399, 0.43274, 0.20255, 0.48536, 0.42801, 0.41648, 0.04186, 0.01704, 0
0.74638, 0.72715, 0.45843, 0.28861, 0.75668, 0.74217, 0.04968, 0.01461, 1
0.44307, 0.43018, 0.58874, 0.48625, 0.44284, 0.43241, 0.11275, 0.11628, 1
0.4767, 0.46639, 0.58936, 0.47101, 0.48004, 0.47411, 0.12216, 0.0975, 1
0.4076, 0.4048, 0.59704, 0.48279, 0.42161, 0.42955, 0.20463, 0.24226, 0
0.45096, 0.44276, 0.34379, 0.47295, 0.46004, 0.45843, 0.04026, 0.05492, 0
0.46676, 0.44953, 0.2312, 0.47099, 0.47261, 0.46227, 0.09393, 0.05464, 1
0.46291, 0.45087, 0.18208, 0.48022, 0.46004, 0.44328, 0.10676, 0.10027, 1
0.45834, 0.44231, 0.18821, 0.48283, 0.4487, 0.43144, 0.18607, 0.17049, 1
0.45163, 0.44547, 0.23361, 0.47367, 0.45825, 0.45448, 0.05149, 0.04571, 0
0.44684, 0.43758, 0.25391, 0.48197, 0.45185, 0.44682, 0.01897, 0.0271, 0
0.4741, 0.45721, 0.26456, 0.47397, 0.47382, 0.46077, 0.13864, 0.1559, 1
0.22435, 0.21707, 0.30902, 0.59058, 0.22019, 0.21951, 0.08893, 0.09825, 0
0.4544, 0.44438, 0.33503, 0.46957, 0.46112, 0.45632, 0.0172, 0.01946, 1
0.42666, 0.41953, 0.35019, 0.48785, 0.43404, 0.42993, 0.10492, 0.10371, 0
0.45355, 0.44805, 0.30389, 0.47266, 0.46084, 0.45537, 0.06958, 0.06495, 0
0.43492, 0.41903, 0.28416, 0.48559, 0.42959, 0.41038, 0.22377, 0.24624, 1
0.44552, 0.4366, 0.22339, 0.47988, 0.45101, 0.44343, 0.02341, 0.0248, 0
0.45302, 0.44461, 0.26819, 0.48156, 0.45493, 0.4483, 0.0191, 0.03195, 1
0.46341, 0.44594, 0.29435, 0.47829, 0.46226, 0.45106, 0.13629, 0.18671, 1
0.44572, 0.43576, 0.27665, 0.48161, 0.44941, 0.4475, 0.02855, 0.03881, 0
0.44724, 0.43937, 0.23986, 0.47994, 0.4527, 0.44681, 0.01432, 0.05225, 0
0.45453, 0.44164, 0.12509, 0.47296, 0.4635, 0.46453, 0.00438, 0.02381, 0
0.51633, 0.47829, 0.25782, 0.46965, 0.52579, 0.50924, 0.31603, 0.34449, 1
0.38031, 0.37425, 0.25752, 0.48192, 0.39719, 0.38359, 0.3231, 0.34239, 0
0.46254, 0.45708, 0.25139, 0.48233, 0.44191, 0.42148, 0.18378, 0.20937, 1
0.44109, 0.43734, 0.25114, 0.48188, 0.4308, 0.43515, 0.01941, 0.00724, 0
0.40559, 0.41498, 0.25337, 0.48418, 0.4159, 0.42121, 0.25622, 0.31541, 0
0.50557, 0.47842, 0.21154, 0.46919, 0.50579, 0.48835, 0.2697, 0.31494, 1
0.45724, 0.44786, 0.20653, 0.47582, 0.46057, 0.46035, 0.03306, 0.02466, 1
0.45819, 0.44676, 0.24047, 0.47437, 0.46287, 0.45335, 0.04158, 0.05608, 1
0.46427, 0.45327, 0.23041, 0.47862, 0.46542, 0.452, 0.0784, 0.08542, 1
0.46636, 0.45104, 0.2465, 0.47241, 0.47005, 0.46476, 0.07358, 0.1015, 1
0.45095, 0.44252, 0.1921, 0.48159, 0.44683, 0.4478, 0.01973, 0.01858, 1
0.467, 0.45165, 0.3736, 0.47468, 0.46586, 0.45874, 0.10429, 0.09536, 1
0.4075, 0.41893, 0.40652, 0.48478, 0.41786, 0.41836, 0.25826, 0.25462, 1
0.45215, 0.44073, 0.24826, 0.47319, 0.45855, 0.4531, 0.01518, 0.04197, 0
0.44538, 0.43737, 0.23317, 0.47778, 0.45286, 0.44806, 0.02768, 0.03528, 1
0.45189, 0.44343, 0.19616, 0.47813, 0.45674, 0.45037, 0.01319, 0.02088, 0
0.40806, 0.41095, 0.2179, 0.47692, 0.4356, 0.44121, 0.27245, 0.30452, 1
0.45054, 0.43758, 0.31587, 0.47678, 0.45265, 0.44915, 0.05544, 0.04006, 1
0.44796, 0.43802, 0.19512, 0.473, 0.45912, 0.45763, 0.03726, 0.05862, 0
0.45135, 0.44844, 0.1435, 0.4716, 0.47278, 0.47497, 0.18896, 0.12441, 1
0.45656, 0.44391, 0.24558, 0.47144, 0.46509, 0.46234, 0.01739, 0.05471, 1
0.48553, 0.46387, 0.28025, 0.47638, 0.47887, 0.46055, 0.23217, 0.27816, 1
0.37232, 0.37945, 0.28635, 0.48893, 0.35746, 0.34289, 0.30219, 0.32435, 0
0.45222, 0.4437, 0.3045, 0.47103, 0.46169, 0.46104, 0.05299, 0.08315, 1
0.46491, 0.45808, 0.11491, 0.47539, 0.46354, 0.46366, 0.08372, 0.01355, 0
0.45672, 0.44211, 0.105, 0.47686, 0.46676, 0.44563, 0.07333, 0.05406, 0
0.4631, 0.45664, 0.12165, 0.4715, 0.47386, 0.46534, 0.09806, 0.09002, 1
0.5165, 0.48386, 0.2137, 0.47506, 0.50229, 0.47988, 0.40524, 0.45358, 0
0.3861, 0.37799, 0.22404, 0.48998, 0.37717, 0.36351, 0.35022, 0.4039, 1
0.39391, 0.40048, 0.24524, 0.4861, 0.3908, 0.38288, 0.20261, 0.17737, 1
0.48551, 0.48252, 0.25362, 0.47685, 0.47952, 0.46457, 0.20472, 0.17636, 1
0.45632, 0.44646, 0.20257, 0.47279, 0.46409, 0.45747, 0.02721, 0.02589, 0
0.63113, 0.61801, 0.34899, 0.40345, 0.64364, 0.63176, 0.02514, 0.03207, 1
0.43907, 0.43416, 0.39588, 0.48207, 0.44502, 0.44626, 0.06777, 0.09282, 1
0.45218, 0.44186, 0.35026, 0.47664, 0.4576, 0.45326, 0.01003, 0.01825, 0
0.45858, 0.44096, 0.14561, 0.48207, 0.45191, 0.44174, 0.16826, 0.15441, 0
0.45264, 0.44164, 0.20698, 0.47433, 0.45684, 0.45462, 0.01155, 0.01739, 1
0.45141, 0.43734, 0.25303, 0.47955, 0.45336, 0.44092, 0.09445, 0.023, 0
0.45039, 0.44368, 0.27593, 0.4736, 0.46245, 0.46547, 0.08979, 0.18198, 0
0.46749, 0.44277, 0.37027, 0.48001, 0.46117, 0.43787, 0.27877, 0.24391, 0
0.45525, 0.443, 0.30415, 0.47381, 0.45991, 0.4549, 0.03519, 0.09749, 1
0.44932, 0.43892, 0.29239, 0.47822, 0.45302, 0.44269, 0.03219, 0.07271, 0
0.44809, 0.44005, 0.27775, 0.48021, 0.45196, 0.44447, 0.00578, 0.01976, 0
0.45047, 0.44254, 0.27211, 0.47304, 0.45732, 0.45353, 0.03099, 0.0499, 1
0.46232, 0.44979, 0.22893, 0.46794, 0.46733, 0.46355, 0.04735, 0.04273, 0
0.44647, 0.44028, 0.15215, 0.47983, 0.45261, 0.44859, 0.04184, 0.0609, 0
0.1435, 0.13934, 0.3701, 0.75653, 0.14217, 0.1438, 0.04998, 0.06094, 1
0.45846, 0.44303, 0.39182, 0.48093, 0.45713, 0.44661, 0.11592, 0.08726, 0
0.44986, 0.43934, 0.4693, 0.47294, 0.4593, 0.45527, 0.01459, 0.0065, 1
0.45334, 0.44395, 0.30182, 0.47519, 0.45801, 0.45359, 0.01334, 0.013, 0
0.44373, 0.43358, 0.2551, 0.48282, 0.4495, 0.44451, 0.03908, 0.03136, 0
0.4476, 0.44118, 0.1696, 0.48285, 0.45061, 0.44354, 0.01539, 0.02139, 1
0.44314, 0.44164, 0.13795, 0.47979, 0.45129, 0.4494, 0.10766, 0.07601, 0
0.44416, 0.43682, 0.23769, 0.48617, 0.44803, 0.44174, 0.02185, 0.01365, 1
0.44039, 0.43544, 0.20813, 0.48554, 0.44595, 0.44327, 0.05216, 0.05474, 0
0.43127, 0.42339, 0.23843, 0.48581, 0.42574, 0.40294, 0.14926, 0.09389, 1
0.46515, 0.44782, 0.27722, 0.4751, 0.46971, 0.47326, 0.05441, 0.03057, 0
0.44769, 0.43274, 0.20281, 0.48016, 0.44974, 0.43558, 0.11253, 0.09483, 1
0.46807, 0.45578, 0.15034, 0.47715, 0.46794, 0.45425, 0.09837, 0.12571, 1
0.55103, 0.54056, 0.16473, 0.47486, 0.53167, 0.51129, 0.48499, 0.52929, 0
0.45948, 0.44605, 0.22995, 0.47479, 0.46312, 0.45277, 0.06449, 0.13062, 1
0.43397, 0.42823, 0.22688, 0.48827, 0.43442, 0.42515, 0.06541, 0.06537, 1
0.4575, 0.44698, 0.21928, 0.46967, 0.46606, 0.46092, 0.03109, 0.09861, 1
0.45428, 0.44142, 0.2191, 0.47342, 0.46061, 0.45277, 0.03682, 0.07661, 1
0.45093, 0.44118, 0.20304, 0.47428, 0.45799, 0.45052, 0.0, 0.00892, 0
0.44642, 0.43747, 0.17622, 0.48819, 0.45146, 0.44504, 0.01951, 0.02472, 0
0.41072, 0.42224, 0.13627, 0.48516, 0.41437, 0.41859, 0.22065, 0.49314, 0
0.4587, 0.44304, 0.25327, 0.47396, 0.4828, 0.48396, 0.02492, 0.03978, 0
0.47627, 0.45722, 0.27567, 0.46879, 0.48181, 0.47193, 0.12573, 0.13247, 0
0.42908, 0.41892, 0.26367, 0.48542, 0.43538, 0.42537, 0.11705, 0.10613, 1
0.44848, 0.44141, 0.37843, 0.47721, 0.45509, 0.45024, 0.02872, 0.01691, 1
0.45645, 0.44576, 0.35761, 0.47098, 0.46165, 0.45468, 0.02491, 0.04716, 1
0.45431, 0.44325, 0.15253, 0.48265, 0.4519, 0.44038, 0.07916, 0.03549, 0
0.45081, 0.44462, 0.12983, 0.48237, 0.45016, 0.44538, 0.01669, 0.03597, 1
0.45172, 0.44073, 0.26528, 0.48119, 0.44498, 0.43582, 0.11477, 0.04398, 1
0.45248, 0.44027, 0.13054, 0.48105, 0.45274, 0.44871, 0.05757, 0.02959, 1
0.39679, 0.3778, 0.11578, 0.4931, 0.39447, 0.38215, 0.22466, 0.17844, 0
0.44756, 0.43912, 0.11206, 0.47987, 0.45182, 0.44899, 0.01382, 0.00424, 1
0.45413, 0.44394, 0.10853, 0.4687, 0.46006, 0.45427, 0.01383, 0.00848, 0
0.45126, 0.44073, 0.13008, 0.48306, 0.45408, 0.44621, 0.03458, 0.02777, 0
0.44723, 0.4405, 0.13852, 0.48302, 0.452, 0.4476, 0.02514, 0.0112, 0
0.45503, 0.44486, 0.14004, 0.46975, 0.46101, 0.45789, 0.01813, 0.02133, 1
0.45421, 0.44418, 0.22932, 0.48002, 0.45679, 0.45163, 0.03234, 0.04434, 0
0.44877, 0.44095, 0.23074, 0.48373, 0.44413, 0.43574, 0.05192, 0.01717, 0
0.44366, 0.43591, 0.27504, 0.48136, 0.44793, 0.44316, 0.02717, 0.14473, 1
0.42373, 0.42269, 0.2241, 0.48446, 0.43038, 0.4357, 0.12929, 0.09948, 1
0.44801, 0.43981, 0.16607, 0.48253, 0.45127, 0.44816, 0.00766, 0.03997, 1
0.45445, 0.44462, 0.1703, 0.47806, 0.4572, 0.45329, 0.02132, 0.03815, 0
0.4786, 0.4704, 0.19053, 0.4687, 0.49164, 0.48815, 0.1654, 0.18479, 0
0.44938, 0.44004, 0.2583, 0.47506, 0.45586, 0.44996, 0.00586, 0.01489, 0
0.46239, 0.45245, 0.27256, 0.46947, 0.46862, 0.46876, 0.05831, 0.04418, 0
0.46217, 0.44603, 0.25203, 0.47302, 0.48042, 0.46436, 0.02701, 0.0686, 1
0.46263, 0.44534, 0.2421, 0.47463, 0.47305, 0.45331, 0.09092, 0.0916, 1
0.48756, 0.46698, 0.21465, 0.47835, 0.47981, 0.4547, 0.25235, 0.33722, 0
0.45221, 0.45405, 0.18856, 0.48215, 0.44692, 0.43785, 0.07965, 0.11246, 1
0.44611, 0.43682, 0.16454, 0.4811, 0.45109, 0.44551, 0.02313, 0.01067, 1
0.45828, 0.4483, 0.17689, 0.4776, 0.46034, 0.4533, 0.0403, 0.03007, 0
0.44636, 0.43774, 0.19074, 0.48402, 0.45001, 0.44287, 0.01917, 0.01846, 0
0.45814, 0.4506, 0.16074, 0.46873, 0.46675, 0.46249, 0.06895, 0.01606, 1
0.44197, 0.43571, 0.17259, 0.48236, 0.43892, 0.44388, 0.02642, 0.03583, 0
0.4464, 0.44601, 0.32745, 0.47228, 0.47172, 0.47473, 0.2334, 0.18904, 1
0.45775, 0.4451, 0.37364, 0.47235, 0.47627, 0.47162, 0.03455, 0.05393, 0
0.46721, 0.4555, 0.39978, 0.46958, 0.47246, 0.46143, 0.07417, 0.07988, 0
0.43751, 0.42735, 0.40281, 0.48836, 0.44329, 0.43599, 0.07352, 0.08047, 0
0.45213, 0.44556, 0.39692, 0.47908, 0.45563, 0.44954, 0.02994, 0.12959, 1
0.45212, 0.44164, 0.21462, 0.47365, 0.45714, 0.45148, 0.01541, 0.01703, 1
0.45304, 0.44392, 0.15626, 0.47279, 0.45917, 0.45577, 0.02018, 0.03983, 1
0.38017, 0.39056, 0.20611, 0.48827, 0.39088, 0.39572, 0.31115, 0.29704, 0
0.45337, 0.45146, 0.21408, 0.4733, 0.47925, 0.46823, 0.19909, 0.31308, 0
0.46142, 0.44942, 0.21002, 0.47403, 0.47138, 0.45495, 0.0479, 0.08493, 1
0.45955, 0.44872, 0.17936, 0.4761, 0.46223, 0.45121, 0.04872, 0.09724, 0
0.46634, 0.45716, 0.18856, 0.46719, 0.47384, 0.47099, 0.08604, 0.05238, 1
0.45232, 0.44141, 0.31954, 0.47645, 0.45753, 0.44982, 0.0209, 0.01347, 0
0.44889, 0.4396, 0.31879, 0.47884, 0.45378, 0.44762, 0.01219, 0.01055, 1
0.45033, 0.44028, 0.31464, 0.4836, 0.45339, 0.44666, 0.0269, 0.03892, 1
0.45204, 0.43122, 0.32463, 0.48156, 0.44956, 0.44077, 0.18799, 0.19445, 0
0.4492, 0.44118, 0.32268, 0.47983, 0.45158, 0.44393, 0.0, 0.01507, 1
0.45046, 0.44164, 0.31027, 0.48015, 0.45335, 0.4512, 0.00437, 0.01975, 0
0.45444, 0.44299, 0.26678, 0.47402, 0.45789, 0.45243, 0.03151, 0.01052, 0
0.45259, 0.44232, 0.23819, 0.47227, 0.45837, 0.45422, 0.00578, 0.01277, 1
0.45802, 0.44866, 0.21695, 0.47173, 0.46222, 0.45545, 0.03611, 0.01886, 1
0.4507, 0.44186, 0.19046, 0.48248, 0.45369, 0.44763, 0.01364, 0.03377, 0
0.45235, 0.44186, 0.17183, 0.47143, 0.4584, 0.45326, 0.00655, 0.03166, 1
0.45309, 0.44232, 0.16852, 0.47406, 0.4579, 0.45161, 0.02152, 0.0544, 0
0.47257, 0.46192, 0.27677, 0.46848, 0.49117, 0.49373, 0.14762, 0.06994, 1
0.44166, 0.43959, 0.32808, 0.47418, 0.46172, 0.45466, 0.15831, 0.06713, 0
0.45377, 0.44595, 0.40929, 0.47305, 0.45303, 0.45904, 0.03104, 0.02616, 0
0.4519, 0.44118, 0.40318, 0.47257, 0.45699, 0.45368, 0.00379, 0.02456, 0
0.45565, 0.44346, 0.34549, 0.47404, 0.46029, 0.45189, 0.03953, 0.01513, 0
0.66521, 0.64908, 0.39351, 0.3304, 0.67268, 0.66146, 0.06389, 0.06753, 0
0.45956, 0.44567, 0.37065, 0.47617, 0.46205, 0.45473, 0.06735, 0.04857, 0
0.45489, 0.44836, 0.36396, 0.47579, 0.45933, 0.45282, 0.04584, 0.02428, 0
0.44235, 0.43199, 0.33801, 0.48733, 0.44376, 0.43488, 0.07015, 0.08854, 1
0.44659, 0.43894, 0.32713, 0.48225, 0.45035, 0.44861, 0.0156, 0.01867, 0
0.45143, 0.44455, 0.20762, 0.47339, 0.45803, 0.4554, 0.04608, 0.03797, 0
0.45945, 0.44725, 0.24172, 0.47244, 0.46401, 0.4569, 0.04612, 0.03853, 1
0.44021, 0.4349, 0.24346, 0.48732, 0.44504, 0.43882, 0.04009, 0.05515, 1
0.44282, 0.43311, 0.23605, 0.485, 0.44727, 0.44412, 0.04175, 0.02899, 1
0.45319, 0.44298, 0.2045, 0.47347, 0.45736, 0.45241, 0.0142, 0.02821, 1
0.45242, 0.43894, 0.21994, 0.47598, 0.45728, 0.44956, 0.05732, 0.04975, 0
0.43654, 0.42928, 0.20853, 0.49475, 0.44087, 0.43649, 0.03406, 0.01901, 0
0.44343, 0.43826, 0.18527, 0.47515, 0.45453, 0.44942, 0.07472, 0.03007, 1
0.45028, 0.44118, 0.15874, 0.48046, 0.45443, 0.45065, 0.00376, 0.01497, 0
0.45258, 0.44141, 0.14985, 0.47879, 0.45695, 0.44901, 0.032, 0.03809, 1
0.44439, 0.43624, 0.1382, 0.48495, 0.44924, 0.44588, 0.02503, 0.00719, 0
0.45512, 0.44411, 0.17606, 0.48047, 0.45695, 0.44737, 0.04909, 0.05305, 1
0.4858, 0.47611, 0.21059, 0.46254, 0.49578, 0.49435, 0.13751, 0.11656, 0
0.45505, 0.44613, 0.20998, 0.47344, 0.46354, 0.45746, 0.03041, 0.04578, 0
0.46334, 0.44771, 0.17436, 0.47255, 0.46617, 0.45733, 0.08682, 0.0691, 0
0.46071, 0.45692, 0.15556, 0.47014, 0.47226, 0.4753, 0.15186, 0.07122, 0
0.44715, 0.43849, 0.18084, 0.47531, 0.45753, 0.45037, 0.02936, 0.03357, 0
0.46296, 0.45041, 0.24094, 0.47464, 0.47022, 0.46675, 0.0449, 0.07265, 0
0.43886, 0.43652, 0.47476, 0.48197, 0.44152, 0.42747, 0.02806, 0.05983, 0
0.49098, 0.47288, 0.49055, 0.46691, 0.49395, 0.48202, 0.17357, 0.21893, 1
0.45602, 0.44606, 0.22141, 0.46901, 0.46168, 0.45789, 0.02382, 0.00473, 0
0.45229, 0.44141, 0.20234, 0.47918, 0.45681, 0.44876, 0.02782, 0.02502, 0
0.4499, 0.43873, 0.23206, 0.47574, 0.4617, 0.44875, 0.01309, 0.02269, 1
0.45069, 0.44274, 0.22739, 0.47591, 0.45771, 0.45793, 0.03617, 0.05396, 0
0.38663, 0.38666, 0.1891, 0.48988, 0.39493, 0.39413, 0.26934, 0.28971, 1
0.44584, 0.4403, 0.16629, 0.48201, 0.44919, 0.44405, 0.03365, 0.04043, 0
0.45758, 0.44807, 0.17509, 0.47241, 0.46508, 0.46478, 0.04584, 0.0431, 0
0.45021, 0.43874, 0.17106, 0.47306, 0.45772, 0.45481, 0.01304, 0.02051, 0
0.44886, 0.43651, 0.19176, 0.47743, 0.45514, 0.44687, 0.04189, 0.02053, 0
0.45526, 0.4443, 0.15955, 0.47068, 0.46326, 0.4586, 0.01549, 0.03583, 1
0.44668, 0.44029, 0.15666, 0.47467, 0.45622, 0.45186, 0.05598, 0.025, 1
0.4557, 0.44586, 0.1607, 0.46884, 0.46478, 0.4609, 0.03309, 0.00628, 1
0.45647, 0.44319, 0.17237, 0.47717, 0.45938, 0.44889, 0.06951, 0.04219, 1
0.46365, 0.45074, 0.17228, 0.48061, 0.4596, 0.44633, 0.11213, 0.14141, 0
0.43554, 0.42894, 0.18987, 0.47532, 0.45076, 0.44983, 0.10558, 0.1747, 0
0.46297, 0.44855, 0.17741, 0.47239, 0.47202, 0.45809, 0.05868, 0.11148, 1
0.43132, 0.42294, 0.16886, 0.48748, 0.42901, 0.41639, 0.11769, 0.09864, 1
0.44664, 0.43387, 0.34545, 0.48085, 0.44968, 0.44513, 0.06744, 0.02876, 0
