@relation /home/othavioaset_perfeito_keel
@attribute EMA_3 real[-0.01,1.01]
@attribute SMA_3 real[-0.01,1.01]
@attribute ADXR real[-0.01,1.01]
@attribute Bollinger_Norm real[-0.01,1.01]
@attribute EMA_5 real[-0.01,1.01]
@attribute SMA_5 real[-0.01,1.01]
@attribute std_close3 real[-0.01,1.01]
@attribute std_open3 real[-0.01,1.01]
@attribute trend{0,1}
@inputs EMA_3, SMA_3, ADXR, Bollinger_Norm, EMA_5, SMA_5, std_close3, std_open3
@outputs trend
@data
0.45462, 0.44285, 0.3758, 0.47962, 0.45796, 0.4491, 0.04599, 0.04493, 1
0.47339, 0.45283, 0.35175, 0.47951, 0.46383, 0.4457, 0.23294, 0.31518, 1
0.4606, 0.44944, 0.44137, 0.4789, 0.45983, 0.44773, 0.06809, 0.07274, 0
0.43773, 0.42964, 0.43054, 0.48568, 0.43865, 0.43462, 0.06216, 0.0428, 1
0.46019, 0.45194, 0.33667, 0.46999, 0.47127, 0.47117, 0.08647, 0.09825, 0
0.43178, 0.42903, 0.27192, 0.48523, 0.42807, 0.42814, 0.06067, 0.10504, 0
0.44344, 0.43211, 0.29833, 0.47998, 0.44612, 0.43936, 0.06516, 0.09235, 0
0.47286, 0.45527, 0.31995, 0.47799, 0.46651, 0.44615, 0.19802, 0.23122, 1
0.45227, 0.44446, 0.29465, 0.47185, 0.47827, 0.48179, 0.16862, 0.21892, 1
0.46086, 0.44713, 0.22195, 0.47038, 0.46609, 0.45819, 0.0574, 0.05096, 0
0.45548, 0.45808, 0.28005, 0.47601, 0.45568, 0.4585, 0.16015, 0.11041, 1
0.45032, 0.44346, 0.39264, 0.481, 0.45497, 0.44773, 0.02198, 0.0265, 0
0.45709, 0.44243, 0.2927, 0.47456, 0.46375, 0.46594, 0.03176, 0.04348, 0
0.4511, 0.44593, 0.11749, 0.48032, 0.45065, 0.45487, 0.04583, 0.01101, 0
0.45072, 0.44118, 0.12428, 0.47894, 0.45226, 0.45587, 0.0, 0.01541, 0
0.44436, 0.43974, 0.16314, 0.47845, 0.45436, 0.45362, 0.08503, 0.10055, 0
0.45442, 0.44471, 0.18481, 0.47103, 0.46864, 0.46883, 0.06634, 0.03986, 1
0.46141, 0.45404, 0.22794, 0.47266, 0.47035, 0.47097, 0.09565, 0.21131, 0
0.44995, 0.43785, 0.28707, 0.47609, 0.46098, 0.4467, 0.03216, 0.05388, 0
0.42686, 0.4054, 0.28752, 0.48604, 0.40906, 0.38442, 0.40053, 0.39549, 0
0.424, 0.43167, 0.28175, 0.48516, 0.4108, 0.39398, 0.04904, 0.02542, 1
0.44631, 0.43577, 0.3389, 0.47596, 0.45569, 0.45024, 0.02634, 0.06555, 0
0.45413, 0.44452, 0.35026, 0.47119, 0.46424, 0.45832, 0.03217, 0.07242, 1
0.43586, 0.43039, 0.36398, 0.48157, 0.4423, 0.44458, 0.07363, 0.11716, 0
0.44626, 0.44709, 0.42377, 0.47361, 0.46058, 0.46271, 0.18449, 0.07753, 1
0.4387, 0.42734, 0.42156, 0.48718, 0.44091, 0.43296, 0.09537, 0.04141, 0
0.44483, 0.44139, 0.41921, 0.48316, 0.44894, 0.44234, 0.04598, 0.02721, 0
0.45074, 0.4377, 0.2863, 0.47435, 0.46138, 0.45222, 0.02789, 0.03058, 0
0.48677, 0.45592, 0.26691, 0.47748, 0.47645, 0.46251, 0.33262, 0.23961, 0
0.46866, 0.4565, 0.2198, 0.46865, 0.47066, 0.46595, 0.07716, 0.1177, 0
0.45901, 0.44917, 0.19976, 0.47101, 0.47615, 0.47768, 0.08924, 0.12068, 1
0.17873, 0.17719, 0.26674, 0.67424, 0.1773, 0.18408, 0.02975, 0.04561, 0
0.72844, 0.70509, 0.32919, 0.3547, 0.73818, 0.71425, 0.11148, 0.08504, 0
0.43358, 0.42612, 0.33072, 0.48874, 0.43944, 0.4286, 0.0761, 0.05537, 1
0.45035, 0.4418, 0.25852, 0.4735, 0.45872, 0.45499, 0.02606, 0.02539, 0
0.45855, 0.44201, 0.1816, 0.47169, 0.46581, 0.46202, 0.05893, 0.0711, 0
0.44185, 0.44283, 0.15416, 0.48369, 0.43476, 0.42112, 0.01585, 0.02486, 1
0.45124, 0.44323, 0.35274, 0.48321, 0.44692, 0.44046, 0.04212, 0.04348, 0
0.44999, 0.44118, 0.42026, 0.47867, 0.45316, 0.45308, 0.01024, 0.0278, 0
0.39597, 0.42263, 0.29703, 0.47818, 0.42884, 0.45087, 0.56977, 0.65089, 1
0.46729, 0.43803, 0.32944, 0.4719, 0.49922, 0.51207, 0.02741, 0.03387, 1
0.46333, 0.44412, 0.34802, 0.47322, 0.48792, 0.47492, 0.02539, 0.03077, 1
0.44875, 0.4395, 0.50496, 0.48402, 0.45025, 0.4393, 0.03944, 0.09747, 1
0.44974, 0.44496, 0.50104, 0.48157, 0.45168, 0.44833, 0.03951, 0.01025, 0
0.42336, 0.41538, 0.48666, 0.48032, 0.43468, 0.43574, 0.12984, 0.12379, 1
0.4688, 0.46201, 0.4768, 0.46914, 0.47898, 0.47522, 0.1279, 0.13156, 1
0.4417, 0.43699, 0.31572, 0.48401, 0.4489, 0.44477, 0.0564, 0.05922, 0
0.46355, 0.44833, 0.24289, 0.47093, 0.468, 0.4603, 0.07514, 0.07327, 0
0.45738, 0.44455, 0.09824, 0.4751, 0.46139, 0.45087, 0.05852, 0.04041, 0
0.47683, 0.46133, 0.14005, 0.46787, 0.48159, 0.47313, 0.11053, 0.16851, 1
0.42895, 0.42131, 0.19546, 0.48373, 0.43613, 0.42843, 0.09594, 0.05199, 1
0.66145, 0.64671, 0.2604, 0.42891, 0.66496, 0.6477, 0.10071, 0.08697, 1
0.45965, 0.44925, 0.27768, 0.47084, 0.47621, 0.48444, 0.10912, 0.17812, 0
0.44768, 0.43725, 0.25363, 0.47534, 0.45937, 0.45237, 0.02254, 0.00442, 1
0.46653, 0.45259, 0.25291, 0.47069, 0.47273, 0.46293, 0.07451, 0.10837, 0
0.42917, 0.42214, 0.25544, 0.48588, 0.43813, 0.43067, 0.09293, 0.12714, 1
0.45285, 0.44077, 0.21495, 0.47645, 0.45789, 0.4486, 0.04511, 0.03119, 1
0.46433, 0.44947, 0.19661, 0.47893, 0.46312, 0.44848, 0.11787, 0.08231, 0
0.44996, 0.43614, 0.25645, 0.47939, 0.45369, 0.43687, 0.1047, 0.07963, 0
0.43306, 0.43006, 0.2753, 0.48722, 0.43901, 0.42657, 0.0632, 0.05432, 1
0.43975, 0.42525, 0.29714, 0.48519, 0.43648, 0.42801, 0.15679, 0.1898, 0
0.45141, 0.44118, 0.34209, 0.48012, 0.45229, 0.44744, 0.03856, 0.05962, 1
0.41823, 0.40204, 0.2344, 0.48688, 0.40089, 0.3778, 0.35385, 0.34278, 1
0.44764, 0.43848, 0.36127, 0.47905, 0.45176, 0.45162, 0.01569, 0.04801, 0
0.45479, 0.44571, 0.2873, 0.47166, 0.4618, 0.45871, 0.03513, 0.04236, 0
0.43723, 0.43132, 0.31967, 0.48586, 0.43472, 0.42184, 0.06077, 0.08678, 0
0.46156, 0.44716, 0.2974, 0.47208, 0.46669, 0.45823, 0.06067, 0.0637, 0
0.45429, 0.44897, 0.22381, 0.47975, 0.45091, 0.45533, 0.04648, 0.02954, 0
0.43688, 0.4098, 0.21216, 0.47722, 0.44555, 0.44303, 0.24321, 0.25768, 0
0.44382, 0.44447, 0.22352, 0.48061, 0.44983, 0.44389, 0.10752, 0.09104, 0
0.45526, 0.44223, 0.52067, 0.47336, 0.46031, 0.45923, 0.03011, 0.02194, 0
0.4527, 0.44369, 0.47406, 0.4743, 0.45854, 0.45429, 0.01601, 0.00446, 1
0.44705, 0.43805, 0.29135, 0.47408, 0.45844, 0.45239, 0.03645, 0.04822, 0
0.451, 0.43951, 0.31938, 0.47354, 0.46192, 0.45417, 0.00881, 0.03592, 0
0.44214, 0.43492, 0.34578, 0.47901, 0.44905, 0.44353, 0.03679, 0.02946, 1
0.5041, 0.46995, 0.30926, 0.46894, 0.51069, 0.50063, 0.2626, 0.30889, 0
0.44941, 0.44447, 0.29559, 0.47383, 0.45909, 0.4622, 0.09753, 0.06488, 1
0.44441, 0.43666, 0.20256, 0.47932, 0.45189, 0.44301, 0.02776, 0.03315, 0
0.45761, 0.43354, 0.25724, 0.47251, 0.47723, 0.47815, 0.07375, 0.01957, 1
0.45973, 0.44842, 0.3135, 0.47321, 0.46928, 0.45976, 0.03529, 0.03463, 0
0.43256, 0.43106, 0.40438, 0.48027, 0.44345, 0.44172, 0.1161, 0.11332, 1
0.46261, 0.44986, 0.40482, 0.46895, 0.47064, 0.47001, 0.04241, 0.08154, 0
0.39954, 0.38535, 0.23517, 0.4881, 0.383, 0.36047, 0.39772, 0.45127, 0
0.43995, 0.43153, 0.47887, 0.48064, 0.44745, 0.43752, 0.04673, 0.02961, 1
0.44886, 0.43804, 0.14814, 0.48253, 0.45206, 0.44719, 0.03345, 0.02157, 0
0.44782, 0.43678, 0.16375, 0.47523, 0.45489, 0.45075, 0.02301, 0.05568, 1
0.45639, 0.44841, 0.41337, 0.478, 0.45899, 0.45061, 0.03492, 0.05921, 0
0.45453, 0.4447, 0.41412, 0.47046, 0.46204, 0.45938, 0.023, 0.01721, 1
0.18723, 0.18422, 0.43088, 0.66958, 0.18739, 0.19035, 0.03724, 0.05359, 1
0.4384, 0.43051, 0.36488, 0.48579, 0.43855, 0.43425, 0.0595, 0.02902, 1
0.45303, 0.44286, 0.31817, 0.48005, 0.4547, 0.45189, 0.02581, 0.03757, 1
0.45763, 0.44558, 0.21434, 0.4761, 0.45981, 0.45316, 0.05182, 0.0292, 0
0.46391, 0.45312, 0.19395, 0.47665, 0.46409, 0.45531, 0.07027, 0.14738, 1
0.4568, 0.44738, 0.2265, 0.47119, 0.46303, 0.45788, 0.03166, 0.03707, 0
0.45316, 0.44696, 0.22946, 0.48188, 0.45304, 0.44461, 0.02809, 0.03866, 0
0.447, 0.43809, 0.22795, 0.48347, 0.44742, 0.44149, 0.02985, 0.0428, 0
0.45379, 0.44965, 0.21751, 0.47246, 0.46464, 0.46726, 0.12596, 0.07359, 1
0.44475, 0.43498, 0.22666, 0.48044, 0.45268, 0.4471, 0.02994, 0.04556, 1
0.44813, 0.43891, 0.27081, 0.48155, 0.45123, 0.44611, 0.01396, 0.02502, 0
0.48741, 0.47633, 0.26095, 0.47238, 0.48555, 0.47455, 0.17311, 0.18979, 0
0.47163, 0.46285, 0.25443, 0.47824, 0.46696, 0.45874, 0.11445, 0.20956, 0
0.42641, 0.42149, 0.28174, 0.4898, 0.43122, 0.42878, 0.09815, 0.07486, 0
0.46225, 0.44811, 0.27814, 0.47053, 0.46826, 0.46538, 0.04256, 0.08231, 0
0.17139, 0.17022, 0.3379, 0.59493, 0.17409, 0.17501, 0.04119, 0.11037, 1
0.75327, 0.73677, 0.25929, 0.18312, 0.76185, 0.74765, 0.03001, 0.03448, 0
0.44662, 0.43656, 0.23825, 0.48484, 0.45206, 0.44527, 0.02837, 0.02369, 1
0.44271, 0.43552, 0.21234, 0.48811, 0.4472, 0.44248, 0.02871, 0.04814, 1
0.44811, 0.43866, 0.18355, 0.48014, 0.4534, 0.44986, 0.01216, 0.03343, 0
0.64153, 0.63266, 0.16961, 0.38531, 0.65078, 0.64644, 0.07098, 0.08604, 1
0.3537, 0.36587, 0.19061, 0.49014, 0.36131, 0.36196, 0.39585, 0.4032, 1
0.47865, 0.49133, 0.19043, 0.47191, 0.49365, 0.4974, 0.44541, 0.45705, 0
0.44998, 0.44077, 0.19106, 0.48389, 0.44935, 0.43954, 0.04518, 0.07994, 0
0.45629, 0.44451, 0.11963, 0.47031, 0.46494, 0.45907, 0.01644, 0.01935, 0
0.45, 0.43702, 0.15018, 0.47433, 0.4587, 0.45276, 0.03432, 0.03522, 1
0.51667, 0.48447, 0.14385, 0.4746, 0.50307, 0.47395, 0.41176, 0.42965, 0
0.44854, 0.44408, 0.17257, 0.47968, 0.44841, 0.46466, 0.0672, 0.13985, 1
0.45996, 0.44944, 0.15561, 0.47942, 0.45816, 0.45261, 0.05743, 0.0374, 0
0.45927, 0.45198, 0.2918, 0.47545, 0.46222, 0.45577, 0.0539, 0.14192, 1
0.44536, 0.43886, 0.54734, 0.47758, 0.45243, 0.45267, 0.05242, 0.05536, 0
0.45142, 0.44351, 0.52682, 0.47128, 0.46026, 0.4601, 0.05246, 0.02254, 1
0.45331, 0.44328, 0.5847, 0.47111, 0.45855, 0.45863, 0.02026, 0.04368, 0
0.46139, 0.44984, 0.40764, 0.47773, 0.4633, 0.45446, 0.06078, 0.08999, 0
0.44551, 0.43929, 0.3496, 0.47596, 0.4528, 0.45279, 0.05543, 0.05496, 0
0.4526, 0.44034, 0.29766, 0.47526, 0.45833, 0.44934, 0.03904, 0.02435, 0
0.44463, 0.43548, 0.23741, 0.47785, 0.45396, 0.4396, 0.02893, 0.06103, 0
0.45212, 0.43886, 0.22016, 0.47549, 0.46278, 0.47292, 0.01137, 0.03964, 1
0.45712, 0.4452, 0.17525, 0.47114, 0.46335, 0.45575, 0.03008, 0.04629, 1
0.44231, 0.43125, 0.11344, 0.4861, 0.44636, 0.43909, 0.06283, 0.07571, 1
0.46328, 0.44897, 0.25221, 0.47219, 0.46665, 0.45712, 0.06915, 0.03835, 0
0.45002, 0.44539, 0.25268, 0.47745, 0.45658, 0.451, 0.06315, 0.04869, 0
0.45275, 0.43992, 0.28167, 0.47444, 0.46215, 0.45318, 0.03231, 0.06924, 0
0.46014, 0.45152, 0.31507, 0.4728, 0.46543, 0.45829, 0.05066, 0.1392, 0
0.44931, 0.43991, 0.21636, 0.47369, 0.4731, 0.46479, 0.11381, 0.27678, 1
0.44416, 0.43864, 0.21367, 0.48412, 0.44075, 0.4315, 0.03413, 0.0587, 1
0.42865, 0.42638, 0.20095, 0.48538, 0.43127, 0.4337, 0.09115, 0.11859, 1
0.45168, 0.4397, 0.21387, 0.4798, 0.45347, 0.44562, 0.05177, 0.04511, 1
0.44731, 0.4397, 0.26254, 0.4763, 0.45306, 0.45011, 0.02743, 0.00812, 1
0.45346, 0.4433, 0.29914, 0.47286, 0.4611, 0.45652, 0.0108, 0.10153, 0
0.46255, 0.44971, 0.41826, 0.46877, 0.46676, 0.46108, 0.05277, 0.0583, 0
0.4341, 0.42664, 0.40847, 0.48499, 0.44139, 0.43815, 0.0723, 0.07542, 1
0.46747, 0.46225, 0.37123, 0.4687, 0.48186, 0.47982, 0.16562, 0.17987, 0
0.71379, 0.70043, 0.35993, 0.40221, 0.72834, 0.71286, 0.04083, 0.02738, 1
0.44025, 0.43061, 0.21735, 0.48606, 0.43853, 0.42231, 0.10201, 0.1608, 1
0.45233, 0.44118, 0.32839, 0.4794, 0.45575, 0.44857, 0.03532, 0.03319, 1
0.43665, 0.42307, 0.30737, 0.48311, 0.43717, 0.42198, 0.14294, 0.24272, 1
0.44965, 0.44098, 0.3014, 0.48204, 0.45125, 0.4491, 0.00531, 0.02397, 1
0.10091, 0.09845, 0.26862, 0.5325, 0.11081, 0.11576, 0.07733, 0.02181, 0
0.45726, 0.445, 0.27375, 0.47467, 0.46594, 0.45409, 0.03685, 0.03043, 0
0.8029, 0.78889, 0.35315, 0.30272, 0.81314, 0.80179, 0.05379, 0.07494, 0
0.41179, 0.38111, 0.40046, 0.48435, 0.407, 0.40266, 0.4516, 0.43257, 0
0.43176, 0.43182, 0.27182, 0.47816, 0.44469, 0.43763, 0.1315, 0.15829, 0
0.43, 0.43557, 0.14722, 0.48242, 0.43387, 0.43334, 0.1366, 0.17498, 0
0.45227, 0.43952, 0.10547, 0.47583, 0.45821, 0.44784, 0.04599, 0.1709, 0
0.45591, 0.44518, 0.19603, 0.47311, 0.46541, 0.45623, 0.01999, 0.03139, 0
0.45756, 0.44308, 0.335, 0.47257, 0.4682, 0.45715, 0.03477, 0.06318, 0
0.45699, 0.45155, 0.32273, 0.47842, 0.45921, 0.45434, 0.06024, 0.09634, 0
0.4463, 0.4395, 0.25929, 0.48462, 0.44803, 0.44437, 0.01075, 0.04705, 0
0.43977, 0.43254, 0.24328, 0.47837, 0.44943, 0.44768, 0.05815, 0.01557, 0
0.45782, 0.45109, 0.18843, 0.47555, 0.46204, 0.45905, 0.06047, 0.04513, 1
0.45823, 0.44666, 0.20107, 0.47896, 0.45823, 0.44832, 0.06223, 0.04208, 0
0.442, 0.43319, 0.20482, 0.4864, 0.44265, 0.43583, 0.05221, 0.08061, 0
0.45295, 0.44519, 0.19625, 0.47652, 0.45788, 0.45585, 0.03562, 0.05668, 1
0.45059, 0.44308, 0.19196, 0.47244, 0.45836, 0.45432, 0.04153, 0.02921, 0
0.45538, 0.44492, 0.36063, 0.47331, 0.4559, 0.45313, 0.02752, 0.03455, 1
0.45374, 0.44409, 0.48846, 0.47739, 0.45725, 0.45539, 0.014, 0.0405, 0
0.46409, 0.45094, 0.5071, 0.46898, 0.46943, 0.46143, 0.05951, 0.03889, 0
0.4539, 0.44491, 0.47727, 0.47911, 0.4572, 0.45174, 0.01833, 0.02461, 1
0.4602, 0.44762, 0.36886, 0.4686, 0.46901, 0.46421, 0.03151, 0.07468, 1
0.45431, 0.44056, 0.34519, 0.475, 0.46018, 0.45288, 0.05387, 0.06815, 1
0.44974, 0.44429, 0.14696, 0.48232, 0.44928, 0.44509, 0.01731, 0.06584, 0
0.44983, 0.44242, 0.18664, 0.48298, 0.44499, 0.43861, 0.03841, 0.05335, 1
0.46049, 0.44796, 0.45327, 0.46933, 0.4666, 0.45832, 0.04327, 0.0313, 0
0.44566, 0.43483, 0.47938, 0.48121, 0.45101, 0.44318, 0.04419, 0.05421, 0
0.4508, 0.44288, 0.43026, 0.48208, 0.45294, 0.44832, 0.00816, 0.01926, 1
0.44713, 0.44478, 0.40762, 0.4772, 0.45532, 0.45216, 0.10573, 0.06947, 1
0.44652, 0.43885, 0.24157, 0.47523, 0.45607, 0.45037, 0.03548, 0.02444, 0
0.44086, 0.43401, 0.27538, 0.48555, 0.435, 0.42352, 0.07229, 0.16855, 1
0.45359, 0.44413, 0.37966, 0.47863, 0.45424, 0.45432, 0.01773, 0.00595, 1
0.44477, 0.4334, 0.4567, 0.48561, 0.44083, 0.43189, 0.10042, 0.09846, 0
0.44892, 0.43971, 0.54082, 0.47942, 0.45392, 0.44731, 0.00885, 0.01955, 1
0.45574, 0.44097, 0.61995, 0.47314, 0.46615, 0.45969, 0.03701, 0.0576, 0
0.45627, 0.44519, 0.58312, 0.4698, 0.46436, 0.45829, 0.02005, 0.02554, 0
0.45115, 0.44139, 0.44183, 0.47241, 0.45743, 0.45369, 0.00538, 0.02167, 1
0.45359, 0.44708, 0.41755, 0.48054, 0.45598, 0.44896, 0.03175, 0.02723, 0
0.45318, 0.44392, 0.36749, 0.47208, 0.46021, 0.45752, 0.02644, 0.06117, 0
0.45397, 0.4435, 0.32986, 0.47151, 0.46029, 0.45432, 0.01237, 0.00674, 0
0.42119, 0.42268, 0.35356, 0.48133, 0.43386, 0.43688, 0.17859, 0.19968, 1
0.50301, 0.48499, 0.3513, 0.46534, 0.50588, 0.49866, 0.21864, 0.23289, 0
0.47127, 0.4512, 0.26938, 0.47182, 0.48107, 0.47287, 0.07923, 0.06751, 1
0.46051, 0.45055, 0.14712, 0.47461, 0.46226, 0.45591, 0.04908, 0.05959, 0
0.43339, 0.42684, 0.13617, 0.48826, 0.43903, 0.43663, 0.07282, 0.09691, 0
0.43981, 0.43307, 0.11793, 0.48766, 0.44297, 0.43549, 0.03949, 0.02779, 0
0.44518, 0.43848, 0.11808, 0.47483, 0.45613, 0.45794, 0.07259, 0.07982, 0
0.44207, 0.43538, 0.17603, 0.4801, 0.44047, 0.4383, 0.02822, 0.02989, 1
0.45377, 0.44429, 0.19793, 0.47706, 0.45623, 0.45401, 0.01589, 0.02211, 1
0.45008, 0.44077, 0.22389, 0.48272, 0.45237, 0.44697, 0.01744, 0.0289, 1
0.44265, 0.43146, 0.25919, 0.48616, 0.43926, 0.43006, 0.10294, 0.08879, 0
0.44229, 0.43292, 0.39369, 0.48808, 0.44442, 0.43696, 0.05278, 0.05776, 0
0.45607, 0.4445, 0.46079, 0.47815, 0.45978, 0.45137, 0.04138, 0.06134, 1
0.45074, 0.44367, 0.45415, 0.4804, 0.45484, 0.45011, 0.02401, 0.03119, 1
0.45409, 0.44658, 0.36293, 0.47203, 0.46194, 0.46104, 0.05814, 0.05379, 0
0.45879, 0.45063, 0.26015, 0.46902, 0.46915, 0.4669, 0.07646, 0.09528, 1
0.42648, 0.42611, 0.22301, 0.48512, 0.43504, 0.43577, 0.12776, 0.06406, 0
0.4572, 0.44392, 0.26321, 0.47163, 0.47139, 0.4705, 0.0234, 0.10823, 1
0.52224, 0.48576, 0.2681, 0.47279, 0.51221, 0.48362, 0.43322, 0.44369, 0
0.35945, 0.3588, 0.27252, 0.48989, 0.36114, 0.34773, 0.40121, 0.44016, 1
0.42553, 0.40259, 0.25421, 0.4843, 0.4134, 0.40169, 0.34273, 0.4532, 1
0.4326, 0.43306, 0.24727, 0.48204, 0.42847, 0.43572, 0.07248, 0.05124, 1
0.44967, 0.44098, 0.23244, 0.48017, 0.45027, 0.44405, 0.01571, 0.03111, 1
0.44496, 0.43243, 0.16113, 0.47895, 0.44962, 0.4352, 0.08449, 0.07267, 0
0.44996, 0.44243, 0.15157, 0.4811, 0.45461, 0.4472, 0.01207, 0.03206, 0
0.45422, 0.44327, 0.13869, 0.4708, 0.46464, 0.46289, 0.02643, 0.06924, 1
0.36792, 0.38054, 0.14583, 0.48236, 0.3928, 0.4006, 0.42005, 0.35149, 1
0.49209, 0.49542, 0.16121, 0.46856, 0.52044, 0.52744, 0.44667, 0.40438, 1
0.45452, 0.44118, 0.23064, 0.47266, 0.47435, 0.46581, 0.01761, 0.04543, 1
0.44783, 0.4355, 0.35141, 0.48209, 0.45232, 0.44552, 0.05482, 0.04711, 1
0.44922, 0.44517, 0.31175, 0.48315, 0.44616, 0.43764, 0.01933, 0.02522, 0
0.46346, 0.45665, 0.10586, 0.47712, 0.46449, 0.45884, 0.0763, 0.10805, 0
0.4564, 0.44482, 0.16336, 0.47092, 0.47545, 0.4738, 0.06491, 0.14234, 1
0.4678, 0.46015, 0.14865, 0.47298, 0.48262, 0.50021, 0.17994, 0.25593, 1
0.46202, 0.4431, 0.14905, 0.47166, 0.47535, 0.47942, 0.02166, 0.04381, 0
0.46016, 0.44925, 0.18236, 0.48223, 0.45164, 0.43878, 0.11673, 0.10649, 0
0.45301, 0.44118, 0.20567, 0.47265, 0.45986, 0.45924, 0.0071, 0.0726, 1
0.4445, 0.43313, 0.22227, 0.48266, 0.44567, 0.43482, 0.07773, 0.04956, 1
0.42604, 0.41921, 0.25942, 0.47593, 0.45055, 0.43847, 0.15447, 0.12232, 0
0.45651, 0.44268, 0.29374, 0.47269, 0.47597, 0.46841, 0.01766, 0.05188, 1
0.46297, 0.4474, 0.30936, 0.47277, 0.47582, 0.45855, 0.05689, 0.01991, 1
0.44727, 0.43926, 0.3553, 0.48389, 0.44931, 0.44208, 0.02173, 0.05388, 1
0.44024, 0.43585, 0.34659, 0.48387, 0.44535, 0.44493, 0.06102, 0.02276, 0
0.46048, 0.44868, 0.29936, 0.46616, 0.46628, 0.4601, 0.03958, 0.03771, 0
0.63182, 0.61918, 0.23387, 0.35517, 0.63773, 0.62864, 0.00546, 0.01975, 1
0.45637, 0.4486, 0.26505, 0.4694, 0.46571, 0.46488, 0.0716, 0.0113, 1
0.45498, 0.44224, 0.27707, 0.47114, 0.46341, 0.46128, 0.01023, 0.01957, 0
0.46318, 0.44394, 0.20995, 0.47511, 0.46601, 0.45512, 0.11939, 0.1145, 0
0.44485, 0.4361, 0.15196, 0.48422, 0.44983, 0.44267, 0.02551, 0.00814, 1
0.43997, 0.43231, 0.16665, 0.48414, 0.44449, 0.44319, 0.04511, 0.043, 1
0.45853, 0.44479, 0.16524, 0.47141, 0.46823, 0.46283, 0.02612, 0.03284, 0
0.46622, 0.45665, 0.16313, 0.47709, 0.46692, 0.45794, 0.07711, 0.1044, 1
0.45595, 0.4454, 0.20273, 0.48027, 0.45481, 0.44768, 0.04696, 0.13832, 0
0.45333, 0.44942, 0.20104, 0.47145, 0.46522, 0.46944, 0.13489, 0.07055, 1
0.45953, 0.44478, 0.17249, 0.47176, 0.46846, 0.46369, 0.03778, 0.05164, 0
0.44301, 0.43781, 0.13764, 0.48435, 0.44664, 0.44077, 0.03259, 0.076, 0
0.43076, 0.42325, 0.15224, 0.48449, 0.43783, 0.434, 0.08742, 0.10252, 1
0.4628, 0.44851, 0.46047, 0.47336, 0.46698, 0.4569, 0.07073, 0.11168, 1
0.45226, 0.43839, 0.46379, 0.48147, 0.45262, 0.44084, 0.09988, 0.05003, 0
0.45247, 0.44592, 0.3078, 0.47757, 0.45843, 0.45663, 0.04887, 0.01607, 1
0.43824, 0.43322, 0.15392, 0.48213, 0.44651, 0.44463, 0.07072, 0.10786, 1
0.43629, 0.43452, 0.11007, 0.48495, 0.44187, 0.43825, 0.08042, 0.06242, 1
0.45129, 0.44635, 0.14071, 0.4737, 0.46464, 0.45949, 0.10371, 0.11746, 1
0.43701, 0.42895, 0.10005, 0.48511, 0.43932, 0.43801, 0.0597, 0.0756, 0
0.43687, 0.42638, 0.16432, 0.48395, 0.44323, 0.43957, 0.07325, 0.07529, 0
0.44219, 0.43517, 0.16712, 0.47608, 0.45293, 0.45011, 0.0676, 0.07573, 0
0.45452, 0.44656, 0.17213, 0.4715, 0.46631, 0.46627, 0.0714, 0.08144, 0
0.4557, 0.44204, 0.36425, 0.47325, 0.46211, 0.4554, 0.04649, 0.04983, 1
0.44619, 0.44308, 0.29569, 0.47307, 0.4595, 0.46073, 0.13263, 0.11729, 0
0.45833, 0.44774, 0.27539, 0.47013, 0.47223, 0.47291, 0.06944, 0.15076, 0
0.44374, 0.43504, 0.28657, 0.47498, 0.45724, 0.44998, 0.05034, 0.0826, 0
0.44606, 0.44055, 0.30268, 0.47332, 0.46173, 0.45846, 0.09747, 0.0629, 1
0.44845, 0.44161, 0.58381, 0.47797, 0.45457, 0.45062, 0.03572, 0.01944, 0
0.451, 0.44204, 0.55762, 0.4825, 0.4539, 0.44545, 0.0183, 0.0388, 0
0.44576, 0.43799, 0.56969, 0.48576, 0.44955, 0.44378, 0.01554, 0.01137, 0
0.44854, 0.43948, 0.55407, 0.47611, 0.45437, 0.45101, 0.01089, 0.04936, 0
0.44751, 0.43841, 0.37297, 0.47429, 0.45618, 0.45334, 0.02679, 0.04173, 1
0.47321, 0.45699, 0.35311, 0.47001, 0.47527, 0.46513, 0.11474, 0.11416, 0
0.45599, 0.44375, 0.19537, 0.4773, 0.45948, 0.45063, 0.04805, 0.02411, 0
0.44628, 0.4367, 0.18213, 0.48598, 0.44927, 0.44234, 0.03726, 0.04343, 0
0.45904, 0.44595, 0.31228, 0.46906, 0.46658, 0.46258, 0.02928, 0.08862, 1
0.45222, 0.4401, 0.38634, 0.47465, 0.46013, 0.45011, 0.0277, 0.02449, 1
0.45128, 0.44118, 0.4002, 0.47738, 0.45745, 0.44774, 0.01813, 0.03336, 1
0.49202, 0.47223, 0.36768, 0.48048, 0.46496, 0.44592, 0.34754, 0.38445, 1
0.43505, 0.42577, 0.35891, 0.48307, 0.42217, 0.43389, 0.11093, 0.17774, 0
0.44756, 0.43989, 0.45599, 0.47408, 0.4605, 0.45233, 0.04729, 0.03008, 1
0.44523, 0.43858, 0.55985, 0.48574, 0.4495, 0.44419, 0.01918, 0.05164, 0
0.4728, 0.45726, 0.27605, 0.46811, 0.47633, 0.46775, 0.10144, 0.12202, 0
0.46785, 0.45074, 0.14432, 0.47742, 0.46689, 0.45642, 0.13179, 0.15246, 0
0.46113, 0.44835, 0.12426, 0.47441, 0.46574, 0.46301, 0.03995, 0.01979, 0
0.51293, 0.49448, 0.34345, 0.4655, 0.52817, 0.52781, 0.26154, 0.39874, 1
0.46079, 0.4277, 0.3227, 0.476, 0.46506, 0.45643, 0.29097, 0.36881, 0
0.4412, 0.43706, 0.25584, 0.48168, 0.44434, 0.44458, 0.04622, 0.02207, 0
0.4431, 0.43945, 0.25818, 0.47795, 0.45099, 0.453, 0.09116, 0.06604, 0
0.45496, 0.44424, 0.26846, 0.47147, 0.47274, 0.47309, 0.07793, 0.11311, 0
0.50399, 0.47633, 0.26993, 0.47004, 0.50569, 0.48503, 0.26983, 0.17221, 0
0.37561, 0.37517, 0.27024, 0.48717, 0.38897, 0.38181, 0.32258, 0.26511, 0
0.42593, 0.40684, 0.27596, 0.48359, 0.41777, 0.38767, 0.32828, 0.38396, 1
0.44768, 0.44118, 0.17853, 0.48315, 0.44723, 0.44353, 0.00725, 0.04504, 1
0.42231, 0.42297, 0.15899, 0.48234, 0.43444, 0.43578, 0.16341, 0.21268, 0
0.45467, 0.44271, 0.31503, 0.47649, 0.4634, 0.44679, 0.04264, 0.04276, 1
0.62806, 0.62788, 0.3568, 0.45088, 0.65946, 0.66813, 0.31733, 0.3098, 0
0.43908, 0.43174, 0.30375, 0.4784, 0.45142, 0.43437, 0.04681, 0.01873, 0
0.4364, 0.43087, 0.33757, 0.47935, 0.44729, 0.44646, 0.08449, 0.056, 1
0.45698, 0.44634, 0.387, 0.48032, 0.45757, 0.44985, 0.04977, 0.02602, 0
0.44639, 0.44269, 0.38973, 0.4791, 0.45262, 0.45115, 0.07399, 0.06573, 1
0.45012, 0.44783, 0.3168, 0.48073, 0.45284, 0.44933, 0.07369, 0.12128, 0
0.44505, 0.4414, 0.33996, 0.48273, 0.43795, 0.43161, 0.00206, 0.03186, 0
0.45271, 0.44204, 0.28496, 0.47556, 0.45653, 0.4505, 0.02181, 0.02195, 1
0.47138, 0.45041, 0.24075, 0.47057, 0.48592, 0.47884, 0.07122, 0.01787, 0
0.44373, 0.43004, 0.24809, 0.4758, 0.45592, 0.4466, 0.06665, 0.03294, 1
0.45395, 0.44569, 0.25396, 0.47515, 0.4638, 0.44803, 0.02705, 0.02864, 1
0.46235, 0.44783, 0.25311, 0.47647, 0.4666, 0.4518, 0.08343, 0.0446, 1
0.44101, 0.43412, 0.18371, 0.48099, 0.44569, 0.44427, 0.03934, 0.02053, 1
0.45784, 0.44911, 0.17142, 0.47723, 0.46209, 0.45906, 0.04023, 0.03559, 1
0.44242, 0.43374, 0.2256, 0.48532, 0.44602, 0.42994, 0.05961, 0.04103, 1
0.44905, 0.44184, 0.22353, 0.47257, 0.45925, 0.45568, 0.05322, 0.03313, 1
0.44327, 0.43789, 0.26585, 0.47615, 0.45364, 0.44917, 0.06965, 0.08114, 0
0.35519, 0.36843, 0.36106, 0.48923, 0.343, 0.33217, 0.3519, 0.37055, 1
0.43934, 0.42029, 0.36127, 0.4823, 0.42488, 0.42782, 0.26376, 0.34506, 1
0.45253, 0.44619, 0.3636, 0.48155, 0.436, 0.41676, 0.11347, 0.07463, 1
0.44076, 0.43424, 0.36406, 0.48275, 0.42581, 0.41485, 0.10014, 0.02018, 1
0.43295, 0.43229, 0.36987, 0.48267, 0.42989, 0.43617, 0.07967, 0.07729, 1
0.49725, 0.48058, 0.39123, 0.46689, 0.49889, 0.49139, 0.19729, 0.19407, 0
0.45885, 0.44966, 0.26485, 0.47559, 0.46209, 0.45853, 0.04092, 0.02418, 0
0.43294, 0.43314, 0.23345, 0.47712, 0.44615, 0.44932, 0.15916, 0.11831, 0
0.45649, 0.44772, 0.20759, 0.48055, 0.4561, 0.45063, 0.03641, 0.10735, 1
0.44764, 0.43727, 0.23197, 0.48431, 0.44327, 0.43681, 0.07502, 0.04187, 0
0.46647, 0.44996, 0.41446, 0.47023, 0.4724, 0.46969, 0.06977, 0.14877, 0
0.72396, 0.7019, 0.42304, 0.3794, 0.72989, 0.71335, 0.10625, 0.13108, 0
0.4337, 0.42923, 0.42923, 0.48403, 0.43827, 0.42863, 0.06155, 0.12233, 0
0.48912, 0.46415, 0.27516, 0.4788, 0.47582, 0.45648, 0.30269, 0.41744, 1
0.43533, 0.43072, 0.28645, 0.48147, 0.44064, 0.4395, 0.06977, 0.00992, 1
0.44986, 0.44268, 0.31136, 0.47894, 0.45422, 0.44959, 0.01761, 0.08959, 0
0.44776, 0.44332, 0.31692, 0.47313, 0.46011, 0.46216, 0.11131, 0.0994, 0
0.47227, 0.47592, 0.33417, 0.47225, 0.49092, 0.48397, 0.27803, 0.28552, 0
0.4588, 0.44636, 0.3191, 0.47561, 0.47025, 0.45586, 0.02723, 0.03702, 1
0.44732, 0.43752, 0.3068, 0.48525, 0.4524, 0.44057, 0.03852, 0.05383, 1
0.4455, 0.43903, 0.28013, 0.48386, 0.44907, 0.44463, 0.01776, 0.04745, 1
0.49979, 0.47401, 0.28831, 0.47523, 0.49189, 0.45848, 0.31991, 0.32331, 0
0.45169, 0.44226, 0.17352, 0.47356, 0.46304, 0.45547, 0.03465, 0.03341, 1
0.44546, 0.43881, 0.18958, 0.47501, 0.45613, 0.4505, 0.05355, 0.10247, 0
0.45205, 0.44832, 0.13942, 0.48167, 0.44083, 0.43555, 0.03562, 0.04609, 0
0.44223, 0.43535, 0.14083, 0.48167, 0.43538, 0.44722, 0.03448, 0.0371, 0
0.45247, 0.44421, 0.14866, 0.4718, 0.45292, 0.45456, 0.02057, 0.02797, 0
0.44871, 0.4414, 0.18191, 0.47337, 0.45457, 0.45417, 0.04162, 0.01832, 1
0.45205, 0.4401, 0.32804, 0.47305, 0.45913, 0.45365, 0.0206, 0.01618, 0
0.44373, 0.43643, 0.36138, 0.48089, 0.44817, 0.44526, 0.03415, 0.02795, 1
0.46097, 0.44901, 0.23919, 0.47079, 0.47707, 0.47895, 0.0663, 0.06685, 1
0.45209, 0.44293, 0.36812, 0.47681, 0.45864, 0.4468, 0.01114, 0.1408, 1
0.44012, 0.44031, 0.37054, 0.48404, 0.44171, 0.4352, 0.06923, 0.06688, 1
0.4311, 0.4236, 0.34791, 0.48818, 0.42874, 0.41958, 0.10386, 0.1199, 0
0.46745, 0.45535, 0.19088, 0.46717, 0.47484, 0.46807, 0.06859, 0.1152, 1
0.4476, 0.43575, 0.16317, 0.48407, 0.445, 0.43101, 0.11033, 0.09741, 1
0.42951, 0.42557, 0.13385, 0.48634, 0.42648, 0.42027, 0.07672, 0.03612, 1
0.45191, 0.44459, 0.17849, 0.47189, 0.45287, 0.45488, 0.03288, 0.03203, 0
0.45438, 0.44395, 0.21641, 0.47063, 0.46035, 0.45682, 0.01439, 0.02971, 1
0.45743, 0.44928, 0.25774, 0.47103, 0.46479, 0.46212, 0.05793, 0.03394, 0
0.4551, 0.44502, 0.3246, 0.47123, 0.46145, 0.45373, 0.01887, 0.03366, 1
0.46222, 0.44737, 0.31961, 0.47647, 0.46368, 0.45334, 0.0923, 0.08199, 0
0.45302, 0.44268, 0.16766, 0.47177, 0.46474, 0.46161, 0.03115, 0.02563, 1
0.44764, 0.43712, 0.1768, 0.47394, 0.46426, 0.45828, 0.04561, 0.04685, 1
0.45349, 0.44269, 0.22433, 0.47476, 0.4619, 0.44933, 0.0145, 0.12885, 1
0.44402, 0.44461, 0.21126, 0.47652, 0.45382, 0.45621, 0.1549, 0.24703, 1
0.43911, 0.43073, 0.09171, 0.48363, 0.43808, 0.43899, 0.05553, 0.06551, 0
0.46226, 0.45039, 0.09351, 0.46961, 0.47449, 0.47438, 0.06058, 0.0455, 0
0.44734, 0.43493, 0.2496, 0.4747, 0.45851, 0.46122, 0.03068, 0.06031, 1
0.44805, 0.43665, 0.26072, 0.4781, 0.45466, 0.45102, 0.03207, 0.04871, 0
0.46132, 0.44813, 0.22406, 0.47333, 0.48738, 0.46943, 0.0799, 0.10624, 1
0.45509, 0.44465, 0.30483, 0.47562, 0.45974, 0.45576, 0.01997, 0.01407, 0
0.30819, 0.32207, 0.3342, 0.49136, 0.30843, 0.30547, 0.57905, 0.65949, 1
0.44662, 0.43859, 0.25006, 0.48052, 0.44914, 0.45325, 0.0191, 0.0508, 0
0.4493, 0.44032, 0.24994, 0.47231, 0.4663, 0.46453, 0.07609, 0.10415, 1
0.44752, 0.43734, 0.33485, 0.47837, 0.46046, 0.4505, 0.01888, 0.03186, 1
0.47664, 0.4433, 0.30103, 0.48222, 0.44552, 0.41399, 0.53197, 0.50735, 0
0.45057, 0.43696, 0.37289, 0.48394, 0.44224, 0.43334, 0.13921, 0.05869, 0
0.43976, 0.43422, 0.38678, 0.48544, 0.43306, 0.42453, 0.05543, 0.01842, 0
0.45347, 0.43992, 0.41931, 0.48042, 0.45448, 0.44077, 0.092, 0.0715, 1
0.44417, 0.43928, 0.35781, 0.48241, 0.44814, 0.44666, 0.04504, 0.04204, 0
0.45824, 0.44756, 0.3027, 0.4747, 0.47093, 0.45681, 0.03553, 0.04233, 0
0.45631, 0.44522, 0.23977, 0.4696, 0.46285, 0.45784, 0.0202, 0.04153, 1
0.45684, 0.44416, 0.24308, 0.47663, 0.45986, 0.45024, 0.05518, 0.03931, 0
0.48198, 0.46351, 0.18716, 0.47385, 0.4794, 0.4643, 0.17917, 0.2285, 0
0.44278, 0.43168, 0.15851, 0.47818, 0.44916, 0.44762, 0.04806, 0.05049, 0
0.44994, 0.44226, 0.16712, 0.4728, 0.46061, 0.45718, 0.05986, 0.03878, 1
0.45712, 0.44573, 0.16988, 0.47027, 0.46678, 0.464, 0.02531, 0.09762, 1
0.42829, 0.42302, 0.21445, 0.47685, 0.44339, 0.4463, 0.12854, 0.10269, 1
0.44542, 0.43772, 0.24093, 0.48364, 0.44533, 0.43268, 0.04647, 0.00231, 1
0.45512, 0.44573, 0.23718, 0.47212, 0.46097, 0.45417, 0.02259, 0.01285, 0
0.4533, 0.44551, 0.2394, 0.4761, 0.45827, 0.45352, 0.02541, 0.05196, 0
0.46319, 0.45092, 0.2773, 0.47967, 0.46155, 0.44984, 0.08778, 0.09593, 0
0.44807, 0.44248, 0.24642, 0.48133, 0.4493, 0.43937, 0.00956, 0.04728, 1
0.46358, 0.44703, 0.24714, 0.47056, 0.47532, 0.47871, 0.02962, 0.01285, 1
0.4791, 0.47185, 0.3403, 0.47347, 0.47959, 0.46934, 0.14904, 0.1896, 0
0.43319, 0.43417, 0.2987, 0.48171, 0.44032, 0.44277, 0.12033, 0.17564, 0
0.45745, 0.4514, 0.28021, 0.47316, 0.46683, 0.46456, 0.10174, 0.20442, 0
0.44087, 0.42799, 0.11604, 0.48585, 0.43956, 0.42625, 0.12734, 0.08206, 1
0.43821, 0.43269, 0.13898, 0.48561, 0.43939, 0.4384, 0.04464, 0.09061, 0
0.46732, 0.44991, 0.16448, 0.47342, 0.46964, 0.45823, 0.11636, 0.0828, 0
0.47704, 0.45673, 0.21987, 0.47468, 0.47458, 0.46146, 0.17848, 0.00601, 1
0.45509, 0.44459, 0.21664, 0.47436, 0.46019, 0.45127, 0.0242, 0.03118, 0
0.47935, 0.46357, 0.16673, 0.46734, 0.48387, 0.47401, 0.12133, 0.09237, 0
0.43852, 0.43054, 0.17043, 0.4819, 0.44564, 0.43992, 0.05434, 0.04976, 1
0.44318, 0.43863, 0.14068, 0.4819, 0.44888, 0.44624, 0.05822, 0.00989, 0
0.44726, 0.43928, 0.19738, 0.48109, 0.45041, 0.44831, 0.01062, 0.05089, 1
0.44896, 0.43822, 0.24071, 0.48309, 0.4509, 0.44588, 0.0414, 0.02219, 0
0.45735, 0.44756, 0.19442, 0.47472, 0.46312, 0.45088, 0.03391, 0.0334, 1
0.44443, 0.43524, 0.18803, 0.48568, 0.44504, 0.43596, 0.05736, 0.0742, 1
0.44789, 0.43885, 0.15933, 0.48389, 0.44724, 0.44111, 0.0389, 0.06073, 1
0.4498, 0.43906, 0.15463, 0.47324, 0.4641, 0.46003, 0.037, 0.01039, 0
0.45883, 0.44566, 0.16566, 0.47099, 0.4663, 0.45682, 0.04317, 0.03437, 0
0.47839, 0.45797, 0.26338, 0.48069, 0.46172, 0.43517, 0.2938, 0.35001, 0
0.48087, 0.48285, 0.25076, 0.47788, 0.47601, 0.47291, 0.22927, 0.26809, 0
0.19135, 0.18928, 0.30439, 0.89703, 0.19348, 0.19618, 0.02156, 0.01412, 0
0.45049, 0.44075, 0.31743, 0.47348, 0.45656, 0.45141, 0.00208, 0.00607, 1
0.44342, 0.43665, 0.25061, 0.47441, 0.45743, 0.45194, 0.07365, 0.06441, 1
0.45027, 0.43881, 0.2707, 0.47277, 0.46271, 0.45731, 0.01706, 0.02792, 1
0.43399, 0.41602, 0.26812, 0.48496, 0.42876, 0.41974, 0.22141, 0.23054, 1
0.43653, 0.42937, 0.264, 0.4841, 0.43015, 0.41913, 0.0822, 0.05385, 0
0.44614, 0.4399, 0.25999, 0.48209, 0.44757, 0.44529, 0.019, 0.06828, 0
0.45623, 0.44807, 0.22788, 0.47431, 0.46246, 0.45219, 0.03622, 0.05126, 1
0.41022, 0.4106, 0.25019, 0.47866, 0.42946, 0.42922, 0.20877, 0.29099, 1
0.45345, 0.44463, 0.38125, 0.47981, 0.45243, 0.44776, 0.02449, 0.02783, 0
0.39411, 0.40568, 0.35388, 0.4812, 0.41348, 0.42625, 0.34887, 0.33852, 0
0.41021, 0.40289, 0.30836, 0.48511, 0.40515, 0.37696, 0.23642, 0.30126, 0
0.40036, 0.39735, 0.2453, 0.48995, 0.39721, 0.38773, 0.21661, 0.17479, 1
0.44488, 0.43751, 0.19067, 0.47265, 0.46724, 0.47357, 0.1511, 0.11329, 1
0.45201, 0.44551, 0.12742, 0.47877, 0.45601, 0.45024, 0.0328, 0.05403, 0
0.4593, 0.44961, 0.1712, 0.47545, 0.46586, 0.45089, 0.04694, 0.07615, 1
0.45871, 0.44766, 0.17374, 0.48017, 0.45882, 0.44828, 0.07205, 0.07184, 1
0.38304, 0.38288, 0.12699, 0.48332, 0.40105, 0.40643, 0.31046, 0.32185, 0
0.45676, 0.44032, 0.13654, 0.47357, 0.47358, 0.47202, 0.02212, 0.04387, 0
0.45027, 0.444, 0.20837, 0.48123, 0.45351, 0.44617, 0.0212, 0.01972, 1
0.45122, 0.44032, 0.31983, 0.47855, 0.45446, 0.45286, 0.02208, 0.02009, 0
0.45278, 0.4414, 0.37159, 0.48209, 0.45403, 0.44696, 0.04876, 0.02656, 0
0.4646, 0.46177, 0.37046, 0.46934, 0.4791, 0.48202, 0.19554, 0.21024, 0
0.45824, 0.44574, 0.36392, 0.47205, 0.47155, 0.46903, 0.02736, 0.0372, 1
0.46069, 0.44479, 0.4688, 0.47962, 0.46006, 0.44535, 0.12366, 0.09707, 0
0.52382, 0.50576, 0.42725, 0.46461, 0.53567, 0.53381, 0.31388, 0.32519, 0
0.46167, 0.44417, 0.33693, 0.47437, 0.47182, 0.46624, 0.06569, 0.04855, 0
0.4475, 0.43565, 0.31483, 0.47638, 0.45508, 0.44108, 0.05035, 0.05287, 1
0.44098, 0.43374, 0.27497, 0.48619, 0.44668, 0.43864, 0.03631, 0.0772, 0
0.48358, 0.45991, 0.20159, 0.4767, 0.47598, 0.4581, 0.25151, 0.24159, 0
0.46618, 0.44906, 0.14852, 0.47663, 0.46622, 0.4523, 0.13199, 0.17915, 1
0.44319, 0.43415, 0.16994, 0.48579, 0.44859, 0.44417, 0.03434, 0.01265, 1
0.45797, 0.44544, 0.22503, 0.47978, 0.45761, 0.44998, 0.06727, 0.0208, 1
0.45609, 0.44693, 0.28595, 0.47654, 0.45972, 0.45926, 0.03039, 0.07087, 0
0.45623, 0.448, 0.27952, 0.47541, 0.46312, 0.45088, 0.03742, 0.04641, 0
0.45296, 0.44566, 0.2807, 0.47441, 0.46206, 0.45902, 0.05275, 0.05924, 1
0.44536, 0.4382, 0.26324, 0.48599, 0.45001, 0.44196, 0.01608, 0.03411, 1
0.44045, 0.43095, 0.39054, 0.48845, 0.44307, 0.43665, 0.06027, 0.02238, 0
0.45691, 0.4438, 0.34404, 0.47035, 0.4641, 0.46133, 0.02215, 0.05276, 0
0.45559, 0.44489, 0.20993, 0.48064, 0.45705, 0.44905, 0.04552, 0.05549, 0
0.44551, 0.4377, 0.18071, 0.48486, 0.44972, 0.44536, 0.01831, 0.06579, 0
0.45283, 0.44162, 0.13994, 0.47152, 0.46007, 0.45684, 0.00421, 0.01626, 0
0.44562, 0.43792, 0.14747, 0.48185, 0.44762, 0.44852, 0.01665, 0.02673, 1
0.44138, 0.43427, 0.2989, 0.48542, 0.43562, 0.42969, 0.06055, 0.01595, 1
0.45292, 0.4449, 0.62096, 0.47369, 0.45967, 0.45302, 0.0269, 0.02069, 0
0.44479, 0.43668, 0.44791, 0.48722, 0.45076, 0.44361, 0.0218, 0.07947, 1
0.46107, 0.44998, 0.44924, 0.47722, 0.46371, 0.45427, 0.05671, 0.08382, 0
0.44733, 0.43947, 0.47496, 0.48493, 0.44852, 0.44194, 0.01652, 0.03219, 0
0.44968, 0.43733, 0.31605, 0.47732, 0.45512, 0.44842, 0.04359, 0.0332, 1
0.44573, 0.43883, 0.23163, 0.48366, 0.45018, 0.44596, 0.02273, 0.07421, 0
0.45528, 0.4459, 0.2045, 0.4691, 0.46263, 0.46063, 0.03386, 0.01187, 0
0.44535, 0.43862, 0.14876, 0.48024, 0.44992, 0.44803, 0.03117, 0.02413, 1
0.46649, 0.45188, 0.1675, 0.47456, 0.46732, 0.45996, 0.08819, 0.07704, 0
0.43971, 0.42901, 0.18218, 0.48712, 0.44071, 0.43497, 0.08318, 0.1154, 1
0.45446, 0.44841, 0.37726, 0.48193, 0.44909, 0.44457, 0.03765, 0.02162, 0
0.51268, 0.46791, 0.38388, 0.47242, 0.51106, 0.49196, 0.44278, 0.41465, 0
0.45221, 0.44441, 0.35782, 0.47384, 0.46046, 0.45375, 0.0375, 0.02778, 1
0.45458, 0.44333, 0.34218, 0.47355, 0.46148, 0.45492, 0.01495, 0.06366, 1
0.43248, 0.43133, 0.21609, 0.48253, 0.43769, 0.44193, 0.11095, 0.16626, 1
0.45344, 0.44615, 0.21335, 0.47376, 0.45961, 0.45704, 0.04483, 0.03588, 0
0.46839, 0.43944, 0.32102, 0.47166, 0.49641, 0.50051, 0.04806, 0.15066, 0
0.33664, 0.33953, 0.50419, 0.49137, 0.33637, 0.32977, 0.49201, 0.57748, 1
0.44189, 0.4349, 0.48983, 0.48009, 0.43874, 0.43436, 0.04319, 0.11321, 0
0.44047, 0.4308, 0.46084, 0.48658, 0.43932, 0.43254, 0.07655, 0.10571, 1
0.39821, 0.40636, 0.44955, 0.48329, 0.41337, 0.42206, 0.29037, 0.36518, 0
0.45413, 0.43771, 0.16536, 0.47272, 0.47164, 0.468, 0.01999, 0.19873, 0
0.45191, 0.44334, 0.31708, 0.47877, 0.45548, 0.44736, 0.01502, 0.01282, 0
0.45637, 0.44637, 0.31208, 0.4698, 0.4617, 0.45665, 0.02528, 0.00691, 0
0.45018, 0.4414, 0.24104, 0.48047, 0.4546, 0.44867, 0.00208, 0.04225, 0
0.45505, 0.44777, 0.23727, 0.47152, 0.4603, 0.45642, 0.04635, 0.04874, 1
0.45308, 0.44394, 0.2175, 0.4803, 0.45491, 0.44625, 0.02976, 0.04149, 1
0.45474, 0.44033, 0.27073, 0.47311, 0.48091, 0.4749, 0.04673, 0.16187, 0
0.46593, 0.44803, 0.40517, 0.47965, 0.4605, 0.44505, 0.17489, 0.1411, 1
0.45058, 0.44374, 0.51674, 0.48242, 0.44892, 0.44043, 0.01883, 0.08269, 1
0.48071, 0.46592, 0.48095, 0.4704, 0.49912, 0.48577, 0.12456, 0.1347, 1
0.45853, 0.42886, 0.36497, 0.48277, 0.43995, 0.40802, 0.44428, 0.53913, 1
0.45061, 0.44352, 0.16374, 0.47624, 0.45603, 0.45075, 0.02892, 0.0342, 0
0.44973, 0.43842, 0.13746, 0.47914, 0.4538, 0.44599, 0.03959, 0.03266, 1
0.46397, 0.45402, 0.35435, 0.47149, 0.47376, 0.46579, 0.07471, 0.12078, 1
0.48548, 0.48197, 0.41088, 0.47583, 0.48474, 0.47006, 0.20124, 0.3378, 1
0.45492, 0.44596, 0.26813, 0.47764, 0.45815, 0.45392, 0.02307, 0.0206, 1
0.45063, 0.43988, 0.24507, 0.48172, 0.45342, 0.44866, 0.02972, 0.01896, 1
0.45408, 0.44357, 0.22155, 0.48114, 0.45517, 0.44761, 0.03982, 0.02018, 1
0.44821, 0.43858, 0.19884, 0.48495, 0.44896, 0.44248, 0.03839, 0.01407, 1
0.46542, 0.45052, 0.19675, 0.47356, 0.46705, 0.46024, 0.087, 0.03726, 1
0.44252, 0.42641, 0.17494, 0.47879, 0.4494, 0.4422, 0.10711, 0.15425, 0
0.46435, 0.45444, 0.1685, 0.46792, 0.47179, 0.46999, 0.07269, 0.09741, 1
0.44807, 0.44183, 0.13305, 0.47795, 0.45351, 0.45326, 0.04538, 0.03948, 0
0.43536, 0.43144, 0.16101, 0.48587, 0.43578, 0.4245, 0.04736, 0.15497, 0
0.73214, 0.72667, 0.31684, 0.41342, 0.75264, 0.75124, 0.20504, 0.24933, 1
0.45434, 0.43969, 0.3295, 0.47689, 0.46071, 0.44907, 0.06652, 0.02736, 1
0.44552, 0.44311, 0.32013, 0.48121, 0.44442, 0.43418, 0.03864, 0.05358, 0
0.44557, 0.43755, 0.22454, 0.48347, 0.44919, 0.44558, 0.01762, 0.03805, 0
0.4539, 0.44375, 0.21993, 0.48136, 0.45503, 0.44726, 0.03779, 0.04606, 1
0.46687, 0.45229, 0.22654, 0.47295, 0.46806, 0.4593, 0.0893, 0.05856, 1
0.43075, 0.42306, 0.22011, 0.49001, 0.43481, 0.43046, 0.08836, 0.07978, 0
0.41651, 0.40081, 0.1854, 0.48146, 0.42801, 0.42564, 0.20688, 0.14348, 0
0.44345, 0.43607, 0.12685, 0.48272, 0.44238, 0.43797, 0.03264, 0.06693, 0
0.43636, 0.43264, 0.13251, 0.47578, 0.45142, 0.45334, 0.12818, 0.24232, 0
0.45483, 0.44247, 0.14412, 0.47446, 0.4626, 0.45205, 0.03627, 0.0607, 1
0.44374, 0.44396, 0.1393, 0.48145, 0.44791, 0.44636, 0.10605, 0.0632, 0
0.44096, 0.43306, 0.15177, 0.47602, 0.45249, 0.44622, 0.05553, 0.0342, 0
0.43722, 0.42454, 0.14719, 0.48544, 0.43859, 0.42928, 0.11484, 0.05744, 0
0.4659, 0.44975, 0.17638, 0.4692, 0.47382, 0.46983, 0.05707, 0.18819, 1
0.44893, 0.44594, 0.32081, 0.47948, 0.4469, 0.45233, 0.07243, 0.02599, 0
0.45381, 0.44356, 0.33576, 0.47314, 0.45707, 0.45955, 0.0127, 0.02201, 1
0.44869, 0.44075, 0.34126, 0.48205, 0.454, 0.44906, 0.01462, 0.0, 0
0.36673, 0.38802, 0.37207, 0.48164, 0.39048, 0.42833, 0.51931, 0.61866, 0
0.43896, 0.43799, 0.31883, 0.48002, 0.43977, 0.42431, 0.01779, 0.01362, 0
0.45617, 0.44672, 0.30281, 0.47894, 0.45787, 0.45785, 0.03029, 0.03941, 1
0.46702, 0.45301, 0.2941, 0.47229, 0.49545, 0.49363, 0.10195, 0.09682, 1
0.4522, 0.44161, 0.28729, 0.47468, 0.47355, 0.45975, 0.04679, 0.02999, 0
0.47565, 0.45653, 0.45214, 0.47176, 0.47812, 0.46412, 0.14495, 0.15794, 1
0.45284, 0.44741, 0.45374, 0.48038, 0.44884, 0.45271, 0.04031, 0.03078, 1
0.36576, 0.37864, 0.21689, 0.48513, 0.38642, 0.39377, 0.40879, 0.42141, 0
0.45182, 0.439, 0.28432, 0.47442, 0.45815, 0.45209, 0.03804, 0.01456, 1
0.4534, 0.44053, 0.29871, 0.47201, 0.46294, 0.46019, 0.00969, 0.03824, 1
0.44632, 0.41503, 0.29875, 0.47967, 0.44614, 0.43069, 0.3378, 0.39326, 1
0.43463, 0.43313, 0.28961, 0.48293, 0.43421, 0.41608, 0.04549, 0.04019, 0
0.44742, 0.43814, 0.27065, 0.48035, 0.44972, 0.45103, 0.01642, 0.01753, 0
0.44493, 0.43705, 0.26262, 0.47858, 0.44975, 0.44654, 0.02583, 0.05833, 0
0.45418, 0.4475, 0.11781, 0.47915, 0.45499, 0.4579, 0.03462, 0.0302, 1
0.43196, 0.43904, 0.45722, 0.48302, 0.41892, 0.39038, 0.01258, 0.01498, 0
0.38592, 0.39744, 0.12707, 0.48358, 0.40153, 0.40956, 0.33341, 0.37342, 0
0.44947, 0.44033, 0.14211, 0.47678, 0.45681, 0.44933, 0.00547, 0.01598, 0
0.43078, 0.42751, 0.24033, 0.48429, 0.43932, 0.43936, 0.10258, 0.06262, 0
0.46088, 0.45893, 0.3375, 0.4707, 0.49112, 0.50009, 0.28115, 0.22955, 0
0.46896, 0.4501, 0.40812, 0.47171, 0.49739, 0.48478, 0.05096, 0.04474, 1
0.44681, 0.43727, 0.61087, 0.48451, 0.45121, 0.43982, 0.03779, 0.07201, 0
0.47508, 0.46116, 0.74181, 0.48072, 0.44696, 0.46117, 0.20855, 0.21076, 1
0.44961, 0.44076, 0.80074, 0.48369, 0.4488, 0.44648, 0.018, 0.03086, 1
0.45416, 0.44589, 0.80365, 0.47482, 0.45767, 0.45465, 0.02684, 0.04036, 1
0.45198, 0.43989, 0.75577, 0.47225, 0.46876, 0.46393, 0.03298, 0.06377, 0
0.47257, 0.45149, 0.67344, 0.48025, 0.4638, 0.4393, 0.25266, 0.22792, 1
0.44368, 0.43929, 0.58286, 0.48378, 0.44046, 0.44068, 0.02139, 0.08603, 0
0.44876, 0.4374, 0.56261, 0.47603, 0.45468, 0.44934, 0.02793, 0.02918, 0
0.44858, 0.44055, 0.5392, 0.47626, 0.45495, 0.44934, 0.01613, 0.01571, 0
0.45804, 0.44225, 0.52097, 0.47558, 0.47926, 0.44959, 0.04859, 0.03378, 1
0.44556, 0.43755, 0.49796, 0.48523, 0.45365, 0.44181, 0.01834, 0.04344, 0
0.45163, 0.43585, 0.47034, 0.4839, 0.44228, 0.42595, 0.19593, 0.22609, 1
0.42933, 0.42041, 0.4181, 0.48549, 0.40784, 0.39075, 0.22869, 0.18423, 1
0.45644, 0.45199, 0.41508, 0.48289, 0.43299, 0.4216, 0.13288, 0.23091, 1
0.44223, 0.44287, 0.64323, 0.48393, 0.43557, 0.42676, 0.02931, 0.04752, 0
0.45923, 0.44961, 0.6597, 0.48113, 0.45184, 0.44666, 0.06946, 0.09115, 1
0.45428, 0.44287, 0.68626, 0.47436, 0.45845, 0.4538, 0.0259, 0.02643, 1
0.44632, 0.43908, 0.69683, 0.48287, 0.45141, 0.44578, 0.02028, 0.01186, 0
0.45253, 0.44392, 0.67815, 0.47413, 0.4578, 0.45304, 0.01803, 0.01779, 1
0.4257, 0.43403, 0.24354, 0.48068, 0.42056, 0.38952, 0.03453, 0.02141, 0
0.1527, 0.15022, 0.18027, 0.52278, 0.13801, 0.12603, 0.1841, 0.21191, 0
0.44443, 0.43781, 0.23241, 0.47511, 0.45494, 0.4533, 0.06212, 0.03921, 0
0.44627, 0.43612, 0.27406, 0.47421, 0.45678, 0.45292, 0.03015, 0.05416, 0
0.45857, 0.44393, 0.26489, 0.4747, 0.46287, 0.45177, 0.07354, 0.07441, 1
0.45572, 0.44497, 0.33376, 0.47053, 0.46395, 0.46249, 0.02309, 0.0259, 1
0.45278, 0.44139, 0.25291, 0.47182, 0.46373, 0.45906, 0.01238, 0.06659, 0
0.4099, 0.40921, 0.23929, 0.48948, 0.41846, 0.4167, 0.17108, 0.2918, 0
0.46605, 0.46462, 0.23273, 0.47042, 0.47638, 0.47455, 0.18507, 0.30778, 1
0.44818, 0.43866, 0.17984, 0.48457, 0.44842, 0.4422, 0.0406, 0.04673, 1
0.45053, 0.44245, 0.2483, 0.4801, 0.45377, 0.45113, 0.01219, 0.02365, 0
0.45502, 0.44245, 0.28923, 0.47502, 0.45861, 0.45357, 0.04281, 0.04128, 1
0.44695, 0.43612, 0.27676, 0.48229, 0.45178, 0.44742, 0.03476, 0.03377, 0
0.44926, 0.44118, 0.34933, 0.48172, 0.45293, 0.44959, 0.00716, 0.02778, 0
0.44849, 0.44033, 0.36552, 0.47988, 0.45334, 0.45011, 0.0149, 0.01208, 0
0.44062, 0.4384, 0.33669, 0.48435, 0.43841, 0.43313, 0.02381, 0.07393, 0
0.44616, 0.43734, 0.30547, 0.48485, 0.44793, 0.44168, 0.02578, 0.03358, 0
0.44565, 0.43904, 0.27271, 0.47372, 0.45695, 0.45465, 0.06881, 0.02574, 0
0.44466, 0.43454, 0.28642, 0.47817, 0.45247, 0.44348, 0.03443, 0.00229, 0
0.09606, 0.10059, 0.27932, 0.63844, 0.10198, 0.10732, 0.08971, 0.08628, 0
0.45766, 0.44956, 0.27221, 0.46921, 0.46918, 0.46559, 0.07469, 0.08169, 1
0.4501, 0.44011, 0.25436, 0.48006, 0.45349, 0.44127, 0.03799, 0.02772, 1
0.45393, 0.44183, 0.23521, 0.47132, 0.46046, 0.45647, 0.01641, 0.05655, 1
0.46332, 0.45236, 0.25727, 0.47072, 0.4736, 0.46378, 0.05579, 0.03327, 1
0.4532, 0.44333, 0.29048, 0.47724, 0.45712, 0.44985, 0.01771, 0.03326, 1
0.45938, 0.46976, 0.16199, 0.47463, 0.4707, 0.46847, 0.3109, 0.36612, 0
0.44555, 0.43902, 0.17265, 0.47634, 0.4543, 0.44656, 0.04465, 0.01742, 0
0.44924, 0.43837, 0.16569, 0.47944, 0.45428, 0.44656, 0.03361, 0.04173, 1
0.46298, 0.45364, 0.36386, 0.47116, 0.46993, 0.4708, 0.0761, 0.17298, 1
0.45228, 0.44314, 0.44088, 0.47316, 0.46772, 0.45431, 0.03225, 0.03502, 0
0.45834, 0.44965, 0.47988, 0.46961, 0.46599, 0.46247, 0.0512, 0.04784, 1
0.44722, 0.43923, 0.43649, 0.4775, 0.45436, 0.45063, 0.0288, 0.02449, 0
0.44753, 0.44249, 0.1348, 0.4741, 0.45671, 0.45432, 0.0766, 0.05698, 0
0.44695, 0.4351, 0.1762, 0.48239, 0.44912, 0.43746, 0.07501, 0.11241, 1
0.44531, 0.43901, 0.17365, 0.48489, 0.44785, 0.43852, 0.01049, 0.11022, 0
0.44318, 0.43477, 0.34085, 0.48548, 0.44516, 0.43496, 0.04461, 0.03764, 0
0.44404, 0.43798, 0.3419, 0.48575, 0.44581, 0.43963, 0.01635, 0.04172, 0
0.45401, 0.4446, 0.17914, 0.47043, 0.46104, 0.45826, 0.0243, 0.05889, 1
0.45281, 0.44097, 0.13572, 0.47195, 0.4591, 0.4558, 0.01609, 0.03079, 1
0.45453, 0.44564, 0.26256, 0.47149, 0.46833, 0.46835, 0.08259, 0.09673, 0
0.45732, 0.44437, 0.27032, 0.47142, 0.47001, 0.46618, 0.02214, 0.08155, 1
0.45285, 0.44204, 0.41995, 0.47127, 0.4642, 0.45888, 0.01482, 0.05729, 0
0.45054, 0.43906, 0.51079, 0.48144, 0.45538, 0.44598, 0.04392, 0.04831, 1
0.45879, 0.44246, 0.45307, 0.47477, 0.47499, 0.47915, 0.00617, 0.05057, 1
0.51055, 0.48272, 0.38299, 0.47468, 0.50185, 0.47902, 0.33819, 0.64501, 1
0.45201, 0.44308, 0.37606, 0.48203, 0.45324, 0.44576, 0.02148, 0.03408, 1
0.4515, 0.44139, 0.37539, 0.4828, 0.45201, 0.44563, 0.03707, 0.02978, 1
0.38207, 0.37515, 0.59548, 0.51336, 0.39073, 0.39008, 0.04742, 0.04018, 0
0.45158, 0.44118, 0.51712, 0.47681, 0.45847, 0.46036, 0.01074, 0.01389, 0
0.44684, 0.43905, 0.35762, 0.47953, 0.45214, 0.4514, 0.0238, 0.0362, 0
0.45122, 0.4429, 0.33685, 0.4725, 0.45748, 0.45439, 0.02636, 0.07621, 0
0.45779, 0.44653, 0.27141, 0.47899, 0.45907, 0.45127, 0.04852, 0.03668, 1
0.44833, 0.43862, 0.16637, 0.47906, 0.45231, 0.44454, 0.02171, 0.04484, 0
0.4138, 0.39244, 0.1943, 0.48454, 0.40621, 0.38663, 0.39309, 0.43891, 0
0.46867, 0.46445, 0.20625, 0.46831, 0.48044, 0.48309, 0.18298, 0.03613, 1
0.48076, 0.46255, 0.22689, 0.47533, 0.47691, 0.46435, 0.17616, 0.17183, 1
0.45464, 0.44097, 0.20747, 0.48078, 0.45595, 0.44959, 0.07338, 0.0456, 1
0.43933, 0.42731, 0.19573, 0.48633, 0.43421, 0.42191, 0.14011, 0.09896, 1
0.45281, 0.44467, 0.5373, 0.47062, 0.4622, 0.45949, 0.04686, 0.04579, 0
0.48498, 0.46431, 0.55777, 0.47092, 0.48471, 0.47139, 0.18368, 0.2693, 1
0.45331, 0.45552, 0.10299, 0.47364, 0.46773, 0.46393, 0.20107, 0.19709, 0
0.41413, 0.41946, 0.15943, 0.47965, 0.43234, 0.43852, 0.24835, 0.28886, 0
0.46517, 0.45748, 0.16316, 0.47833, 0.46288, 0.44563, 0.09463, 0.22088, 1
0.40143, 0.41235, 0.15612, 0.48379, 0.41301, 0.4216, 0.27202, 0.2606, 0
0.45387, 0.44532, 0.15085, 0.47399, 0.46733, 0.4645, 0.05648, 0.04647, 0
0.44891, 0.43792, 0.15923, 0.48408, 0.44943, 0.44141, 0.06203, 0.05454, 1
0.47039, 0.45489, 0.15067, 0.47897, 0.46635, 0.45472, 0.13864, 0.11935, 1
0.45373, 0.44554, 0.11558, 0.47216, 0.46696, 0.47096, 0.08634, 0.03374, 0
0.4692, 0.46042, 0.26556, 0.47216, 0.47565, 0.46425, 0.09494, 0.13621, 1
0.42053, 0.41815, 0.28679, 0.48816, 0.42256, 0.41397, 0.11291, 0.13888, 0
0.45266, 0.44421, 0.13181, 0.48041, 0.45535, 0.44893, 0.01502, 0.02392, 1
0.49641, 0.47144, 0.13913, 0.47558, 0.48716, 0.4708, 0.27958, 0.12828, 1
0.45613, 0.4436, 0.27071, 0.47161, 0.46131, 0.45676, 0.03331, 0.05136, 1
0.45559, 0.44843, 0.28735, 0.47743, 0.45977, 0.45596, 0.04448, 0.04914, 1
0.43198, 0.43048, 0.35405, 0.48468, 0.43605, 0.43938, 0.09709, 0.09922, 0
0.46704, 0.45804, 0.3652, 0.46961, 0.47074, 0.47014, 0.0871, 0.02227, 1
0.41031, 0.40969, 0.36638, 0.47995, 0.42607, 0.43539, 0.21603, 0.24281, 0
0.45066, 0.44294, 0.25138, 0.4743, 0.45846, 0.4513, 0.02707, 0.02608, 0
0.45253, 0.4425, 0.23853, 0.47197, 0.45953, 0.45343, 0.00636, 0.00812, 1
0.44998, 0.44074, 0.18535, 0.48452, 0.45398, 0.44784, 0.01122, 0.00703, 1
0.45178, 0.44269, 0.47684, 0.4728, 0.46032, 0.45442, 0.01777, 0.02527, 0
0.44639, 0.43839, 0.1505, 0.48397, 0.44966, 0.44139, 0.0145, 0.00793, 0
0.50192, 0.48903, 0.12233, 0.46546, 0.50856, 0.50339, 0.23225, 0.21615, 1
0.46917, 0.45004, 0.14871, 0.47042, 0.47677, 0.46843, 0.09178, 0.15712, 1
0.44798, 0.43989, 0.1498, 0.48319, 0.44442, 0.43081, 0.06147, 0.03692, 1
0.44255, 0.43688, 0.15025, 0.48405, 0.44051, 0.43486, 0.02525, 0.03251, 0
0.42794, 0.4259, 0.14686, 0.48115, 0.4396, 0.44332, 0.1383, 0.10538, 0
0.45275, 0.43623, 0.15577, 0.47854, 0.45379, 0.44123, 0.13359, 0.14151, 1
0.47647, 0.45699, 0.43376, 0.47819, 0.46978, 0.45386, 0.20068, 0.19924, 1
0.44777, 0.43842, 0.40659, 0.48111, 0.44776, 0.43592, 0.05675, 0.02789, 1
0.44873, 0.44097, 0.3968, 0.4818, 0.44812, 0.43476, 0.03026, 0.03152, 1
0.44758, 0.43991, 0.38563, 0.48273, 0.44748, 0.44224, 0.01882, 0.01487, 1
0.45897, 0.44629, 0.27336, 0.47989, 0.45908, 0.45011, 0.07192, 0.07213, 1
0.44773, 0.43736, 0.18197, 0.47551, 0.45447, 0.45088, 0.01881, 0.03563, 0
0.40842, 0.41193, 0.24232, 0.47645, 0.43736, 0.44364, 0.29166, 0.35601, 0
0.4695, 0.46737, 0.26538, 0.47041, 0.50182, 0.5028, 0.3104, 0.3561, 0
0.47478, 0.45085, 0.27882, 0.47089, 0.50047, 0.49763, 0.04937, 0.14252, 1
0.45091, 0.44225, 0.2822, 0.47341, 0.45929, 0.45516, 0.02728, 0.01595, 0
0.4497, 0.44204, 0.30204, 0.4728, 0.45787, 0.45335, 0.03598, 0.06658, 0
0.47569, 0.46836, 0.24732, 0.47533, 0.47614, 0.46891, 0.13145, 0.12623, 1
0.44607, 0.43563, 0.21766, 0.48071, 0.45187, 0.44065, 0.04186, 0.05309, 0
0.44993, 0.44033, 0.22696, 0.48332, 0.45358, 0.44583, 0.02182, 0.02411, 1
0.43997, 0.43456, 0.23598, 0.48503, 0.44644, 0.44363, 0.05203, 0.07457, 0
0.44765, 0.44161, 0.24796, 0.48048, 0.45253, 0.44752, 0.02864, 0.00821, 0
0.45781, 0.44546, 0.27737, 0.47149, 0.47017, 0.47008, 0.03246, 0.04856, 1
0.46657, 0.44931, 0.26853, 0.47203, 0.47306, 0.46191, 0.08793, 0.05997, 1
0.46179, 0.44846, 0.18677, 0.47002, 0.46969, 0.46399, 0.04116, 0.05006, 1
0.44515, 0.43926, 0.17996, 0.47721, 0.45356, 0.44661, 0.04566, 0.05432, 0
0.45208, 0.44204, 0.38777, 0.47398, 0.45894, 0.45101, 0.00544, 0.00819, 1
0.45247, 0.44076, 0.38349, 0.47371, 0.45879, 0.45243, 0.02149, 0.02084, 1
0.44842, 0.44054, 0.37248, 0.47729, 0.45511, 0.44869, 0.01985, 0.00602, 0
0.5718, 0.55868, 0.36755, 0.40816, 0.58063, 0.57339, 0.06279, 0.00991, 1
0.44431, 0.43738, 0.36543, 0.48087, 0.44974, 0.44883, 0.03984, 0.03726, 0
0.4535, 0.44521, 0.34333, 0.47307, 0.46001, 0.4605, 0.03881, 0.01704, 0
0.44546, 0.43738, 0.26485, 0.48518, 0.44973, 0.44267, 0.01871, 0.02004, 0
0.45609, 0.44711, 0.12423, 0.46665, 0.46303, 0.45832, 0.03564, 0.02515, 1
0.45513, 0.44436, 0.1299, 0.47102, 0.46093, 0.4537, 0.01971, 0.02936, 1
0.44818, 0.43822, 0.1283, 0.4802, 0.45361, 0.44741, 0.02012, 0.03798, 0
0.4506, 0.4414, 0.31081, 0.47235, 0.46849, 0.46226, 0.06954, 0.06969, 0
0.43671, 0.40277, 0.43423, 0.48244, 0.4129, 0.37487, 0.56852, 0.58815, 1
0.4415, 0.43674, 0.23819, 0.4825, 0.44766, 0.44665, 0.06215, 0.05078, 0
0.42614, 0.42636, 0.21016, 0.47786, 0.44228, 0.44741, 0.18431, 0.17296, 0
0.41914, 0.41095, 0.16947, 0.4903, 0.42109, 0.41295, 0.15465, 0.09889, 0
0.4262, 0.42596, 0.14616, 0.48771, 0.43196, 0.42974, 0.11219, 0.13032, 0
0.47372, 0.46428, 0.12892, 0.46986, 0.477, 0.47181, 0.11313, 0.10853, 1
0.46165, 0.45453, 0.11026, 0.47044, 0.47028, 0.46565, 0.09445, 0.06067, 1
0.45129, 0.44161, 0.09829, 0.47172, 0.45868, 0.45537, 0.01429, 0.02562, 0
0.45253, 0.44267, 0.09632, 0.47192, 0.45969, 0.45383, 0.0089, 0.02006, 1
0.45236, 0.4433, 0.12853, 0.48089, 0.45573, 0.44754, 0.01744, 0.04505, 1
0.44485, 0.43695, 0.12519, 0.48603, 0.44927, 0.44409, 0.02071, 0.03337, 0
0.45543, 0.44351, 0.17649, 0.47311, 0.46278, 0.46064, 0.01674, 0.03529, 1
0.44991, 0.44224, 0.21708, 0.4832, 0.45333, 0.44626, 0.00541, 0.01968, 1
0.46456, 0.45199, 0.20974, 0.47364, 0.46827, 0.45807, 0.06403, 0.08366, 1
0.45811, 0.44923, 0.19904, 0.46738, 0.46444, 0.45832, 0.04269, 0.04443, 1
0.45585, 0.44309, 0.16529, 0.47255, 0.46162, 0.45806, 0.02476, 0.04727, 1
0.44519, 0.43991, 0.15099, 0.4743, 0.4564, 0.45665, 0.08515, 0.07848, 0
0.51192, 0.50264, 0.13303, 0.43356, 0.51775, 0.50983, 0.00541, 0.04614, 1
0.44725, 0.44161, 0.14679, 0.48352, 0.44833, 0.44257, 0.01424, 0.04163, 0
0.44361, 0.43781, 0.14707, 0.48234, 0.44786, 0.4473, 0.04205, 0.03618, 0
0.44889, 0.43887, 0.14768, 0.48413, 0.44873, 0.44117, 0.04883, 0.04754, 1
0.45132, 0.44266, 0.16261, 0.4795, 0.4573, 0.4519, 0.01426, 0.03515, 0
0.44564, 0.43781, 0.16365, 0.47937, 0.45318, 0.45139, 0.03258, 0.03572, 0
0.45578, 0.44625, 0.16615, 0.47049, 0.46273, 0.4583, 0.02824, 0.04108, 1
0.47033, 0.45618, 0.18929, 0.46872, 0.4852, 0.48275, 0.07835, 0.08715, 1
0.44189, 0.41997, 0.16726, 0.48146, 0.44241, 0.43216, 0.22014, 0.31105, 1
0.45064, 0.44412, 0.158, 0.4811, 0.44873, 0.43471, 0.04445, 0.04692, 1
0.42344, 0.41847, 0.13087, 0.47828, 0.43983, 0.43876, 0.14734, 0.18105, 0
0.43883, 0.43296, 0.29094, 0.47719, 0.44747, 0.44538, 0.06751, 0.0596, 0
0.45344, 0.4414, 0.26859, 0.47308, 0.46208, 0.45358, 0.01951, 0.02937, 1
0.50121, 0.46637, 0.21391, 0.4761, 0.49061, 0.47602, 0.35575, 0.35611, 1
0.5216, 0.50179, 0.19476, 0.47098, 0.52455, 0.5341, 0.29299, 0.35287, 1
0.42907, 0.42166, 0.36648, 0.48915, 0.43413, 0.4267, 0.09481, 0.1543, 0
0.45993, 0.44565, 0.37694, 0.47438, 0.46396, 0.45977, 0.06247, 0.06916, 1
0.44143, 0.43226, 0.37767, 0.48252, 0.44589, 0.43775, 0.04802, 0.07788, 0
0.44951, 0.44076, 0.29937, 0.48402, 0.45252, 0.44586, 0.01084, 0.02075, 1
0.40103, 0.4001, 0.28124, 0.48993, 0.40817, 0.40788, 0.20719, 0.19208, 0
0.43083, 0.41595, 0.25601, 0.48258, 0.43582, 0.4334, 0.1418, 0.1533, 0
0.45056, 0.43927, 0.13295, 0.48142, 0.45574, 0.44534, 0.04192, 0.03341, 1
0.46574, 0.45117, 0.14969, 0.47943, 0.46341, 0.45062, 0.11862, 0.16461, 1
0.45604, 0.44479, 0.1698, 0.47826, 0.45832, 0.44805, 0.05095, 0.05301, 1
0.41035, 0.40408, 0.21918, 0.4905, 0.41599, 0.40963, 0.18012, 0.20182, 0
0.43021, 0.41554, 0.21311, 0.48549, 0.42712, 0.42057, 0.19763, 0.17311, 0
0.43912, 0.43504, 0.2252, 0.48292, 0.43967, 0.44202, 0.04225, 0.04923, 0
0.44886, 0.43991, 0.22684, 0.48434, 0.4504, 0.4442, 0.02211, 0.00814, 1
0.44321, 0.43652, 0.19829, 0.4769, 0.45135, 0.45049, 0.05446, 0.0185, 0
0.45427, 0.44606, 0.19707, 0.46982, 0.46332, 0.46129, 0.05335, 0.04127, 0
0.44896, 0.43927, 0.20108, 0.47573, 0.45604, 0.44831, 0.00938, 0.01707, 0
0.45195, 0.44076, 0.17841, 0.48242, 0.45558, 0.44728, 0.03904, 0.04314, 1
0.42952, 0.41216, 0.17843, 0.48282, 0.43142, 0.41519, 0.20558, 0.19432, 0
0.45442, 0.43991, 0.16786, 0.47287, 0.46683, 0.45888, 0.01551, 0.0104, 1
0.46118, 0.46799, 0.16725, 0.47641, 0.46743, 0.46339, 0.24345, 0.24045, 1
0.45763, 0.44522, 0.14983, 0.47594, 0.46043, 0.45075, 0.0551, 0.06011, 1
0.44452, 0.43502, 0.15106, 0.48725, 0.44707, 0.43891, 0.04496, 0.00392, 0
0.44452, 0.43376, 0.16003, 0.48554, 0.44146, 0.43225, 0.09066, 0.086, 1
0.4152, 0.4202, 0.15697, 0.48625, 0.423, 0.42403, 0.18443, 0.19668, 0
0.45396, 0.44288, 0.1261, 0.48087, 0.45816, 0.44869, 0.03993, 0.02757, 1
0.4394, 0.42382, 0.11268, 0.48591, 0.43279, 0.42239, 0.18942, 0.19754, 1
0.44222, 0.43398, 0.17542, 0.48631, 0.44432, 0.43779, 0.04267, 0.08194, 0
0.45085, 0.44244, 0.43381, 0.48132, 0.45494, 0.44986, 0.007, 0.00804, 1
0.45186, 0.44056, 0.42988, 0.4782, 0.45617, 0.44872, 0.03332, 0.03708, 1
0.45237, 0.44327, 0.28824, 0.47379, 0.45712, 0.45391, 0.01226, 0.01606, 1
0.44814, 0.4393, 0.30047, 0.47973, 0.45659, 0.44909, 0.01529, 0.07954, 0
0.44451, 0.43866, 0.34157, 0.47367, 0.45893, 0.45648, 0.08872, 0.06726, 0
0.45504, 0.44579, 0.52644, 0.46791, 0.4581, 0.45417, 0.02224, 0.02576, 1
0.44016, 0.4349, 0.48339, 0.48121, 0.44716, 0.44351, 0.05761, 0.08045, 0
0.42354, 0.41606, 0.35937, 0.49073, 0.42857, 0.4236, 0.12202, 0.12227, 0
0.32183, 0.31511, 0.42618, 0.58324, 0.32397, 0.32362, 0.02724, 0.03472, 0
0.47941, 0.4774, 0.434, 0.46888, 0.5041, 0.51493, 0.32832, 0.43587, 1
0.48897, 0.46547, 0.28224, 0.47531, 0.4824, 0.46803, 0.24362, 0.27584, 1
0.44891, 0.4395, 0.25243, 0.47761, 0.45472, 0.45727, 0.00815, 0.07436, 0
0.46988, 0.46054, 0.24416, 0.46648, 0.47869, 0.47382, 0.10398, 0.03018, 1
0.45365, 0.43698, 0.23834, 0.4759, 0.45936, 0.45367, 0.08329, 0.03742, 1
0.45627, 0.44413, 0.22512, 0.47428, 0.46039, 0.45151, 0.04448, 0.04327, 1
0.44946, 0.43719, 0.20441, 0.48112, 0.45336, 0.44884, 0.04792, 0.11728, 1
0.43616, 0.42606, 0.20473, 0.48242, 0.44234, 0.4356, 0.0782, 0.0646, 0
0.4513, 0.44203, 0.29914, 0.47167, 0.45716, 0.45408, 0.01137, 0.00983, 0
0.44797, 0.46189, 0.30568, 0.47777, 0.45678, 0.45907, 0.32311, 0.33393, 0
0.45697, 0.44583, 0.30911, 0.4822, 0.45506, 0.44358, 0.07743, 0.06435, 1
0.44888, 0.43968, 0.29258, 0.48433, 0.45, 0.4444, 0.02781, 0.02806, 1
0.44531, 0.43776, 0.31857, 0.48374, 0.44796, 0.44272, 0.01652, 0.00603, 0
0.45343, 0.4414, 0.24552, 0.47412, 0.46084, 0.45115, 0.02691, 0.03384, 1
0.44921, 0.44012, 0.37604, 0.48147, 0.44956, 0.43732, 0.04484, 0.01818, 1
0.45048, 0.44033, 0.32282, 0.47495, 0.46044, 0.45141, 0.00829, 0.00997, 0
0.44909, 0.44033, 0.30378, 0.47403, 0.45879, 0.45141, 0.02192, 0.02183, 0
0.45598, 0.44526, 0.28605, 0.46723, 0.46372, 0.45583, 0.02041, 0.01374, 1
0.44657, 0.43737, 0.21266, 0.47486, 0.4565, 0.45319, 0.03679, 0.03585, 0
0.45997, 0.44753, 0.18241, 0.47679, 0.46154, 0.44665, 0.06127, 0.07262, 1
0.45219, 0.44668, 0.18816, 0.48144, 0.45259, 0.44665, 0.03185, 0.05326, 1
0.46415, 0.45791, 0.16368, 0.46828, 0.4757, 0.47641, 0.13193, 0.22538, 1
0.44889, 0.43818, 0.40762, 0.48449, 0.44768, 0.43893, 0.06613, 0.05878, 1
0.44321, 0.43989, 0.41079, 0.47346, 0.45978, 0.46027, 0.1439, 0.06696, 0
0.45676, 0.45173, 0.39259, 0.47595, 0.4632, 0.45807, 0.07822, 0.1052, 1
0.46798, 0.45259, 0.35836, 0.47497, 0.46846, 0.46067, 0.107, 0.09015, 1
0.45058, 0.44054, 0.2801, 0.48012, 0.4536, 0.45076, 0.02357, 0.02864, 1
0.44515, 0.43989, 0.23024, 0.4744, 0.45533, 0.45623, 0.08648, 0.0637, 0
0.45042, 0.44526, 0.22337, 0.48217, 0.44861, 0.44127, 0.02039, 0.06655, 1
0.4396, 0.43496, 0.11905, 0.47933, 0.44856, 0.44595, 0.07943, 0.06524, 0
0.45344, 0.44247, 0.12951, 0.47868, 0.45537, 0.44946, 0.03285, 0.05838, 1
0.45419, 0.44268, 0.13473, 0.4805, 0.45429, 0.44829, 0.05601, 0.08816, 1
0.42318, 0.4215, 0.14632, 0.4862, 0.43032, 0.4326, 0.12803, 0.17405, 0
0.45001, 0.44118, 0.25197, 0.4721, 0.45993, 0.4595, 0.04611, 0.07024, 0
0.42273, 0.42151, 0.22613, 0.4806, 0.43346, 0.43575, 0.14633, 0.16388, 0
0.43212, 0.43064, 0.15364, 0.48239, 0.43913, 0.4404, 0.11414, 0.13123, 0
0.45057, 0.44309, 0.18798, 0.47465, 0.46044, 0.45204, 0.03493, 0.01795, 0
0.4612, 0.45094, 0.30318, 0.47424, 0.46377, 0.45602, 0.05167, 0.05386, 1
0.43526, 0.43207, 0.30442, 0.48151, 0.44398, 0.44304, 0.09732, 0.06918, 0
0.4602, 0.45095, 0.31546, 0.46941, 0.46774, 0.46401, 0.05503, 0.05325, 1
0.44034, 0.43461, 0.20525, 0.47883, 0.44841, 0.44767, 0.06651, 0.08173, 0
0.41784, 0.42278, 0.28812, 0.48098, 0.42816, 0.44751, 0.22242, 0.26952, 0
0.45008, 0.4414, 0.236, 0.47944, 0.45714, 0.44919, 0.00549, 0.00606, 0
0.44492, 0.43839, 0.29933, 0.48252, 0.45099, 0.4475, 0.03669, 0.01998, 0
0.45226, 0.44269, 0.11518, 0.47099, 0.4571, 0.45323, 0.00747, 0.00793, 1
0.45373, 0.44011, 0.11475, 0.47391, 0.46075, 0.45402, 0.03454, 0.0496, 1
0.45069, 0.44183, 0.10487, 0.47759, 0.45656, 0.44776, 0.00359, 0.00397, 1
0.4447, 0.43474, 0.10515, 0.48774, 0.44744, 0.44021, 0.0475, 0.04351, 0
0.46214, 0.45513, 0.1894, 0.46906, 0.47724, 0.47612, 0.12544, 0.06565, 1
0.44837, 0.4414, 0.22478, 0.48233, 0.4462, 0.42792, 0.06264, 0.08145, 1
0.30445, 0.29842, 0.24715, 0.52408, 0.31253, 0.31759, 0.04635, 0.05028, 0
0.44835, 0.44553, 0.31322, 0.47288, 0.46215, 0.45905, 0.12875, 0.12839, 0
0.44759, 0.4386, 0.40652, 0.48162, 0.45322, 0.4445, 0.01438, 0.04637, 0
0.43874, 0.43465, 0.1954, 0.48372, 0.44738, 0.44245, 0.06309, 0.03277, 0
0.13756, 0.11957, 0.30755, 0.53381, 0.12763, 0.11614, 0.28745, 0.24485, 0
0.43628, 0.43577, 0.24298, 0.48156, 0.42742, 0.40219, 0.08556, 0.07401, 1
0.44871, 0.43454, 0.09826, 0.47527, 0.45388, 0.45193, 0.06107, 0.03742, 0
0.45582, 0.4444, 0.12343, 0.48209, 0.45496, 0.44582, 0.06803, 0.0674, 1
0.44692, 0.42516, 0.17784, 0.48245, 0.44337, 0.4356, 0.21616, 0.23371, 1
0.45118, 0.44161, 0.22111, 0.47225, 0.45863, 0.45776, 0.02156, 0.0158, 0
0.45602, 0.44461, 0.22502, 0.47168, 0.46226, 0.45646, 0.0197, 0.02415, 1
0.43814, 0.43231, 0.24289, 0.4821, 0.44217, 0.44433, 0.05972, 0.02662, 0
0.46712, 0.45486, 0.24455, 0.46753, 0.47633, 0.47602, 0.07138, 0.09773, 1
0.45676, 0.44577, 0.25425, 0.47199, 0.4617, 0.45725, 0.02755, 0.0, 1
0.44926, 0.44118, 0.27106, 0.47955, 0.45378, 0.44733, 0.00365, 0.0, 0
0.45349, 0.44358, 0.2691, 0.47963, 0.45707, 0.45024, 0.02009, 0.02094, 1
0.45085, 0.43288, 0.20833, 0.47368, 0.4644, 0.46269, 0.05185, 0.08994, 0
0.44858, 0.43987, 0.20672, 0.47414, 0.46234, 0.46071, 0.04794, 0.03206, 0
0.45988, 0.44797, 0.20018, 0.47319, 0.47075, 0.45753, 0.03279, 0.049, 1
0.4673, 0.45778, 0.15021, 0.4746, 0.46895, 0.45871, 0.08082, 0.00233, 1
0.46211, 0.46391, 0.12594, 0.47096, 0.48135, 0.49129, 0.29169, 0.22835, 0
0.45127, 0.44227, 0.11948, 0.48325, 0.45085, 0.44377, 0.035, 0.01859, 1
0.45359, 0.44576, 0.14908, 0.48002, 0.45546, 0.45209, 0.02275, 0.02065, 1
0.67925, 0.6642, 0.35059, 0.36894, 0.68417, 0.67012, 0.03106, 0.11823, 1
0.24583, 0.24469, 0.3579, 0.5313, 0.25308, 0.25639, 0.10358, 0.0069, 0
0.448, 0.43987, 0.39945, 0.47585, 0.45683, 0.45037, 0.02281, 0.0511, 0
0.44924, 0.44162, 0.36209, 0.47226, 0.45752, 0.45724, 0.05107, 0.03425, 0
0.44895, 0.43769, 0.37662, 0.47458, 0.45707, 0.45063, 0.02009, 0.0093, 0
0.45083, 0.44315, 0.35859, 0.47213, 0.46111, 0.45606, 0.05018, 0.02221, 0
0.68526, 0.66925, 0.35756, 0.36276, 0.69017, 0.67781, 0.07053, 0.01417, 1
0.46926, 0.45967, 0.44887, 0.47783, 0.46629, 0.4587, 0.09488, 0.00826, 1
0.44781, 0.44397, 0.49233, 0.48148, 0.44904, 0.44751, 0.04341, 0.05611, 0
0.44124, 0.44054, 0.31555, 0.48381, 0.44018, 0.43488, 0.05574, 0.04733, 0
0.4511, 0.44334, 0.28984, 0.47339, 0.45925, 0.46054, 0.05494, 0.03212, 0
0.45039, 0.44097, 0.29096, 0.4723, 0.46001, 0.45872, 0.03779, 0.05368, 0
0.45847, 0.44765, 0.29167, 0.47011, 0.46915, 0.46408, 0.04012, 0.04378, 1
0.45109, 0.43903, 0.29675, 0.47341, 0.46056, 0.45402, 0.01499, 0.0242, 0
0.45436, 0.44355, 0.29053, 0.47319, 0.46178, 0.45298, 0.01702, 0.02709, 1
0.46246, 0.44829, 0.24136, 0.47834, 0.46261, 0.45402, 0.08794, 0.13139, 1
0.61194, 0.59883, 0.26128, 0.43792, 0.61458, 0.60521, 0.04041, 0.04966, 1
0.44071, 0.43245, 0.30927, 0.48019, 0.44747, 0.44572, 0.04511, 0.02679, 0
0.45968, 0.44502, 0.13324, 0.47073, 0.46379, 0.45888, 0.05651, 0.01637, 1
0.43925, 0.44182, 0.25743, 0.48409, 0.43448, 0.42202, 0.04117, 0.04105, 0
0.45315, 0.4446, 0.27552, 0.47983, 0.45326, 0.45865, 0.0165, 0.01206, 1
0.44748, 0.43841, 0.28399, 0.47961, 0.44933, 0.44985, 0.01443, 0.02411, 0
0.47748, 0.47869, 0.2732, 0.47011, 0.48891, 0.48765, 0.2689, 0.27268, 1
0.45423, 0.44118, 0.27503, 0.47385, 0.46422, 0.46138, 0.01808, 0.01998, 1
0.45932, 0.44573, 0.27254, 0.47143, 0.46505, 0.4568, 0.05355, 0.04713, 1
0.45506, 0.44443, 0.24979, 0.46983, 0.46198, 0.45561, 0.01657, 0.0122, 1
0.45833, 0.4468, 0.24742, 0.47551, 0.46167, 0.4526, 0.04813, 0.02997, 1
0.44206, 0.43319, 0.25018, 0.48946, 0.4459, 0.43846, 0.04338, 0.02656, 0
0.42128, 0.42177, 0.31113, 0.48026, 0.43457, 0.44043, 0.17808, 0.19816, 0
0.4422, 0.43553, 0.39482, 0.47494, 0.45975, 0.45182, 0.08113, 0.06384, 0
0.4637, 0.44618, 0.45056, 0.47756, 0.4628, 0.4559, 0.12408, 0.14473, 1
0.45462, 0.44988, 0.37567, 0.47222, 0.46452, 0.45761, 0.09027, 0.04855, 0
0.45496, 0.44183, 0.27834, 0.47254, 0.46249, 0.46009, 0.0166, 0.02015, 1
0.45673, 0.44946, 0.48202, 0.47003, 0.46318, 0.4613, 0.06237, 0.04023, 1
0.44319, 0.43502, 0.36474, 0.48402, 0.44928, 0.44457, 0.03104, 0.01586, 0
0.45821, 0.44778, 0.18812, 0.47625, 0.46173, 0.45527, 0.03737, 0.04883, 1
0.4435, 0.43736, 0.21674, 0.485, 0.44481, 0.43568, 0.01978, 0.04985, 0
0.45467, 0.44586, 0.19643, 0.47788, 0.4587, 0.45707, 0.02497, 0.04163, 1
0.44565, 0.43672, 0.17547, 0.47985, 0.45122, 0.44998, 0.02331, 0.04162, 0
0.4497, 0.44226, 0.22042, 0.47738, 0.45366, 0.45271, 0.02745, 0.01503, 0
0.4519, 0.44291, 0.24254, 0.47739, 0.45556, 0.44945, 0.011, 0.02192, 1
0.44163, 0.43666, 0.28227, 0.48439, 0.44707, 0.44501, 0.0533, 0.05906, 0
0.45242, 0.44205, 0.3028, 0.47489, 0.45762, 0.45181, 0.01159, 0.04524, 1
0.21701, 0.20682, 0.28311, 0.62336, 0.21597, 0.21476, 0.08926, 0.08445, 0
0.62638, 0.60613, 0.17444, 0.38167, 0.6327, 0.61697, 0.09798, 0.08745, 1
0.44522, 0.43459, 0.2484, 0.4864, 0.44487, 0.43902, 0.06364, 0.05305, 0
0.45157, 0.44225, 0.26537, 0.47273, 0.45923, 0.45424, 0.01683, 0.05205, 0
0.45369, 0.44225, 0.26954, 0.471, 0.46332, 0.45864, 0.00742, 0.0444, 1
0.47149, 0.45209, 0.2819, 0.47304, 0.4764, 0.46242, 0.13736, 0.16661, 1
0.45487, 0.44524, 0.26463, 0.48164, 0.45496, 0.4461, 0.04225, 0.03009, 1
0.45159, 0.43862, 0.25155, 0.47587, 0.45608, 0.44959, 0.04797, 0.07295, 1
0.43066, 0.42796, 0.25195, 0.48083, 0.44058, 0.43848, 0.10671, 0.05518, 0
0.46973, 0.45719, 0.23421, 0.4744, 0.47055, 0.45735, 0.09501, 0.12824, 1
0.46394, 0.44374, 0.22918, 0.48101, 0.45643, 0.44197, 0.21045, 0.09539, 1
0.45085, 0.43862, 0.22209, 0.47274, 0.46837, 0.47419, 0.06197, 0.09079, 0
0.45671, 0.44118, 0.22801, 0.47431, 0.46692, 0.45373, 0.05359, 0.07325, 1
0.44651, 0.43841, 0.17324, 0.486, 0.44919, 0.44455, 0.01441, 0.01575, 0
0.45205, 0.44097, 0.41451, 0.48292, 0.45509, 0.4438, 0.05258, 0.06047, 1
0.43918, 0.43579, 0.24495, 0.47417, 0.45209, 0.45887, 0.13782, 0.10199, 0
0.44943, 0.43881, 0.18155, 0.47421, 0.45691, 0.45312, 0.0116, 0.00798, 0
0.45438, 0.44507, 0.17375, 0.46693, 0.46125, 0.45561, 0.02167, 0.02793, 1
0.44528, 0.43211, 0.1787, 0.47757, 0.4531, 0.44775, 0.05456, 0.03931, 0
0.44917, 0.43837, 0.16913, 0.48053, 0.4538, 0.44801, 0.02711, 0.02942, 0
0.44864, 0.44053, 0.39066, 0.48084, 0.45364, 0.44891, 0.01315, 0.00931, 0
0.45291, 0.44446, 0.33772, 0.47169, 0.4592, 0.45606, 0.0285, 0.03025, 1
0.44808, 0.44097, 0.25362, 0.47831, 0.45461, 0.45169, 0.03467, 0.03693, 0
0.45091, 0.44097, 0.17212, 0.4737, 0.45737, 0.45209, 0.00211, 0.0222, 0
0.46564, 0.45188, 0.127, 0.47174, 0.4682, 0.46003, 0.07659, 0.12304, 1
0.44425, 0.43225, 0.12604, 0.4864, 0.44559, 0.43769, 0.08313, 0.11871, 0
0.69699, 0.67806, 0.1425, 0.20914, 0.70831, 0.69104, 0.04819, 0.03746, 1
0.43935, 0.42751, 0.18207, 0.47775, 0.45008, 0.44432, 0.06796, 0.01977, 0
0.4461, 0.43727, 0.34733, 0.47604, 0.45532, 0.44931, 0.02386, 0.01228, 0
0.4476, 0.4401, 0.38484, 0.47931, 0.45344, 0.45024, 0.03137, 0.07652, 0
0.44613, 0.43818, 0.28861, 0.47646, 0.45276, 0.44985, 0.02903, 0.02581, 0
0.44286, 0.43324, 0.2543, 0.48366, 0.44862, 0.4436, 0.03939, 0.03853, 0
0.41355, 0.41094, 0.22249, 0.48862, 0.42174, 0.4193, 0.15746, 0.18872, 0
0.45665, 0.44783, 0.24126, 0.47606, 0.46664, 0.46467, 0.05226, 0.03299, 1
0.44555, 0.44377, 0.2353, 0.47333, 0.46349, 0.46419, 0.1587, 0.17723, 0
0.44525, 0.4358, 0.18735, 0.47843, 0.45122, 0.44528, 0.02749, 0.09776, 0
0.43953, 0.4317, 0.20726, 0.48954, 0.44417, 0.43783, 0.04589, 0.04135, 0
0.45707, 0.44615, 0.18535, 0.47092, 0.46211, 0.45547, 0.02892, 0.03924, 1
0.45268, 0.44269, 0.20731, 0.47905, 0.45508, 0.44672, 0.02446, 0.04813, 1
0.45002, 0.44204, 0.22999, 0.48122, 0.45168, 0.44789, 0.00415, 0.00229, 1
0.42831, 0.4255, 0.23392, 0.48505, 0.43577, 0.43656, 0.10813, 0.07926, 0
0.45234, 0.44355, 0.22648, 0.47633, 0.45789, 0.45428, 0.01453, 0.01606, 1
0.44636, 0.43623, 0.22329, 0.47576, 0.4544, 0.45154, 0.02552, 0.02819, 0
0.4553, 0.44511, 0.20026, 0.47256, 0.45939, 0.45513, 0.02189, 0.00233, 1
0.43196, 0.42701, 0.29191, 0.48115, 0.44186, 0.4394, 0.09353, 0.11419, 0
0.47302, 0.46194, 0.29784, 0.4654, 0.47932, 0.47341, 0.10058, 0.11673, 1
0.45601, 0.45145, 0.29111, 0.47143, 0.46684, 0.46414, 0.10551, 0.10801, 0
0.44353, 0.43638, 0.23156, 0.48833, 0.44771, 0.4415, 0.02431, 0.02861, 0
0.44689, 0.43616, 0.20175, 0.47779, 0.45308, 0.44971, 0.02742, 0.01068, 0
0.46066, 0.45748, 0.19317, 0.47681, 0.46259, 0.47142, 0.11924, 0.11549, 1
0.45429, 0.44357, 0.14283, 0.47411, 0.45943, 0.45851, 0.01165, 0.04179, 1
0.43788, 0.43577, 0.17004, 0.47923, 0.44713, 0.44879, 0.10992, 0.11387, 0
0.43457, 0.42281, 0.30131, 0.48438, 0.43167, 0.41905, 0.14431, 0.15684, 1
0.45275, 0.44789, 0.29852, 0.48272, 0.44905, 0.43792, 0.03622, 0.05549, 0
0.44957, 0.43772, 0.23659, 0.48236, 0.45461, 0.44524, 0.05, 0.05001, 0
0.44547, 0.4388, 0.1786, 0.48004, 0.45227, 0.44971, 0.03975, 0.0349, 1
0.47589, 0.45961, 0.14445, 0.47342, 0.47484, 0.46127, 0.13908, 0.1528, 1
0.45959, 0.44876, 0.15562, 0.46935, 0.46388, 0.46007, 0.03764, 0.05598, 0
0.44589, 0.4388, 0.18499, 0.47373, 0.45757, 0.45457, 0.06439, 0.05604, 0
0.47169, 0.45528, 0.1804, 0.47316, 0.47342, 0.46154, 0.11773, 0.15033, 1
0.45234, 0.44504, 0.24785, 0.47547, 0.4595, 0.46113, 0.04678, 0.05168, 1
0.44856, 0.4399, 0.34516, 0.48334, 0.4527, 0.44479, 0.01239, 0.01645, 1
0.44659, 0.4384, 0.37768, 0.48458, 0.45026, 0.44544, 0.01353, 0.03539, 0
0.4521, 0.44396, 0.34189, 0.48114, 0.45147, 0.44558, 0.0183, 0.02085, 0
0.47551, 0.46021, 0.18804, 0.46756, 0.47901, 0.47045, 0.10913, 0.11573, 0
0.4399, 0.43948, 0.15748, 0.48021, 0.44794, 0.44351, 0.10383, 0.10499, 0
0.46689, 0.4688, 0.18507, 0.46999, 0.48406, 0.48596, 0.26973, 0.30964, 0
0.45565, 0.44184, 0.22759, 0.47329, 0.46916, 0.46777, 0.0063, 0.01448, 1
0.724, 0.71152, 0.43692, 0.39505, 0.74018, 0.72983, 0.10741, 0.05619, 0
0.43064, 0.42663, 0.45781, 0.48899, 0.43458, 0.42624, 0.07248, 0.0396, 1
0.46452, 0.45683, 0.44812, 0.47734, 0.4665, 0.45946, 0.07605, 0.05939, 0
0.45793, 0.44826, 0.37235, 0.47352, 0.46251, 0.45621, 0.03418, 0.05388, 0
0.21105, 0.19855, 0.33818, 0.58078, 0.20837, 0.20789, 0.13029, 0.08496, 1
0.46687, 0.45575, 0.10333, 0.47041, 0.47322, 0.46413, 0.07066, 0.06636, 1
0.43993, 0.43371, 0.10795, 0.48576, 0.44073, 0.43095, 0.03818, 0.04673, 0
0.44415, 0.44054, 0.11039, 0.48231, 0.44809, 0.4457, 0.05546, 0.04177, 0
0.46342, 0.44996, 0.11539, 0.4706, 0.4671, 0.46437, 0.05658, 0.05044, 1
0.4477, 0.43992, 0.35018, 0.47865, 0.4523, 0.43729, 0.00612, 0.02439, 1
0.46983, 0.45419, 0.37522, 0.4747, 0.4783, 0.45851, 0.10186, 0.0514, 0
0.43718, 0.42629, 0.37439, 0.48823, 0.44344, 0.42844, 0.09628, 0.07942, 1
0.47204, 0.45586, 0.19327, 0.4764, 0.47048, 0.45782, 0.13542, 0.0083, 0
0.45146, 0.44418, 0.36747, 0.47159, 0.4565, 0.45608, 0.04195, 0.02384, 0
0.45088, 0.43968, 0.44581, 0.47868, 0.4549, 0.44348, 0.04537, 0.04195, 1
0.4528, 0.44375, 0.45691, 0.48104, 0.45563, 0.45037, 0.01641, 0.04637, 0
0.45731, 0.4427, 0.38289, 0.47253, 0.46781, 0.45971, 0.0282, 0.05762, 1
0.48918, 0.46331, 0.34501, 0.47458, 0.48814, 0.48745, 0.19504, 0.19432, 1
0.44273, 0.43924, 0.32236, 0.48036, 0.44317, 0.43648, 0.03908, 0.07062, 0
0.44487, 0.4401, 0.30112, 0.48035, 0.44952, 0.4543, 0.06349, 0.05073, 1
0.45141, 0.43946, 0.19545, 0.48344, 0.452, 0.4437, 0.06545, 0.02882, 0
0.4524, 0.43666, 0.2168, 0.47702, 0.45831, 0.471, 0.05662, 0.08179, 1
0.45336, 0.44248, 0.21505, 0.47688, 0.45782, 0.44619, 0.02597, 0.00608, 0
0.4553, 0.44205, 0.28244, 0.47539, 0.46163, 0.44945, 0.05428, 0.04586, 1
0.44341, 0.43687, 0.27793, 0.48302, 0.44994, 0.44697, 0.0416, 0.01881, 1
0.44614, 0.43736, 0.39644, 0.48561, 0.44934, 0.44586, 0.01979, 0.01814, 1
0.44955, 0.44331, 0.40247, 0.47422, 0.45638, 0.45333, 0.05083, 0.03974, 1
0.46947, 0.45652, 0.2873, 0.46981, 0.47246, 0.46431, 0.08545, 0.06551, 0
0.44548, 0.44012, 0.27818, 0.48346, 0.44783, 0.44057, 0.01346, 0.01262, 0
0.44726, 0.44076, 0.27605, 0.48179, 0.45127, 0.4456, 0.02497, 0.02786, 1
0.43935, 0.43269, 0.24914, 0.48702, 0.44117, 0.43699, 0.04097, 0.05506, 1
0.55925, 0.54211, 0.32616, 0.46586, 0.56134, 0.55825, 0.48811, 0.52994, 1
0.46774, 0.4497, 0.24144, 0.47312, 0.48116, 0.46661, 0.06734, 0.06923, 0
0.45237, 0.43778, 0.27976, 0.47743, 0.4564, 0.44946, 0.07298, 0.04467, 0
0.45305, 0.44522, 0.22623, 0.47155, 0.45812, 0.45359, 0.02761, 0.00988, 1
0.45453, 0.44183, 0.47402, 0.47922, 0.45532, 0.4462, 0.06652, 0.04576, 1
0.45694, 0.45151, 0.4252, 0.4701, 0.46657, 0.46744, 0.10591, 0.1164, 1
0.45077, 0.44161, 0.3609, 0.47763, 0.45724, 0.45297, 0.01809, 0.01985, 0
0.45184, 0.43989, 0.24284, 0.47706, 0.45692, 0.44776, 0.0436, 0.06236, 1
0.45505, 0.44376, 0.23936, 0.47986, 0.45711, 0.44528, 0.05535, 0.05787, 0
0.45958, 0.44978, 0.26604, 0.47947, 0.45841, 0.44802, 0.0598, 0.05624, 1
0.44627, 0.43669, 0.25446, 0.48459, 0.43929, 0.43156, 0.0903, 0.04782, 0
0.44462, 0.43625, 0.18395, 0.48021, 0.44888, 0.43737, 0.02876, 0.02388, 1
0.43768, 0.43519, 0.21316, 0.48062, 0.44499, 0.44154, 0.08726, 0.02994, 1
0.45944, 0.44882, 0.34709, 0.47282, 0.4742, 0.46386, 0.05061, 0.01989, 1
0.4569, 0.44249, 0.37392, 0.47163, 0.46751, 0.45711, 0.04062, 0.01757, 1
0.44962, 0.44336, 0.46867, 0.48257, 0.45308, 0.44641, 0.01797, 0.0123, 0
0.44228, 0.43748, 0.56296, 0.48545, 0.44712, 0.44139, 0.04223, 0.01524, 1
0.46173, 0.46757, 0.45482, 0.47479, 0.46921, 0.46848, 0.2453, 0.26771, 1
0.45336, 0.44336, 0.37161, 0.47577, 0.45998, 0.45037, 0.01052, 0.01013, 0
0.44641, 0.43922, 0.34086, 0.47955, 0.45431, 0.44971, 0.0359, 0.0323, 1
0.68368, 0.66907, 0.4065, 0.07796, 0.69425, 0.68033, 0.00557, 0.03197, 0
0.445, 0.43793, 0.27533, 0.47879, 0.45132, 0.44774, 0.03145, 0.03827, 1
0.45602, 0.44662, 0.26504, 0.47067, 0.46175, 0.45537, 0.02775, 0.01606, 0
0.44022, 0.43533, 0.27375, 0.48555, 0.43963, 0.4321, 0.02832, 0.01976, 0
0.62831, 0.61195, 0.22692, 0.33682, 0.63417, 0.61969, 0.06001, 0.05428, 0
0.25399, 0.25486, 0.19979, 0.51758, 0.25826, 0.25683, 0.05612, 0.05783, 0
0.4432, 0.4401, 0.17234, 0.47624, 0.45426, 0.44562, 0.10374, 0.09558, 1
0.48601, 0.46431, 0.13909, 0.47169, 0.48591, 0.4698, 0.19544, 0.21265, 0
0.44925, 0.4414, 0.13875, 0.47411, 0.45585, 0.45301, 0.02732, 0.04963, 1
0.43609, 0.42933, 0.41084, 0.48967, 0.441, 0.43208, 0.05746, 0.03478, 1
0.43112, 0.42377, 0.2534, 0.48489, 0.4376, 0.43655, 0.08634, 0.10628, 1
0.44992, 0.44054, 0.19891, 0.47909, 0.45384, 0.44854, 0.01648, 0.05854, 0
0.45114, 0.44205, 0.16396, 0.47605, 0.45624, 0.45193, 0.0055, 0.00607, 0
0.46308, 0.45087, 0.17718, 0.47392, 0.46449, 0.45767, 0.06487, 0.06214, 0
0.44448, 0.43323, 0.18906, 0.48686, 0.44539, 0.43851, 0.07063, 0.08178, 0
0.44675, 0.44075, 0.19662, 0.48437, 0.44875, 0.44268, 0.01098, 0.02258, 0
0.45232, 0.44549, 0.19402, 0.47475, 0.45793, 0.45311, 0.03845, 0.01821, 0
0.45274, 0.44699, 0.17893, 0.47449, 0.45916, 0.45428, 0.05921, 0.05965, 1
0.46564, 0.45848, 0.45904, 0.46874, 0.48056, 0.4781, 0.13645, 0.14425, 1
0.44083, 0.43333, 0.22987, 0.47598, 0.45018, 0.45116, 0.06361, 0.00931, 1
0.45166, 0.44359, 0.19975, 0.47192, 0.45911, 0.45646, 0.03656, 0.02832, 1
0.4508, 0.44075, 0.1692, 0.47788, 0.45591, 0.44878, 0.01475, 0.01629, 0
0.45045, 0.44162, 0.16872, 0.47788, 0.45553, 0.45037, 0.00421, 0.0, 0
0.44973, 0.44075, 0.16219, 0.47924, 0.45506, 0.4501, 0.00421, 0.0, 0
0.45035, 0.43944, 0.16118, 0.48367, 0.45301, 0.44574, 0.041, 0.02642, 0
0.44733, 0.43922, 0.17452, 0.48597, 0.45021, 0.44336, 0.01315, 0.02014, 1
0.45026, 0.44097, 0.17497, 0.48249, 0.45322, 0.44865, 0.01281, 0.01525, 1
0.45265, 0.44271, 0.17097, 0.48118, 0.45488, 0.44958, 0.02482, 0.03441, 0
0.45622, 0.44576, 0.16826, 0.4748, 0.45936, 0.4542, 0.02984, 0.01014, 0
0.45047, 0.44293, 0.17289, 0.47941, 0.45479, 0.44984, 0.01683, 0.00697, 0
0.44726, 0.44053, 0.20234, 0.48378, 0.45135, 0.44522, 0.01669, 0.00465, 0
0.66454, 0.64739, 0.38358, 0.42716, 0.6787, 0.6649, 0.0128, 0.01414, 0
0.40115, 0.39409, 0.44013, 0.48994, 0.39599, 0.38459, 0.2529, 0.20318, 1
0.45263, 0.44418, 0.46577, 0.48078, 0.45332, 0.45076, 0.01614, 0.01813, 1
0.44229, 0.43625, 0.29814, 0.48147, 0.44741, 0.434, 0.02875, 0.03906, 0
0.44277, 0.44032, 0.26505, 0.4829, 0.44722, 0.43478, 0.03996, 0.02339, 1
0.45419, 0.44334, 0.26384, 0.47714, 0.45841, 0.45691, 0.01268, 0.04036, 1
0.44069, 0.43277, 0.29596, 0.48436, 0.44437, 0.4382, 0.04098, 0.04597, 1
0.47683, 0.46148, 0.35787, 0.47659, 0.47249, 0.46175, 0.14867, 0.15591, 0
0.44284, 0.44011, 0.39053, 0.48272, 0.44209, 0.4321, 0.02396, 0.02001, 0
0.45075, 0.4414, 0.36876, 0.47447, 0.45543, 0.4505, 0.00208, 0.00459, 1
0.43222, 0.41501, 0.30916, 0.48589, 0.41706, 0.3955, 0.30691, 0.37487, 0
0.45491, 0.44184, 0.35343, 0.47174, 0.46937, 0.46915, 0.02393, 0.01818, 1
0.67898, 0.67536, 0.45856, 0.4585, 0.66918, 0.64447, 0.03467, 0.03014, 0
0.44593, 0.43792, 0.4363, 0.48214, 0.44304, 0.43601, 0.03146, 0.0258, 0
0.44934, 0.43923, 0.30059, 0.48408, 0.45168, 0.44721, 0.02539, 0.02082, 0
0.44761, 0.43814, 0.25438, 0.47482, 0.45683, 0.45234, 0.02066, 0.0202, 1
0.45598, 0.44447, 0.38078, 0.47722, 0.45932, 0.45701, 0.02563, 0.05279, 1
0.79321, 0.78312, 0.43674, 0.4464, 0.78854, 0.77267, 0.00366, 0.03965, 0
0.45693, 0.4449, 0.25529, 0.47271, 0.46429, 0.45474, 0.02694, 0.02912, 1
0.45229, 0.44031, 0.24638, 0.4772, 0.45726, 0.44772, 0.04404, 0.04142, 1
0.45452, 0.44525, 0.4937, 0.46914, 0.46213, 0.45931, 0.0304, 0.05179, 0
0.44946, 0.43948, 0.4615, 0.47662, 0.45437, 0.44985, 0.01352, 0.01268, 0
0.45652, 0.44653, 0.42074, 0.46805, 0.46173, 0.45594, 0.02584, 0.02174, 0
0.44872, 0.44033, 0.35185, 0.48441, 0.45151, 0.44532, 0.01147, 0.01385, 1
0.42619, 0.42306, 0.31035, 0.48848, 0.43266, 0.43163, 0.10541, 0.0952, 1
0.44234, 0.42796, 0.26637, 0.48327, 0.44511, 0.44041, 0.10112, 0.08359, 0
0.44372, 0.43948, 0.24096, 0.48051, 0.44879, 0.44545, 0.0471, 0.03661, 1
0.45473, 0.4461, 0.15145, 0.47203, 0.46238, 0.46086, 0.03854, 0.0178, 0
0.45177, 0.44204, 0.15523, 0.47359, 0.45877, 0.45335, 0.00546, 0.02313, 1
0.464, 0.44849, 0.21588, 0.47419, 0.47067, 0.4531, 0.08983, 0.10206, 0
0.44908, 0.43284, 0.22423, 0.48422, 0.43745, 0.41926, 0.22004, 0.254, 1
0.44166, 0.4399, 0.22562, 0.48354, 0.43386, 0.42798, 0.00714, 0.00683, 1
0.44758, 0.43862, 0.34406, 0.48551, 0.4511, 0.44558, 0.01635, 0.03869, 0
0.45156, 0.43815, 0.43782, 0.47457, 0.45743, 0.45221, 0.04584, 0.06601, 0
0.4475, 0.43988, 0.39051, 0.47907, 0.45421, 0.45011, 0.02611, 0.04157, 0
0.45066, 0.44097, 0.42608, 0.48226, 0.4547, 0.44643, 0.01995, 0.02204, 1
0.4515, 0.44183, 0.43095, 0.48284, 0.45451, 0.44709, 0.02374, 0.02664, 0
0.4529, 0.44183, 0.43372, 0.4775, 0.4569, 0.45221, 0.02375, 0.05013, 0
0.45329, 0.44183, 0.33999, 0.47929, 0.45625, 0.45011, 0.03813, 0.04405, 1
0.45141, 0.44162, 0.16527, 0.47248, 0.45863, 0.45313, 0.00418, 0.02664, 1
0.48768, 0.46751, 0.25033, 0.47755, 0.48044, 0.45538, 0.24465, 0.32032, 0
0.44989, 0.4401, 0.19923, 0.47579, 0.45685, 0.45378, 0.00553, 0.01441, 1
0.46016, 0.4483, 0.21568, 0.47373, 0.4631, 0.45468, 0.05383, 0.05378, 0
0.45821, 0.44809, 0.23513, 0.46658, 0.46432, 0.45912, 0.0335, 0.05178, 0
0.44983, 0.44161, 0.18595, 0.48317, 0.44421, 0.43958, 0.05023, 0.00605, 0
0.47492, 0.46028, 0.23712, 0.47519, 0.47153, 0.46688, 0.12016, 0.15556, 0
0.45948, 0.44439, 0.31316, 0.48217, 0.44607, 0.4364, 0.18083, 0.15062, 0
0.43823, 0.43564, 0.33932, 0.48228, 0.43832, 0.44404, 0.07277, 0.06502, 1
0.45721, 0.4442, 0.34191, 0.47665, 0.46145, 0.45884, 0.04897, 0.04835, 0
0.43221, 0.42894, 0.27791, 0.48393, 0.44002, 0.43995, 0.09725, 0.11725, 1
0.45071, 0.44009, 0.24477, 0.47473, 0.45705, 0.4501, 0.01381, 0.01526, 0
0.45697, 0.44598, 0.22841, 0.47408, 0.46117, 0.45315, 0.03448, 0.03356, 0
0.44009, 0.43924, 0.37034, 0.48343, 0.42192, 0.41361, 0.04254, 0.07815, 0
0.45418, 0.44031, 0.37581, 0.47652, 0.4635, 0.44563, 0.03657, 0.13824, 0
0.45188, 0.4425, 0.27423, 0.48007, 0.45886, 0.44865, 0.00967, 0.00404, 0
0.45642, 0.44468, 0.25068, 0.47712, 0.45937, 0.4501, 0.05043, 0.05654, 0
0.45764, 0.44687, 0.23487, 0.46931, 0.46571, 0.46124, 0.02955, 0.03387, 1
0.4445, 0.43616, 0.17757, 0.4866, 0.45032, 0.44494, 0.02486, 0.02018, 1
0.43636, 0.43063, 0.21937, 0.48681, 0.43818, 0.42858, 0.05119, 0.06004, 1
0.46039, 0.44644, 0.30101, 0.47175, 0.47352, 0.47374, 0.02641, 0.04093, 0
0.45609, 0.44403, 0.36392, 0.4806, 0.45457, 0.44745, 0.06184, 0.0611, 0
0.47261, 0.46042, 0.39224, 0.4693, 0.47574, 0.47236, 0.09349, 0.069, 0
0.4524, 0.4425, 0.35126, 0.48238, 0.45477, 0.44534, 0.03708, 0.05854, 1
0.45141, 0.43687, 0.37154, 0.47417, 0.45917, 0.45363, 0.048, 0.06773, 0
0.44411, 0.43452, 0.47477, 0.48435, 0.44978, 0.44177, 0.036, 0.03033, 1
0.45253, 0.4444, 0.39747, 0.47868, 0.4565, 0.45193, 0.01795, 0.01817, 0
0.44672, 0.43732, 0.28467, 0.4846, 0.45107, 0.44464, 0.02353, 0.01874, 0
0.45432, 0.44226, 0.18962, 0.47425, 0.46048, 0.45207, 0.03467, 0.04586, 0
0.44964, 0.4401, 0.22884, 0.48374, 0.44766, 0.44457, 0.03496, 0.04517, 0
0.49433, 0.47835, 0.16145, 0.46497, 0.50375, 0.49728, 0.17936, 0.176, 0
0.48021, 0.45914, 0.2031, 0.46954, 0.48477, 0.47173, 0.15464, 0.18197, 0
0.4607, 0.4521, 0.17964, 0.47752, 0.46269, 0.4632, 0.05379, 0.05966, 0
0.44179, 0.4377, 0.18192, 0.48229, 0.44545, 0.43742, 0.04685, 0.09332, 1
0.46112, 0.45354, 0.23849, 0.46747, 0.46855, 0.46364, 0.07488, 0.07305, 1
0.45273, 0.43923, 0.23867, 0.47478, 0.45856, 0.45273, 0.04269, 0.00833, 0
0.52594, 0.4963, 0.25567, 0.47209, 0.5159, 0.49311, 0.38307, 0.4408, 1
0.42732, 0.40179, 0.27089, 0.48568, 0.40903, 0.38578, 0.44405, 0.47984, 0
0.44695, 0.43666, 0.3199, 0.47436, 0.45182, 0.45233, 0.02191, 0.04211, 0
0.45382, 0.44465, 0.28829, 0.4714, 0.47645, 0.48264, 0.13853, 0.20437, 1
0.466, 0.45073, 0.33635, 0.47245, 0.47129, 0.46102, 0.07994, 0.06452, 1
0.50058, 0.4851, 0.35378, 0.47801, 0.48542, 0.47108, 0.26178, 0.29694, 0
0.45118, 0.44161, 0.37241, 0.47385, 0.45745, 0.4518, 0.00208, 0.01397, 1
0.45293, 0.44226, 0.2843, 0.4817, 0.45587, 0.44815, 0.03457, 0.04819, 0
0.46673, 0.46582, 0.25348, 0.46975, 0.48787, 0.49594, 0.27289, 0.3076, 1
0.45355, 0.4401, 0.25817, 0.47629, 0.46031, 0.43977, 0.07055, 0.09239, 1
0.45833, 0.44806, 0.21685, 0.4822, 0.45043, 0.44098, 0.0958, 0.06113, 1
0.44477, 0.43496, 0.20769, 0.48441, 0.4365, 0.42968, 0.09973, 0.0913, 1
0.44908, 0.4386, 0.228, 0.4732, 0.45795, 0.45454, 0.01901, 0.02037, 1
0.39932, 0.40701, 0.26408, 0.48173, 0.41866, 0.42406, 0.29325, 0.36443, 1
0.44437, 0.43531, 0.38276, 0.48498, 0.44265, 0.43587, 0.05666, 0.04344, 0
0.43958, 0.43246, 0.30964, 0.47649, 0.45164, 0.44707, 0.06899, 0.0524, 1
0.45327, 0.44228, 0.21695, 0.47305, 0.45852, 0.45235, 0.02075, 0.0222, 1
0.45309, 0.44206, 0.15499, 0.4719, 0.46186, 0.45646, 0.00558, 0.0, 1
0.50547, 0.47991, 0.31122, 0.47441, 0.49813, 0.47904, 0.30349, 0.26836, 0
0.45344, 0.44577, 0.30459, 0.48185, 0.44722, 0.44481, 0.03813, 0.0, 1
0.46232, 0.43723, 0.33054, 0.47195, 0.48323, 0.49041, 0.04135, 0.02444, 1
0.45568, 0.45061, 0.32397, 0.48125, 0.45971, 0.44639, 0.04974, 0.05061, 0
0.44603, 0.43811, 0.28016, 0.47537, 0.45472, 0.45064, 0.03954, 0.03763, 0
0.44717, 0.44053, 0.27957, 0.47338, 0.45817, 0.45715, 0.06793, 0.05678, 1
0.45921, 0.44799, 0.27892, 0.46889, 0.46892, 0.46461, 0.03677, 0.02659, 0
0.44702, 0.43614, 0.26264, 0.47449, 0.45668, 0.45183, 0.02443, 0.01688, 1
0.43302, 0.43088, 0.26283, 0.48671, 0.43958, 0.43655, 0.08706, 0.09618, 0
0.4463, 0.43366, 0.31639, 0.48448, 0.44258, 0.43422, 0.11542, 0.11529, 0
0.44014, 0.43882, 0.31994, 0.47467, 0.45245, 0.4561, 0.14609, 0.12765, 0
0.4431, 0.43705, 0.25236, 0.48342, 0.44975, 0.43321, 0.02005, 0.0, 0
0.45789, 0.44751, 0.25664, 0.47451, 0.46356, 0.45909, 0.03099, 0.02514, 1
0.44943, 0.43813, 0.27912, 0.47929, 0.45407, 0.44773, 0.03593, 0.02513, 0
0.4511, 0.44527, 0.45386, 0.47176, 0.45535, 0.45911, 0.07291, 0.03181, 0
0.45026, 0.44529, 0.46938, 0.47225, 0.46741, 0.46399, 0.1298, 0.13415, 1
0.46327, 0.44962, 0.48726, 0.47004, 0.47806, 0.47554, 0.04702, 0.0689, 0
0.45181, 0.44351, 0.51171, 0.48126, 0.44442, 0.45062, 0.03548, 0.02155, 1
0.45589, 0.4469, 0.51417, 0.46954, 0.46433, 0.46307, 0.04919, 0.04667, 1
0.45822, 0.44755, 0.45193, 0.46869, 0.46733, 0.4631, 0.03385, 0.07869, 0
0.44561, 0.43355, 0.48435, 0.48467, 0.44444, 0.43456, 0.10256, 0.09402, 0
0.46189, 0.44204, 0.38253, 0.47203, 0.47639, 0.47218, 0.05713, 0.08123, 0
0.44408, 0.43495, 0.25137, 0.47674, 0.46235, 0.43214, 0.03055, 0.04897, 0
0.4501, 0.44075, 0.22179, 0.47959, 0.46316, 0.45349, 0.01809, 0.02873, 1
0.44979, 0.4386, 0.20268, 0.47961, 0.45688, 0.44685, 0.03465, 0.03249, 1
0.45581, 0.44571, 0.25471, 0.47016, 0.46674, 0.46524, 0.04364, 0.04362, 0
0.46097, 0.44851, 0.2611, 0.47067, 0.469, 0.46055, 0.03966, 0.03609, 1
0.61708, 0.60233, 0.25126, 0.38787, 0.62179, 0.60686, 0.04597, 0.06595, 1
0.4434, 0.4341, 0.21914, 0.48555, 0.44089, 0.4315, 0.07468, 0.06096, 1
0.5421, 0.50215, 0.21132, 0.47699, 0.51173, 0.48185, 0.59154, 0.67308, 1
0.40798, 0.38406, 0.21858, 0.48625, 0.37025, 0.34175, 0.60116, 0.6555, 0
0.41385, 0.43121, 0.20505, 0.48484, 0.38479, 0.36664, 0.055, 0.03111, 0
0.44635, 0.43905, 0.21814, 0.48453, 0.44782, 0.439, 0.02057, 0.02373, 0
0.38891, 0.39972, 0.13998, 0.4778, 0.42117, 0.43819, 0.42204, 0.50284, 0
0.47464, 0.47716, 0.15176, 0.47009, 0.51485, 0.5313, 0.45732, 0.48082, 1
0.47676, 0.45046, 0.18301, 0.47093, 0.51238, 0.51821, 0.06352, 0.04802, 0
0.45478, 0.44118, 0.31349, 0.47971, 0.45498, 0.44492, 0.08584, 0.07311, 0
0.43614, 0.4305, 0.32118, 0.48878, 0.4387, 0.43067, 0.0517, 0.03582, 1
0.43724, 0.43392, 0.34805, 0.48397, 0.44256, 0.44195, 0.07014, 0.01721, 1
0.4473, 0.4348, 0.36084, 0.48199, 0.4413, 0.4434, 0.10771, 0.0914, 1
0.44738, 0.44012, 0.34483, 0.48324, 0.44313, 0.44007, 0.02712, 0.04547, 0
0.45193, 0.44459, 0.19066, 0.47197, 0.45849, 0.45398, 0.03605, 0.02083, 1
0.44861, 0.43863, 0.17982, 0.48006, 0.45372, 0.44856, 0.01885, 0.01968, 1
0.4508, 0.44182, 0.18463, 0.47255, 0.46049, 0.45722, 0.03048, 0.01365, 1
0.4483, 0.43881, 0.34914, 0.47364, 0.45696, 0.45561, 0.02613, 0.01829, 1
0.43388, 0.42629, 0.35069, 0.48904, 0.43965, 0.43454, 0.07191, 0.07254, 0
0.443, 0.44571, 0.35114, 0.48288, 0.44081, 0.43051, 0.07357, 0.04256, 0
0.44489, 0.43516, 0.33691, 0.48563, 0.44283, 0.43354, 0.06773, 0.06668, 0
0.50377, 0.48961, 0.32007, 0.46663, 0.50791, 0.50487, 0.23394, 0.25468, 0
0.45886, 0.46368, 0.2284, 0.47415, 0.46964, 0.46321, 0.22654, 0.2191, 1
0.45654, 0.45073, 0.25488, 0.4723, 0.46523, 0.46457, 0.09217, 0.18556, 0
0.46039, 0.4473, 0.30316, 0.47242, 0.48562, 0.48097, 0.07545, 0.02136, 1
0.44292, 0.44313, 0.32059, 0.48274, 0.42864, 0.42228, 0.01086, 0.00611, 1
0.44528, 0.43708, 0.44498, 0.48039, 0.44978, 0.44906, 0.02563, 0.0023, 0
0.45469, 0.44443, 0.45959, 0.46969, 0.46049, 0.45587, 0.01576, 0.05635, 1
0.44907, 0.4386, 0.39327, 0.48074, 0.45217, 0.44632, 0.03141, 0.04988, 1
0.44689, 0.43796, 0.36532, 0.47373, 0.45912, 0.45649, 0.04417, 0.04017, 1
0.45833, 0.44418, 0.44971, 0.48097, 0.45554, 0.44634, 0.10845, 0.14052, 1
0.44345, 0.43861, 0.34135, 0.47508, 0.45326, 0.45608, 0.09042, 0.12278, 0
0.43566, 0.42874, 0.24804, 0.479, 0.44571, 0.43841, 0.06815, 0.05169, 1
0.46411, 0.45493, 0.24606, 0.46919, 0.47174, 0.46312, 0.06975, 0.06602, 1
0.43369, 0.42896, 0.24333, 0.48635, 0.44092, 0.43633, 0.06997, 0.0577, 0
0.45124, 0.4472, 0.25442, 0.47387, 0.46072, 0.45596, 0.09432, 0.05988, 0
0.45449, 0.44505, 0.10036, 0.47329, 0.46207, 0.45752, 0.03128, 0.03028, 0
0.44667, 0.43882, 0.14098, 0.48086, 0.45146, 0.44803, 0.01975, 0.02773, 0
0.46196, 0.44732, 0.16166, 0.47847, 0.46173, 0.45216, 0.09165, 0.12157, 1
0.43844, 0.43294, 0.29557, 0.48728, 0.44257, 0.43999, 0.04982, 0.10322, 0
0.48181, 0.46152, 0.36961, 0.47142, 0.48236, 0.46821, 0.1723, 0.21359, 0
0.44576, 0.43822, 0.36658, 0.47702, 0.45267, 0.44729, 0.0286, 0.03053, 1
0.44147, 0.43844, 0.36377, 0.48459, 0.44023, 0.43246, 0.0181, 0.00981, 0
0.44505, 0.43755, 0.36006, 0.48242, 0.44712, 0.44609, 0.01836, 0.0195, 0
0.45453, 0.44546, 0.34588, 0.47462, 0.45876, 0.45452, 0.02186, 0.01425, 1
0.45717, 0.44499, 0.4022, 0.4738, 0.46055, 0.45382, 0.04295, 0.05295, 0
0.44565, 0.43591, 0.4239, 0.48733, 0.44898, 0.44295, 0.03672, 0.0315, 0
0.4454, 0.4395, 0.44528, 0.48385, 0.45049, 0.44512, 0.03278, 0.01949, 0
0.45446, 0.44182, 0.34638, 0.48303, 0.45016, 0.43665, 0.11139, 0.14591, 1
0.44704, 0.44224, 0.27841, 0.48153, 0.44842, 0.4487, 0.04093, 0.03985, 0
0.45472, 0.4451, 0.42434, 0.47033, 0.46313, 0.46025, 0.03167, 0.04839, 1
0.44015, 0.43316, 0.46117, 0.48666, 0.44036, 0.42934, 0.04948, 0.10211, 1
0.46557, 0.45441, 0.47453, 0.48005, 0.46141, 0.44945, 0.09799, 0.05213, 0
0.46962, 0.4549, 0.46536, 0.47045, 0.48033, 0.47213, 0.06738, 0.02412, 0
0.447, 0.43532, 0.46649, 0.48372, 0.45076, 0.44247, 0.06302, 0.08056, 0
0.44091, 0.43488, 0.43713, 0.48147, 0.44866, 0.448, 0.05771, 0.08888, 1
0.51458, 0.49103, 0.37812, 0.46614, 0.52758, 0.52931, 0.24153, 0.30297, 0
0.45617, 0.44097, 0.21554, 0.4747, 0.46651, 0.46996, 0.00209, 0.05681, 1
0.46431, 0.44912, 0.27729, 0.46935, 0.46926, 0.46167, 0.07045, 0.07305, 1
0.44157, 0.43497, 0.22404, 0.47895, 0.44945, 0.44504, 0.04814, 0.06519, 1
0.45111, 0.4399, 0.19403, 0.4799, 0.45489, 0.44569, 0.03993, 0.02696, 1
0.45135, 0.44226, 0.16375, 0.48166, 0.45464, 0.44959, 0.01035, 0.01815, 1
0.44953, 0.44033, 0.14697, 0.48274, 0.45291, 0.44829, 0.01152, 0.03845, 0
0.39543, 0.41608, 0.13713, 0.48526, 0.39239, 0.3984, 0.28007, 0.27226, 1
0.41901, 0.41932, 0.14645, 0.48705, 0.42346, 0.42438, 0.13233, 0.0867, 1
0.44373, 0.43587, 0.16372, 0.48207, 0.4457, 0.44161, 0.0302, 0.01485, 0
0.46308, 0.45566, 0.16772, 0.4707, 0.47268, 0.47334, 0.10496, 0.08628, 1
0.48867, 0.46493, 0.16015, 0.47537, 0.48605, 0.46463, 0.24481, 0.25494, 0
0.44921, 0.43883, 0.17404, 0.47677, 0.45739, 0.46099, 0.01255, 0.02688, 0
0.45382, 0.44738, 0.17323, 0.47566, 0.45957, 0.45853, 0.05677, 0.16457, 0
0.45454, 0.44507, 0.26259, 0.47127, 0.46559, 0.46357, 0.04387, 0.05525, 1
0.44881, 0.43859, 0.27247, 0.47875, 0.45494, 0.44605, 0.02194, 0.0487, 0
0.44315, 0.43257, 0.17952, 0.4879, 0.44582, 0.43849, 0.06262, 0.04691, 0
0.45445, 0.44635, 0.1476, 0.4786, 0.45765, 0.45246, 0.02596, 0.03759, 1
0.43737, 0.4328, 0.27372, 0.47868, 0.44579, 0.44502, 0.08093, 0.04704, 0
0.45118, 0.44184, 0.3101, 0.47164, 0.46164, 0.45859, 0.03488, 0.04282, 0
0.44581, 0.44969, 0.28043, 0.48271, 0.4421, 0.43266, 0.08845, 0.03952, 1
0.43147, 0.42832, 0.2873, 0.48177, 0.43602, 0.44575, 0.09434, 0.0802, 1
0.46623, 0.45695, 0.18938, 0.47191, 0.47617, 0.46364, 0.08153, 0.04903, 0
0.45087, 0.44097, 0.1625, 0.48268, 0.45133, 0.4415, 0.05298, 0.05945, 1
0.45215, 0.44249, 0.15827, 0.48304, 0.44986, 0.44217, 0.0551, 0.06661, 0
0.44686, 0.43616, 0.12175, 0.48348, 0.45207, 0.44428, 0.04233, 0.10676, 1
0.46438, 0.45145, 0.12036, 0.47858, 0.46434, 0.45169, 0.09287, 0.08795, 0
0.47306, 0.45977, 0.1194, 0.46774, 0.47821, 0.47462, 0.09119, 0.13662, 0
0.43016, 0.42067, 0.11885, 0.48053, 0.4386, 0.43555, 0.09901, 0.10566, 1
0.44575, 0.43703, 0.0786, 0.48066, 0.45207, 0.44772, 0.02202, 0.00233, 1
0.55912, 0.51672, 0.16255, 0.47549, 0.53157, 0.4972, 0.63355, 0.7263, 0
0.39773, 0.37196, 0.17316, 0.48672, 0.36298, 0.33262, 0.64944, 0.76945, 1
0.49117, 0.49307, 0.24094, 0.46924, 0.52557, 0.55091, 0.51024, 0.61597, 0
0.48089, 0.49771, 0.27963, 0.47428, 0.49543, 0.48952, 0.4658, 0.49164, 1
0.44324, 0.44638, 0.3343, 0.48224, 0.4277, 0.39806, 0.04701, 0.08113, 1
0.43811, 0.43643, 0.36915, 0.48218, 0.43101, 0.44041, 0.03415, 0.07392, 1
0.43712, 0.43318, 0.39409, 0.47776, 0.44811, 0.44775, 0.10331, 0.03229, 1
0.4498, 0.44875, 0.31773, 0.47643, 0.45711, 0.44997, 0.11617, 0.14755, 0
0.44039, 0.43381, 0.32516, 0.48535, 0.43904, 0.43525, 0.03844, 0.0106, 0
0.41817, 0.38253, 0.41838, 0.48543, 0.39634, 0.37156, 0.61672, 0.74082, 1
0.4531, 0.44623, 0.44405, 0.4786, 0.45384, 0.45396, 0.03406, 0.02655, 0
0.44456, 0.43724, 0.36463, 0.47517, 0.4537, 0.44984, 0.04795, 0.03653, 0
0.44731, 0.44534, 0.25027, 0.48309, 0.44429, 0.43791, 0.03397, 0.07678, 1
0.45295, 0.44184, 0.23785, 0.47191, 0.45981, 0.45872, 0.00365, 0.04317, 0
0.44829, 0.439, 0.23122, 0.47425, 0.45587, 0.45103, 0.01802, 0.02911, 1
0.45826, 0.45305, 0.31939, 0.47056, 0.4624, 0.46632, 0.10529, 0.11058, 0
0.43109, 0.42904, 0.30432, 0.47515, 0.44797, 0.45091, 0.16399, 0.19195, 1
0.44671, 0.44075, 0.18891, 0.48356, 0.4469, 0.44188, 0.00762, 0.07282, 0
0.43886, 0.43574, 0.15889, 0.48175, 0.43341, 0.42369, 0.02783, 0.1041, 0
0.44764, 0.43966, 0.17796, 0.48009, 0.451, 0.44667, 0.00917, 0.08788, 0
0.46236, 0.44838, 0.19656, 0.476, 0.4631, 0.45328, 0.08574, 0.03297, 0
0.44527, 0.43987, 0.15806, 0.48032, 0.44947, 0.43515, 0.00966, 0.02685, 0
0.44758, 0.44031, 0.16569, 0.48198, 0.45255, 0.44613, 0.0152, 0.02222, 0
0.46392, 0.45124, 0.16469, 0.47061, 0.46744, 0.46163, 0.06074, 0.04272, 1
0.44815, 0.44467, 0.20517, 0.47794, 0.4542, 0.45261, 0.0819, 0.07856, 0
0.42036, 0.39412, 0.21471, 0.48061, 0.42688, 0.41881, 0.32288, 0.33317, 0
0.45447, 0.44406, 0.18154, 0.47788, 0.45772, 0.45024, 0.03099, 0.0413, 1
0.46268, 0.45314, 0.16012, 0.46911, 0.47393, 0.47574, 0.08815, 0.12065, 0
0.43899, 0.4323, 0.23801, 0.48599, 0.44606, 0.44014, 0.04536, 0.02064, 1
0.45706, 0.44497, 0.32727, 0.47112, 0.46829, 0.46629, 0.0303, 0.04198, 0
0.45647, 0.44497, 0.32125, 0.47297, 0.46496, 0.45563, 0.02049, 0.04111, 0
0.44772, 0.4423, 0.17213, 0.48153, 0.45243, 0.44727, 0.0394, 0.04933, 0
0.45356, 0.44296, 0.14803, 0.48048, 0.45488, 0.45051, 0.03093, 0.078, 0
0.44126, 0.43612, 0.42417, 0.48487, 0.4433, 0.43395, 0.02613, 0.04715, 1
0.46138, 0.45866, 0.42675, 0.47026, 0.48199, 0.48992, 0.23222, 0.24187, 1
0.47083, 0.45093, 0.42295, 0.47008, 0.48767, 0.49036, 0.0483, 0.06286, 1
0.44891, 0.44185, 0.38622, 0.47816, 0.45607, 0.4422, 0.01332, 0.02624, 1
0.45812, 0.44671, 0.361, 0.47986, 0.46208, 0.45225, 0.04708, 0.03923, 0
0.47286, 0.45709, 0.29455, 0.47666, 0.46994, 0.45867, 0.13477, 0.1743, 0
0.45092, 0.44495, 0.15238, 0.47183, 0.46685, 0.4697, 0.12533, 0.12093, 0
0.44896, 0.44494, 0.15826, 0.4829, 0.44922, 0.43898, 0.02229, 0.05576, 0
0.44743, 0.43876, 0.26481, 0.47724, 0.45572, 0.45984, 0.04744, 0.03285, 0
0.44644, 0.43671, 0.23552, 0.48445, 0.44991, 0.43979, 0.04321, 0.01094, 0
0.44564, 0.43939, 0.22988, 0.48329, 0.44991, 0.44427, 0.01729, 0.00861, 1
0.45121, 0.44812, 0.24407, 0.47678, 0.45726, 0.4482, 0.07016, 0.10051, 0
0.44371, 0.43514, 0.21476, 0.4798, 0.45053, 0.43965, 0.02971, 0.07262, 0
0.48815, 0.46989, 0.19728, 0.47239, 0.48942, 0.494, 0.15247, 0.16024, 0
0.44519, 0.43672, 0.21381, 0.48295, 0.44284, 0.43115, 0.04972, 0.07955, 1
0.42026, 0.42692, 0.24493, 0.48303, 0.43076, 0.43268, 0.20907, 0.21149, 1
0.46605, 0.45315, 0.24825, 0.47156, 0.47135, 0.472, 0.05964, 0.07508, 1
0.44911, 0.44185, 0.24325, 0.48128, 0.45175, 0.44943, 0.00978, 0.02626, 0
0.49211, 0.4662, 0.26219, 0.47361, 0.48635, 0.47224, 0.25764, 0.34854, 0
0.44909, 0.43808, 0.2122, 0.48248, 0.45187, 0.44447, 0.05393, 0.02098, 1
0.47428, 0.45869, 0.1568, 0.4685, 0.47728, 0.46851, 0.1088, 0.09441, 1
0.44209, 0.43279, 0.14203, 0.47719, 0.44965, 0.44635, 0.04053, 0.05114, 0
0.45435, 0.4434, 0.1298, 0.47212, 0.46615, 0.45897, 0.02139, 0.041, 1
0.45405, 0.44229, 0.12707, 0.47331, 0.46375, 0.45521, 0.0107, 0.10293, 1
0.46004, 0.44895, 0.14895, 0.47139, 0.47405, 0.47607, 0.075, 0.07996, 0
0.48707, 0.47831, 0.18876, 0.47397, 0.48533, 0.47751, 0.17919, 0.14181, 0
0.44908, 0.44073, 0.15219, 0.47713, 0.45404, 0.44983, 0.01146, 0.01043, 0
0.4545, 0.44455, 0.14182, 0.46637, 0.45994, 0.45473, 0.01636, 0.00634, 0
0.47619, 0.46568, 0.11244, 0.46797, 0.47986, 0.47162, 0.11823, 0.0986, 1
0.43074, 0.42381, 0.1757, 0.48702, 0.42516, 0.42202, 0.09872, 0.0685, 1
0.45743, 0.44096, 0.16447, 0.47486, 0.46326, 0.45717, 0.06184, 0.06882, 0
0.46421, 0.45274, 0.33748, 0.48063, 0.45913, 0.44418, 0.11153, 0.11021, 0
0.43409, 0.4261, 0.33713, 0.48658, 0.43024, 0.42013, 0.09874, 0.09838, 0
0.42721, 0.43142, 0.33896, 0.48412, 0.43218, 0.43464, 0.14864, 0.18241, 1
0.44167, 0.43631, 0.24256, 0.48332, 0.44749, 0.44567, 0.05356, 0.0343, 1
0.45294, 0.4403, 0.24814, 0.4746, 0.45746, 0.45319, 0.03728, 0.05277, 1
0.43815, 0.43305, 0.25799, 0.4823, 0.42332, 0.43678, 0.06325, 0.05639, 0
0.43501, 0.43392, 0.28007, 0.47758, 0.44296, 0.44957, 0.13518, 0.10321, 1
0.43415, 0.42202, 0.26394, 0.48812, 0.43474, 0.42675, 0.12917, 0.11597, 0
0.45888, 0.4454, 0.18901, 0.47667, 0.46268, 0.45374, 0.06453, 0.1105, 0
0.46384, 0.46376, 0.19097, 0.47547, 0.46634, 0.46714, 0.16643, 0.14455, 1
0.57198, 0.55464, 0.23148, 0.42734, 0.57354, 0.56102, 0.09526, 0.12324, 1
0.4337, 0.42954, 0.23851, 0.48663, 0.43512, 0.43147, 0.06103, 0.06125, 0
0.4442, 0.43745, 0.25975, 0.48437, 0.44808, 0.44424, 0.02214, 0.0183, 0
0.43362, 0.42074, 0.23033, 0.48083, 0.44171, 0.43945, 0.10593, 0.12063, 1
0.44006, 0.4324, 0.141, 0.48689, 0.44361, 0.43919, 0.04239, 0.08834, 0
0.44149, 0.43877, 0.14319, 0.47945, 0.44962, 0.45037, 0.09442, 0.12498, 1
0.4642, 0.45042, 0.12638, 0.4775, 0.46368, 0.4565, 0.08595, 0.11514, 1
0.41183, 0.40411, 0.17969, 0.48585, 0.40209, 0.39347, 0.211, 0.19078, 1
0.40731, 0.41334, 0.16847, 0.4852, 0.41012, 0.42141, 0.19749, 0.19077, 1
0.44731, 0.43965, 0.21169, 0.4844, 0.44861, 0.43865, 0.02152, 0.04469, 1
0.43255, 0.42122, 0.22664, 0.4886, 0.43419, 0.42936, 0.11575, 0.12079, 1
0.44775, 0.43855, 0.23123, 0.48047, 0.45126, 0.44585, 0.01323, 0.01916, 0
0.44871, 0.44096, 0.22823, 0.47871, 0.45358, 0.4533, 0.02022, 0.01021, 0
0.45584, 0.44492, 0.21842, 0.47137, 0.46073, 0.4561, 0.02214, 0.03451, 1
0.45257, 0.44294, 0.15763, 0.47086, 0.46152, 0.45781, 0.02357, 0.02873, 0
0.4441, 0.4379, 0.15171, 0.47924, 0.45143, 0.44851, 0.04848, 0.02571, 1
0.44888, 0.43854, 0.36007, 0.4778, 0.45669, 0.44623, 0.01952, 0.1005, 1
0.46385, 0.45045, 0.35362, 0.47606, 0.46638, 0.45438, 0.08314, 0.11088, 1
0.44616, 0.4473, 0.34856, 0.48354, 0.42973, 0.40997, 0.05594, 0.05015, 0
0.42477, 0.4259, 0.35547, 0.48425, 0.41631, 0.41252, 0.07933, 0.05122, 1
0.45294, 0.44359, 0.3014, 0.47709, 0.45691, 0.4517, 0.01287, 0.00935, 1
0.48923, 0.47483, 0.2747, 0.46523, 0.49798, 0.49329, 0.16246, 0.08981, 1
0.44915, 0.43832, 0.27737, 0.47485, 0.46343, 0.4645, 0.03416, 0.00704, 1
0.45799, 0.44625, 0.25953, 0.47394, 0.4703, 0.47174, 0.05543, 0.07171, 0
0.45337, 0.44361, 0.20748, 0.47365, 0.45869, 0.45197, 0.01295, 0.05156, 1
0.44577, 0.43524, 0.26111, 0.47685, 0.45259, 0.45277, 0.02876, 0.07527, 1
0.44698, 0.4392, 0.28057, 0.48458, 0.44787, 0.4393, 0.02575, 0.00938, 0
0.46479, 0.45068, 0.21838, 0.47569, 0.46788, 0.45545, 0.08843, 0.10896, 0
0.42675, 0.42113, 0.22702, 0.49089, 0.43325, 0.42593, 0.09763, 0.13278, 0
0.44285, 0.4339, 0.21857, 0.47941, 0.44928, 0.44114, 0.03558, 0.03394, 0
0.44719, 0.4392, 0.18929, 0.47358, 0.45772, 0.45599, 0.05804, 0.03186, 1
0.4576, 0.44693, 0.19952, 0.4707, 0.46755, 0.46645, 0.03793, 0.03965, 1
0.45249, 0.43698, 0.1943, 0.47519, 0.4584, 0.45265, 0.06789, 0.06139, 0
0.47247, 0.45848, 0.16422, 0.4657, 0.47799, 0.47362, 0.0874, 0.05906, 0
0.45403, 0.44406, 0.13664, 0.47684, 0.45875, 0.45332, 0.01669, 0.0, 0
0.45798, 0.4465, 0.12795, 0.46986, 0.46571, 0.46178, 0.02564, 0.01653, 1
0.44408, 0.43718, 0.31014, 0.47351, 0.45935, 0.459, 0.08768, 0.09425, 1
0.45396, 0.44585, 0.32964, 0.4803, 0.45509, 0.44862, 0.02436, 0.04041, 1
0.4496, 0.44761, 0.36484, 0.47942, 0.44965, 0.44017, 0.04689, 0.0307, 0
0.45822, 0.44938, 0.32167, 0.47259, 0.46167, 0.45695, 0.03993, 0.01082, 1
0.71167, 0.69586, 0.3733, 0.29117, 0.7238, 0.71341, 0.0314, 0.04323, 1
0.44947, 0.4414, 0.45985, 0.47616, 0.45599, 0.45037, 0.0164, 0.02784, 0
0.44393, 0.43792, 0.37692, 0.48508, 0.44922, 0.44522, 0.03473, 0.06038, 1
0.44903, 0.4401, 0.2554, 0.48427, 0.4494, 0.44312, 0.03135, 0.03432, 1
0.44935, 0.44097, 0.24172, 0.48371, 0.44984, 0.44338, 0.02002, 0.02443, 1
0.46623, 0.45821, 0.1976, 0.47043, 0.47778, 0.46968, 0.10295, 0.16439, 0
0.45676, 0.44358, 0.22572, 0.47798, 0.45972, 0.44825, 0.07208, 0.06261, 0
0.44513, 0.43442, 0.2485, 0.48423, 0.44813, 0.44389, 0.05029, 0.07094, 0
0.42345, 0.42481, 0.24957, 0.47756, 0.44132, 0.44891, 0.21065, 0.20198, 0
0.45678, 0.44707, 0.27371, 0.4745, 0.46147, 0.45222, 0.03113, 0.02026, 0
0.44365, 0.43377, 0.26009, 0.4763, 0.45275, 0.44825, 0.03596, 0.01395, 1
0.44068, 0.43356, 0.19459, 0.48719, 0.44462, 0.43994, 0.0372, 0.01523, 1
0.44514, 0.43642, 0.31584, 0.48312, 0.45113, 0.44577, 0.0233, 0.01007, 1
0.45406, 0.44292, 0.31594, 0.47665, 0.458, 0.45089, 0.03018, 0.02812, 0
0.43322, 0.42883, 0.31719, 0.48407, 0.44161, 0.43934, 0.08442, 0.11893, 1
0.43175, 0.42125, 0.31391, 0.48558, 0.43813, 0.43448, 0.09947, 0.11018, 1
0.45075, 0.44227, 0.28978, 0.47693, 0.4558, 0.45286, 0.01372, 0.00462, 1
0.45828, 0.44985, 0.19861, 0.4694, 0.46457, 0.46114, 0.05305, 0.04919, 0
0.45384, 0.44314, 0.26489, 0.47386, 0.46419, 0.45353, 0.01585, 0.01205, 1
0.45753, 0.44792, 0.17311, 0.46966, 0.46741, 0.46355, 0.05015, 0.01011, 0
0.44964, 0.44359, 0.40048, 0.48024, 0.45493, 0.44745, 0.03321, 0.04687, 1
0.4547, 0.44425, 0.40806, 0.47795, 0.45898, 0.45355, 0.02081, 0.0284, 1
0.4432, 0.43462, 0.40871, 0.48689, 0.44521, 0.43791, 0.04071, 0.05697, 0
0.45259, 0.44381, 0.39485, 0.47853, 0.45668, 0.45315, 0.01463, 0.007, 0
0.47721, 0.46587, 0.24163, 0.46832, 0.48019, 0.47208, 0.11946, 0.17612, 1
0.44888, 0.43771, 0.30388, 0.4838, 0.4456, 0.43587, 0.08527, 0.05683, 1
0.44931, 0.4344, 0.28675, 0.47487, 0.46535, 0.45236, 0.04049, 0.02753, 1
0.43344, 0.42763, 0.27637, 0.48764, 0.43975, 0.43275, 0.06792, 0.10383, 1
0.44488, 0.43713, 0.55324, 0.47733, 0.45289, 0.45075, 0.03914, 0.04324, 1
0.48666, 0.4666, 0.55731, 0.47177, 0.4844, 0.47199, 0.18964, 0.20502, 0
0.46209, 0.45037, 0.56568, 0.47263, 0.47179, 0.46746, 0.05181, 0.05358, 0
0.45689, 0.44588, 0.52805, 0.47398, 0.46406, 0.45529, 0.02508, 0.01205, 0
0.48139, 0.46084, 0.40935, 0.47506, 0.47787, 0.46461, 0.19278, 0.20842, 0
0.4512, 0.44225, 0.27571, 0.47882, 0.4526, 0.4417, 0.03428, 0.0091, 0
0.44222, 0.43628, 0.11255, 0.48158, 0.44747, 0.43834, 0.03313, 0.07394, 0
0.44663, 0.43263, 0.17964, 0.48372, 0.44573, 0.44065, 0.10821, 0.09418, 0
0.45197, 0.4399, 0.16137, 0.47834, 0.45638, 0.45464, 0.03982, 0.03511, 1
0.44799, 0.4401, 0.24548, 0.47437, 0.45655, 0.45313, 0.0385, 0.04247, 0
0.45083, 0.44227, 0.25774, 0.4719, 0.46027, 0.45814, 0.03852, 0.01062, 1
0.45827, 0.44619, 0.26435, 0.46923, 0.46568, 0.45986, 0.02729, 0.00232, 0
0.43256, 0.4191, 0.28575, 0.48651, 0.42552, 0.41377, 0.19459, 0.18888, 1
0.44744, 0.44508, 0.29412, 0.48337, 0.44091, 0.42806, 0.02172, 0.03814, 0
0.46343, 0.4549, 0.24752, 0.46964, 0.48054, 0.47822, 0.12003, 0.07528, 0
0.45254, 0.43835, 0.26118, 0.4723, 0.46834, 0.46462, 0.01641, 0.06513, 1
0.45504, 0.4427, 0.34424, 0.47226, 0.46455, 0.45772, 0.01164, 0.00833, 0
0.44549, 0.43837, 0.27205, 0.48642, 0.4494, 0.44367, 0.01633, 0.03496, 1
0.4483, 0.43945, 0.27239, 0.48037, 0.45353, 0.4505, 0.01107, 0.02896, 1
0.43716, 0.43004, 0.45438, 0.48343, 0.44314, 0.44296, 0.06095, 0.12139, 1
0.43912, 0.43105, 0.46455, 0.48426, 0.44266, 0.43526, 0.05201, 0.04599, 1
0.44958, 0.44054, 0.46726, 0.48294, 0.45187, 0.44087, 0.03065, 0.03766, 1
0.45933, 0.44914, 0.40082, 0.47272, 0.46394, 0.45493, 0.04164, 0.03995, 0
0.44659, 0.43582, 0.4106, 0.48295, 0.4504, 0.44152, 0.04573, 0.03576, 0
0.444, 0.43274, 0.41032, 0.4852, 0.44446, 0.43193, 0.08773, 0.11149, 0
0.45133, 0.4414, 0.55165, 0.48264, 0.45432, 0.44768, 0.02297, 0.03945, 0
0.45176, 0.44224, 0.43673, 0.47287, 0.45987, 0.45664, 0.02007, 0.03095, 1
0.45524, 0.44245, 0.37918, 0.47658, 0.45867, 0.44947, 0.05679, 0.06254, 0
0.45898, 0.44435, 0.14122, 0.47567, 0.46253, 0.45011, 0.08097, 0.08115, 0
0.44725, 0.43865, 0.10847, 0.48361, 0.4505, 0.44448, 0.01412, 0.02351, 0
0.45895, 0.44605, 0.10262, 0.47016, 0.46323, 0.45626, 0.04693, 0.04525, 0
0.44164, 0.43518, 0.24305, 0.48256, 0.4446, 0.44205, 0.02897, 0.00824, 1
0.45443, 0.44397, 0.31856, 0.47743, 0.45782, 0.45206, 0.02387, 0.00825, 1
0.44701, 0.43754, 0.43725, 0.48717, 0.4495, 0.44401, 0.02915, 0.03425, 0
0.43557, 0.43261, 0.44261, 0.48004, 0.4454, 0.44387, 0.09546, 0.10627, 1
0.44439, 0.43655, 0.45955, 0.48356, 0.45017, 0.44666, 0.02846, 0.05941, 0
0.45809, 0.4473, 0.46997, 0.46754, 0.4654, 0.46161, 0.0308, 0.09689, 0
0.46969, 0.44817, 0.47198, 0.47057, 0.48689, 0.48476, 0.05019, 0.03917, 1
0.44281, 0.43529, 0.36533, 0.48348, 0.4427, 0.43747, 0.03175, 0.07452, 1
0.43039, 0.43066, 0.3028, 0.48285, 0.43839, 0.43901, 0.13, 0.14512, 1
0.44825, 0.43886, 0.22881, 0.47582, 0.45524, 0.44998, 0.01133, 0.01573, 0
0.45139, 0.4414, 0.17346, 0.47294, 0.46473, 0.45998, 0.03359, 0.03382, 0
0.45311, 0.44351, 0.27458, 0.47162, 0.45999, 0.45626, 0.01429, 0.01579, 0
0.44869, 0.44013, 0.2797, 0.48521, 0.4529, 0.44626, 0.00736, 0.00983, 1
0.47128, 0.45534, 0.27541, 0.47475, 0.47134, 0.46458, 0.10215, 0.12447, 0
0.44207, 0.43464, 0.25082, 0.47834, 0.44927, 0.44627, 0.04352, 0.03941, 0
0.45501, 0.44526, 0.28612, 0.47225, 0.46028, 0.45427, 0.01977, 0.01145, 0
0.44865, 0.44054, 0.28342, 0.48101, 0.45333, 0.44776, 0.00359, 0.00606, 0
0.44959, 0.44118, 0.2836, 0.47728, 0.45542, 0.45167, 0.01436, 0.0229, 0
0.45032, 0.44118, 0.28689, 0.47202, 0.45687, 0.45258, 0.01077, 0.00606, 1
0.45335, 0.4414, 0.26281, 0.47928, 0.45682, 0.44985, 0.0413, 0.02641, 0
0.45016, 0.44075, 0.25721, 0.47915, 0.45509, 0.45089, 0.00415, 0.01603, 0
0.43621, 0.42644, 0.35604, 0.48788, 0.44052, 0.43483, 0.07603, 0.06165, 1
0.70575, 0.68232, 0.43023, 0.42691, 0.70245, 0.68131, 0.1827, 0.17936, 0
0.44969, 0.4384, 0.28521, 0.47825, 0.45558, 0.45153, 0.02098, 0.01582, 1
0.46016, 0.44953, 0.17658, 0.47338, 0.46309, 0.45673, 0.04485, 0.04751, 1
0.44846, 0.43846, 0.52042, 0.48394, 0.45252, 0.4482, 0.02056, 0.01343, 1
0.4532, 0.44287, 0.5752, 0.477, 0.45958, 0.44985, 0.01937, 0.02529, 0
0.44928, 0.44139, 0.59908, 0.48286, 0.45519, 0.44896, 0.01235, 0.00897, 0
0.45273, 0.4435, 0.54381, 0.46767, 0.4586, 0.4533, 0.01236, 0.02141, 1
0.40662, 0.40405, 0.50511, 0.49128, 0.41105, 0.4065, 0.18025, 0.1943, 1
0.43991, 0.4372, 0.3498, 0.48532, 0.4386, 0.43039, 0.02489, 0.02804, 1
0.45297, 0.44181, 0.16978, 0.47654, 0.45627, 0.45685, 0.01608, 0.01777, 0
0.45754, 0.44685, 0.22255, 0.46918, 0.4633, 0.46055, 0.02742, 0.00592, 0
0.45125, 0.4414, 0.56247, 0.48253, 0.4541, 0.44739, 0.02319, 0.02955, 0
0.44566, 0.43969, 0.55461, 0.48007, 0.4521, 0.44895, 0.04511, 0.05944, 0
0.45328, 0.44396, 0.52545, 0.47382, 0.45867, 0.45127, 0.0135, 0.02532, 1
0.45261, 0.44289, 0.42253, 0.47001, 0.45835, 0.45348, 0.00825, 0.01423, 1
0.44912, 0.44118, 0.42517, 0.48032, 0.45426, 0.44752, 0.01072, 0.01386, 0
0.45053, 0.4414, 0.38382, 0.47749, 0.4562, 0.45205, 0.00546, 0.00822, 1
0.45372, 0.44332, 0.38527, 0.4706, 0.45841, 0.4527, 0.01763, 0.01987, 1
0.44867, 0.44332, 0.34708, 0.48203, 0.44788, 0.44404, 0.02058, 0.0082, 0
0.43084, 0.42903, 0.32277, 0.48197, 0.43778, 0.44494, 0.11728, 0.20345, 1
0.45186, 0.43883, 0.26814, 0.4722, 0.46174, 0.46254, 0.01254, 0.05542, 0
0.4511, 0.44118, 0.24193, 0.47301, 0.46121, 0.4584, 0.025, 0.02379, 1
0.4484, 0.44375, 0.16284, 0.48118, 0.45325, 0.44713, 0.04803, 0.03063, 0
0.46349, 0.44952, 0.18321, 0.46896, 0.46957, 0.46397, 0.05266, 0.03795, 1
0.45641, 0.44396, 0.20985, 0.48212, 0.45403, 0.44481, 0.08841, 0.13071, 0
0.4601, 0.45035, 0.18247, 0.46777, 0.46469, 0.45915, 0.04454, 0.0745, 0
0.45309, 0.44287, 0.17182, 0.47089, 0.45797, 0.45304, 0.01075, 0.01694, 1
0.45615, 0.44631, 0.17938, 0.47561, 0.45995, 0.45166, 0.03049, 0.02565, 0
0.45622, 0.44673, 0.17384, 0.47895, 0.4588, 0.45218, 0.03218, 0.01641, 0
0.44177, 0.43321, 0.24997, 0.48743, 0.44507, 0.44082, 0.03913, 0.01026, 1
0.45251, 0.44539, 0.25506, 0.47561, 0.45662, 0.45317, 0.03186, 0.0323, 0
0.46979, 0.45759, 0.26431, 0.46557, 0.4748, 0.47076, 0.07987, 0.08027, 0
0.45061, 0.44076, 0.30146, 0.47915, 0.45548, 0.44807, 0.0142, 0.01569, 0
0.45966, 0.44665, 0.27794, 0.46905, 0.46469, 0.45903, 0.04396, 0.02941, 0
0.44509, 0.43361, 0.23857, 0.47821, 0.45214, 0.44641, 0.04407, 0.02342, 0
0.45434, 0.4386, 0.21122, 0.47653, 0.46598, 0.44358, 0.08377, 0.05007, 1
0.46005, 0.44182, 0.19372, 0.4729, 0.48512, 0.47854, 0.00355, 0.02363, 1
0.46873, 0.45221, 0.18374, 0.4801, 0.46932, 0.44625, 0.15471, 0.15993, 1
0.44546, 0.43605, 0.45344, 0.47976, 0.45129, 0.4492, 0.02501, 0.01044, 1
0.45832, 0.44567, 0.50526, 0.47182, 0.46207, 0.45464, 0.04647, 0.04906, 0
0.43961, 0.43285, 0.47401, 0.48793, 0.44182, 0.4338, 0.04209, 0.02908, 0
0.44728, 0.43841, 0.1251, 0.48069, 0.45138, 0.4492, 0.01352, 0.01595, 0
0.45413, 0.44439, 0.14168, 0.46735, 0.45925, 0.45386, 0.01557, 0.0178, 1
0.45628, 0.44395, 0.2297, 0.47245, 0.46705, 0.45566, 0.02087, 0.01803, 1
0.40664, 0.40487, 0.22948, 0.49096, 0.41401, 0.40609, 0.17847, 0.15014, 1
0.43529, 0.4172, 0.17777, 0.48603, 0.42722, 0.41164, 0.25649, 0.27701, 1
0.44917, 0.44203, 0.1338, 0.48022, 0.45129, 0.44882, 0.0182, 0.0201, 0
0.46307, 0.45591, 0.36184, 0.47302, 0.46855, 0.4624, 0.08036, 0.04116, 1
0.44435, 0.43735, 0.35043, 0.48106, 0.4499, 0.44649, 0.02571, 0.02766, 1
0.44114, 0.43502, 0.30542, 0.48846, 0.44467, 0.4398, 0.03379, 0.05419, 0
0.44672, 0.44182, 0.29467, 0.47891, 0.45314, 0.45101, 0.06235, 0.06566, 0
0.44537, 0.43513, 0.39636, 0.48088, 0.45002, 0.44145, 0.04374, 0.05682, 0
0.44922, 0.44118, 0.24934, 0.48063, 0.45449, 0.44722, 0.00724, 0.01285, 1
0.4301, 0.4371, 0.18098, 0.48443, 0.41453, 0.39732, 0.02044, 0.01654, 0
0.52221, 0.5033, 0.18183, 0.46451, 0.52488, 0.52474, 0.3004, 0.34497, 0
0.44027, 0.43225, 0.26252, 0.48143, 0.44763, 0.44405, 0.04665, 0.04924, 1
0.45065, 0.44161, 0.12158, 0.48286, 0.45049, 0.44122, 0.03557, 0.02397, 1
0.50469, 0.49379, 0.1382, 0.46838, 0.50523, 0.4998, 0.25459, 0.26528, 0
0.44094, 0.43567, 0.14042, 0.4818, 0.44339, 0.44202, 0.03886, 0.07004, 0
0.44468, 0.44076, 0.08628, 0.47911, 0.45344, 0.4349, 0.03562, 0.01938, 0
0.44826, 0.43905, 0.18943, 0.47771, 0.45481, 0.44959, 0.01087, 0.03391, 0
0.44832, 0.44054, 0.19767, 0.47519, 0.4557, 0.45062, 0.02688, 0.05577, 0
0.42727, 0.40082, 0.30447, 0.48234, 0.41869, 0.39766, 0.36501, 0.36759, 0
0.44531, 0.43902, 0.25609, 0.48308, 0.45261, 0.44657, 0.03761, 0.03169, 0
0.4549, 0.44465, 0.23352, 0.47025, 0.46321, 0.46007, 0.0221, 0.03854, 1
0.45461, 0.44702, 0.22783, 0.4714, 0.46062, 0.45902, 0.04726, 0.04488, 1
0.44986, 0.44075, 0.17011, 0.47347, 0.45769, 0.45207, 0.0182, 0.02568, 0
0.45988, 0.44617, 0.16714, 0.46951, 0.46863, 0.46402, 0.02904, 0.0378, 1
0.4479, 0.44183, 0.17648, 0.47404, 0.45863, 0.45234, 0.06344, 0.06504, 0
0.45611, 0.44574, 0.18911, 0.47156, 0.46592, 0.46009, 0.02966, 0.01406, 1
0.50785, 0.48354, 0.52146, 0.47212, 0.5026, 0.48481, 0.28419, 0.23147, 1
0.444, 0.43667, 0.3017, 0.48385, 0.44828, 0.44489, 0.02357, 0.03033, 0
0.48339, 0.48352, 0.29063, 0.4688, 0.50274, 0.51098, 0.33923, 0.29152, 1
0.40453, 0.40321, 0.26488, 0.48932, 0.39974, 0.39251, 0.18639, 0.28141, 0
0.44162, 0.43215, 0.18951, 0.48481, 0.44684, 0.44385, 0.04416, 0.05069, 0
0.44649, 0.43753, 0.20318, 0.47601, 0.45438, 0.44972, 0.02395, 0.02103, 0
0.45284, 0.44204, 0.18712, 0.47636, 0.45767, 0.45037, 0.02553, 0.02261, 1
0.44983, 0.44075, 0.17443, 0.48315, 0.45387, 0.44828, 0.00749, 0.00607, 1
0.44711, 0.43925, 0.17865, 0.48405, 0.45217, 0.44815, 0.01568, 0.02929, 0
0.45912, 0.44398, 0.23079, 0.47672, 0.46128, 0.4488, 0.09638, 0.04713, 1
0.45136, 0.44312, 0.21852, 0.47999, 0.45563, 0.45232, 0.01569, 0.03382, 1
0.51387, 0.48096, 0.19762, 0.46768, 0.51746, 0.50893, 0.28691, 0.3479, 1
0.71604, 0.71286, 0.21477, 0.42247, 0.72356, 0.72131, 0.15346, 0.16814, 1
0.44253, 0.43504, 0.29138, 0.48672, 0.44753, 0.4419, 0.03092, 0.02291, 0
0.44879, 0.44055, 0.3721, 0.47835, 0.45419, 0.45319, 0.01971, 0.02007, 0
0.45076, 0.44457, 0.2022, 0.48102, 0.45008, 0.44396, 0.01779, 0.03132, 1
0.45178, 0.44499, 0.14995, 0.47099, 0.45916, 0.45921, 0.06288, 0.0924, 0
0.44637, 0.43991, 0.12491, 0.4787, 0.45285, 0.44639, 0.03242, 0.01791, 0
0.45293, 0.44457, 0.11534, 0.47103, 0.46298, 0.46179, 0.05221, 0.05519, 0
0.16375, 0.14991, 0.20043, 0.52427, 0.15983, 0.15364, 0.28424, 0.30583, 0
0.41853, 0.42928, 0.22628, 0.48508, 0.41262, 0.40027, 0.13053, 0.13325, 0
0.45245, 0.44416, 0.3905, 0.47189, 0.45968, 0.45707, 0.0417, 0.03343, 0
0.45895, 0.44821, 0.40813, 0.47824, 0.46067, 0.45243, 0.05049, 0.03861, 1
0.16252, 0.163, 0.34963, 0.50046, 0.18531, 0.2057, 0.36581, 0.35956, 0
0.45384, 0.44941, 0.24692, 0.48068, 0.44981, 0.43332, 0.03968, 0.03483, 1
0.458, 0.4453, 0.23217, 0.4747, 0.46225, 0.45221, 0.05279, 0.02811, 1
0.43447, 0.41473, 0.22433, 0.48507, 0.4343, 0.42421, 0.23068, 0.13564, 0
0.44307, 0.44162, 0.21512, 0.48273, 0.44361, 0.43315, 0.02547, 0.02206, 0
0.46775, 0.4623, 0.22016, 0.47184, 0.48037, 0.4881, 0.16741, 0.12669, 1
0.51163, 0.49974, 0.31465, 0.47116, 0.5104, 0.50235, 0.28272, 0.24887, 1
0.45022, 0.42126, 0.31737, 0.48186, 0.44146, 0.4358, 0.32585, 0.32787, 1
0.45367, 0.44183, 0.36208, 0.47326, 0.4605, 0.45403, 0.01303, 0.01511, 1
0.45223, 0.43989, 0.22106, 0.48346, 0.44839, 0.43479, 0.11213, 0.11181, 1
0.44487, 0.43707, 0.1514, 0.47622, 0.45362, 0.4484, 0.03361, 0.04022, 0
0.44261, 0.44698, 0.31701, 0.48359, 0.43057, 0.41326, 0.03069, 0.0757, 1
0.44531, 0.4401, 0.23564, 0.4832, 0.4488, 0.445, 0.03112, 0.00461, 0
0.44807, 0.43778, 0.25447, 0.47692, 0.45482, 0.44779, 0.01788, 0.01262, 0
0.43703, 0.42652, 0.28241, 0.48451, 0.44314, 0.43646, 0.07693, 0.08046, 0
0.45806, 0.45054, 0.2896, 0.47434, 0.46273, 0.45436, 0.04735, 0.05137, 1
0.45226, 0.4448, 0.20616, 0.47437, 0.461, 0.45578, 0.04775, 0.0488, 0
0.45175, 0.44735, 0.21568, 0.48088, 0.45351, 0.44856, 0.03995, 0.05149, 1
0.4509, 0.44012, 0.18865, 0.48288, 0.4542, 0.44689, 0.03413, 0.03811, 1
0.44068, 0.4363, 0.17917, 0.48596, 0.44426, 0.44046, 0.04407, 0.03379, 0
0.46097, 0.44722, 0.21036, 0.47973, 0.4588, 0.45285, 0.09132, 0.0023, 1
0.44912, 0.44528, 0.24642, 0.47913, 0.45224, 0.44763, 0.04917, 0.034, 0
0.44571, 0.43752, 0.23022, 0.48545, 0.44986, 0.44252, 0.01986, 0.02827, 0
0.453, 0.44442, 0.22438, 0.48079, 0.45645, 0.44893, 0.01653, 0.01151, 1
0.46412, 0.4548, 0.20269, 0.46793, 0.47022, 0.46687, 0.06975, 0.01613, 1
0.45339, 0.44288, 0.26915, 0.47219, 0.45931, 0.4532, 0.01345, 0.01634, 1
0.45108, 0.44097, 0.22877, 0.47236, 0.45851, 0.4536, 0.00206, 0.02901, 0
0.45821, 0.44822, 0.24336, 0.46716, 0.46467, 0.45967, 0.03511, 0.04731, 1
0.44167, 0.43501, 0.21329, 0.48425, 0.44498, 0.43902, 0.03228, 0.08256, 0
0.446, 0.43309, 0.22031, 0.48121, 0.44967, 0.43578, 0.08435, 0.06182, 1
0.45683, 0.44864, 0.20886, 0.47978, 0.45836, 0.45346, 0.03636, 0.03738, 1
0.45264, 0.44246, 0.20011, 0.476, 0.45687, 0.45178, 0.01548, 0.02039, 1
0.45657, 0.44486, 0.38955, 0.47005, 0.46398, 0.45797, 0.01992, 0.02224, 1
0.4439, 0.43513, 0.42875, 0.47607, 0.45234, 0.4522, 0.04108, 0.05021, 0
0.45219, 0.44507, 0.4397, 0.47858, 0.4563, 0.44867, 0.02167, 0.01219, 1
0.45804, 0.45048, 0.10205, 0.46873, 0.46859, 0.46649, 0.08054, 0.11327, 1
0.46209, 0.45116, 0.14945, 0.46885, 0.47507, 0.47285, 0.06738, 0.03359, 1
0.41745, 0.42347, 0.14327, 0.48299, 0.42693, 0.43257, 0.20301, 0.23112, 0
0.42107, 0.40578, 0.14582, 0.48398, 0.42537, 0.42564, 0.19666, 0.1682, 0
0.44434, 0.43599, 0.13857, 0.48236, 0.45039, 0.44408, 0.02607, 0.00831, 0
0.44784, 0.43967, 0.14411, 0.47472, 0.4563, 0.45325, 0.03514, 0.04846, 0
0.45268, 0.44075, 0.15833, 0.48023, 0.45642, 0.44906, 0.04348, 0.03001, 1
0.44922, 0.44075, 0.25316, 0.48233, 0.44963, 0.44644, 0.01461, 0.04306, 1
0.45232, 0.44357, 0.23654, 0.47189, 0.45814, 0.45339, 0.01712, 0.01974, 1
0.45043, 0.4427, 0.2135, 0.47376, 0.45797, 0.45549, 0.03875, 0.03211, 0
0.45205, 0.44227, 0.20793, 0.47182, 0.45985, 0.45746, 0.01713, 0.0223, 0
0.4507, 0.44097, 0.19297, 0.4809, 0.45569, 0.44853, 0.01273, 0.02951, 1
0.45751, 0.44574, 0.18931, 0.47868, 0.45968, 0.45089, 0.05362, 0.04318, 1
0.46896, 0.44921, 0.31611, 0.47005, 0.48356, 0.47904, 0.05965, 0.05322, 1
0.46156, 0.44972, 0.40272, 0.47339, 0.46845, 0.45787, 0.04641, 0.08047, 1
0.4558, 0.44374, 0.39697, 0.47368, 0.45976, 0.45231, 0.04112, 0.04813, 1
0.4497, 0.44097, 0.34257, 0.47513, 0.45675, 0.45489, 0.0232, 0.02169, 0
0.45524, 0.44396, 0.24782, 0.47622, 0.45921, 0.45075, 0.03643, 0.04213, 1
0.44714, 0.44097, 0.2634, 0.48056, 0.44905, 0.45037, 0.03373, 0.11561, 0
0.43732, 0.43375, 0.26187, 0.47817, 0.44568, 0.45165, 0.10402, 0.10576, 0
0.46898, 0.45638, 0.22078, 0.47198, 0.48225, 0.47358, 0.07437, 0.01597, 1
0.45462, 0.4414, 0.38181, 0.47274, 0.46709, 0.46224, 0.0021, 0.04429, 1
0.44589, 0.4377, 0.4264, 0.47578, 0.45672, 0.44786, 0.03362, 0.01857, 0
0.45782, 0.4475, 0.43622, 0.46826, 0.4665, 0.45816, 0.03097, 0.0302, 1
0.45539, 0.44314, 0.44924, 0.48074, 0.45743, 0.44641, 0.06796, 0.07668, 1
0.44009, 0.43901, 0.4263, 0.47672, 0.45048, 0.45261, 0.14556, 0.10767, 0
0.45962, 0.43836, 0.41057, 0.47739, 0.45996, 0.45129, 0.16566, 0.10764, 1
0.44892, 0.44097, 0.12175, 0.48081, 0.45303, 0.44997, 0.00914, 0.02209, 0
0.44936, 0.43858, 0.1442, 0.48232, 0.45116, 0.4401, 0.0559, 0.06882, 1
0.45185, 0.44353, 0.47953, 0.47216, 0.45864, 0.45762, 0.03579, 0.02313, 0
0.44702, 0.43777, 0.46813, 0.47597, 0.45296, 0.45334, 0.02178, 0.065, 0
0.45096, 0.44439, 0.1879, 0.47792, 0.45496, 0.45386, 0.04052, 0.05523, 0
0.44935, 0.43798, 0.1764, 0.48127, 0.45133, 0.44623, 0.04717, 0.06476, 1
0.4447, 0.43563, 0.12207, 0.47835, 0.45068, 0.43223, 0.0392, 0.10719, 0
0.44554, 0.43841, 0.09451, 0.48286, 0.45016, 0.44609, 0.01833, 0.04031, 0
0.45434, 0.44268, 0.18213, 0.47378, 0.46042, 0.45218, 0.02779, 0.01812, 1
0.45208, 0.44183, 0.21469, 0.47573, 0.45774, 0.45205, 0.00947, 0.00456, 1
0.19726, 0.19768, 0.24859, 0.52711, 0.19351, 0.19707, 0.25294, 0.19994, 0
0.4531, 0.44204, 0.2348, 0.48174, 0.45508, 0.44544, 0.05025, 0.06522, 1
0.44998, 0.43904, 0.22283, 0.47947, 0.45414, 0.45114, 0.02381, 0.02176, 1
0.45501, 0.44525, 0.25581, 0.47012, 0.46125, 0.45931, 0.02536, 0.0395, 1
0.4428, 0.43584, 0.22582, 0.47719, 0.45086, 0.447, 0.04554, 0.04554, 0
0.18375, 0.17851, 0.21429, 0.52453, 0.1891, 0.20056, 0.20561, 0.20263, 0
0.07699, 0.0708, 0.26612, 0.61734, 0.07161, 0.06891, 0.11217, 0.10945, 0
0.42825, 0.42265, 0.30142, 0.48305, 0.43661, 0.43874, 0.10267, 0.07123, 0
0.4539, 0.44162, 0.36522, 0.47814, 0.4586, 0.44651, 0.05139, 0.05077, 1
0.44951, 0.44053, 0.4967, 0.47538, 0.45615, 0.44997, 0.00636, 0.0102, 0
0.44915, 0.43987, 0.43416, 0.47533, 0.45525, 0.44984, 0.00734, 0.05721, 0
0.4457, 0.43855, 0.43971, 0.47594, 0.4535, 0.44917, 0.03885, 0.07512, 0
0.462, 0.44943, 0.18217, 0.47493, 0.46591, 0.46049, 0.05635, 0.04679, 1
0.45202, 0.44271, 0.19408, 0.47236, 0.46599, 0.46696, 0.06039, 0.05912, 0
0.45853, 0.44597, 0.19522, 0.47173, 0.4704, 0.46289, 0.0242, 0.01291, 1
0.44224, 0.43576, 0.19056, 0.48413, 0.44535, 0.43721, 0.02675, 0.00834, 0
0.45282, 0.44314, 0.17877, 0.47788, 0.4576, 0.45498, 0.00961, 0.00835, 1
0.45367, 0.4414, 0.37781, 0.47241, 0.46474, 0.45955, 0.00209, 0.02621, 1
0.45384, 0.44291, 0.35397, 0.47992, 0.45593, 0.44906, 0.03357, 0.03048, 1
0.27153, 0.26464, 0.34447, 0.54968, 0.27701, 0.27565, 0.01639, 0.02733, 0
0.45334, 0.44405, 0.37491, 0.47414, 0.46745, 0.45198, 0.03769, 0.02011, 0
0.45001, 0.44339, 0.37667, 0.4749, 0.4572, 0.45077, 0.03843, 0.051, 0
0.44708, 0.43721, 0.35265, 0.47675, 0.45443, 0.44903, 0.01919, 0.0187, 0
0.44283, 0.43634, 0.22733, 0.47507, 0.45504, 0.45478, 0.08078, 0.057, 0
0.45108, 0.43766, 0.26103, 0.48245, 0.45292, 0.44183, 0.08637, 0.07526, 1
0.44218, 0.43205, 0.24168, 0.48251, 0.44977, 0.44511, 0.04503, 0.06241, 0
0.44251, 0.43896, 0.26208, 0.48396, 0.44234, 0.43651, 0.02811, 0.02562, 0
0.46958, 0.45877, 0.28517, 0.47034, 0.47517, 0.47682, 0.08825, 0.05366, 1
0.42815, 0.42149, 0.26475, 0.48683, 0.43535, 0.43141, 0.09676, 0.13826, 0
0.45009, 0.43637, 0.32301, 0.47947, 0.45355, 0.44612, 0.06299, 0.11102, 1
0.45534, 0.44512, 0.43426, 0.47605, 0.45821, 0.4509, 0.03188, 0.18214, 1
0.44851, 0.44118, 0.45099, 0.48372, 0.44971, 0.44256, 0.00743, 0.04113, 1
0.43495, 0.4138, 0.4095, 0.48282, 0.42877, 0.43298, 0.23956, 0.18222, 0
0.43304, 0.42617, 0.33571, 0.47996, 0.44152, 0.4447, 0.08752, 0.05436, 0
0.38343, 0.39224, 0.30876, 0.4819, 0.40505, 0.41319, 0.34594, 0.40347, 0
0.46175, 0.43506, 0.29349, 0.47268, 0.47859, 0.47794, 0.10657, 0.12755, 1
0.46168, 0.4482, 0.24971, 0.46961, 0.47153, 0.46353, 0.0369, 0.06909, 1
0.4522, 0.44271, 0.2224, 0.48022, 0.45479, 0.44957, 0.01803, 0.00404, 1
0.4367, 0.43118, 0.21523, 0.48466, 0.44311, 0.44216, 0.06697, 0.08853, 0
0.47162, 0.461, 0.28785, 0.47197, 0.47491, 0.46751, 0.09563, 0.17132, 1
0.47243, 0.46266, 0.32424, 0.4799, 0.46241, 0.45856, 0.12222, 0.02597, 1
0.45077, 0.44274, 0.23249, 0.47278, 0.45948, 0.4567, 0.03974, 0.02335, 0
0.45156, 0.44052, 0.13257, 0.47788, 0.45618, 0.45064, 0.02437, 0.03319, 1
0.45131, 0.44252, 0.15182, 0.47989, 0.45347, 0.45239, 0.00644, 0.00711, 1
0.4581, 0.44831, 0.16058, 0.47744, 0.46001, 0.44727, 0.05634, 0.01661, 1
0.44278, 0.43628, 0.15867, 0.48613, 0.44621, 0.44159, 0.02797, 0.05783, 0
0.44674, 0.43828, 0.16714, 0.47836, 0.45291, 0.45132, 0.02482, 0.02648, 0
0.45844, 0.44762, 0.29515, 0.4712, 0.46152, 0.45588, 0.03715, 0.02129, 1
0.43021, 0.42544, 0.30148, 0.48235, 0.43852, 0.43626, 0.09524, 0.03482, 0
0.4685, 0.45608, 0.29609, 0.47086, 0.47563, 0.47489, 0.07208, 0.01659, 1
0.45426, 0.44385, 0.18245, 0.46971, 0.46159, 0.45751, 0.01486, 0.01033, 1
0.44726, 0.44031, 0.23754, 0.48267, 0.44933, 0.44639, 0.01523, 0.01419, 0
0.44793, 0.43856, 0.28605, 0.47422, 0.4553, 0.45209, 0.01937, 0.03927, 0
0.46518, 0.45262, 0.28774, 0.47234, 0.47773, 0.47688, 0.05709, 0.01172, 1
0.4534, 0.44382, 0.27332, 0.46973, 0.45906, 0.4529, 0.01272, 0.00406, 1
0.45221, 0.4414, 0.26806, 0.47704, 0.45673, 0.45024, 0.02389, 0.00406, 1
0.4505, 0.4425, 0.28097, 0.48283, 0.45313, 0.44731, 0.00734, 0.0117, 1
0.20042, 0.19587, 0.25896, 0.5067, 0.20994, 0.20547, 0.28114, 0.28452, 0
0.43498, 0.42742, 0.24493, 0.48527, 0.42682, 0.41675, 0.10564, 0.06956, 0
0.44373, 0.4342, 0.22604, 0.48439, 0.43893, 0.43847, 0.0674, 0.09549, 0
0.44192, 0.43201, 0.20966, 0.4841, 0.44683, 0.44137, 0.05112, 0.07593, 0
0.44717, 0.43092, 0.18518, 0.47986, 0.45071, 0.44574, 0.10225, 0.09916, 1
0.44897, 0.44031, 0.14195, 0.47935, 0.45449, 0.45024, 0.01174, 0.0182, 0
0.45017, 0.43987, 0.14616, 0.47377, 0.45726, 0.45169, 0.00731, 0.01166, 0
0.44639, 0.43638, 0.11739, 0.48622, 0.44797, 0.43951, 0.04959, 0.02686, 1
0.44986, 0.4403, 0.20125, 0.47777, 0.45545, 0.45223, 0.00561, 0.00812, 0
0.44795, 0.43965, 0.19384, 0.48134, 0.4523, 0.44957, 0.0118, 0.0102, 0
0.44921, 0.44053, 0.21002, 0.48387, 0.45375, 0.44851, 0.00367, 0.0102, 0
0.45054, 0.44031, 0.21471, 0.4749, 0.45571, 0.45077, 0.0118, 0.01638, 1
0.44909, 0.44031, 0.20813, 0.47812, 0.45449, 0.44917, 0.0056, 0.00702, 0
0.44803, 0.43877, 0.26033, 0.47378, 0.45813, 0.45956, 0.04384, 0.06533, 0
0.4485, 0.43899, 0.24594, 0.47449, 0.45458, 0.45104, 0.01122, 0.0504, 0
0.44909, 0.44096, 0.2323, 0.47382, 0.45603, 0.4513, 0.0239, 0.04807, 0
0.45748, 0.44624, 0.22134, 0.46932, 0.4627, 0.45623, 0.02947, 0.05219, 1
0.4528, 0.4447, 0.19678, 0.47323, 0.45839, 0.45223, 0.02244, 0.03607, 1
0.47229, 0.45724, 0.20061, 0.46842, 0.47505, 0.46636, 0.1007, 0.10951, 1
0.4459, 0.43717, 0.46551, 0.48998, 0.45135, 0.44604, 0.01939, 0.00952, 0
0.45357, 0.44342, 0.47703, 0.47893, 0.45676, 0.44875, 0.02825, 0.03298, 1
0.44925, 0.43762, 0.50244, 0.47986, 0.45219, 0.44605, 0.05144, 0.05312, 1
0.45097, 0.44141, 0.42026, 0.47155, 0.45669, 0.45199, 0.00215, 0.00824, 0
0.45006, 0.44141, 0.35063, 0.4837, 0.45434, 0.44821, 0.00215, 0.00629, 1
0.45057, 0.43828, 0.21161, 0.48107, 0.45087, 0.44037, 0.07772, 0.05942, 1
0.44361, 0.43672, 0.22475, 0.48346, 0.44452, 0.43483, 0.02618, 0.05939, 0
0.46186, 0.45168, 0.24823, 0.47556, 0.46515, 0.46255, 0.05066, 0.05236, 1
0.44963, 0.44208, 0.20332, 0.47311, 0.45594, 0.45267, 0.03016, 0.00952, 0
0.44712, 0.43806, 0.16742, 0.4798, 0.4528, 0.44767, 0.01508, 0.0, 0
0.4508, 0.4423, 0.20342, 0.4716, 0.45523, 0.4539, 0.01766, 0.01092, 0
0.45544, 0.43871, 0.19892, 0.47334, 0.4699, 0.46303, 0.02067, 0.02284, 0
0.50015, 0.47195, 0.20041, 0.47326, 0.49732, 0.48127, 0.29367, 0.43866, 1
0.46316, 0.4504, 0.12892, 0.46796, 0.46907, 0.46127, 0.05266, 0.03835, 1
0.45145, 0.44276, 0.13322, 0.47744, 0.45708, 0.45364, 0.01852, 0.01044, 0
0.44055, 0.44631, 0.15627, 0.48381, 0.42088, 0.40107, 0.03462, 0.05179, 1
0.45491, 0.44831, 0.16666, 0.47534, 0.45541, 0.45388, 0.04314, 0.01884, 1
0.47309, 0.46147, 0.18097, 0.46626, 0.47694, 0.47185, 0.09791, 0.15115, 1
0.44533, 0.43541, 0.22271, 0.48454, 0.43927, 0.42468, 0.10042, 0.05459, 1
0.45319, 0.44408, 0.2408, 0.47035, 0.46113, 0.45591, 0.02183, 0.01663, 1
0.4421, 0.43451, 0.23391, 0.48569, 0.44344, 0.43689, 0.03546, 0.02498, 0
0.44931, 0.44096, 0.2481, 0.47964, 0.45352, 0.45132, 0.01306, 0.02027, 0
0.45248, 0.44296, 0.25248, 0.47156, 0.45816, 0.45442, 0.01137, 0.01187, 1
0.4548, 0.4443, 0.24777, 0.47299, 0.45906, 0.45213, 0.02392, 0.02798, 1
0.42806, 0.42644, 0.29531, 0.4792, 0.43954, 0.44317, 0.14225, 0.13892, 0
0.45791, 0.44517, 0.26714, 0.47382, 0.46919, 0.45681, 0.02666, 0.03173, 1
0.44731, 0.43897, 0.29436, 0.47609, 0.45393, 0.4489, 0.01822, 0.01632, 0
0.45009, 0.44074, 0.24921, 0.47323, 0.45724, 0.45278, 0.01129, 0.0417, 0
0.45797, 0.44294, 0.23531, 0.48328, 0.4367, 0.4152, 0.26468, 0.23936, 1
0.43524, 0.43987, 0.26339, 0.48344, 0.42367, 0.42366, 0.05898, 0.0346, 0
0.45583, 0.44447, 0.29615, 0.47977, 0.45008, 0.45742, 0.05199, 0.04511, 1
0.46171, 0.44841, 0.43924, 0.48044, 0.45859, 0.44931, 0.09958, 0.10817, 1
0.44882, 0.44228, 0.50011, 0.48379, 0.44482, 0.437, 0.03148, 0.02017, 1
0.4687, 0.45363, 0.52015, 0.48068, 0.45882, 0.44772, 0.15617, 0.18732, 1
0.42698, 0.44031, 0.54092, 0.47437, 0.45764, 0.48237, 0.46882, 0.45394, 0
0.45368, 0.4436, 0.53724, 0.47651, 0.46338, 0.44026, 0.01482, 0.02476, 1
0.46033, 0.44732, 0.47462, 0.47598, 0.46221, 0.45369, 0.06901, 0.0656, 1
0.45588, 0.44787, 0.21095, 0.46875, 0.46246, 0.45901, 0.0465, 0.04672, 1
0.46319, 0.44742, 0.18398, 0.47554, 0.46437, 0.45523, 0.10139, 0.08086, 1
0.45451, 0.44363, 0.16906, 0.48066, 0.45583, 0.4501, 0.03726, 0.04903, 1
0.44856, 0.43963, 0.17508, 0.48364, 0.44941, 0.44512, 0.02176, 0.03025, 1
0.44887, 0.44319, 0.15227, 0.47456, 0.45594, 0.45563, 0.06577, 0.05576, 0
0.45702, 0.44852, 0.18765, 0.46739, 0.46182, 0.45778, 0.03917, 0.02565, 1
0.44259, 0.43474, 0.16423, 0.48624, 0.44853, 0.44283, 0.03246, 0.04966, 0
0.46238, 0.45122, 0.23152, 0.47139, 0.47298, 0.46443, 0.05017, 0.03828, 1
0.45753, 0.44941, 0.23278, 0.47871, 0.45833, 0.45778, 0.04008, 0.04112, 1
0.44876, 0.44096, 0.32044, 0.47918, 0.45444, 0.45051, 0.02046, 0.04809, 0
0.43741, 0.43297, 0.26854, 0.48807, 0.44187, 0.43529, 0.05069, 0.06901, 0
0.45313, 0.44254, 0.48641, 0.4796, 0.4559, 0.44461, 0.04214, 0.03951, 1
0.44826, 0.43892, 0.4763, 0.48458, 0.45012, 0.44146, 0.03574, 0.04185, 1
0.47515, 0.46634, 0.43915, 0.46625, 0.48318, 0.4832, 0.13832, 0.16955, 1
0.44906, 0.4396, 0.43683, 0.47764, 0.4535, 0.4464, 0.02216, 0.02375, 1
0.45366, 0.44345, 0.43105, 0.47767, 0.45924, 0.45517, 0.01156, 0.0087, 1
0.44416, 0.43757, 0.20736, 0.48177, 0.44977, 0.44887, 0.03819, 0.03131, 0
0.45801, 0.44819, 0.20437, 0.47293, 0.46295, 0.45996, 0.03428, 0.03615, 1
0.4477, 0.4387, 0.18641, 0.47585, 0.45271, 0.44996, 0.01326, 0.00834, 0
0.45097, 0.44073, 0.16607, 0.48202, 0.45469, 0.44846, 0.02275, 0.04575, 1
0.45204, 0.44209, 0.18258, 0.48214, 0.45472, 0.44723, 0.02677, 0.03413, 1
0.44873, 0.44186, 0.19413, 0.47613, 0.45552, 0.45352, 0.04353, 0.03784, 0
0.45142, 0.44185, 0.25919, 0.48182, 0.45561, 0.44942, 0.01348, 0.03045, 1
0.4501, 0.44007, 0.24531, 0.47869, 0.45481, 0.44766, 0.01767, 0.00954, 1
0.45022, 0.44118, 0.24202, 0.48057, 0.45457, 0.4478, 0.00748, 0.0167, 1
0.4481, 0.43783, 0.24981, 0.47876, 0.45332, 0.44535, 0.02922, 0.01653, 0
0.45132, 0.44185, 0.18585, 0.47525, 0.45633, 0.45119, 0.00374, 0.02079, 1
0.44358, 0.4347, 0.18986, 0.47741, 0.45176, 0.45159, 0.03963, 0.02812, 0
0.45143, 0.44409, 0.17376, 0.47196, 0.46091, 0.45878, 0.05605, 0.04768, 0
0.45605, 0.44454, 0.16581, 0.47091, 0.46446, 0.45906, 0.01632, 0.02516, 1
0.44358, 0.4347, 0.13963, 0.48399, 0.44904, 0.44129, 0.03268, 0.04013, 0
0.42538, 0.42175, 0.14791, 0.4902, 0.43034, 0.42574, 0.10025, 0.18355, 0
0.44712, 0.43561, 0.1853, 0.48364, 0.44365, 0.43807, 0.08808, 0.05706, 1
0.4478, 0.43651, 0.21418, 0.48372, 0.4491, 0.44592, 0.04842, 0.07271, 1
0.44501, 0.43872, 0.29781, 0.48314, 0.45013, 0.44522, 0.03048, 0.04196, 0
0.45521, 0.44528, 0.51393, 0.46867, 0.46206, 0.45796, 0.02118, 0.02115, 1
0.46454, 0.45097, 0.5367, 0.47004, 0.46776, 0.46072, 0.06977, 0.08044, 1
0.45586, 0.44323, 0.32931, 0.47745, 0.45822, 0.45148, 0.05595, 0.05247, 1
0.45223, 0.44073, 0.17789, 0.47322, 0.46041, 0.4541, 0.01162, 0.01057, 1
0.46657, 0.45462, 0.18321, 0.47284, 0.46906, 0.46003, 0.07422, 0.06572, 1
0.43605, 0.43462, 0.16403, 0.48387, 0.4358, 0.42938, 0.04254, 0.00724, 0
0.43899, 0.43552, 0.17544, 0.48178, 0.44267, 0.44269, 0.0613, 0.09182, 0
0.44976, 0.44141, 0.12715, 0.48192, 0.45555, 0.44858, 0.00581, 0.01058, 0
0.45429, 0.44414, 0.14054, 0.4721, 0.4595, 0.45479, 0.01538, 0.01832, 1
0.45232, 0.44118, 0.13889, 0.47655, 0.45627, 0.44927, 0.03043, 0.0468, 1
0.44539, 0.43732, 0.14131, 0.48583, 0.45009, 0.44417, 0.01876, 0.03812, 0
0.44785, 0.44027, 0.11792, 0.47445, 0.45529, 0.45175, 0.03453, 0.01591, 0
0.45251, 0.44096, 0.45075, 0.47744, 0.45797, 0.44888, 0.03184, 0.03723, 1
0.463, 0.45417, 0.44595, 0.47078, 0.46665, 0.46272, 0.06366, 0.083, 1
0.41752, 0.41926, 0.31663, 0.48242, 0.42999, 0.43343, 0.18625, 0.22183, 0
0.4449, 0.43333, 0.3138, 0.47949, 0.44949, 0.43337, 0.0726, 0.05195, 0
0.4545, 0.4441, 0.31698, 0.48193, 0.45578, 0.44629, 0.04539, 0.03983, 1
0.45483, 0.44433, 0.10533, 0.47124, 0.46245, 0.45419, 0.01694, 0.0338, 1
0.45565, 0.44545, 0.11331, 0.4714, 0.46108, 0.45405, 0.02264, 0.10285, 1
0.18185, 0.17551, 0.34654, 0.63417, 0.18012, 0.17909, 0.07142, 0.06496, 0
0.44615, 0.43891, 0.22752, 0.48534, 0.44946, 0.4432, 0.01163, 0.00486, 0
0.45087, 0.43936, 0.18782, 0.48377, 0.44958, 0.44141, 0.0728, 0.03904, 1
0.44257, 0.43595, 0.17746, 0.48646, 0.44256, 0.43549, 0.02853, 0.01283, 0
0.44402, 0.43573, 0.29426, 0.48788, 0.44684, 0.44225, 0.02739, 0.01211, 0
0.4385, 0.42231, 0.29498, 0.4835, 0.43548, 0.41592, 0.20223, 0.23511, 1
0.42922, 0.4305, 0.29694, 0.48383, 0.43391, 0.43094, 0.11656, 0.07421, 0
0.44356, 0.43388, 0.3161, 0.47438, 0.45843, 0.45508, 0.05482, 0.04008, 0
0.37159, 0.36899, 0.31341, 0.48982, 0.37707, 0.36728, 0.34969, 0.34393, 0
0.48519, 0.45669, 0.18825, 0.47193, 0.48505, 0.47871, 0.22626, 0.31537, 1
0.49812, 0.48822, 0.12601, 0.47304, 0.49882, 0.49175, 0.227, 0.26314, 1
0.43056, 0.42845, 0.12089, 0.48125, 0.43963, 0.44583, 0.12616, 0.1206, 0
0.47146, 0.4538, 0.3687, 0.47333, 0.47262, 0.46034, 0.13169, 0.12855, 1
0.47338, 0.45493, 0.34219, 0.46872, 0.47707, 0.47277, 0.10761, 0.1009, 1
0.44777, 0.44051, 0.20892, 0.48369, 0.45204, 0.44779, 0.01721, 0.00864, 0
0.44313, 0.43331, 0.15212, 0.4775, 0.45167, 0.44751, 0.03842, 0.05611, 0
0.45992, 0.45134, 0.2019, 0.4678, 0.46825, 0.46651, 0.06802, 0.01464, 1
0.44889, 0.43712, 0.19713, 0.47364, 0.45743, 0.45516, 0.01996, 0.02546, 0
0.45651, 0.44457, 0.13166, 0.47068, 0.46625, 0.46542, 0.02101, 0.00637, 1
0.45341, 0.44301, 0.21456, 0.47025, 0.46098, 0.45759, 0.01169, 0.01064, 1
0.45743, 0.44187, 0.27942, 0.47722, 0.45974, 0.44927, 0.09751, 0.0782, 1
0.45044, 0.43775, 0.31328, 0.47936, 0.45171, 0.44204, 0.0728, 0.04758, 1
0.44509, 0.43821, 0.32169, 0.48474, 0.44666, 0.43983, 0.01449, 0.01709, 0
0.44833, 0.43683, 0.25539, 0.47424, 0.45598, 0.45413, 0.02179, 0.04038, 0
0.44675, 0.44187, 0.23188, 0.48212, 0.45079, 0.44399, 0.03271, 0.00733, 0
0.44524, 0.43729, 0.20654, 0.48571, 0.44855, 0.4433, 0.01964, 0.0, 0
0.45546, 0.44681, 0.53485, 0.47051, 0.46547, 0.46114, 0.05106, 0.0694, 1
0.44021, 0.43199, 0.19109, 0.48497, 0.42928, 0.41721, 0.12617, 0.16522, 1
0.46118, 0.44321, 0.11566, 0.47135, 0.47666, 0.47226, 0.02641, 0.02205, 1
0.44778, 0.4396, 0.14325, 0.48417, 0.45453, 0.44655, 0.00949, 0.02732, 0
0.45827, 0.44592, 0.24341, 0.47123, 0.46296, 0.45749, 0.03638, 0.01049, 1
0.45346, 0.45629, 0.2503, 0.47695, 0.4598, 0.45734, 0.17257, 0.15424, 0
0.45275, 0.44321, 0.28044, 0.48227, 0.45089, 0.44588, 0.04432, 0.04242, 1
0.43908, 0.43175, 0.31519, 0.48726, 0.44151, 0.43962, 0.04569, 0.04332, 0
0.44835, 0.43913, 0.33428, 0.47439, 0.45411, 0.45162, 0.01374, 0.03217, 0
0.43812, 0.44096, 0.34101, 0.47588, 0.45279, 0.4537, 0.19281, 0.19417, 0
0.45737, 0.44393, 0.36116, 0.47278, 0.47128, 0.46107, 0.01327, 0.01293, 1
0.43569, 0.42839, 0.30388, 0.48428, 0.44176, 0.43847, 0.0628, 0.05034, 0
0.43754, 0.43639, 0.27613, 0.48306, 0.43851, 0.43432, 0.06711, 0.01687, 0
0.44436, 0.4366, 0.23641, 0.48807, 0.44816, 0.44274, 0.02211, 0.03002, 0
0.45933, 0.44324, 0.2438, 0.48047, 0.45677, 0.44552, 0.12861, 0.14772, 1
0.43745, 0.43091, 0.24325, 0.48409, 0.4364, 0.42699, 0.05248, 0.04741, 0
0.45661, 0.44644, 0.24839, 0.46976, 0.46238, 0.45939, 0.02713, 0.02716, 1
0.63183, 0.60368, 0.33329, 0.46402, 0.64103, 0.63469, 0.75115, 0.77521, 1
0.45462, 0.44413, 0.32669, 0.47877, 0.45973, 0.46451, 0.01943, 0.00639, 1
0.45778, 0.45363, 0.27179, 0.47821, 0.46014, 0.45271, 0.07645, 0.10585, 1
0.45602, 0.44526, 0.26525, 0.47209, 0.4614, 0.45723, 0.02107, 0.01976, 1
0.47215, 0.45751, 0.20933, 0.46571, 0.47765, 0.47153, 0.0874, 0.10973, 1
0.45253, 0.44186, 0.1524, 0.47566, 0.45923, 0.45463, 0.01366, 0.01933, 1
0.4259, 0.39712, 0.24946, 0.48476, 0.4135, 0.38705, 0.4552, 0.46002, 1
0.4471, 0.44209, 0.25356, 0.48134, 0.44161, 0.45037, 0.01941, 0.00724, 0
0.50493, 0.49135, 0.24986, 0.46637, 0.50875, 0.50609, 0.24335, 0.3004, 1
0.43762, 0.42848, 0.23775, 0.4795, 0.44644, 0.44362, 0.06266, 0.0822, 0
0.44237, 0.43606, 0.21827, 0.47609, 0.45264, 0.4524, 0.06971, 0.10165, 0
0.45417, 0.44185, 0.22601, 0.47154, 0.46396, 0.45956, 0.00373, 0.04538, 1
0.45294, 0.44163, 0.23529, 0.47318, 0.46113, 0.45416, 0.01139, 0.02743, 1
0.45931, 0.4432, 0.24526, 0.47176, 0.47183, 0.46395, 0.04052, 0.05337, 1
0.45149, 0.44274, 0.34273, 0.47685, 0.45507, 0.45253, 0.01197, 0.01646, 1
0.4426, 0.43073, 0.39514, 0.48633, 0.44043, 0.43151, 0.10409, 0.08781, 0
0.43501, 0.43244, 0.33827, 0.48378, 0.4278, 0.41449, 0.06308, 0.04837, 1
0.44819, 0.44477, 0.31579, 0.48156, 0.44239, 0.42712, 0.01772, 0.05181, 0
0.44272, 0.43692, 0.29501, 0.48186, 0.44023, 0.44276, 0.02065, 0.01243, 0
0.44525, 0.43737, 0.18539, 0.48119, 0.45165, 0.44874, 0.02767, 0.02284, 0
0.45228, 0.44411, 0.17968, 0.47259, 0.45924, 0.45596, 0.0315, 0.03002, 0
0.45867, 0.4369, 0.19965, 0.47235, 0.47493, 0.47294, 0.06203, 0.08552, 0
0.54912, 0.50544, 0.31755, 0.47524, 0.52791, 0.48876, 0.61355, 0.63587, 0
0.43485, 0.4018, 0.32365, 0.48125, 0.42508, 0.44096, 0.39325, 0.4333, 1
0.35094, 0.34164, 0.28415, 0.48618, 0.34642, 0.30689, 0.54555, 0.53834, 0
0.45266, 0.47525, 0.27286, 0.47958, 0.45364, 0.43082, 0.33531, 0.31313, 1
0.44361, 0.43802, 0.23298, 0.47745, 0.45238, 0.45106, 0.07328, 0.04411, 0
0.44885, 0.4337, 0.14371, 0.47394, 0.46396, 0.45738, 0.04372, 0.04432, 1
0.45103, 0.44118, 0.28371, 0.47645, 0.4566, 0.44707, 0.01517, 0.02455, 1
0.454, 0.44873, 0.15962, 0.47453, 0.46517, 0.46424, 0.10767, 0.13185, 1
0.45952, 0.44484, 0.15518, 0.47337, 0.46637, 0.4598, 0.05276, 0.06393, 1
0.4479, 0.43661, 0.1531, 0.47744, 0.45299, 0.44165, 0.04747, 0.04868, 1
0.45291, 0.44234, 0.16712, 0.47766, 0.45765, 0.4508, 0.02191, 0.0237, 0
0.43995, 0.43358, 0.18927, 0.48447, 0.44711, 0.44395, 0.04918, 0.06688, 0
0.44423, 0.44095, 0.26843, 0.47896, 0.44724, 0.45162, 0.07462, 0.05386, 1
0.44345, 0.43507, 0.38257, 0.48001, 0.44848, 0.4431, 0.02958, 0.03887, 0
0.45045, 0.44141, 0.33803, 0.47742, 0.4554, 0.44914, 0.00219, 0.00837, 0
0.44518, 0.43778, 0.33, 0.48296, 0.45166, 0.44735, 0.02959, 0.04429, 1
0.45507, 0.44096, 0.10837, 0.48107, 0.45471, 0.44433, 0.09659, 0.09691, 0
0.44356, 0.43734, 0.18275, 0.4815, 0.44584, 0.44791, 0.03708, 0.03019, 1
0.44155, 0.43373, 0.23151, 0.4863, 0.44583, 0.43997, 0.03603, 0.03549, 0
0.46163, 0.45546, 0.33923, 0.47209, 0.46846, 0.4729, 0.10962, 0.0902, 1
0.44537, 0.4387, 0.14915, 0.48527, 0.44941, 0.44338, 0.01787, 0.05854, 0
0.45087, 0.43934, 0.42613, 0.47827, 0.45494, 0.44898, 0.03577, 0.01701, 1
0.45503, 0.44533, 0.48382, 0.47008, 0.46444, 0.46099, 0.03676, 0.05811, 0
0.44785, 0.43957, 0.32496, 0.48179, 0.45281, 0.44968, 0.01238, 0.01276, 1
0.44987, 0.44303, 0.23519, 0.47475, 0.45653, 0.45205, 0.0358, 0.02494, 1
0.45474, 0.44486, 0.17118, 0.48164, 0.45376, 0.44773, 0.04232, 0.06366, 0
0.44522, 0.43818, 0.18865, 0.47359, 0.46169, 0.45695, 0.08422, 0.0, 0
0.47432, 0.4481, 0.20226, 0.47922, 0.4668, 0.44269, 0.29865, 0.26353, 0
0.45739, 0.44579, 0.19623, 0.47458, 0.4619, 0.46531, 0.02222, 0.01853, 1
0.44235, 0.43475, 0.21376, 0.48789, 0.44633, 0.44146, 0.0313, 0.01608, 0
0.43362, 0.4291, 0.21416, 0.48359, 0.43501, 0.43739, 0.06862, 0.00643, 1
0.47706, 0.47229, 0.245, 0.46846, 0.49133, 0.49875, 0.22545, 0.24191, 0
0.45109, 0.44096, 0.29445, 0.48355, 0.45104, 0.43942, 0.0593, 0.02968, 1
0.45225, 0.4389, 0.25327, 0.47503, 0.4593, 0.44954, 0.04714, 0.04227, 1
0.44427, 0.4373, 0.2281, 0.48555, 0.44723, 0.44028, 0.01882, 0.00243, 1
0.45513, 0.44461, 0.17231, 0.47192, 0.46018, 0.45632, 0.01907, 0.08129, 1
0.45854, 0.44346, 0.17679, 0.48127, 0.45441, 0.44126, 0.13375, 0.08141, 0
0.34724, 0.35753, 0.1537, 0.4909, 0.34491, 0.3409, 0.40713, 0.48737, 1
0.02613, 0.02927, 0.23671, 0.74815, 0.02814, 0.03454, 0.05159, 0.0916, 0
0.44814, 0.43956, 0.19631, 0.47613, 0.45547, 0.44939, 0.01567, 0.00989, 1
0.44353, 0.44188, 0.13728, 0.47409, 0.45627, 0.45783, 0.13773, 0.10293, 1
0.44133, 0.42981, 0.13261, 0.47565, 0.4531, 0.45164, 0.0552, 0.0582, 1
0.4493, 0.41269, 0.162, 0.48343, 0.41594, 0.38409, 0.63357, 0.69572, 1
0.43852, 0.43685, 0.19698, 0.4838, 0.39659, 0.36975, 0.23554, 0.25273, 1
0.44814, 0.43863, 0.26155, 0.4806, 0.45191, 0.44728, 0.01833, 0.06003, 1
0.44318, 0.43661, 0.38548, 0.47914, 0.4505, 0.44566, 0.0409, 0.02085, 1
0.45304, 0.44279, 0.35096, 0.48206, 0.45419, 0.44552, 0.04089, 0.00976, 0
0.44221, 0.43501, 0.34535, 0.48713, 0.44488, 0.43971, 0.02985, 0.00975, 0
0.38767, 0.37854, 0.23203, 0.48252, 0.40408, 0.40937, 0.30314, 0.25566, 1
0.45827, 0.44509, 0.24544, 0.47374, 0.47388, 0.47365, 0.02318, 0.02138, 1
0.46183, 0.45127, 0.26058, 0.48219, 0.45284, 0.43607, 0.12834, 0.10006, 0
0.49017, 0.47777, 0.11179, 0.46634, 0.49351, 0.48775, 0.17658, 0.13086, 1
0.44447, 0.42444, 0.11275, 0.48191, 0.44426, 0.43536, 0.18533, 0.14925, 0
0.45416, 0.44646, 0.11158, 0.48006, 0.45447, 0.44287, 0.02721, 0.02446, 0
0.44415, 0.43591, 0.11351, 0.48178, 0.44599, 0.44468, 0.02719, 0.00244, 1
0.44063, 0.43316, 0.13345, 0.48857, 0.4456, 0.4394, 0.03914, 0.01693, 1
0.46725, 0.47346, 0.18788, 0.47222, 0.48667, 0.48349, 0.3115, 0.32204, 0
0.45618, 0.45631, 0.25483, 0.48098, 0.44819, 0.4476, 0.08835, 0.01602, 0
0.46179, 0.45081, 0.27442, 0.47295, 0.46379, 0.45621, 0.05364, 0.1769, 0
0.45017, 0.44531, 0.1401, 0.47966, 0.45454, 0.44913, 0.05012, 0.0194, 1
0.41723, 0.40864, 0.17861, 0.47889, 0.43338, 0.43704, 0.16724, 0.18417, 1
0.48817, 0.47225, 0.20817, 0.47005, 0.49518, 0.48497, 0.15746, 0.18694, 0
0.44766, 0.4405, 0.22049, 0.48171, 0.45122, 0.44092, 0.00664, 0.02133, 0
0.44997, 0.4421, 0.30711, 0.47308, 0.45703, 0.45247, 0.02726, 0.06442, 0
0.45156, 0.44256, 0.31246, 0.47199, 0.46086, 0.45595, 0.02774, 0.02787, 1
0.4655, 0.44577, 0.25471, 0.48044, 0.45889, 0.44148, 0.20059, 0.14308, 0
0.44551, 0.43404, 0.23099, 0.48291, 0.45209, 0.43404, 0.07228, 0.08282, 1
0.44435, 0.43682, 0.1756, 0.48686, 0.44809, 0.44301, 0.02112, 0.03006, 1
0.43701, 0.43063, 0.16345, 0.48071, 0.44551, 0.44301, 0.06613, 0.043, 1
0.45427, 0.44302, 0.13488, 0.47082, 0.46201, 0.4565, 0.01174, 0.04356, 1
0.4457, 0.4373, 0.2091, 0.47728, 0.45094, 0.44788, 0.02301, 0.04244, 0
0.4481, 0.43799, 0.24138, 0.4851, 0.44971, 0.44208, 0.04471, 0.05511, 0
0.4475, 0.44118, 0.25268, 0.48127, 0.45236, 0.44913, 0.03434, 0.08445, 0
0.46365, 0.46169, 0.35555, 0.47125, 0.48659, 0.47858, 0.21481, 0.24207, 0
0.44047, 0.43289, 0.39715, 0.48628, 0.44348, 0.43613, 0.04166, 0.04907, 1
0.42551, 0.42486, 0.21815, 0.47957, 0.43938, 0.44104, 0.15755, 0.19255, 1
0.47954, 0.45825, 0.1698, 0.47355, 0.47921, 0.46351, 0.18509, 0.27909, 0
0.6375, 0.62449, 0.25059, 0.41924, 0.64923, 0.64097, 0.04024, 0.05781, 0
0.45695, 0.44461, 0.1404, 0.47278, 0.46102, 0.45591, 0.03982, 0.03406, 0
0.46481, 0.44803, 0.11556, 0.47715, 0.46418, 0.45355, 0.12272, 0.14871, 0
0.44169, 0.43892, 0.17586, 0.48143, 0.44341, 0.44818, 0.07644, 0.05291, 1
0.46497, 0.44778, 0.20202, 0.4711, 0.48004, 0.47861, 0.0332, 0.0939, 1
0.45818, 0.4453, 0.20891, 0.47342, 0.48229, 0.46922, 0.07529, 0.04102, 1
0.44721, 0.43478, 0.21383, 0.47583, 0.46256, 0.4483, 0.03295, 0.06224, 1
0.44805, 0.44232, 0.33459, 0.48056, 0.44963, 0.44283, 0.01092, 0.01582, 0
0.44266, 0.43485, 0.25307, 0.48846, 0.44767, 0.44324, 0.03149, 0.02089, 0
0.45228, 0.44367, 0.16688, 0.47015, 0.45879, 0.45545, 0.02403, 0.01277, 1
0.4319, 0.42829, 0.16898, 0.48198, 0.4418, 0.4394, 0.09943, 0.12791, 1
0.43094, 0.42556, 0.19957, 0.48889, 0.43833, 0.43212, 0.08197, 0.03166, 1
0.43711, 0.43257, 0.24351, 0.48061, 0.44715, 0.4435, 0.08317, 0.26839, 0
0.459, 0.43959, 0.28703, 0.47209, 0.47358, 0.47024, 0.05195, 0.07185, 0
0.46426, 0.45263, 0.41609, 0.47106, 0.48236, 0.47271, 0.07434, 0.04876, 1
0.43668, 0.42757, 0.41065, 0.48964, 0.44037, 0.43195, 0.07402, 0.09685, 0
0.45076, 0.44074, 0.23511, 0.4826, 0.45426, 0.44765, 0.0226, 0.03758, 1
0.46217, 0.45084, 0.21835, 0.46718, 0.46969, 0.46602, 0.04694, 0.02284, 0
0.45157, 0.44365, 0.23298, 0.47373, 0.45907, 0.45269, 0.02715, 0.02719, 0
0.44938, 0.43759, 0.24118, 0.48368, 0.45206, 0.44303, 0.05886, 0.07251, 0
0.43716, 0.43961, 0.22323, 0.48362, 0.43038, 0.40754, 0.01206, 0.02126, 1
0.44697, 0.44343, 0.19337, 0.48068, 0.44533, 0.44738, 0.03901, 0.07435, 0
0.45315, 0.44208, 0.21334, 0.4776, 0.45603, 0.44833, 0.03403, 0.02192, 0
0.44175, 0.43468, 0.22545, 0.48748, 0.44652, 0.44154, 0.03401, 0.02909, 0
0.44699, 0.43849, 0.25414, 0.47628, 0.45438, 0.45228, 0.0293, 0.05866, 0
0.44865, 0.43894, 0.18823, 0.48475, 0.45153, 0.44398, 0.02841, 0.00718, 1
0.46419, 0.45245, 0.18223, 0.46981, 0.47265, 0.46526, 0.0545, 0.0517, 1
0.4666, 0.45379, 0.18572, 0.46685, 0.47091, 0.46688, 0.06489, 0.0624, 0
0.45155, 0.44253, 0.14593, 0.47103, 0.45999, 0.45638, 0.02713, 0.02051, 1
0.45193, 0.44073, 0.16688, 0.47214, 0.45946, 0.4561, 0.00435, 0.0072, 1
0.45446, 0.44231, 0.18794, 0.48271, 0.45319, 0.44261, 0.08098, 0.05301, 1
0.46874, 0.45603, 0.22205, 0.46999, 0.47439, 0.46741, 0.07407, 0.01919, 0
0.44469, 0.43153, 0.21443, 0.47868, 0.44915, 0.4403, 0.07752, 0.01916, 0
0.45124, 0.44073, 0.19875, 0.47236, 0.46267, 0.45788, 0.02644, 0.07466, 1
0.45574, 0.44817, 0.21538, 0.47368, 0.46294, 0.4542, 0.04652, 0.02533, 1
0.4358, 0.42746, 0.21442, 0.48899, 0.43879, 0.43032, 0.07201, 0.07787, 0
0.46037, 0.44772, 0.19367, 0.47761, 0.46219, 0.45583, 0.05666, 0.02728, 0
0.45026, 0.44704, 0.17537, 0.47396, 0.45925, 0.45761, 0.10559, 0.08329, 1
0.44454, 0.42926, 0.20748, 0.47562, 0.45423, 0.4531, 0.06976, 0.06285, 1
0.42541, 0.42073, 0.17898, 0.48683, 0.43292, 0.42871, 0.10496, 0.05605, 1
0.46235, 0.46573, 0.18554, 0.4745, 0.47041, 0.46989, 0.21447, 0.18802, 1
0.48574, 0.46032, 0.19084, 0.4742, 0.48369, 0.47247, 0.2079, 0.15952, 0
0.45878, 0.44635, 0.16931, 0.47743, 0.46011, 0.45282, 0.05984, 0.03829, 0
0.45224, 0.44118, 0.16842, 0.47373, 0.46241, 0.45296, 0.00376, 0.02158, 0
0.44722, 0.45333, 0.23634, 0.47799, 0.45546, 0.44969, 0.19334, 0.18665, 1
0.45792, 0.44481, 0.28114, 0.47384, 0.47306, 0.48211, 0.03833, 0.03269, 1
0.4604, 0.44526, 0.28389, 0.47405, 0.47168, 0.46026, 0.03615, 0.0782, 1
0.46018, 0.44774, 0.25922, 0.48074, 0.45925, 0.44969, 0.08025, 0.0819, 1
0.45643, 0.44412, 0.20142, 0.47298, 0.4621, 0.4612, 0.02216, 0.03022, 0
0.44442, 0.43553, 0.18282, 0.48509, 0.44992, 0.44394, 0.02734, 0.02516, 1
0.4495, 0.44479, 0.20116, 0.48182, 0.44463, 0.44, 0.01895, 0.03773, 0
0.44615, 0.43983, 0.20411, 0.47966, 0.44777, 0.45051, 0.03081, 0.04498, 0
0.45088, 0.44073, 0.25251, 0.47903, 0.45617, 0.44394, 0.0303, 0.0411, 0
0.45256, 0.44412, 0.28346, 0.48044, 0.4572, 0.45078, 0.0143, 0.01341, 0
0.45202, 0.44074, 0.2888, 0.47906, 0.45515, 0.44957, 0.03339, 0.02253, 0
0.44991, 0.44229, 0.23928, 0.47976, 0.45457, 0.4493, 0.0175, 0.04374, 0
0.45331, 0.43851, 0.23317, 0.48304, 0.45377, 0.43849, 0.11985, 0.12219, 0
0.46166, 0.44387, 0.18761, 0.47456, 0.46759, 0.4524, 0.10909, 0.12607, 0
0.44749, 0.43784, 0.13007, 0.48615, 0.45053, 0.4451, 0.02609, 0.03928, 1
0.44366, 0.4383, 0.16868, 0.4791, 0.45082, 0.45306, 0.06641, 0.07607, 1
0.44281, 0.43519, 0.19125, 0.48688, 0.44656, 0.4427, 0.029, 0.03722, 0
0.44576, 0.43785, 0.1503, 0.47723, 0.45347, 0.44714, 0.02603, 0.02735, 0
0.44441, 0.42964, 0.17583, 0.48438, 0.43197, 0.41957, 0.19727, 0.18449, 1
0.45117, 0.44229, 0.29802, 0.48316, 0.44997, 0.44365, 0.03564, 0.02602, 1
0.43846, 0.43365, 0.31465, 0.48624, 0.44082, 0.43909, 0.04692, 0.06668, 0
0.46544, 0.45206, 0.33776, 0.46823, 0.46927, 0.46692, 0.05943, 0.04753, 0
0.42302, 0.42211, 0.3053, 0.48085, 0.43613, 0.43827, 0.15611, 0.18578, 1
0.46945, 0.46255, 0.27905, 0.46778, 0.48257, 0.48125, 0.1492, 0.17396, 0
